season,player,player_id,age,team,pos,g,gs,mp,fg,fga,fg_percent,x3p,x3pa,x3p_percent,x2p,x2pa,x2p_percent,e_fg_percent,ft,fta,ft_percent,orb,drb,trb,ast,stl,blk,tov,pf,pts,trp_dbl
2025,Precious Achiuwa,achiupr01,25.0,NYK,C,57,10.0,1170.0,164,327,0.502,10.0,36.0,0.278,154.0,291.0,0.529,0.517,41,69,0.594,101.0,216.0,317.0,55,47.0,42.0,45.0,81.0,379,0.0
2025,Steven Adams,adamsst01,31.0,HOU,C,58,3.0,794.0,91,167,0.545,0.0,2.0,0.0,91.0,165.0,0.552,0.545,43,93,0.462,166.0,161.0,327.0,66,22.0,28.0,54.0,60.0,225,0.0
2025,Bam Adebayo,adebaba01,27.0,MIA,C,78,78.0,2674.0,540,1113,0.485,79.0,221.0,0.357,461.0,892.0,0.517,0.521,251,328,0.765,185.0,564.0,749.0,337,98.0,53.0,161.0,162.0,1410,1.0
2025,Ochai Agbaji,agbajoc01,24.0,TOR,SG,64,45.0,1739.0,266,534,0.498,101.0,253.0,0.399,165.0,281.0,0.587,0.593,34,48,0.708,61.0,181.0,242.0,98,58.0,30.0,54.0,125.0,667,0.0
2025,Santi Aldama,aldamsa01,24.0,MEM,PF,65,16.0,1660.0,313,648,0.483,120.0,326.0,0.368,193.0,322.0,0.599,0.576,65,94,0.691,94.0,322.0,416.0,188,52.0,29.0,71.0,76.0,811,0.0
2025,Nickeil Alexander-Walker,alexani01,26.0,MIN,SG,82,10.0,2073.0,270,616,0.438,141.0,370.0,0.381,129.0,246.0,0.524,0.553,92,118,0.78,54.0,211.0,265.0,223,50.0,34.0,99.0,139.0,773,0.0
2025,Trey Alexander,alexatr01,21.0,DEN,SG,24,0.0,117.0,13,41,0.317,3.0,17.0,0.176,10.0,24.0,0.417,0.354,3,4,0.75,1.0,11.0,12.0,11,2.0,1.0,5.0,10.0,32,0.0
2025,Grayson Allen,allengr01,29.0,PHO,SG,64,7.0,1544.0,219,489,0.448,149.0,350.0,0.426,70.0,139.0,0.504,0.6,93,114,0.816,34.0,160.0,194.0,137,54.0,19.0,75.0,95.0,680,0.0
2025,Jarrett Allen,allenja01,26.0,CLE,C,82,82.0,2296.0,452,640,0.706,0.0,5.0,0.0,452.0,635.0,0.712,0.706,199,277,0.718,216.0,582.0,798.0,158,77.0,73.0,97.0,127.0,1103,0.0
2025,Jose Alvarado,alvarjo01,26.0,NOP,PG,56,23.0,1366.0,204,521,0.392,111.0,309.0,0.359,93.0,212.0,0.439,0.498,60,74,0.811,27.0,109.0,136.0,259,74.0,14.0,86.0,91.0,579,0.0
2025,Kyle Anderson,anderky01,31.0,GSW,PF,36,3.0,541.0,76,169,0.45,19.0,52.0,0.365,57.0,117.0,0.487,0.506,18,27,0.667,27.0,83.0,110.0,81,26.0,20.0,20.0,40.0,189,0.0
2025,Kyle Anderson,anderky01,31.0,MIA,SF,25,1.0,461.0,66,134,0.493,6.0,18.0,0.333,60.0,116.0,0.517,0.515,30,38,0.789,26.0,70.0,96.0,64,14.0,13.0,17.0,41.0,168,0.0
2025,Giannis Antetokounmpo,antetgi01,30.0,MIL,PF,67,67.0,2289.0,793,1319,0.601,14.0,63.0,0.222,779.0,1256.0,0.62,0.607,436,707,0.617,147.0,651.0,798.0,433,58.0,78.0,206.0,155.0,2036,11.0
2025,Cole Anthony,anthoco01,24.0,ORL,PG,67,22.0,1234.0,230,543,0.424,77.0,218.0,0.353,153.0,325.0,0.471,0.494,93,113,0.823,46.0,158.0,204.0,191,45.0,32.0,103.0,151.0,630,0.0
2025,OG Anunoby,anunoog01,27.0,NYK,PF,74,74.0,2706.0,489,1027,0.476,171.0,460.0,0.372,318.0,567.0,0.561,0.559,183,226,0.81,97.0,261.0,358.0,164,110.0,65.0,102.0,172.0,1332,0.0
2025,Armel Traoré,armeltr01,22.0,LAL,SF,9,0.0,67.0,6,19,0.316,0.0,7.0,0.0,6.0,12.0,0.5,0.316,2,7,0.286,2.0,13.0,15.0,1,4.0,2.0,3.0,6.0,14,0.0
2025,Deni Avdija,avdijde01,24.0,POR,SF,72,54.0,2161.0,402,844,0.476,125.0,342.0,0.365,277.0,502.0,0.552,0.55,290,372,0.78,110.0,412.0,522.0,281,71.0,35.0,196.0,171.0,1219,2.0
2025,Deandre Ayton,aytonde01,26.0,POR,C,40,40.0,1206.0,265,468,0.566,6.0,32.0,0.188,259.0,436.0,0.594,0.573,40,60,0.667,124.0,282.0,406.0,64,31.0,39.0,69.0,88.0,576,0.0
2025,Marvin Bagley III,baglema01,25.0,WAS,C,19,1.0,166.0,38,71,0.535,2.0,10.0,0.2,36.0,61.0,0.59,0.549,15,23,0.652,27.0,29.0,56.0,7,7.0,5.0,11.0,12.0,93,0.0
2025,Marvin Bagley III,baglema01,25.0,MEM,PF,12,1.0,99.0,17,35,0.486,1.0,9.0,0.111,16.0,26.0,0.615,0.5,8,12,0.667,11.0,17.0,28.0,4,2.0,3.0,1.0,6.0,43,0.0
2025,Marcus Bagley,baglema02,23.0,PHI,SF,10,4.0,253.0,27,69,0.391,5.0,32.0,0.156,22.0,37.0,0.595,0.428,8,10,0.8,23.0,47.0,70.0,10,9.0,12.0,7.0,16.0,67,0.0
2025,Patrick Baldwin Jr.,baldwpa01,22.0,WAS,SF,22,0.0,101.0,17,33,0.515,11.0,21.0,0.524,6.0,12.0,0.5,0.682,2,4,0.5,5.0,17.0,22.0,2,3.0,2.0,5.0,5.0,47,0.0
2025,Patrick Baldwin Jr.,baldwpa01,22.0,LAC,SF,2,0.0,6.0,2,2,1.0,2.0,2.0,1.0,0.0,0.0,,1.5,0,0,,0.0,3.0,3.0,1,0.0,0.0,0.0,2.0,6,0.0
2025,LaMelo Ball,ballla01,23.0,CHO,PG,47,47.0,1505.0,406,1003,0.405,179.0,528.0,0.339,227.0,475.0,0.478,0.494,193,229,0.843,47.0,185.0,232.0,346,54.0,13.0,167.0,157.0,1184,0.0
2025,Lonzo Ball,balllo01,27.0,CHI,PG,35,14.0,777.0,89,243,0.366,67.0,195.0,0.344,22.0,48.0,0.458,0.504,22,27,0.815,25.0,93.0,118.0,115,47.0,17.0,41.0,55.0,267,0.0
2025,Mo Bamba,bambamo01,26.0,LAC,C,28,2.0,352.0,48,103,0.466,15.0,50.0,0.3,33.0,53.0,0.623,0.539,17,25,0.68,26.0,94.0,120.0,16,9.0,28.0,19.0,49.0,128,0.0
2025,Mo Bamba,bambamo01,26.0,NOP,C,4,0.0,61.0,4,9,0.444,0.0,4.0,0.0,4.0,5.0,0.8,0.444,2,2,1.0,6.0,19.0,25.0,2,0.0,3.0,1.0,7.0,10,0.0
2025,Paolo Banchero,banchpa01,22.0,ORL,PF,46,46.0,1582.0,412,911,0.452,87.0,272.0,0.32,325.0,639.0,0.509,0.5,280,385,0.727,51.0,294.0,345.0,219,36.0,28.0,136.0,97.0,1191,0.0
2025,Desmond Bane,banede01,26.0,MEM,SG,69,68.0,2205.0,493,1018,0.484,164.0,418.0,0.392,329.0,600.0,0.548,0.565,177,198,0.894,62.0,356.0,418.0,369,80.0,28.0,169.0,164.0,1327,1.0
2025,Dalano Banton,bantoda01,25.0,POR,PG,67,7.0,1120.0,198,507,0.391,72.0,222.0,0.324,126.0,285.0,0.442,0.462,91,125,0.728,30.0,105.0,135.0,160,43.0,34.0,86.0,58.0,559,0.0
2025,Dominick Barlow,barlodo01,21.0,ATL,SF,35,4.0,375.0,60,113,0.531,7.0,27.0,0.259,53.0,86.0,0.616,0.562,21,33,0.636,35.0,50.0,85.0,19,9.0,16.0,5.0,47.0,148,0.0
2025,Harrison Barnes,barneha02,32.0,SAS,PF,82,82.0,2230.0,347,683,0.508,156.0,360.0,0.433,191.0,323.0,0.591,0.622,161,199,0.809,97.0,213.0,310.0,136,39.0,14.0,50.0,75.0,1011,0.0
2025,Scottie Barnes,barnesc01,23.0,TOR,PF,65,65.0,2134.0,474,1063,0.446,76.0,280.0,0.271,398.0,783.0,0.508,0.482,228,302,0.755,109.0,393.0,502.0,378,93.0,63.0,185.0,113.0,1252,1.0
2025,RJ Barrett,barrerj01,24.0,TOR,SF,58,58.0,1869.0,460,982,0.468,107.0,306.0,0.35,353.0,676.0,0.522,0.523,196,311,0.63,61.0,305.0,366.0,314,46.0,17.0,165.0,137.0,1223,2.0
2025,Charles Bassey,bassech01,24.0,SAS,C,36,1.0,376.0,68,117,0.581,0.0,0.0,,68.0,117.0,0.581,0.581,21,33,0.636,56.0,96.0,152.0,17,14.0,30.0,23.0,50.0,157,0.0
2025,Emoni Bates,batesem01,21.0,CLE,SF,10,0.0,75.0,13,38,0.342,11.0,30.0,0.367,2.0,8.0,0.25,0.487,0,0,,0.0,7.0,7.0,8,1.0,1.0,2.0,4.0,37,0.0
2025,Jamison Battle,battlja01,23.0,TOR,SF,59,10.0,1042.0,149,347,0.429,105.0,259.0,0.405,44.0,88.0,0.5,0.581,16,18,0.889,37.0,121.0,158.0,53,17.0,10.0,27.0,92.0,419,0.0
2025,Nicolas Batum,batumni01,36.0,LAC,PF,78,8.0,1367.0,104,238,0.437,88.0,203.0,0.433,16.0,35.0,0.457,0.622,17,21,0.81,47.0,171.0,218.0,84,52.0,36.0,34.0,111.0,313,0.0
2025,Damion Baugh,baughda01,24.0,CHO,SG,15,2.0,370.0,42,130,0.323,12.0,56.0,0.214,30.0,74.0,0.405,0.369,13,15,0.867,14.0,36.0,50.0,56,15.0,2.0,31.0,22.0,109,0.0
2025,Bradley Beal,bealbr01,31.0,PHO,SG,53,38.0,1702.0,345,694,0.497,102.0,264.0,0.386,243.0,430.0,0.565,0.571,110,137,0.803,34.0,143.0,177.0,195,58.0,28.0,99.0,136.0,902,0.0
2025,Malik Beasley,beaslma01,28.0,DET,SG,82,18.0,2283.0,461,1071,0.43,319.0,766.0,0.416,142.0,305.0,0.466,0.579,95,140,0.679,47.0,167.0,214.0,139,73.0,5.0,83.0,125.0,1336,0.0
2025,MarJon Beauchamp,beaucma01,24.0,MIL,SF,26,0.0,122.0,18,47,0.383,7.0,21.0,0.333,11.0,26.0,0.423,0.457,9,12,0.75,7.0,25.0,32.0,8,3.0,1.0,13.0,10.0,52,0.0
2025,MarJon Beauchamp,beaucma01,24.0,LAC,SF,3,0.0,17.0,4,7,0.571,2.0,3.0,0.667,2.0,4.0,0.5,0.714,2,4,0.5,2.0,1.0,3.0,2,0.0,0.0,1.0,2.0,12,0.0
2025,MarJon Beauchamp,beaucma01,24.0,NYK,SF,6,0.0,17.0,5,11,0.455,1.0,5.0,0.2,4.0,6.0,0.667,0.5,4,4,1.0,2.0,7.0,9.0,1,1.0,0.0,1.0,2.0,15,0.0
2025,Reece Beekman,beekmre01,23.0,GSW,PG,2,0.0,4.0,1,1,1.0,0.0,0.0,,1.0,1.0,1.0,1.0,0,0,,1.0,0.0,1.0,1,1.0,0.0,0.0,1.0,2,0.0
2025,Reece Beekman,beekmre01,23.0,BRK,PG,34,4.0,465.0,34,106,0.321,7.0,40.0,0.175,27.0,66.0,0.409,0.354,16,21,0.762,12.0,26.0,38.0,62,32.0,2.0,21.0,35.0,91,0.0
2025,Goga Bitadze,bitadgo01,25.0,ORL,C,70,42.0,1430.0,207,339,0.611,3.0,28.0,0.107,204.0,311.0,0.656,0.615,85,133,0.639,167.0,296.0,463.0,137,49.0,98.0,72.0,150.0,502,0.0
2025,Bismack Biyombo,biyombi01,32.0,SAS,C,28,26.0,528.0,67,114,0.588,0.0,0.0,,67.0,114.0,0.588,0.588,10,25,0.4,43.0,115.0,158.0,31,16.0,23.0,27.0,52.0,144,0.0
2025,Anthony Black,blackan01,21.0,ORL,PG,78,10.0,1887.0,262,620,0.423,62.0,195.0,0.318,200.0,425.0,0.471,0.473,150,197,0.761,52.0,178.0,230.0,240,86.0,48.0,139.0,166.0,736,0.0
2025,Bogdan Bogdanović,bogdabo01,32.0,ATL,SG,24,0.0,598.0,83,224,0.371,44.0,146.0,0.301,39.0,78.0,0.5,0.469,30,34,0.882,12.0,54.0,66.0,49,20.0,6.0,37.0,57.0,240,0.0
2025,Bogdan Bogdanović,bogdabo01,32.0,LAC,SG,30,4.0,750.0,127,268,0.474,61.0,143.0,0.427,66.0,125.0,0.528,0.588,28,32,0.875,12.0,81.0,93.0,97,21.0,5.0,37.0,70.0,343,0.0
2025,Bol Bol,bolbo01,25.0,PHO,PF,36,10.0,448.0,96,183,0.525,32.0,93.0,0.344,64.0,90.0,0.711,0.612,20,26,0.769,20.0,84.0,104.0,22,9.0,25.0,20.0,20.0,244,0.0
2025,Adem Bona,bonaad01,21.0,PHI,C,58,11.0,905.0,135,192,0.703,0.0,1.0,0.0,135.0,191.0,0.707,0.703,67,100,0.67,92.0,153.0,245.0,27,26.0,69.0,61.0,125.0,337,0.0
2025,Devin Booker,bookede01,28.0,PHO,SG,75,75.0,2795.0,654,1420,0.461,183.0,551.0,0.332,471.0,869.0,0.542,0.525,432,483,0.894,76.0,229.0,305.0,529,67.0,16.0,220.0,198.0,1923,0.0
2025,Brandon Boston Jr.,bostobr01,23.0,NOP,SG,42,10.0,993.0,166,381,0.436,49.0,140.0,0.35,117.0,241.0,0.485,0.5,67,85,0.788,28.0,106.0,134.0,92,53.0,9.0,52.0,73.0,448,0.0
2025,Chris Boucher,bouchch01,32.0,TOR,PF,50,0.0,862.0,182,370,0.492,70.0,193.0,0.363,112.0,177.0,0.633,0.586,68,87,0.782,70.0,154.0,224.0,33,24.0,25.0,29.0,68.0,502,0.0
2025,Jamaree Bouyea,bouyeja01,25.0,MIL,PG,5,1.0,62.0,6,12,0.5,1.0,5.0,0.2,5.0,7.0,0.714,0.542,4,6,0.667,1.0,4.0,5.0,10,4.0,2.0,8.0,2.0,17,0.0
2025,Tony Bradley,bradlto01,27.0,IND,C,14,0.0,113.0,29,45,0.644,1.0,3.0,0.333,28.0,42.0,0.667,0.656,2,6,0.333,18.0,24.0,42.0,6,2.0,9.0,5.0,11.0,61,0.0
2025,Malaki Branham,branhma01,21.0,SAS,SG,47,0.0,427.0,87,190,0.458,34.0,84.0,0.405,53.0,106.0,0.5,0.547,27,33,0.818,7.0,44.0,51.0,38,11.0,2.0,34.0,29.0,235,0.0
2025,Christian Braun,braunch01,23.0,DEN,SG,79,77.0,2675.0,476,821,0.58,89.0,224.0,0.397,387.0,597.0,0.648,0.634,177,214,0.827,98.0,312.0,410.0,205,85.0,37.0,81.0,170.0,1218,0.0
2025,Jalen Bridges,bridgja01,23.0,PHO,SF,8,0.0,30.0,2,7,0.286,2.0,7.0,0.286,0.0,0.0,,0.429,3,4,0.75,0.0,4.0,4.0,0,0.0,0.0,4.0,0.0,9,0.0
2025,Mikal Bridges,bridgmi01,28.0,NYK,SF,82,82.0,3036.0,592,1183,0.5,164.0,463.0,0.354,428.0,720.0,0.594,0.57,96,118,0.814,71.0,188.0,259.0,306,75.0,43.0,132.0,127.0,1444,0.0
2025,Miles Bridges,bridgmi02,26.0,CHO,PF,64,64.0,2029.0,469,1089,0.431,141.0,450.0,0.313,328.0,639.0,0.513,0.495,221,254,0.87,72.0,409.0,481.0,248,44.0,45.0,136.0,93.0,1300,1.0
2025,Oshae Brissett,brissos01,26.0,PHI,SF,6,2.0,142.0,19,39,0.487,6.0,18.0,0.333,13.0,21.0,0.619,0.564,8,14,0.571,7.0,15.0,22.0,4,4.0,3.0,8.0,14.0,52,0.0
2025,Malcolm Brogdon,brogdma01,32.0,WAS,PG,24,13.0,564.0,104,240,0.433,16.0,56.0,0.286,88.0,184.0,0.478,0.467,81,92,0.88,21.0,70.0,91.0,98,13.0,5.0,38.0,30.0,305,0.0
2025,Dillon Brooks,brookdi01,29.0,HOU,SF,75,75.0,2388.0,384,895,0.429,186.0,469.0,0.397,198.0,426.0,0.465,0.533,99,121,0.818,75.0,200.0,275.0,128,60.0,16.0,76.0,242.0,1053,0.0
2025,Keion Brooks Jr.,brookke02,24.0,NOP,SF,14,6.0,332.0,53,109,0.486,14.0,43.0,0.326,39.0,66.0,0.591,0.55,22,30,0.733,12.0,46.0,58.0,13,10.0,10.0,12.0,30.0,142,0.0
2025,Bruce Brown,brownbr01,28.0,TOR,PG,18,0.0,353.0,57,131,0.435,11.0,36.0,0.306,46.0,95.0,0.484,0.477,26,29,0.897,17.0,51.0,68.0,28,17.0,3.0,19.0,26.0,151,0.0
2025,Bruce Brown,brownbr01,28.0,NOP,PG,23,12.0,569.0,73,178,0.41,16.0,45.0,0.356,57.0,133.0,0.429,0.455,27,36,0.75,23.0,73.0,96.0,56,17.0,7.0,20.0,45.0,189,0.0
2025,Jaylen Brown,brownja02,28.0,BOS,SF,63,63.0,2158.0,518,1118,0.463,116.0,358.0,0.324,402.0,760.0,0.529,0.515,246,322,0.764,82.0,286.0,368.0,286,73.0,19.0,162.0,154.0,1398,0.0
2025,Kobe Brown,brownko01,25.0,LAC,PF,40,0.0,272.0,33,72,0.458,6.0,26.0,0.231,27.0,46.0,0.587,0.5,5,7,0.714,19.0,46.0,65.0,24,7.0,4.0,12.0,23.0,77,0.0
2025,Moses Brown,brownmo01,25.0,IND,C,9,0.0,46.0,13,20,0.65,0.0,0.0,,13.0,20.0,0.65,0.65,3,5,0.6,4.0,9.0,13.0,0,2.0,1.0,6.0,6.0,29,0.0
2025,Moses Brown,brownmo01,25.0,DAL,C,4,2.0,73.0,21,29,0.724,0.0,0.0,,21.0,29.0,0.724,0.724,5,6,0.833,8.0,23.0,31.0,2,4.0,3.0,5.0,11.0,47,0.0
2025,Jalen Brunson,brunsja01,28.0,NYK,PG,65,65.0,2301.0,585,1200,0.488,152.0,397.0,0.383,433.0,803.0,0.539,0.551,368,448,0.821,27.0,160.0,187.0,475,60.0,8.0,164.0,138.0,1690,0.0
2025,Thomas Bryant,bryanth01,27.0,MIA,C,10,0.0,115.0,12,28,0.429,6.0,17.0,0.353,6.0,11.0,0.545,0.536,11,11,1.0,6.0,26.0,32.0,4,1.0,9.0,2.0,9.0,41,0.0
2025,Thomas Bryant,bryanth01,27.0,IND,C,56,8.0,848.0,151,293,0.515,42.0,131.0,0.321,109.0,162.0,0.673,0.587,44,53,0.83,77.0,142.0,219.0,49,27.0,32.0,28.0,67.0,388,0.0
2025,Kobe Bufkin,bufkiko01,21.0,ATL,SG,10,0.0,124.0,18,47,0.383,4.0,19.0,0.211,14.0,28.0,0.5,0.426,13,18,0.722,5.0,16.0,21.0,17,3.0,2.0,8.0,9.0,53,0.0
2025,Alec Burks,burksal01,33.0,MIA,SG,49,14.0,863.0,115,271,0.424,88.0,207.0,0.425,27.0,64.0,0.422,0.587,38,49,0.776,15.0,109.0,124.0,55,28.0,7.0,29.0,37.0,356,0.0
2025,Jared Butler,butleja02,24.0,WAS,PG,32,0.0,362.0,85,176,0.483,15.0,41.0,0.366,70.0,135.0,0.519,0.526,35,45,0.778,14.0,27.0,41.0,82,12.0,5.0,29.0,40.0,220,0.0
2025,Jared Butler,butleja02,24.0,PHI,SG,28,17.0,682.0,118,277,0.426,45.0,128.0,0.352,73.0,149.0,0.49,0.507,40,46,0.87,11.0,58.0,69.0,138,30.0,8.0,51.0,57.0,321,0.0
2025,Jimmy Butler,butleji01,35.0,MIA,PF,25,25.0,766.0,142,263,0.54,13.0,36.0,0.361,129.0,227.0,0.568,0.565,129,161,0.801,55.0,76.0,131.0,120,27.0,10.0,30.0,23.0,426,1.0
2025,Jimmy Butler,butleji01,35.0,GSW,SF,30,30.0,980.0,159,334,0.476,19.0,68.0,0.279,140.0,266.0,0.526,0.504,201,231,0.87,70.0,95.0,165.0,178,50.0,8.0,44.0,29.0,538,2.0
2025,Matas Buzelis,buzelma01,20.0,CHI,SF,80,31.0,1511.0,252,555,0.454,96.0,266.0,0.361,156.0,289.0,0.54,0.541,88,108,0.815,55.0,223.0,278.0,79,29.0,75.0,74.0,128.0,688,0.0
2025,Jamal Cain,cainja01,25.0,NOP,SF,37,0.0,502.0,68,158,0.43,26.0,80.0,0.325,42.0,78.0,0.538,0.513,34,50,0.68,27.0,58.0,85.0,22,23.0,9.0,22.0,46.0,196,0.0
2025,Kentavious Caldwell-Pope,caldwke01,31.0,ORL,SG,77,77.0,2279.0,239,544,0.439,113.0,330.0,0.342,126.0,214.0,0.589,0.543,82,95,0.863,33.0,136.0,169.0,136,99.0,34.0,62.0,136.0,673,0.0
2025,Toumani Camara,camarto01,24.0,POR,PF,78,78.0,2548.0,328,716,0.458,135.0,360.0,0.375,193.0,356.0,0.542,0.552,91,126,0.722,173.0,277.0,450.0,175,116.0,50.0,109.0,230.0,882,0.0
2025,Vlatko Čančar,cancavl01,27.0,DEN,PF,13,0.0,136.0,10,26,0.385,4.0,15.0,0.267,6.0,11.0,0.545,0.462,0,0,,6.0,26.0,32.0,9,3.0,2.0,11.0,10.0,24,0.0
2025,Clint Capela,capelca01,30.0,ATL,C,55,41.0,1176.0,218,390,0.559,0.0,1.0,0.0,218.0,389.0,0.56,0.559,52,97,0.536,174.0,295.0,469.0,62,34.0,53.0,47.0,106.0,488,0.0
2025,Branden Carlson,carlsbr01,25.0,OKC,C,32,0.0,246.0,43,97,0.443,22.0,66.0,0.333,21.0,31.0,0.677,0.557,14,18,0.778,17.0,37.0,54.0,14,5.0,21.0,7.0,22.0,122,0.0
2025,Bub Carrington,carrica01,19.0,WAS,PG,82,57.0,2458.0,300,748,0.401,138.0,407.0,0.339,162.0,341.0,0.475,0.493,69,85,0.812,33.0,308.0,341.0,364,54.0,21.0,141.0,190.0,807,0.0
2025,Devin Carter,cartede02,22.0,SAC,PG,36,0.0,396.0,47,127,0.37,18.0,61.0,0.295,29.0,66.0,0.439,0.441,26,44,0.591,19.0,57.0,76.0,41,21.0,4.0,18.0,39.0,138,0.0
2025,Jevon Carter,carteje01,29.0,CHI,PG,36,1.0,321.0,55,146,0.377,35.0,105.0,0.333,20.0,41.0,0.488,0.497,8,10,0.8,4.0,35.0,39.0,40,13.0,3.0,11.0,15.0,153,0.0
2025,Wendell Carter Jr.,cartewe01,25.0,ORL,C,68,51.0,1758.0,226,491,0.46,37.0,158.0,0.234,189.0,333.0,0.568,0.498,129,175,0.737,151.0,341.0,492.0,134,52.0,41.0,77.0,199.0,618,0.0
2025,D.J. Carton,cartodj01,24.0,TOR,SG,4,0.0,33.0,1,7,0.143,0.0,3.0,0.0,1.0,4.0,0.25,0.143,1,1,1.0,0.0,4.0,4.0,3,2.0,0.0,4.0,1.0,3,0.0
2025,Alex Caruso,carusal01,30.0,OKC,SG,54,3.0,1041.0,140,314,0.446,60.0,170.0,0.353,80.0,144.0,0.556,0.541,42,51,0.824,38.0,121.0,159.0,137,87.0,30.0,37.0,102.0,382,0.0
2025,Colin Castleton,castlco01,24.0,MEM,C,10,0.0,46.0,2,10,0.2,0.0,4.0,0.0,2.0,6.0,0.333,0.2,10,11,0.909,3.0,6.0,9.0,0,1.0,1.0,1.0,6.0,14,0.0
2025,Colin Castleton,castlco01,24.0,TOR,C,11,4.0,288.0,32,64,0.5,2.0,8.0,0.25,30.0,56.0,0.536,0.516,13,18,0.722,34.0,42.0,76.0,18,6.0,8.0,21.0,32.0,79,0.0
2025,Colin Castleton,castlco01,24.0,PHI,C,5,0.0,98.0,12,24,0.5,0.0,4.0,0.0,12.0,20.0,0.6,0.5,6,9,0.667,16.0,21.0,37.0,10,1.0,1.0,1.0,13.0,30,0.0
2025,Stephon Castle,castlst01,20.0,SAS,PG,81,47.0,2162.0,423,988,0.428,95.0,333.0,0.285,328.0,655.0,0.501,0.476,249,344,0.724,89.0,208.0,297.0,332,74.0,22.0,177.0,164.0,1190,0.0
2025,Justin Champagnie,champju01,23.0,WAS,SF,62,31.0,1340.0,210,411,0.511,74.0,193.0,0.383,136.0,218.0,0.624,0.601,50,73,0.685,112.0,239.0,351.0,60,65.0,39.0,54.0,110.0,544,0.0
2025,Julian Champagnie,champju02,23.0,SAS,SF,82,29.0,1932.0,276,665,0.415,178.0,480.0,0.371,98.0,185.0,0.53,0.549,85,94,0.904,67.0,251.0,318.0,111,61.0,35.0,74.0,114.0,815,0.0
2025,Ulrich Chomche,chomcul01,19.0,TOR,PF,7,0.0,32.0,2,5,0.4,0.0,0.0,,2.0,5.0,0.4,0.4,1,2,0.5,4.0,4.0,8.0,2,0.0,1.0,2.0,5.0,5,0.0
2025,Cam Christie,chrisca02,19.0,LAC,SG,13,0.0,59.0,7,24,0.292,2.0,13.0,0.154,5.0,11.0,0.455,0.333,2,4,0.5,3.0,9.0,12.0,6,5.0,1.0,2.0,4.0,18,0.0
2025,Josh Christopher,chrisjo01,23.0,MIA,SG,14,0.0,69.0,11,31,0.355,2.0,11.0,0.182,9.0,20.0,0.45,0.387,4,6,0.667,0.0,9.0,9.0,8,5.0,3.0,6.0,2.0,28,0.0
2025,Max Christie,chrisma02,21.0,LAL,SG,46,25.0,1154.0,128,288,0.444,60.0,163.0,0.368,68.0,125.0,0.544,0.549,74,87,0.851,25.0,98.0,123.0,66,35.0,21.0,39.0,73.0,390,0.0
2025,Max Christie,chrisma02,21.0,DAL,SG,32,11.0,973.0,124,302,0.411,55.0,151.0,0.364,69.0,151.0,0.457,0.502,56,65,0.862,13.0,122.0,135.0,80,29.0,10.0,49.0,42.0,359,0.0
2025,Sidy Cissoko,cissosi01,20.0,SAS,SF,17,0.0,54.0,9,18,0.5,3.0,7.0,0.429,6.0,11.0,0.545,0.583,1,6,0.167,3.0,7.0,10.0,6,1.0,0.0,2.0,6.0,22,0.0
2025,Sidy Cissoko,cissosi01,20.0,POR,SF,5,0.0,60.0,4,12,0.333,0.0,6.0,0.0,4.0,6.0,0.667,0.333,2,3,0.667,5.0,6.0,11.0,9,1.0,1.0,9.0,4.0,10,0.0
2025,Brandon Clarke,clarkbr01,28.0,MEM,PF,64,18.0,1207.0,236,380,0.621,1.0,17.0,0.059,235.0,363.0,0.647,0.622,61,87,0.701,127.0,199.0,326.0,66,52.0,36.0,41.0,145.0,534,0.0
2025,Jaylen Clark,clarkja02,23.0,MIN,SG,40,4.0,522.0,56,120,0.467,22.0,51.0,0.431,34.0,69.0,0.493,0.558,29,37,0.784,26.0,27.0,53.0,26,36.0,2.0,8.0,61.0,163,0.0
2025,Jordan Clarkson,clarkjo01,32.0,UTA,SG,37,9.0,962.0,201,493,0.408,84.0,232.0,0.362,117.0,261.0,0.448,0.493,114,143,0.797,25.0,93.0,118.0,138,31.0,9.0,86.0,52.0,600,0.0
2025,Nic Claxton,claxtni01,25.0,BRK,C,70,62.0,1882.0,320,568,0.563,5.0,21.0,0.238,315.0,547.0,0.576,0.568,79,154,0.513,157.0,358.0,515.0,157,62.0,100.0,87.0,150.0,724,0.0
2025,Donovan Clingan,clingdo01,20.0,POR,C,67,37.0,1324.0,180,334,0.539,14.0,49.0,0.286,166.0,285.0,0.582,0.56,62,104,0.596,217.0,310.0,527.0,77,34.0,110.0,72.0,189.0,436,0.0
2025,Noah Clowney,clownno01,20.0,BRK,PF,46,20.0,1042.0,133,372,0.358,87.0,261.0,0.333,46.0,111.0,0.414,0.474,67,80,0.838,43.0,138.0,181.0,40,24.0,21.0,46.0,105.0,420,0.0
2025,Amir Coffey,coffeam01,27.0,LAC,SG,72,13.0,1748.0,240,510,0.471,101.0,247.0,0.409,139.0,263.0,0.529,0.57,115,129,0.891,32.0,129.0,161.0,77,40.0,7.0,45.0,120.0,696,0.0
2025,Isaiah Collier,colliis01,20.0,UTA,PG,71,46.0,1839.0,234,555,0.422,42.0,169.0,0.249,192.0,386.0,0.497,0.459,105,154,0.682,32.0,203.0,235.0,446,66.0,16.0,208.0,149.0,615,0.0
2025,John Collins,collijo01,27.0,UTA,PF,40,31.0,1220.0,280,531,0.527,59.0,148.0,0.399,221.0,383.0,0.577,0.583,139,164,0.848,89.0,238.0,327.0,80,39.0,40.0,103.0,116.0,758,0.0
2025,Yuri Collins,colliyu01,23.0,GSW,PG,2,0.0,16.0,1,3,0.333,0.0,0.0,,1.0,3.0,0.333,0.333,0,0,,2.0,1.0,3.0,4,2.0,0.0,0.0,5.0,2,0.0
2025,Zach Collins,colliza01,27.0,SAS,C,36,4.0,425.0,61,132,0.462,14.0,46.0,0.304,47.0,86.0,0.547,0.515,31,35,0.886,38.0,63.0,101.0,52,14.0,15.0,23.0,70.0,167,0.0
2025,Zach Collins,colliza01,27.0,CHI,PF,28,8.0,552.0,92,170,0.541,18.0,60.0,0.3,74.0,110.0,0.673,0.594,38,43,0.884,64.0,123.0,187.0,59,15.0,14.0,37.0,62.0,240,0.0
2025,Mike Conley,conlemi01,37.0,MIN,PG,71,64.0,1756.0,187,468,0.4,127.0,310.0,0.41,60.0,158.0,0.38,0.535,81,90,0.9,32.0,150.0,182.0,319,79.0,14.0,75.0,111.0,582,0.0
2025,Pat Connaughton,connapa01,32.0,MIL,SG,41,1.0,603.0,83,177,0.469,26.0,81.0,0.321,57.0,96.0,0.594,0.542,24,31,0.774,19.0,90.0,109.0,70,9.0,11.0,24.0,45.0,216,0.0
2025,Bilal Coulibaly,coulibi01,20.0,WAS,SF,59,59.0,1948.0,263,624,0.421,63.0,224.0,0.281,200.0,400.0,0.5,0.472,138,185,0.746,91.0,203.0,294.0,199,78.0,41.0,125.0,139.0,727,1.0
2025,Ricky Council IV,councri01,23.0,PHI,SF,73,12.0,1250.0,177,463,0.382,55.0,213.0,0.258,122.0,250.0,0.488,0.442,123,153,0.804,51.0,163.0,214.0,97,32.0,13.0,52.0,67.0,532,0.0
2025,Torrey Craig,craigto01,34.0,CHI,SF,9,1.0,113.0,22,45,0.489,15.0,35.0,0.429,7.0,10.0,0.7,0.656,3,4,0.75,8.0,17.0,25.0,5,2.0,1.0,0.0,15.0,62,0.0
2025,Torrey Craig,craigto01,34.0,BOS,SF,17,3.0,201.0,16,45,0.356,9.0,31.0,0.29,7.0,14.0,0.5,0.456,5,8,0.625,19.0,29.0,48.0,12,6.0,11.0,8.0,19.0,46,0.0
2025,Isaiah Crawford,crawfis01,23.0,SAC,SF,15,0.0,46.0,5,11,0.455,1.0,5.0,0.2,4.0,6.0,0.667,0.5,2,4,0.5,1.0,7.0,8.0,1,1.0,2.0,1.0,2.0,13,0.0
2025,Jae Crowder,crowdja01,34.0,SAC,PF,9,2.0,103.0,7,22,0.318,4.0,15.0,0.267,3.0,7.0,0.429,0.409,5,6,0.833,6.0,14.0,20.0,6,3.0,0.0,4.0,10.0,23,0.0
2025,Cui Yongxi,cuiyo01,21.0,BRK,SG,5,0.0,10.0,1,7,0.143,0.0,3.0,0.0,1.0,4.0,0.25,0.143,1,2,0.5,0.0,2.0,2.0,0,0.0,0.0,0.0,0.0,3,0.0
2025,Cade Cunningham,cunnica01,23.0,DET,PG,70,70.0,2452.0,684,1457,0.469,149.0,418.0,0.356,535.0,1039.0,0.515,0.521,313,370,0.846,56.0,369.0,425.0,638,71.0,53.0,309.0,195.0,1830,9.0
2025,Seth Curry,curryse01,34.0,CHO,SG,68,14.0,1062.0,164,343,0.478,83.0,182.0,0.456,81.0,161.0,0.503,0.599,33,39,0.846,24.0,89.0,113.0,60,27.0,7.0,32.0,59.0,444,0.0
2025,Stephen Curry,curryst01,36.0,GSW,PG,70,70.0,2252.0,564,1258,0.448,311.0,784.0,0.397,253.0,474.0,0.534,0.572,279,299,0.933,40.0,270.0,310.0,421,80.0,30.0,200.0,95.0,1718,0.0
2025,Pacome Dadiet,dadiepa01,19.0,NYK,SG,18,0.0,111.0,10,31,0.323,6.0,19.0,0.316,4.0,12.0,0.333,0.419,4,6,0.667,3.0,15.0,18.0,5,3.0,2.0,4.0,7.0,30,0.0
2025,Dyson Daniels,daniedy01,21.0,ATL,SG,76,76.0,2571.0,455,923,0.493,80.0,235.0,0.34,375.0,688.0,0.545,0.536,83,140,0.593,124.0,325.0,449.0,333,229.0,55.0,155.0,175.0,1073,0.0
2025,Tristan Da Silva,dasiltr01,23.0,ORL,SF,74,38.0,1629.0,199,483,0.412,80.0,239.0,0.335,119.0,244.0,0.488,0.495,55,63,0.873,73.0,172.0,245.0,113,33.0,18.0,56.0,94.0,533,0.0
2025,Anthony Davis,davisan02,31.0,LAL,C,42,42.0,1440.0,400,758,0.528,28.0,94.0,0.298,372.0,664.0,0.56,0.546,253,321,0.788,119.0,380.0,499.0,141,54.0,90.0,93.0,82.0,1081,0.0
2025,Anthony Davis,davisan02,31.0,DAL,PF,9,9.0,266.0,70,152,0.461,7.0,30.0,0.233,63.0,122.0,0.516,0.484,33,48,0.688,15.0,76.0,91.0,40,5.0,20.0,20.0,16.0,180,1.0
2025,JD Davison,davisjd01,22.0,BOS,PG,16,0.0,93.0,12,34,0.353,4.0,18.0,0.222,8.0,16.0,0.5,0.412,5,7,0.714,2.0,11.0,13.0,13,5.0,1.0,13.0,2.0,33,0.0
2025,Johnny Davis,davisjo06,22.0,WAS,SG,34,0.0,242.0,32,78,0.41,7.0,29.0,0.241,25.0,49.0,0.51,0.455,9,15,0.6,10.0,28.0,38.0,11,15.0,6.0,7.0,18.0,80,0.0
2025,Terence Davis,daviste02,27.0,SAC,SG,1,0.0,8.0,0,2,0.0,0.0,1.0,0.0,0.0,1.0,0.0,0.0,0,0,,0.0,1.0,1.0,1,0.0,0.0,0.0,0.0,0,0.0
2025,RayJ Dennis,dennira01,23.0,IND,PG,11,0.0,70.0,11,33,0.333,6.0,21.0,0.286,5.0,12.0,0.417,0.424,2,2,1.0,2.0,10.0,12.0,14,7.0,2.0,5.0,7.0,30,0.0
2025,DeMar DeRozan,derozde01,35.0,SAC,SF,77,77.0,2768.0,624,1308,0.477,84.0,256.0,0.328,540.0,1052.0,0.513,0.509,378,441,0.857,50.0,248.0,298.0,342,62.0,32.0,105.0,150.0,1710,0.0
2025,Moussa Diabaté,diabamo01,23.0,CHO,C,71,8.0,1241.0,167,280,0.596,0.0,6.0,0.0,167.0,274.0,0.609,0.596,69,116,0.595,187.0,251.0,438.0,56,46.0,40.0,61.0,109.0,403,0.0
2025,Gradey Dick,dickgr01,21.0,TOR,SG,54,54.0,1587.0,265,647,0.41,114.0,326.0,0.35,151.0,321.0,0.47,0.498,133,155,0.858,44.0,149.0,193.0,98,48.0,10.0,83.0,120.0,777,0.0
2025,Ousmane Dieng,diengou01,21.0,OKC,C,37,1.0,405.0,54,125,0.432,23.0,71.0,0.324,31.0,54.0,0.574,0.524,11,16,0.688,18.0,63.0,81.0,31,17.0,7.0,18.0,33.0,142,0.0
2025,Rob Dillingham,dilliro01,20.0,MIN,PG,49,1.0,516.0,93,211,0.441,25.0,74.0,0.338,68.0,137.0,0.496,0.5,8,15,0.533,12.0,38.0,50.0,98,20.0,1.0,53.0,37.0,219,0.0
2025,Spencer Dinwiddie,dinwisp01,31.0,DAL,PG,79,30.0,2136.0,284,682,0.416,109.0,326.0,0.334,175.0,356.0,0.492,0.496,195,243,0.802,18.0,191.0,209.0,349,70.0,17.0,102.0,121.0,872,0.0
2025,Donte DiVincenzo,divindo01,28.0,MIN,SG,62,10.0,1606.0,250,593,0.422,174.0,438.0,0.397,76.0,155.0,0.49,0.568,49,63,0.778,32.0,196.0,228.0,225,73.0,17.0,99.0,114.0,723,0.0
2025,Luka Dončić,doncilu01,25.0,DAL,PG,22,22.0,785.0,216,466,0.464,75.0,212.0,0.354,141.0,254.0,0.555,0.544,112,146,0.767,16.0,167.0,183.0,172,44.0,9.0,75.0,58.0,619,3.0
2025,Luka Dončić,doncilu01,25.0,LAL,PG,28,28.0,984.0,245,559,0.438,102.0,269.0,0.379,143.0,290.0,0.493,0.53,197,249,0.791,24.0,202.0,226.0,211,45.0,12.0,104.0,68.0,789,2.0
2025,Luguentz Dort,dortlu01,25.0,OKC,SF,71,71.0,2073.0,258,593,0.435,170.0,413.0,0.412,88.0,180.0,0.489,0.578,33,46,0.717,89.0,204.0,293.0,115,79.0,39.0,51.0,208.0,719,0.0
2025,Ayo Dosunmu,dosunay01,25.0,CHI,SG,46,26.0,1394.0,221,449,0.492,62.0,189.0,0.328,159.0,260.0,0.612,0.561,62,79,0.785,26.0,135.0,161.0,208,43.0,18.0,69.0,105.0,566,1.0
2025,Jeff Dowtin,dowtije01,27.0,PHI,PG,41,3.0,621.0,112,230,0.487,28.0,70.0,0.4,84.0,160.0,0.525,0.548,33,45,0.733,12.0,48.0,60.0,78,24.0,12.0,15.0,29.0,285,0.0
2025,PJ Dozier,doziepj01,28.0,MIN,SG,9,0.0,35.0,2,3,0.667,2.0,3.0,0.667,0.0,0.0,,1.0,1,6,0.167,1.0,4.0,5.0,5,1.0,0.0,1.0,3.0,7,0.0
2025,Andre Drummond,drumman01,31.0,PHI,C,40,23.0,751.0,117,234,0.5,3.0,20.0,0.15,114.0,214.0,0.533,0.506,56,90,0.622,109.0,201.0,310.0,34,39.0,18.0,55.0,94.0,293,0.0
2025,Chris Duarte,duartch01,27.0,CHI,SG,17,0.0,74.0,12,26,0.462,6.0,15.0,0.4,6.0,11.0,0.545,0.577,6,8,0.75,5.0,15.0,20.0,9,0.0,0.0,1.0,7.0,36,0.0
2025,Alex Ducas,ducasal01,24.0,OKC,SG,21,0.0,125.0,12,30,0.4,10.0,21.0,0.476,2.0,9.0,0.222,0.567,2,2,1.0,9.0,17.0,26.0,5,5.0,0.0,4.0,12.0,36,0.0
2025,David Duke Jr.,dukeda01,25.0,SAS,SG,6,0.0,34.0,6,14,0.429,3.0,6.0,0.5,3.0,8.0,0.375,0.536,1,2,0.5,1.0,4.0,5.0,4,1.0,0.0,2.0,1.0,16,0.0
2025,Kris Dunn,dunnkr01,30.0,LAC,PG,74,58.0,1783.0,192,437,0.439,75.0,224.0,0.335,117.0,213.0,0.549,0.525,15,22,0.682,53.0,198.0,251.0,210,128.0,27.0,74.0,197.0,474,0.0
2025,Ryan Dunn,dunnry01,22.0,PHO,SF,74,44.0,1410.0,205,477,0.43,82.0,264.0,0.311,123.0,213.0,0.577,0.516,19,39,0.487,92.0,175.0,267.0,57,44.0,40.0,40.0,162.0,511,0.0
2025,Kevin Durant,duranke01,36.0,PHO,PF,62,62.0,2265.0,592,1124,0.527,160.0,372.0,0.43,432.0,752.0,0.574,0.598,303,361,0.839,23.0,351.0,374.0,263,50.0,77.0,190.0,104.0,1647,0.0
2025,Jalen Duren,durenja01,21.0,DET,C,78,78.0,2034.0,378,546,0.692,0.0,0.0,,378.0,546.0,0.692,0.692,162,242,0.669,277.0,530.0,807.0,209,54.0,89.0,136.0,251.0,918,0.0
2025,Tari Eason,easonta01,23.0,HOU,PF,57,16.0,1420.0,272,559,0.487,63.0,184.0,0.342,209.0,375.0,0.557,0.543,79,104,0.76,128.0,234.0,362.0,83,97.0,50.0,65.0,136.0,686,0.0
2025,Zach Edey,edeyza01,22.0,MEM,C,66,55.0,1416.0,251,433,0.58,18.0,52.0,0.346,233.0,381.0,0.612,0.6,90,127,0.709,232.0,316.0,548.0,65,36.0,85.0,88.0,182.0,610,0.0
2025,Anthony Edwards,edwaran01,23.0,MIN,SG,79,79.0,2871.0,721,1612,0.447,320.0,811.0,0.395,401.0,801.0,0.501,0.547,415,496,0.837,61.0,389.0,450.0,359,91.0,51.0,249.0,150.0,2177,0.0
2025,Jesse Edwards,edwarje01,24.0,MIN,C,2,0.0,5.0,0,0,,0.0,0.0,,0.0,0.0,,,0,0,,0.0,0.0,0.0,1,0.0,0.0,0.0,2.0,0,0.0
2025,Justin Edwards,edwarju01,21.0,PHI,SF,44,26.0,1155.0,172,378,0.455,69.0,190.0,0.363,103.0,188.0,0.548,0.546,32,46,0.696,46.0,102.0,148.0,69,45.0,16.0,49.0,98.0,445,0.0
2025,Kessler Edwards,edwarke02,24.0,DAL,SF,40,18.0,608.0,67,135,0.496,22.0,54.0,0.407,45.0,81.0,0.556,0.578,12,13,0.923,22.0,93.0,115.0,42,19.0,20.0,16.0,62.0,168,0.0
2025,Keon Ellis,elliske01,25.0,SAC,SG,80,28.0,1948.0,227,464,0.489,139.0,321.0,0.433,88.0,143.0,0.615,0.639,73,86,0.849,60.0,152.0,212.0,120,121.0,63.0,71.0,176.0,666,0.0
2025,Joel Embiid,embiijo01,30.0,PHI,C,19,19.0,574.0,140,315,0.444,23.0,77.0,0.299,117.0,238.0,0.492,0.481,149,169,0.882,36.0,119.0,155.0,85,14.0,18.0,62.0,42.0,452,1.0
2025,Tyson Etienne,etienty01,25.0,BRK,PG,7,0.0,151.0,17,52,0.327,13.0,44.0,0.295,4.0,8.0,0.5,0.452,8,10,0.8,3.0,6.0,9.0,12,3.0,1.0,8.0,17.0,55,0.0
2025,Drew Eubanks,eubandr01,27.0,UTA,C,37,4.0,568.0,88,145,0.607,3.0,5.0,0.6,85.0,140.0,0.607,0.617,36,57,0.632,40.0,128.0,168.0,45,10.0,32.0,31.0,46.0,215,0.0
2025,Drew Eubanks,eubandr01,27.0,LAC,C,24,0.0,178.0,27,49,0.551,0.0,1.0,0.0,27.0,48.0,0.563,0.551,11,14,0.786,20.0,38.0,58.0,9,2.0,7.0,10.0,17.0,65,0.0
2025,Tosan Evbuomwan,evbuoto01,23.0,BRK,SF,28,0.0,665.0,94,220,0.427,24.0,77.0,0.312,70.0,143.0,0.49,0.482,55,73,0.753,32.0,88.0,120.0,55,24.0,10.0,39.0,55.0,267,0.0
2025,Dante Exum,exumda01,29.0,DAL,PG,20,13.0,372.0,64,134,0.478,23.0,53.0,0.434,41.0,81.0,0.506,0.563,23,31,0.742,4.0,29.0,33.0,56,12.0,3.0,22.0,34.0,174,0.0
2025,Bruno Fernando,fernabr01,26.0,TOR,C,17,2.0,147.0,26,49,0.531,0.0,0.0,,26.0,49.0,0.531,0.531,6,8,0.75,21.0,30.0,51.0,18,4.0,9.0,14.0,27.0,58,0.0
2025,Kyle Filipowski,filipky01,21.0,UTA,C,72,27.0,1522.0,260,518,0.502,77.0,220.0,0.35,183.0,298.0,0.614,0.576,93,143,0.65,112.0,328.0,440.0,140,48.0,22.0,102.0,171.0,690,0.0
2025,Dorian Finney-Smith,finnedo01,31.0,BRK,PF,20,20.0,579.0,73,159,0.459,47.0,108.0,0.435,26.0,51.0,0.51,0.607,15,24,0.625,31.0,60.0,91.0,31,18.0,12.0,18.0,54.0,208,0.0
2025,Dorian Finney-Smith,finnedo01,31.0,LAL,PF,43,20.0,1239.0,122,276,0.442,82.0,206.0,0.398,40.0,70.0,0.571,0.591,15,21,0.714,49.0,107.0,156.0,59,40.0,11.0,38.0,82.0,341,0.0
2025,Adam Flagler,flaglad01,25.0,OKC,SG,37,0.0,203.0,25,96,0.26,14.0,72.0,0.194,11.0,24.0,0.458,0.333,1,2,0.5,7.0,20.0,27.0,12,8.0,3.0,4.0,15.0,65,0.0
2025,Trentyn Flowers,flowetr01,19.0,LAC,SF,6,0.0,27.0,4,11,0.364,0.0,2.0,0.0,4.0,9.0,0.444,0.364,3,3,1.0,1.0,3.0,4.0,0,0.0,0.0,1.0,4.0,11,0.0
2025,Malachi Flynn,flynnma01,26.0,CHO,PG,4,0.0,44.0,5,13,0.385,1.0,4.0,0.25,4.0,9.0,0.444,0.423,5,6,0.833,3.0,4.0,7.0,7,3.0,0.0,4.0,4.0,16,0.0
2025,Simone Fontecchio,fontesi01,29.0,DET,SF,75,0.0,1237.0,150,373,0.402,76.0,227.0,0.335,74.0,146.0,0.507,0.504,70,84,0.833,52.0,163.0,215.0,65,31.0,12.0,54.0,95.0,446,0.0
2025,De'Aaron Fox,foxde01,27.0,SAC,PG,45,45.0,1663.0,414,883,0.469,92.0,286.0,0.322,322.0,597.0,0.539,0.521,204,246,0.829,45.0,180.0,225.0,276,66.0,20.0,133.0,118.0,1124,0.0
2025,De'Aaron Fox,foxde01,27.0,SAS,PG,17,17.0,578.0,125,280,0.446,26.0,95.0,0.274,99.0,185.0,0.535,0.493,59,72,0.819,9.0,64.0,73.0,116,25.0,5.0,41.0,46.0,335,0.0
2025,Enrique Freeman,freemen01,24.0,IND,PF,22,1.0,181.0,16,37,0.432,1.0,10.0,0.1,15.0,27.0,0.556,0.446,13,19,0.684,11.0,19.0,30.0,9,3.0,3.0,6.0,21.0,46,0.0
2025,Markelle Fultz,fultzma01,26.0,SAC,PG,21,0.0,184.0,28,67,0.418,4.0,8.0,0.5,24.0,59.0,0.407,0.448,1,1,1.0,6.0,14.0,20.0,27,10.0,2.0,15.0,12.0,61,0.0
2025,Johnny Furphy,furphjo01,20.0,IND,SG,50,0.0,379.0,35,92,0.38,15.0,50.0,0.3,20.0,42.0,0.476,0.462,18,22,0.818,23.0,48.0,71.0,19,18.0,11.0,12.0,41.0,103,0.0
2025,Daniel Gafford,gaffoda01,26.0,DAL,C,57,31.0,1226.0,283,403,0.702,0.0,0.0,,283.0,403.0,0.702,0.702,135,196,0.689,155.0,233.0,388.0,80,23.0,102.0,66.0,152.0,701,0.0
2025,Darius Garland,garlada01,25.0,CLE,PG,75,75.0,2301.0,554,1174,0.472,212.0,529.0,0.401,342.0,645.0,0.53,0.562,224,255,0.878,47.0,167.0,214.0,506,91.0,11.0,189.0,143.0,1544,0.0
2025,Marcus Garrett,garrema01,26.0,CHO,SG,4,0.0,79.0,11,27,0.407,3.0,8.0,0.375,8.0,19.0,0.421,0.463,3,4,0.75,1.0,5.0,6.0,13,3.0,2.0,6.0,10.0,28,0.0
2025,Luka Garza,garzalu01,26.0,MIN,C,39,0.0,219.0,52,105,0.495,10.0,36.0,0.278,42.0,69.0,0.609,0.543,24,35,0.686,31.0,23.0,54.0,11,6.0,3.0,12.0,29.0,138,0.0
2025,Keyonte George,georgke01,21.0,UTA,PG,67,35.0,2109.0,359,919,0.391,174.0,507.0,0.343,185.0,412.0,0.449,0.485,233,285,0.818,26.0,227.0,253.0,377,46.0,9.0,183.0,111.0,1125,0.0
2025,Kyshawn George,georgky01,21.0,WAS,SG,68,38.0,1802.0,203,546,0.372,114.0,354.0,0.322,89.0,192.0,0.464,0.476,70,93,0.753,49.0,236.0,285.0,169,68.0,50.0,97.0,201.0,590,0.0
2025,Paul George,georgpa01,34.0,PHI,PF,41,41.0,1334.0,245,570,0.43,96.0,268.0,0.358,149.0,302.0,0.493,0.514,79,97,0.814,24.0,195.0,219.0,178,75.0,20.0,106.0,101.0,665,0.0
2025,Taj Gibson,gibsota01,39.0,CHO,C,37,11.0,409.0,47,95,0.495,1.0,2.0,0.5,46.0,93.0,0.495,0.5,12,20,0.6,51.0,69.0,120.0,21,9.0,18.0,25.0,54.0,107,0.0
2025,Josh Giddey,giddejo01,22.0,CHI,PG,70,69.0,2117.0,371,798,0.465,105.0,278.0,0.378,266.0,520.0,0.512,0.531,175,224,0.781,127.0,439.0,566.0,503,84.0,45.0,202.0,122.0,1022,7.0
2025,Shai Gilgeous-Alexander,gilgesh01,26.0,OKC,PG,76,76.0,2598.0,860,1656,0.519,163.0,435.0,0.375,697.0,1221.0,0.571,0.569,601,669,0.898,67.0,312.0,379.0,486,131.0,77.0,183.0,164.0,2484,0.0
2025,Anthony Gill,gillan01,32.0,WAS,PF,51,0.0,397.0,43,88,0.489,10.0,31.0,0.323,33.0,57.0,0.579,0.545,33,50,0.66,18.0,48.0,66.0,16,9.0,2.0,10.0,30.0,129,0.0
2025,Collin Gillespie,gilleco01,25.0,PHO,PG,33,9.0,461.0,68,158,0.43,39.0,90.0,0.433,29.0,68.0,0.426,0.554,19,22,0.864,22.0,56.0,78.0,78,21.0,5.0,17.0,30.0,194,0.0
2025,Rudy Gobert,goberru01,32.0,MIN,C,72,72.0,2388.0,341,510,0.669,0.0,0.0,,341.0,510.0,0.669,0.669,184,273,0.674,265.0,520.0,785.0,127,56.0,104.0,89.0,182.0,866,0.0
2025,Jordan Goodwin,goodwjo01,26.0,LAL,PG,29,5.0,543.0,63,144,0.438,26.0,68.0,0.382,37.0,76.0,0.487,0.528,9,11,0.818,38.0,74.0,112.0,42,30.0,11.0,26.0,43.0,161,0.0
2025,Aaron Gordon,gordoaa01,29.0,DEN,PF,51,42.0,1447.0,264,497,0.531,75.0,172.0,0.436,189.0,325.0,0.582,0.607,145,179,0.81,80.0,167.0,247.0,164,23.0,14.0,73.0,82.0,748,0.0
2025,Eric Gordon,gordoer01,36.0,PHI,SG,39,13.0,768.0,87,204,0.426,56.0,137.0,0.409,31.0,67.0,0.463,0.564,36,48,0.75,8.0,38.0,46.0,65,26.0,12.0,28.0,32.0,266,0.0
2025,Jazian Gortman,gortmja01,21.0,DAL,PG,16,0.0,57.0,9,23,0.391,4.0,11.0,0.364,5.0,12.0,0.417,0.478,2,4,0.5,1.0,4.0,5.0,6,2.0,1.0,5.0,9.0,24,0.0
2025,Jerami Grant,grantje01,30.0,POR,PF,47,47.0,1524.0,214,574,0.373,108.0,296.0,0.365,106.0,278.0,0.381,0.467,141,166,0.849,26.0,137.0,163.0,101,41.0,46.0,65.0,109.0,677,0.0
2025,A.J. Green,greenaj01,25.0,MIL,SG,73,7.0,1659.0,182,424,0.429,155.0,363.0,0.427,27.0,61.0,0.443,0.612,22,27,0.815,18.0,156.0,174.0,108,37.0,7.0,40.0,157.0,541,0.0
2025,Draymond Green,greendr01,34.0,GSW,PF,68,66.0,1983.0,216,509,0.424,80.0,246.0,0.325,136.0,263.0,0.517,0.503,101,147,0.687,74.0,340.0,414.0,383,99.0,70.0,174.0,219.0,613,1.0
2025,Javonte Green,greenja02,31.0,NOP,SG,50,18.0,1092.0,100,224,0.446,38.0,108.0,0.352,62.0,116.0,0.534,0.531,50,66,0.758,49.0,129.0,178.0,45,55.0,30.0,28.0,77.0,288,0.0
2025,Javonte Green,greenja02,31.0,CLE,SG,18,1.0,166.0,23,63,0.365,8.0,33.0,0.242,15.0,30.0,0.5,0.429,5,10,0.5,10.0,30.0,40.0,11,10.0,1.0,4.0,21.0,59,0.0
2025,Jalen Green,greenja05,22.0,HOU,SG,82,82.0,2697.0,608,1437,0.423,234.0,661.0,0.354,374.0,776.0,0.482,0.505,273,336,0.813,45.0,332.0,377.0,282,71.0,27.0,203.0,127.0,1723,0.0
2025,Jeff Green,greenje02,38.0,HOU,PF,32,3.0,396.0,61,121,0.504,29.0,79.0,0.367,32.0,42.0,0.762,0.624,21,26,0.808,11.0,47.0,58.0,20,6.0,4.0,9.0,32.0,172,0.0
2025,Josh Green,greenjo02,24.0,CHO,SG,68,67.0,1887.0,180,421,0.428,97.0,248.0,0.391,83.0,173.0,0.48,0.543,49,72,0.681,56.0,116.0,172.0,108,74.0,15.0,70.0,165.0,506,0.0
2025,Quentin Grimes,grimequ01,24.0,DAL,SG,47,12.0,1070.0,169,365,0.463,80.0,201.0,0.398,89.0,164.0,0.543,0.573,62,81,0.765,30.0,149.0,179.0,101,32.0,10.0,61.0,78.0,480,0.0
2025,Quentin Grimes,grimequ01,24.0,PHI,SG,28,25.0,943.0,215,458,0.469,82.0,220.0,0.373,133.0,238.0,0.559,0.559,100,133,0.752,29.0,116.0,145.0,127,42.0,12.0,80.0,60.0,612,0.0
2025,Mouhamed Gueye,gueyemo02,22.0,ATL,PF,33,28.0,533.0,72,171,0.421,21.0,81.0,0.259,51.0,90.0,0.567,0.482,32,42,0.762,44.0,95.0,139.0,27,28.0,33.0,15.0,55.0,197,0.0
2025,Rui Hachimura,hachiru01,26.0,LAL,PF,59,57.0,1869.0,293,576,0.509,102.0,247.0,0.413,191.0,329.0,0.581,0.597,87,113,0.77,79.0,216.0,295.0,83,45.0,26.0,49.0,105.0,775,0.0
2025,Tyrese Haliburton,halibty01,24.0,IND,PG,73,73.0,2451.0,476,1006,0.473,218.0,562.0,0.388,258.0,444.0,0.581,0.582,189,222,0.851,42.0,216.0,258.0,673,105.0,49.0,120.0,92.0,1359,0.0
2025,PJ Hall,hallpj01,22.0,DEN,C,19,0.0,66.0,14,24,0.583,2.0,8.0,0.25,12.0,16.0,0.75,0.625,3,4,0.75,6.0,16.0,22.0,4,0.0,4.0,2.0,11.0,33,0.0
2025,Tim Hardaway Jr.,hardati02,32.0,DET,SG,77,77.0,2153.0,276,680,0.406,168.0,457.0,0.368,108.0,223.0,0.484,0.529,124,145,0.855,18.0,165.0,183.0,123,38.0,7.0,48.0,96.0,844,0.0
2025,James Harden,hardeja01,35.0,LAC,PG,79,79.0,2789.0,531,1295,0.41,235.0,668.0,0.352,296.0,627.0,0.472,0.501,505,578,0.874,55.0,401.0,456.0,687,118.0,55.0,341.0,162.0,1802,3.0
2025,Jaden Hardy,hardyja02,22.0,DAL,SG,57,3.0,907.0,180,414,0.435,76.0,197.0,0.386,104.0,217.0,0.479,0.527,60,86,0.698,9.0,80.0,89.0,81,28.0,5.0,82.0,90.0,496,0.0
2025,Elijah Harkless,harklej01,24.0,UTA,SG,10,0.0,138.0,11,35,0.314,7.0,25.0,0.28,4.0,10.0,0.4,0.414,3,6,0.5,9.0,12.0,21.0,8,10.0,1.0,3.0,18.0,32,0.0
2025,Ron Harper Jr.,harpero02,24.0,DET,SF,1,0.0,17.0,1,8,0.125,0.0,6.0,0.0,1.0,2.0,0.5,0.125,2,2,1.0,4.0,3.0,7.0,2,0.0,0.0,0.0,0.0,4,0.0
2025,Gary Harris,harriga01,30.0,ORL,SG,48,3.0,711.0,51,133,0.383,36.0,101.0,0.356,15.0,32.0,0.469,0.519,7,12,0.583,20.0,44.0,64.0,30,26.0,12.0,17.0,45.0,145,0.0
2025,Tobias Harris,harrito02,32.0,DET,PF,73,73.0,2305.0,384,805,0.477,91.0,264.0,0.345,293.0,541.0,0.542,0.534,143,166,0.861,65.0,367.0,432.0,162,74.0,57.0,85.0,138.0,1002,0.0
2025,Isaiah Hartenstein,harteis01,26.0,OKC,C,57,53.0,1590.0,279,480,0.581,0.0,19.0,0.0,279.0,461.0,0.605,0.581,79,117,0.675,163.0,448.0,611.0,219,47.0,62.0,96.0,171.0,637,0.0
2025,Josh Hart,hartjo01,29.0,NYK,SG,77,77.0,2897.0,404,770,0.525,84.0,252.0,0.333,320.0,518.0,0.618,0.579,159,205,0.776,161.0,576.0,737.0,453,119.0,27.0,158.0,201.0,1051,9.0
2025,Sam Hauser,hausesa01,27.0,BOS,PF,71,19.0,1541.0,214,474,0.451,166.0,399.0,0.416,48.0,75.0,0.64,0.627,11,11,1.0,44.0,180.0,224.0,64,41.0,13.0,23.0,87.0,605,0.0
2025,Jordan Hawkins,hawkijo01,22.0,NOP,SG,56,9.0,1321.0,207,556,0.372,110.0,332.0,0.331,97.0,224.0,0.433,0.471,80,98,0.816,25.0,133.0,158.0,66,30.0,23.0,58.0,51.0,604,0.0
2025,Jaxson Hayes,hayesja02,24.0,LAL,C,56,35.0,1093.0,161,223,0.722,0.0,3.0,0.0,161.0,220.0,0.732,0.722,61,98,0.622,78.0,191.0,269.0,58,31.0,51.0,43.0,136.0,383,0.0
2025,Killian Hayes,hayeski01,23.0,BRK,PG,6,5.0,162.0,18,43,0.419,8.0,21.0,0.381,10.0,22.0,0.455,0.512,10,12,0.833,5.0,13.0,18.0,31,4.0,4.0,9.0,13.0,54,0.0
2025,Scoot Henderson,hendesc01,20.0,POR,PG,66,10.0,1759.0,287,685,0.419,105.0,297.0,0.354,182.0,388.0,0.469,0.496,158,206,0.767,52.0,146.0,198.0,335,68.0,13.0,177.0,181.0,837,0.0
2025,Taylor Hendricks,hendrta01,21.0,UTA,PF,3,3.0,75.0,4,18,0.222,3.0,12.0,0.25,1.0,6.0,0.167,0.306,3,4,0.75,5.0,10.0,15.0,2,5.0,4.0,2.0,8.0,14,0.0
2025,Tyler Herro,herroty01,25.0,MIA,SG,77,77.0,2725.0,651,1378,0.472,251.0,670.0,0.375,400.0,708.0,0.565,0.563,287,327,0.878,35.0,364.0,399.0,424,69.0,17.0,198.0,85.0,1840,0.0
2025,Buddy Hield,hieldbu01,32.0,GSW,SG,82,22.0,1863.0,328,786,0.417,203.0,549.0,0.37,125.0,237.0,0.527,0.546,53,64,0.828,51.0,213.0,264.0,134,69.0,23.0,91.0,132.0,912,0.0
2025,Haywood Highsmith,highsha01,28.0,MIA,SF,74,42.0,1818.0,179,391,0.458,89.0,233.0,0.382,90.0,158.0,0.57,0.572,31,43,0.721,72.0,180.0,252.0,112,68.0,37.0,54.0,164.0,478,0.0
2025,Aaron Holiday,holidaa01,28.0,HOU,PG,62,3.0,792.0,117,268,0.437,72.0,181.0,0.398,45.0,87.0,0.517,0.571,34,41,0.829,13.0,65.0,78.0,83,19.0,11.0,37.0,64.0,340,0.0
2025,Jrue Holiday,holidjr01,34.0,BOS,PG,62,62.0,1896.0,254,573,0.443,108.0,306.0,0.353,146.0,267.0,0.547,0.538,70,77,0.909,76.0,189.0,265.0,239,66.0,27.0,77.0,101.0,686,0.0
2025,Ron Holland,hollaro01,19.0,DET,SF,81,2.0,1266.0,197,416,0.474,36.0,151.0,0.238,161.0,265.0,0.608,0.517,92,122,0.754,40.0,178.0,218.0,82,49.0,17.0,72.0,141.0,522,0.0
2025,Richaun Holmes,holmeri01,31.0,WAS,PF,31,7.0,534.0,90,139,0.647,0.0,3.0,0.0,90.0,136.0,0.662,0.647,50,60,0.833,62.0,115.0,177.0,42,9.0,23.0,21.0,49.0,230,0.0
2025,Chet Holmgren,holmgch01,22.0,OKC,C,32,32.0,877.0,167,341,0.49,44.0,116.0,0.379,123.0,225.0,0.547,0.554,101,134,0.754,48.0,209.0,257.0,63,23.0,71.0,56.0,72.0,479,0.0
2025,Jalen Hood-Schifino,hoodsja01,21.0,LAL,SG,2,0.0,14.0,1,1,1.0,0.0,0.0,,1.0,1.0,1.0,1.0,2,2,1.0,1.0,0.0,1.0,1,0.0,1.0,1.0,3.0,4,0.0
2025,Jalen Hood-Schifino,hoodsja01,21.0,PHI,SG,13,0.0,301.0,36,97,0.371,14.0,46.0,0.304,22.0,51.0,0.431,0.443,16,19,0.842,2.0,24.0,26.0,36,5.0,6.0,17.0,22.0,102,0.0
2025,Al Horford,horfoal01,38.0,BOS,C,60,42.0,1659.0,195,461,0.423,114.0,314.0,0.363,81.0,147.0,0.551,0.547,34,38,0.895,79.0,290.0,369.0,128,36.0,51.0,46.0,81.0,538,0.0
2025,Talen Horton-Tucker,hortota01,24.0,CHI,SG,58,0.0,724.0,133,291,0.457,41.0,122.0,0.336,92.0,169.0,0.544,0.527,72,98,0.735,19.0,81.0,100.0,83,21.0,11.0,40.0,59.0,379,0.0
2025,Caleb Houstan,houstca01,22.0,ORL,SF,58,6.0,788.0,80,190,0.421,64.0,160.0,0.4,16.0,30.0,0.533,0.589,15,17,0.882,19.0,56.0,75.0,35,22.0,6.0,13.0,62.0,239,0.0
2025,Jett Howard,howarje01,21.0,ORL,SF,60,0.0,701.0,98,262,0.374,55.0,186.0,0.296,43.0,76.0,0.566,0.479,16,23,0.696,20.0,50.0,70.0,44,13.0,11.0,36.0,68.0,267,0.0
2025,Kevin Huerter,huertke01,26.0,SAC,SG,43,15.0,899.0,128,310,0.413,62.0,205.0,0.302,66.0,105.0,0.629,0.513,20,28,0.714,19.0,101.0,120.0,74,36.0,16.0,37.0,70.0,338,0.0
2025,Kevin Huerter,huertke01,26.0,CHI,SG,26,16.0,780.0,129,294,0.439,70.0,186.0,0.376,59.0,108.0,0.546,0.558,15,21,0.714,11.0,74.0,85.0,82,30.0,7.0,30.0,51.0,343,0.0
2025,Jay Huff,huffja01,26.0,MEM,C,64,2.0,748.0,157,305,0.515,81.0,200.0,0.405,76.0,105.0,0.724,0.648,44,56,0.786,30.0,99.0,129.0,38,16.0,56.0,34.0,78.0,439,0.0
2025,Ariel Hukporti,hukpoar01,22.0,NYK,C,25,1.0,217.0,21,31,0.677,0.0,0.0,,21.0,31.0,0.677,0.677,6,13,0.462,14.0,37.0,51.0,11,1.0,15.0,21.0,32.0,48,0.0
2025,De'Andre Hunter,huntede01,27.0,ATL,SF,37,4.0,1064.0,227,492,0.461,97.0,247.0,0.393,130.0,245.0,0.531,0.56,151,176,0.858,27.0,118.0,145.0,57,31.0,5.0,59.0,88.0,702,0.0
2025,De'Andre Hunter,huntede01,27.0,CLE,SF,27,5.0,676.0,131,270,0.485,60.0,141.0,0.426,71.0,129.0,0.55,0.596,64,78,0.821,17.0,96.0,113.0,35,19.0,8.0,23.0,67.0,386,0.0
2025,Bones Hyland,hylanbo01,24.0,LAC,PG,20,0.0,222.0,45,115,0.391,31.0,80.0,0.388,14.0,35.0,0.4,0.526,23,26,0.885,5.0,19.0,24.0,28,18.0,4.0,24.0,26.0,144,0.0
2025,Bones Hyland,hylanbo01,24.0,MIN,PG,4,0.0,17.0,2,3,0.667,1.0,2.0,0.5,1.0,1.0,1.0,0.833,0,0,,0.0,1.0,1.0,4,0.0,0.0,1.0,3.0,5,0.0
2025,Oso Ighodaro,ighodos01,22.0,PHO,PF,61,6.0,1045.0,113,187,0.604,0.0,2.0,0.0,113.0,185.0,0.611,0.604,29,50,0.58,66.0,156.0,222.0,71,28.0,29.0,39.0,102.0,255,0.0
2025,Joe Ingles,inglejo01,37.0,MIN,SF,19,1.0,114.0,6,23,0.261,3.0,15.0,0.2,3.0,8.0,0.375,0.326,0,0,,2.0,9.0,11.0,23,2.0,0.0,9.0,12.0,15,0.0
2025,Brandon Ingram,ingrabr01,27.0,NOP,SF,18,18.0,595.0,155,333,0.465,43.0,115.0,0.374,112.0,218.0,0.514,0.53,47,55,0.855,17.0,83.0,100.0,93,16.0,11.0,69.0,45.0,400,0.0
2025,Harrison Ingram,ingraha01,22.0,SAS,SF,5,0.0,35.0,2,4,0.5,0.0,1.0,0.0,2.0,3.0,0.667,0.5,0,0,,2.0,7.0,9.0,3,3.0,0.0,1.0,2.0,4,0.0
2025,Kyrie Irving,irvinky01,32.0,DAL,SG,50,50.0,1804.0,447,945,0.473,144.0,359.0,0.401,303.0,586.0,0.517,0.549,196,214,0.916,60.0,180.0,240.0,231,66.0,23.0,111.0,101.0,1234,0.0
2025,Jonathan Isaac,isaacjo01,27.0,ORL,PF,71,1.0,1090.0,134,324,0.414,39.0,151.0,0.258,95.0,173.0,0.549,0.474,73,107,0.682,120.0,194.0,314.0,40,61.0,80.0,33.0,90.0,380,0.0
2025,Jaden Ivey,iveyja01,22.0,DET,SG,30,30.0,898.0,190,413,0.46,63.0,154.0,0.409,127.0,259.0,0.49,0.536,85,116,0.733,40.0,84.0,124.0,119,28.0,11.0,89.0,67.0,528,0.0
2025,Andre Jackson Jr.,jacksan01,23.0,MIL,SG,67,43.0,980.0,94,197,0.477,30.0,76.0,0.395,64.0,121.0,0.529,0.553,12,24,0.5,65.0,117.0,182.0,83,34.0,14.0,58.0,114.0,230,0.0
2025,GG Jackson II,jacksgg01,20.0,MEM,PF,29,3.0,459.0,74,199,0.372,32.0,95.0,0.337,42.0,104.0,0.404,0.452,29,40,0.725,27.0,65.0,92.0,29,12.0,5.0,31.0,30.0,209,0.0
2025,Isaiah Jackson,jacksis01,23.0,IND,C,5,1.0,84.0,14,23,0.609,0.0,0.0,,14.0,23.0,0.609,0.609,7,14,0.5,11.0,17.0,28.0,5,3.0,8.0,5.0,14.0,35,0.0
2025,Jaren Jackson Jr.,jacksja02,25.0,MEM,C,74,74.0,2207.0,592,1213,0.488,146.0,389.0,0.375,446.0,824.0,0.541,0.548,311,398,0.781,91.0,326.0,417.0,148,92.0,113.0,153.0,257.0,1641,0.0
2025,Quenton Jackson,jacksqu01,26.0,IND,PG,28,7.0,381.0,58,122,0.475,15.0,40.0,0.375,43.0,82.0,0.524,0.537,31,40,0.775,14.0,30.0,44.0,53,21.0,5.0,16.0,43.0,162,0.0
2025,Reggie Jackson,jacksre01,34.0,PHI,PG,31,1.0,384.0,52,133,0.391,25.0,74.0,0.338,27.0,59.0,0.458,0.485,7,9,0.778,8.0,34.0,42.0,45,16.0,3.0,17.0,34.0,136,0.0
2025,Trayce Jackson-Davis,jackstr02,24.0,GSW,C,62,37.0,967.0,174,302,0.576,0.0,3.0,0.0,174.0,299.0,0.582,0.576,59,102,0.578,122.0,189.0,311.0,104,23.0,38.0,45.0,73.0,407,0.0
2025,Bronny James,jamesbr02,20.0,LAL,SG,27,1.0,181.0,21,67,0.313,9.0,32.0,0.281,12.0,35.0,0.343,0.381,11,14,0.786,4.0,14.0,18.0,22,9.0,3.0,13.0,13.0,62,0.0
2025,LeBron James,jamesle01,40.0,LAL,SF,70,70.0,2444.0,651,1270,0.513,149.0,396.0,0.376,502.0,874.0,0.574,0.571,259,331,0.782,72.0,474.0,546.0,575,70.0,39.0,260.0,99.0,1710,10.0
2025,Jaime Jaquez Jr.,jaqueja01,23.0,MIA,SF,66,17.0,1368.0,213,462,0.461,37.0,119.0,0.311,176.0,343.0,0.513,0.501,107,142,0.754,84.0,206.0,290.0,166,61.0,14.0,98.0,81.0,570,1.0
2025,DaQuan Jeffries,jeffrda01,27.0,CHO,SG,47,20.0,1071.0,118,291,0.405,55.0,164.0,0.335,63.0,127.0,0.496,0.5,24,30,0.8,37.0,98.0,135.0,53,26.0,25.0,35.0,99.0,315,0.0
2025,Trey Jemison,jemistr01,25.0,NOP,C,16,0.0,166.0,15,32,0.469,0.0,0.0,,15.0,32.0,0.469,0.469,8,21,0.381,22.0,22.0,44.0,10,7.0,6.0,10.0,27.0,38,0.0
2025,Trey Jemison,jemistr01,25.0,LAL,C,22,0.0,226.0,26,42,0.619,0.0,0.0,,26.0,42.0,0.619,0.619,5,12,0.417,22.0,39.0,61.0,6,2.0,9.0,14.0,42.0,57,0.0
2025,Daniss Jenkins,jenkida01,23.0,DET,PG,7,0.0,23.0,3,10,0.3,1.0,7.0,0.143,2.0,3.0,0.667,0.35,0,2,0.0,0.0,2.0,2.0,3,0.0,0.0,1.0,2.0,7,0.0
2025,Ty Jerome,jeromty01,27.0,CLE,SG,70,3.0,1392.0,319,618,0.516,111.0,253.0,0.439,208.0,365.0,0.57,0.606,129,148,0.872,50.0,123.0,173.0,237,78.0,3.0,92.0,102.0,878,0.0
2025,Isaiah Joe,joeis01,25.0,OKC,SG,74,16.0,1604.0,259,588,0.44,192.0,466.0,0.412,67.0,122.0,0.549,0.604,46,56,0.821,41.0,155.0,196.0,119,48.0,9.0,38.0,113.0,756,0.0
2025,AJ Johnson,johnsaj01,20.0,MIL,SG,7,0.0,44.0,8,19,0.421,3.0,5.0,0.6,5.0,14.0,0.357,0.5,1,2,0.5,0.0,7.0,7.0,7,1.0,0.0,4.0,0.0,20,0.0
2025,AJ Johnson,johnsaj01,20.0,WAS,SG,22,11.0,595.0,74,194,0.381,21.0,85.0,0.247,53.0,109.0,0.486,0.436,31,35,0.886,8.0,44.0,52.0,69,11.0,3.0,31.0,50.0,200,0.0
2025,Cameron Johnson,johnsca02,28.0,BRK,PF,57,57.0,1800.0,355,747,0.475,159.0,408.0,0.39,196.0,339.0,0.578,0.582,201,225,0.893,54.0,193.0,247.0,194,53.0,25.0,99.0,104.0,1070,0.0
2025,James Johnson,johnsja01,37.0,IND,PF,12,0.0,37.0,4,11,0.364,0.0,3.0,0.0,4.0,8.0,0.5,0.364,0,1,0.0,0.0,6.0,6.0,4,0.0,2.0,4.0,5.0,8,0.0
2025,Jalen Johnson,johnsja05,23.0,ATL,SF,36,36.0,1284.0,271,542,0.5,44.0,141.0,0.312,227.0,401.0,0.566,0.541,94,126,0.746,62.0,297.0,359.0,181,56.0,36.0,106.0,67.0,680,1.0
2025,Keldon Johnson,johnske04,25.0,SAS,SF,77,0.0,1838.0,371,770,0.482,87.0,274.0,0.318,284.0,496.0,0.573,0.538,150,194,0.773,112.0,259.0,371.0,125,49.0,22.0,77.0,115.0,979,0.0
2025,Keon Johnson,johnske07,22.0,BRK,SG,79,56.0,1925.0,303,779,0.389,126.0,401.0,0.314,177.0,378.0,0.468,0.47,107,139,0.77,63.0,234.0,297.0,175,82.0,30.0,116.0,209.0,839,0.0
2025,Keshad Johnson,johnske10,23.0,MIA,SF,16,0.0,98.0,18,26,0.692,3.0,7.0,0.429,15.0,19.0,0.789,0.75,4,9,0.444,6.0,22.0,28.0,4,5.0,4.0,4.0,11.0,43,0.0
2025,Nikola Jokić,jokicni01,29.0,DEN,C,70,70.0,2571.0,786,1364,0.576,138.0,331.0,0.417,648.0,1033.0,0.627,0.627,361,451,0.8,200.0,692.0,892.0,716,127.0,45.0,230.0,160.0,2071,34.0
2025,Colby Jones,jonesco02,22.0,SAC,SG,24,0.0,130.0,11,26,0.423,4.0,10.0,0.4,7.0,16.0,0.438,0.5,0,0,,8.0,15.0,23.0,7,6.0,7.0,7.0,13.0,26,0.0
2025,Colby Jones,jonesco02,22.0,WAS,SG,15,0.0,385.0,48,103,0.466,12.0,39.0,0.308,36.0,64.0,0.563,0.524,23,35,0.657,13.0,51.0,64.0,37,20.0,6.0,16.0,24.0,131,0.0
2025,Derrick Jones Jr.,jonesde02,27.0,LAC,SF,77,55.0,1873.0,310,589,0.526,78.0,219.0,0.356,232.0,370.0,0.627,0.593,83,118,0.703,93.0,170.0,263.0,60,79.0,33.0,66.0,153.0,781,0.0
2025,Dillon Jones,jonesdi01,23.0,OKC,SF,54,3.0,551.0,51,133,0.383,16.0,63.0,0.254,35.0,70.0,0.5,0.444,17,28,0.607,30.0,91.0,121.0,58,16.0,4.0,28.0,54.0,135,0.0
2025,Herbert Jones,joneshe01,26.0,NOP,SF,20,20.0,648.0,75,172,0.436,22.0,72.0,0.306,53.0,100.0,0.53,0.5,33,40,0.825,22.0,56.0,78.0,65,37.0,9.0,35.0,66.0,205,0.0
2025,Isaac Jones,jonesis01,24.0,SAC,PF,40,0.0,304.0,54,83,0.651,3.0,8.0,0.375,51.0,75.0,0.68,0.669,23,36,0.639,22.0,35.0,57.0,12,5.0,10.0,16.0,30.0,134,0.0
2025,Kai Jones,joneska01,24.0,LAC,C,28,0.0,208.0,26,36,0.722,0.0,2.0,0.0,26.0,34.0,0.765,0.722,9,12,0.75,15.0,31.0,46.0,10,6.0,13.0,10.0,23.0,61,0.0
2025,Kai Jones,joneska01,24.0,DAL,C,12,6.0,260.0,61,73,0.836,1.0,3.0,0.333,60.0,70.0,0.857,0.842,14,20,0.7,25.0,54.0,79.0,15,9.0,10.0,8.0,27.0,137,0.0
2025,Mason Jones,jonesma05,26.0,SAC,SG,10,0.0,45.0,9,18,0.5,1.0,8.0,0.125,8.0,10.0,0.8,0.528,4,5,0.8,2.0,7.0,9.0,11,0.0,1.0,1.0,3.0,23,0.0
2025,Spencer Jones,jonessp01,23.0,DEN,SF,20,0.0,125.0,11,34,0.324,1.0,17.0,0.059,10.0,17.0,0.588,0.338,3,3,1.0,8.0,9.0,17.0,5,5.0,5.0,5.0,17.0,26,0.0
2025,Tre Jones,jonestr01,25.0,SAS,PG,28,0.0,450.0,45,93,0.484,8.0,26.0,0.308,37.0,67.0,0.552,0.527,25,33,0.758,15.0,43.0,58.0,104,18.0,5.0,21.0,33.0,123,0.0
2025,Tre Jones,jonestr01,25.0,CHI,PG,18,9.0,455.0,83,145,0.572,11.0,22.0,0.5,72.0,123.0,0.585,0.61,30,34,0.882,16.0,42.0,58.0,88,19.0,5.0,14.0,22.0,207,0.0
2025,Tyus Jones,jonesty01,28.0,PHO,PG,81,58.0,2174.0,306,683,0.448,166.0,401.0,0.414,140.0,282.0,0.496,0.57,51,57,0.895,40.0,156.0,196.0,429,69.0,8.0,91.0,63.0,829,0.0
2025,DeAndre Jordan,jordade01,36.0,DEN,C,56,5.0,691.0,91,140,0.65,0.0,0.0,,91.0,140.0,0.65,0.65,27,64,0.422,84.0,200.0,284.0,53,16.0,27.0,40.0,74.0,209,0.0
2025,Cory Joseph,josepco01,33.0,ORL,PG,50,16.0,612.0,62,154,0.403,39.0,107.0,0.364,23.0,47.0,0.489,0.529,14,18,0.778,17.0,57.0,74.0,72,26.0,4.0,18.0,50.0,177,0.0
2025,Nikola Jović,jovicni01,21.0,MIA,PF,46,10.0,1156.0,172,377,0.456,78.0,210.0,0.371,94.0,167.0,0.563,0.56,72,87,0.828,26.0,154.0,180.0,131,38.0,13.0,60.0,82.0,494,0.0
2025,Johnny Juzang,juzanjo01,23.0,UTA,SG,64,18.0,1270.0,204,475,0.429,118.0,314.0,0.376,86.0,161.0,0.534,0.554,45,53,0.849,42.0,142.0,184.0,68,39.0,8.0,36.0,126.0,571,0.0
2025,Yuki Kawamura,kawamyu01,23.0,MEM,PG,22,0.0,93.0,11,30,0.367,7.0,23.0,0.304,4.0,7.0,0.571,0.483,7,9,0.778,0.0,12.0,12.0,19,2.0,0.0,5.0,8.0,36,0.0
2025,Kylor Kelley,kelleky01,27.0,DAL,C,8,1.0,67.0,10,13,0.769,0.0,0.0,,10.0,13.0,0.769,0.769,4,6,0.667,8.0,13.0,21.0,2,0.0,2.0,1.0,8.0,24,0.0
2025,Kylor Kelley,kelleky01,27.0,NOP,C,3,1.0,59.0,4,9,0.444,0.0,0.0,,4.0,9.0,0.444,0.444,2,4,0.5,4.0,14.0,18.0,3,1.0,1.0,3.0,7.0,10,0.0
2025,Luke Kennard,kennalu01,28.0,MEM,SG,65,11.0,1472.0,206,431,0.478,113.0,261.0,0.433,93.0,170.0,0.547,0.609,51,57,0.895,37.0,146.0,183.0,215,50.0,5.0,72.0,59.0,576,0.0
2025,Walker Kessler,kesslwa01,23.0,UTA,C,58,58.0,1740.0,278,419,0.663,6.0,34.0,0.176,272.0,385.0,0.706,0.671,79,152,0.52,266.0,441.0,707.0,97,36.0,138.0,86.0,130.0,641,0.0
2025,Braxton Key,keybr01,27.0,GSW,SF,3,0.0,11.0,0,4,0.0,0.0,1.0,0.0,0.0,3.0,0.0,0.0,3,6,0.5,1.0,1.0,2.0,0,2.0,0.0,1.0,0.0,3,0.0
2025,Corey Kispert,kispeco01,25.0,WAS,SF,61,0.0,1602.0,255,565,0.451,120.0,330.0,0.364,135.0,235.0,0.574,0.558,75,88,0.852,36.0,145.0,181.0,103,26.0,14.0,64.0,98.0,705,0.0
2025,Maxi Kleber,klebima01,33.0,DAL,PF,34,4.0,637.0,37,96,0.385,13.0,49.0,0.265,24.0,47.0,0.511,0.453,16,21,0.762,25.0,70.0,95.0,43,9.0,17.0,23.0,66.0,103,0.0
2025,Bobi Klintman,klintbo01,21.0,DET,SF,8,0.0,42.0,6,10,0.6,2.0,5.0,0.4,4.0,5.0,0.8,0.7,1,2,0.5,1.0,6.0,7.0,7,2.0,1.0,1.0,8.0,15,0.0
2025,Dalton Knecht,knechda01,23.0,LAL,SF,78,16.0,1494.0,257,557,0.461,128.0,340.0,0.376,129.0,217.0,0.594,0.576,64,84,0.762,37.0,179.0,216.0,66,24.0,8.0,37.0,93.0,706,0.0
2025,Kevin Knox,knoxke01,25.0,GSW,SF,14,0.0,84.0,18,36,0.5,4.0,15.0,0.267,14.0,21.0,0.667,0.556,6,8,0.75,7.0,10.0,17.0,5,2.0,4.0,4.0,6.0,46,0.0
2025,Tyler Kolek,kolekty01,23.0,NYK,PG,41,0.0,296.0,27,82,0.329,14.0,47.0,0.298,13.0,35.0,0.371,0.415,13,17,0.765,8.0,19.0,27.0,70,12.0,4.0,18.0,26.0,81,0.0
2025,Christian Koloko,kolokch01,24.0,LAL,C,37,0.0,342.0,40,66,0.606,0.0,4.0,0.0,40.0,62.0,0.645,0.606,10,14,0.714,35.0,57.0,92.0,16,8.0,16.0,12.0,44.0,90,0.0
2025,John Konchar,konchjo01,28.0,MEM,SG,46,4.0,558.0,41,91,0.451,23.0,62.0,0.371,18.0,29.0,0.621,0.577,7,8,0.875,37.0,114.0,151.0,42,30.0,14.0,16.0,32.0,112,0.0
2025,Luke Kornet,kornelu01,29.0,BOS,C,73,16.0,1361.0,187,280,0.668,0.0,3.0,0.0,187.0,277.0,0.675,0.668,67,97,0.691,190.0,198.0,388.0,117,36.0,71.0,31.0,119.0,441,0.0
2025,Vit Krejci,krejcvi01,24.0,ATL,PG,57,16.0,1153.0,145,292,0.497,90.0,206.0,0.437,55.0,86.0,0.64,0.651,32,45,0.711,22.0,134.0,156.0,147,36.0,26.0,50.0,105.0,412,0.0
2025,Jonathan Kuminga,kuminjo01,22.0,GSW,PF,47,10.0,1144.0,258,568,0.454,46.0,151.0,0.305,212.0,417.0,0.508,0.495,157,235,0.668,56.0,161.0,217.0,104,38.0,21.0,71.0,90.0,719,0.0
2025,Kyle Kuzma,kuzmaky01,29.0,WAS,PF,32,30.0,887.0,191,455,0.42,45.0,160.0,0.281,146.0,295.0,0.495,0.469,59,98,0.602,27.0,158.0,185.0,79,20.0,7.0,73.0,52.0,486,0.0
2025,Kyle Kuzma,kuzmaky01,29.0,MIL,PF,33,32.0,1049.0,179,393,0.455,51.0,153.0,0.333,128.0,240.0,0.533,0.52,69,104,0.663,27.0,158.0,185.0,73,16.0,12.0,73.0,67.0,478,0.0
2025,Skal Labissière,labissk01,28.0,SAC,PF,4,0.0,12.0,2,4,0.5,1.0,1.0,1.0,1.0,3.0,0.333,0.625,0,0,,1.0,2.0,3.0,1,0.0,0.0,0.0,1.0,5,0.0
2025,Jock Landale,landajo01,29.0,HOU,C,42,3.0,500.0,81,152,0.533,11.0,26.0,0.423,70.0,126.0,0.556,0.569,27,40,0.675,56.0,81.0,137.0,37,13.0,10.0,21.0,49.0,200,0.0
2025,Jake LaRavia,laravja01,23.0,MEM,PF,47,0.0,982.0,118,241,0.49,40.0,90.0,0.444,78.0,151.0,0.517,0.573,67,96,0.698,67.0,138.0,205.0,133,44.0,20.0,69.0,92.0,343,0.0
2025,Jake LaRavia,laravja01,23.0,SAC,PF,19,0.0,367.0,42,96,0.438,20.0,52.0,0.385,22.0,44.0,0.5,0.542,11,19,0.579,23.0,31.0,54.0,25,18.0,3.0,17.0,40.0,115,0.0
2025,Pelle Larsson,larsspe01,23.0,MIA,SG,55,8.0,782.0,89,203,0.438,32.0,95.0,0.337,57.0,108.0,0.528,0.517,41,61,0.672,28.0,64.0,92.0,65,32.0,7.0,24.0,91.0,251,0.0
2025,Zach LaVine,lavinza01,29.0,CHI,SF,42,42.0,1432.0,363,710,0.511,136.0,305.0,0.446,227.0,405.0,0.56,0.607,145,182,0.797,12.0,190.0,202.0,189,39.0,10.0,121.0,64.0,1007,0.0
2025,Zach LaVine,lavinza01,29.0,SAC,SG,32,32.0,1170.0,262,513,0.511,103.0,231.0,0.446,159.0,282.0,0.564,0.611,90,103,0.874,10.0,103.0,113.0,121,19.0,2.0,87.0,57.0,717,0.0
2025,A.J. Lawson,lawsoaj01,24.0,TOR,SG,26,2.0,486.0,80,190,0.421,33.0,101.0,0.327,47.0,89.0,0.528,0.508,43,63,0.683,20.0,66.0,86.0,31,13.0,6.0,15.0,44.0,236,0.0
2025,Damion Lee,leeda03,32.0,PHO,SG,25,0.0,144.0,27,74,0.365,9.0,37.0,0.243,18.0,37.0,0.486,0.426,20,21,0.952,3.0,17.0,20.0,11,6.0,0.0,10.0,6.0,83,0.0
2025,Alex Len,lenal01,31.0,SAC,C,36,3.0,258.0,22,41,0.537,1.0,6.0,0.167,21.0,35.0,0.6,0.549,7,13,0.538,25.0,39.0,64.0,30,8.0,18.0,11.0,35.0,52,0.0
2025,Alex Len,lenal01,31.0,LAL,C,10,4.0,122.0,10,22,0.455,1.0,3.0,0.333,9.0,19.0,0.474,0.477,1,4,0.25,13.0,18.0,31.0,8,1.0,3.0,9.0,21.0,22,0.0
2025,Kawhi Leonard,leonaka01,33.0,LAC,SF,37,37.0,1180.0,310,623,0.498,78.0,190.0,0.411,232.0,433.0,0.536,0.56,98,121,0.81,35.0,184.0,219.0,116,59.0,17.0,72.0,56.0,796,0.0
2025,Malevy Leons,leonsma01,25.0,OKC,SF,6,0.0,21.0,0,2,0.0,0.0,1.0,0.0,0.0,1.0,0.0,0.0,2,4,0.5,1.0,2.0,3.0,1,0.0,0.0,1.0,4.0,2,0.0
2025,Caris LeVert,leverca01,30.0,CLE,SF,38,3.0,904.0,135,298,0.453,60.0,148.0,0.405,75.0,150.0,0.5,0.554,58,83,0.699,22.0,85.0,107.0,140,33.0,19.0,51.0,48.0,388,0.0
2025,Caris LeVert,leverca01,30.0,ATL,SG,26,0.0,692.0,145,301,0.482,46.0,136.0,0.338,99.0,165.0,0.6,0.558,52,72,0.722,19.0,77.0,96.0,75,24.0,14.0,25.0,51.0,388,0.0
2025,Maxwell Lewis,lewisma05,22.0,LAL,SF,7,0.0,29.0,2,6,0.333,0.0,0.0,,2.0,6.0,0.333,0.333,0,0,,2.0,0.0,2.0,2,1.0,0.0,2.0,1.0,4,0.0
2025,Maxwell Lewis,lewisma05,22.0,BRK,SF,21,1.0,298.0,43,102,0.422,19.0,50.0,0.38,24.0,52.0,0.462,0.515,7,10,0.7,16.0,37.0,53.0,17,8.0,7.0,12.0,28.0,112,0.0
2025,E.J. Liddell,liddeej01,24.0,CHI,PF,12,0.0,53.0,8,15,0.533,3.0,10.0,0.3,5.0,5.0,1.0,0.633,2,2,1.0,3.0,6.0,9.0,3,1.0,1.0,2.0,11.0,21,0.0
2025,Damian Lillard,lillada01,34.0,MIL,PG,58,58.0,2093.0,444,992,0.448,197.0,524.0,0.376,247.0,468.0,0.528,0.547,362,393,0.921,29.0,243.0,272.0,410,70.0,10.0,162.0,97.0,1447,2.0
2025,Dereck Lively II,livelde01,20.0,DAL,C,36,29.0,833.0,134,191,0.702,0.0,0.0,,134.0,191.0,0.702,0.702,46,73,0.63,104.0,166.0,270.0,85,20.0,56.0,41.0,100.0,314,0.0
2025,Chris Livingston,livinch01,21.0,MIL,SF,21,1.0,106.0,9,27,0.333,0.0,8.0,0.0,9.0,19.0,0.474,0.333,12,16,0.75,10.0,25.0,35.0,5,5.0,0.0,6.0,8.0,30,0.0
2025,Kevon Looney,looneke01,28.0,GSW,C,76,6.0,1142.0,143,278,0.514,2.0,5.0,0.4,141.0,273.0,0.516,0.518,56,99,0.566,185.0,277.0,462.0,118,46.0,37.0,39.0,154.0,344,0.0
2025,Brook Lopez,lopezbr01,36.0,MIL,C,80,80.0,2546.0,394,774,0.509,139.0,373.0,0.373,255.0,401.0,0.636,0.599,114,138,0.826,113.0,288.0,401.0,143,50.0,148.0,84.0,171.0,1041,0.0
2025,Kevin Love,loveke01,36.0,MIA,PF,23,9.0,251.0,41,115,0.357,24.0,67.0,0.358,17.0,48.0,0.354,0.461,16,23,0.696,22.0,72.0,94.0,22,15.0,4.0,14.0,21.0,122,0.0
2025,Kyle Lowry,lowryky01,38.0,PHI,PG,35,12.0,659.0,41,117,0.35,29.0,88.0,0.33,12.0,29.0,0.414,0.474,27,33,0.818,11.0,56.0,67.0,96,33.0,11.0,21.0,62.0,138,0.0
2025,Trey Lyles,lylestr01,29.0,SAC,PF,69,5.0,1349.0,157,374,0.42,81.0,238.0,0.34,76.0,136.0,0.559,0.528,56,80,0.7,80.0,236.0,316.0,82,41.0,23.0,39.0,86.0,451,0.0
2025,Sandro Mamukelashvili,mamuksa01,25.0,SAS,PF,61,0.0,681.0,141,281,0.502,60.0,161.0,0.373,81.0,120.0,0.675,0.609,43,58,0.741,62.0,125.0,187.0,48,22.0,17.0,26.0,60.0,385,0.0
2025,Terance Mann,mannte01,28.0,LAC,SG,37,12.0,732.0,87,195,0.446,26.0,75.0,0.347,61.0,120.0,0.508,0.513,23,32,0.719,32.0,75.0,107.0,59,28.0,11.0,25.0,68.0,223,0.0
2025,Terance Mann,mannte01,28.0,ATL,SG,30,1.0,682.0,118,218,0.541,34.0,88.0,0.386,84.0,130.0,0.646,0.619,24,36,0.667,36.0,56.0,92.0,62,19.0,4.0,22.0,60.0,294,0.0
2025,Tre Mann,manntr01,23.0,CHO,PG,13,0.0,319.0,70,161,0.435,24.0,60.0,0.4,46.0,101.0,0.455,0.509,19,21,0.905,12.0,26.0,38.0,39,7.0,4.0,25.0,24.0,183,0.0
2025,Lauri Markkanen,markkla01,27.0,UTA,PF,47,47.0,1476.0,296,700,0.423,138.0,399.0,0.346,158.0,301.0,0.525,0.521,162,185,0.876,72.0,206.0,278.0,70,33.0,17.0,66.0,79.0,892,0.0
2025,Naji Marshall,marshna01,27.0,DAL,SF,69,31.0,1919.0,362,712,0.508,60.0,218.0,0.275,302.0,494.0,0.611,0.551,130,160,0.813,76.0,252.0,328.0,208,70.0,11.0,112.0,109.0,914,0.0
2025,Caleb Martin,martica02,29.0,PHI,SF,31,24.0,943.0,101,232,0.435,33.0,87.0,0.379,68.0,145.0,0.469,0.506,46,74,0.622,43.0,93.0,136.0,69,34.0,20.0,43.0,63.0,281,0.0
2025,Caleb Martin,martica02,29.0,DAL,SF,14,0.0,275.0,28,72,0.389,4.0,16.0,0.25,24.0,56.0,0.429,0.417,15,24,0.625,10.0,31.0,41.0,26,12.0,3.0,13.0,24.0,75,0.0
2025,Cody Martin,martico01,29.0,CHO,SF,39,8.0,967.0,116,268,0.433,40.0,124.0,0.323,76.0,144.0,0.528,0.507,34,49,0.694,40.0,136.0,176.0,89,43.0,26.0,42.0,72.0,306,0.0
2025,Cody Martin,martico01,29.0,PHO,SF,14,0.0,206.0,20,57,0.351,3.0,27.0,0.111,17.0,30.0,0.567,0.377,9,12,0.75,13.0,35.0,48.0,16,13.0,6.0,9.0,23.0,52,0.0
2025,Jaylen Martin,martija02,21.0,BRK,SF,3,0.0,5.0,1,2,0.5,1.0,1.0,1.0,0.0,1.0,0.0,0.75,0,0,,0.0,0.0,0.0,0,0.0,0.0,0.0,1.0,3,0.0
2025,Jaylen Martin,martija02,21.0,WAS,SF,13,0.0,234.0,30,72,0.417,6.0,22.0,0.273,24.0,50.0,0.48,0.458,9,10,0.9,11.0,33.0,44.0,17,9.0,0.0,12.0,13.0,75,0.0
2025,KJ Martin,martike04,24.0,PHI,PF,24,7.0,480.0,61,99,0.616,8.0,21.0,0.381,53.0,78.0,0.679,0.657,24,29,0.828,21.0,51.0,72.0,19,11.0,16.0,12.0,62.0,154,0.0
2025,KJ Martin,martike04,24.0,UTA,SF,19,9.0,432.0,50,102,0.49,7.0,37.0,0.189,43.0,65.0,0.662,0.525,13,18,0.722,9.0,44.0,53.0,29,6.0,6.0,12.0,39.0,120,0.0
2025,Tyrese Martin,martity01,25.0,BRK,SG,60,11.0,1315.0,189,465,0.406,99.0,282.0,0.351,90.0,183.0,0.492,0.513,46,58,0.793,58.0,161.0,219.0,122,34.0,9.0,74.0,77.0,523,0.0
2025,Garrison Mathews,mathega01,28.0,ATL,SG,47,2.0,830.0,102,257,0.397,85.0,218.0,0.39,17.0,39.0,0.436,0.562,64,78,0.821,13.0,74.0,87.0,60,26.0,15.0,31.0,81.0,353,0.0
2025,Bennedict Mathurin,mathube01,22.0,IND,SF,72,49.0,2149.0,391,853,0.458,98.0,288.0,0.34,293.0,565.0,0.519,0.516,276,332,0.831,87.0,296.0,383.0,136,47.0,24.0,135.0,162.0,1156,0.0
2025,Karlo Matković,matkoka01,23.0,NOP,PF,42,7.0,791.0,135,235,0.574,21.0,66.0,0.318,114.0,169.0,0.675,0.619,34,44,0.773,64.0,145.0,209.0,46,22.0,41.0,43.0,106.0,325,0.0
2025,Tyrese Maxey,maxeyty01,24.0,PHI,PG,52,52.0,1960.0,477,1091,0.437,161.0,478.0,0.337,316.0,613.0,0.515,0.511,254,289,0.879,15.0,159.0,174.0,317,91.0,21.0,124.0,116.0,1369,1.0
2025,Miles McBride,mcbrimi01,24.0,NYK,PG,64,10.0,1593.0,222,547,0.406,115.0,312.0,0.369,107.0,235.0,0.455,0.511,52,64,0.813,47.0,114.0,161.0,187,67.0,17.0,41.0,108.0,611,0.0
2025,Jared McCain,mccaija01,20.0,PHI,SG,23,8.0,592.0,126,274,0.46,51.0,133.0,0.383,75.0,141.0,0.532,0.553,49,56,0.875,13.0,43.0,56.0,60,15.0,0.0,37.0,37.0,352,0.0
2025,Mac McClung,mccluma01,26.0,ORL,SG,2,0.0,10.0,0,2,0.0,0.0,1.0,0.0,0.0,1.0,0.0,0.0,0,0,,0.0,1.0,1.0,3,0.0,0.0,0.0,2.0,0,0.0
2025,CJ McCollum,mccolcj01,33.0,NOP,PG,56,56.0,1832.0,444,1000,0.444,171.0,459.0,0.373,273.0,541.0,0.505,0.53,124,173,0.717,42.0,170.0,212.0,227,46.0,24.0,106.0,124.0,1183,0.0
2025,T.J. McConnell,mccontj01,32.0,IND,PG,79,1.0,1415.0,324,624,0.519,15.0,49.0,0.306,309.0,575.0,0.537,0.531,57,77,0.74,44.0,149.0,193.0,351,83.0,21.0,109.0,79.0,720,0.0
2025,Kevin McCullar Jr.,mcculke01,23.0,NYK,SF,4,0.0,29.0,2,7,0.286,0.0,1.0,0.0,2.0,6.0,0.333,0.286,2,2,1.0,0.0,8.0,8.0,2,1.0,1.0,0.0,6.0,6,0.0
2025,Jalen McDaniels,mcdanja01,27.0,WAS,SF,4,0.0,7.0,0,0,,0.0,0.0,,0.0,0.0,,,0,0,,0.0,0.0,0.0,1,1.0,0.0,0.0,0.0,0,0.0
2025,Jaden McDaniels,mcdanja02,24.0,MIN,PF,82,82.0,2614.0,398,834,0.477,100.0,303.0,0.33,298.0,531.0,0.561,0.537,104,128,0.813,129.0,341.0,470.0,163,110.0,74.0,95.0,225.0,1000,0.0
2025,Doug McDermott,mcderdo01,33.0,SAC,SF,42,3.0,342.0,50,117,0.427,44.0,101.0,0.436,6.0,16.0,0.375,0.615,3,5,0.6,3.0,19.0,22.0,7,4.0,2.0,6.0,30.0,147,0.0
2025,Bryce McGowens,mcgowbr01,22.0,POR,SG,13,0.0,32.0,4,14,0.286,0.0,4.0,0.0,4.0,10.0,0.4,0.286,5,6,0.833,2.0,1.0,3.0,2,1.0,0.0,4.0,3.0,13,0.0
2025,Jordan McLaughlin,mclaujo01,28.0,SAC,PG,28,0.0,190.0,16,44,0.364,10.0,26.0,0.385,6.0,18.0,0.333,0.477,11,16,0.688,4.0,17.0,21.0,24,11.0,0.0,11.0,13.0,53,0.0
2025,Jordan McLaughlin,mclaujo01,28.0,SAS,PG,18,0.0,124.0,15,28,0.536,9.0,20.0,0.45,6.0,8.0,0.75,0.696,6,6,1.0,2.0,7.0,9.0,27,5.0,1.0,5.0,5.0,45,0.0
2025,Jack McVeigh,mcveija01,28.0,HOU,PF,9,0.0,43.0,5,17,0.294,4.0,13.0,0.308,1.0,4.0,0.25,0.412,0,0,,2.0,3.0,5.0,1,0.0,2.0,2.0,3.0,14,0.0
2025,De'Anthony Melton,meltode01,26.0,GSW,SG,6,2.0,121.0,22,54,0.407,13.0,35.0,0.371,9.0,19.0,0.474,0.528,5,8,0.625,6.0,14.0,20.0,17,7.0,2.0,10.0,18.0,62,0.0
2025,Sam Merrill,merrisa01,28.0,CLE,SG,71,4.0,1401.0,172,424,0.406,137.0,368.0,0.372,35.0,56.0,0.625,0.567,28,29,0.966,38.0,119.0,157.0,108,53.0,14.0,35.0,124.0,509,0.0
2025,Vasilije Micić,micicva01,31.0,CHO,PG,36,16.0,764.0,95,273,0.348,45.0,125.0,0.36,50.0,148.0,0.338,0.43,34,41,0.829,20.0,67.0,87.0,127,15.0,0.0,74.0,44.0,269,0.0
2025,Vasilije Micić,micicva01,31.0,PHO,PG,5,0.0,21.0,0,0,,0.0,0.0,,0.0,0.0,,,0,0,,0.0,2.0,2.0,1,0.0,0.0,3.0,1.0,0,0.0
2025,Khris Middleton,middlkh01,33.0,MIL,SF,23,7.0,534.0,108,211,0.512,35.0,86.0,0.407,73.0,125.0,0.584,0.595,39,46,0.848,5.0,80.0,85.0,102,17.0,5.0,37.0,52.0,290,0.0
2025,Khris Middleton,middlkh01,33.0,WAS,SF,14,14.0,309.0,52,126,0.413,13.0,47.0,0.277,39.0,79.0,0.494,0.464,33,38,0.868,8.0,44.0,52.0,48,18.0,3.0,19.0,23.0,150,0.0
2025,Brandon Miller,millebr02,22.0,CHO,SF,27,27.0,924.0,198,491,0.403,104.0,293.0,0.355,94.0,198.0,0.475,0.509,68,79,0.861,25.0,106.0,131.0,98,29.0,20.0,76.0,74.0,568,0.0
2025,Emanuel Miller,milleem01,24.0,CHI,PF,6,0.0,25.0,4,8,0.5,0.0,1.0,0.0,4.0,7.0,0.571,0.5,2,2,1.0,4.0,4.0,8.0,2,1.0,0.0,0.0,3.0,10,0.0
2025,Jordan Miller,millejo02,25.0,LAC,SF,37,0.0,420.0,58,134,0.433,8.0,38.0,0.211,50.0,96.0,0.521,0.463,28,35,0.8,23.0,35.0,58.0,34,17.0,5.0,26.0,26.0,152,0.0
2025,Leonard Miller,millele01,21.0,MIN,SF,13,0.0,32.0,6,15,0.4,0.0,5.0,0.0,6.0,10.0,0.6,0.4,8,8,1.0,3.0,8.0,11.0,0,2.0,1.0,2.0,2.0,20,0.0
2025,Patty Mills,millspa02,36.0,UTA,PG,17,0.0,260.0,26,76,0.342,17.0,57.0,0.298,9.0,19.0,0.474,0.454,5,5,1.0,3.0,18.0,21.0,21,12.0,3.0,16.0,12.0,74,0.0
2025,Patty Mills,millspa02,36.0,LAC,PG,12,0.0,61.0,10,20,0.5,9.0,18.0,0.5,1.0,2.0,0.5,0.725,8,9,0.889,1.0,0.0,1.0,5,1.0,0.0,1.0,12.0,37,0.0
2025,Shake Milton,miltosh01,28.0,BRK,SG,27,1.0,492.0,73,157,0.465,28.0,72.0,0.389,45.0,85.0,0.529,0.554,25,33,0.758,16.0,35.0,51.0,64,15.0,1.0,20.0,43.0,199,0.0
2025,Shake Milton,miltosh01,28.0,LAL,SG,30,1.0,345.0,42,97,0.433,10.0,34.0,0.294,32.0,63.0,0.508,0.485,22,26,0.846,15.0,38.0,53.0,38,10.0,3.0,20.0,24.0,116,0.0
2025,Justin Minaya,minayju01,25.0,POR,SF,19,0.0,101.0,8,21,0.381,2.0,10.0,0.2,6.0,11.0,0.545,0.429,0,2,0.0,5.0,5.0,10.0,7,6.0,1.0,5.0,12.0,18,0.0
2025,Riley Minix,minixri01,24.0,SAS,SF,1,0.0,7.0,0,1,0.0,0.0,1.0,0.0,0.0,0.0,,0.0,0,0,,0.0,2.0,2.0,0,0.0,0.0,0.0,0.0,0,0.0
2025,Josh Minott,minotjo01,22.0,MIN,SF,46,0.0,276.0,44,90,0.489,14.0,43.0,0.326,30.0,47.0,0.638,0.567,17,19,0.895,12.0,35.0,47.0,18,15.0,12.0,11.0,34.0,119,0.0
2025,Yves Missi,missiyv01,20.0,NOP,C,73,67.0,1956.0,269,492,0.547,0.0,1.0,0.0,269.0,491.0,0.548,0.547,127,204,0.623,255.0,346.0,601.0,99,37.0,98.0,82.0,145.0,665,0.0
2025,Ajay Mitchell,mitchaj01,22.0,OKC,SG,36,1.0,597.0,91,184,0.495,23.0,60.0,0.383,68.0,124.0,0.548,0.557,29,35,0.829,18.0,50.0,68.0,64,25.0,4.0,29.0,68.0,234,0.0
2025,Davion Mitchell,mitchda01,26.0,TOR,PG,44,22.0,1080.0,106,244,0.434,42.0,117.0,0.359,64.0,127.0,0.504,0.52,25,37,0.676,16.0,69.0,85.0,203,31.0,8.0,78.0,116.0,279,0.0
2025,Davion Mitchell,mitchda01,26.0,MIA,PG,30,15.0,947.0,117,232,0.504,42.0,94.0,0.447,75.0,138.0,0.543,0.595,33,47,0.702,19.0,63.0,82.0,160,41.0,8.0,50.0,69.0,309,0.0
2025,Donovan Mitchell,mitchdo01,28.0,CLE,SG,71,71.0,2232.0,585,1320,0.443,233.0,633.0,0.368,352.0,687.0,0.512,0.531,298,362,0.823,57.0,265.0,322.0,354,95.0,17.0,149.0,140.0,1701,0.0
2025,Evan Mobley,mobleev01,23.0,CLE,PF,71,71.0,2167.0,505,906,0.557,85.0,230.0,0.37,420.0,676.0,0.621,0.604,221,305,0.725,164.0,495.0,659.0,226,61.0,113.0,145.0,141.0,1316,0.0
2025,Isaiah Mobley,mobleis01,25.0,PHI,PF,1,0.0,17.0,2,7,0.286,1.0,3.0,0.333,1.0,4.0,0.25,0.357,1,2,0.5,1.0,3.0,4.0,5,1.0,1.0,0.0,3.0,6,0.0
2025,Jonathan Mogbo,mogbojo01,23.0,TOR,PF,63,18.0,1286.0,156,356,0.438,17.0,70.0,0.243,139.0,286.0,0.486,0.462,60,82,0.732,109.0,202.0,311.0,146,55.0,34.0,70.0,136.0,389,1.0
2025,Malik Monk,monkma01,26.0,SAC,SG,65,45.0,2054.0,412,939,0.439,139.0,428.0,0.325,273.0,511.0,0.534,0.513,154,178,0.865,30.0,215.0,245.0,362,61.0,38.0,159.0,158.0,1117,0.0
2025,Moses Moody,moodymo01,22.0,GSW,SG,74,34.0,1649.0,246,568,0.433,126.0,337.0,0.374,120.0,231.0,0.519,0.544,106,133,0.797,52.0,137.0,189.0,96,59.0,31.0,54.0,116.0,724,0.0
2025,Taze Moore,mooreta02,26.0,POR,SG,2,0.0,20.0,2,10,0.2,1.0,4.0,0.25,1.0,6.0,0.167,0.25,1,2,0.5,4.0,4.0,8.0,1,2.0,0.0,2.0,0.0,6,0.0
2025,Wendell Moore Jr.,moorewe01,23.0,DET,SG,20,1.0,219.0,23,50,0.46,4.0,14.0,0.286,19.0,36.0,0.528,0.5,13,14,0.929,11.0,33.0,44.0,23,10.0,3.0,9.0,15.0,63,0.0
2025,Wendell Moore Jr.,moorewe01,23.0,CHO,SG,16,0.0,280.0,36,76,0.474,10.0,27.0,0.37,26.0,49.0,0.531,0.539,5,8,0.625,19.0,32.0,51.0,19,10.0,2.0,18.0,16.0,87,0.0
2025,Ja Morant,moranja01,25.0,MEM,PG,50,50.0,1519.0,404,889,0.454,88.0,285.0,0.309,316.0,604.0,0.523,0.504,263,319,0.824,34.0,171.0,205.0,364,61.0,12.0,185.0,113.0,1159,1.0
2025,Markieff Morris,morrima02,35.0,DAL,PF,7,0.0,41.0,5,22,0.227,2.0,13.0,0.154,3.0,9.0,0.333,0.273,0,0,,0.0,8.0,8.0,4,1.0,1.0,2.0,2.0,12,0.0
2025,Markieff Morris,morrima02,35.0,LAL,PF,8,2.0,124.0,16,48,0.333,7.0,23.0,0.304,9.0,25.0,0.36,0.406,5,6,0.833,3.0,12.0,15.0,17,1.0,2.0,3.0,14.0,44,0.0
2025,Monte Morris,morrimo01,29.0,PHO,PG,45,0.0,571.0,83,195,0.426,31.0,86.0,0.36,52.0,109.0,0.477,0.505,36,42,0.857,12.0,55.0,67.0,73,20.0,3.0,21.0,23.0,233,0.0
2025,Trey Murphy III,murphtr02,24.0,NOP,SF,53,51.0,1854.0,381,839,0.454,158.0,438.0,0.361,223.0,401.0,0.556,0.548,204,230,0.887,47.0,221.0,268.0,188,56.0,39.0,103.0,112.0,1124,0.0
2025,Dejounte Murray,murrade01,28.0,NOP,PG,31,31.0,1012.0,194,494,0.393,52.0,174.0,0.299,142.0,320.0,0.444,0.445,102,124,0.823,17.0,183.0,200.0,228,63.0,12.0,106.0,61.0,542,1.0
2025,Jamal Murray,murraja01,27.0,DEN,PG,67,67.0,2418.0,531,1121,0.474,156.0,397.0,0.393,375.0,724.0,0.518,0.543,218,246,0.886,45.0,216.0,261.0,403,91.0,33.0,138.0,128.0,1436,0.0
2025,Keegan Murray,murrake02,24.0,SAC,PF,76,76.0,2610.0,364,820,0.444,154.0,449.0,0.343,210.0,371.0,0.566,0.538,60,72,0.833,146.0,361.0,507.0,109,61.0,69.0,60.0,186.0,942,0.0
2025,Kris Murray,murrakr01,24.0,POR,SF,69,6.0,1040.0,117,279,0.419,27.0,120.0,0.225,90.0,159.0,0.566,0.468,26,57,0.456,76.0,106.0,182.0,68,35.0,17.0,43.0,66.0,287,0.0
2025,Svi Mykhailiuk,mykhasv01,27.0,UTA,SF,38,13.0,760.0,118,302,0.391,70.0,203.0,0.345,48.0,99.0,0.485,0.507,28,35,0.8,22.0,68.0,90.0,76,19.0,7.0,52.0,43.0,334,0.0
2025,Larry Nance Jr.,nancela02,32.0,ATL,PF,24,3.0,463.0,80,155,0.516,34.0,76.0,0.447,46.0,79.0,0.582,0.626,9,13,0.692,23.0,80.0,103.0,38,20.0,13.0,16.0,37.0,203,0.0
2025,Pete Nance,nancepe01,24.0,PHI,C,7,0.0,68.0,5,15,0.333,4.0,12.0,0.333,1.0,3.0,0.333,0.467,1,2,0.5,2.0,8.0,10.0,3,1.0,0.0,0.0,10.0,15,0.0
2025,Pete Nance,nancepe01,24.0,MIL,PF,6,1.0,70.0,9,17,0.529,5.0,12.0,0.417,4.0,5.0,0.8,0.676,0,0,,3.0,8.0,11.0,7,1.0,2.0,4.0,7.0,23,0.0
2025,Andrew Nembhard,nembhan01,25.0,IND,SG,65,65.0,1881.0,247,539,0.458,51.0,175.0,0.291,196.0,364.0,0.538,0.506,108,136,0.794,34.0,182.0,216.0,326,79.0,11.0,112.0,149.0,653,0.0
2025,Aaron Nesmith,nesmiaa01,25.0,IND,SF,45,37.0,1123.0,192,379,0.507,84.0,195.0,0.431,108.0,184.0,0.587,0.617,73,80,0.913,37.0,141.0,178.0,54,35.0,17.0,37.0,114.0,541,0.0
2025,Tristen Newton,newtotr01,23.0,IND,SG,5,0.0,8.0,1,6,0.167,0.0,3.0,0.0,1.0,3.0,0.333,0.167,1,1,1.0,0.0,0.0,0.0,1,0.0,0.0,1.0,2.0,3,0.0
2025,Tristen Newton,newtotr01,23.0,MIN,SG,3,0.0,8.0,0,2,0.0,0.0,0.0,,0.0,2.0,0.0,0.0,0,0,,2.0,2.0,4.0,1,1.0,0.0,1.0,2.0,0,0.0
2025,N'Faly Dante,nfalyda01,23.0,HOU,C,4,0.0,51.0,10,13,0.769,0.0,0.0,,10.0,13.0,0.769,0.769,4,5,0.8,6.0,15.0,21.0,2,1.0,5.0,2.0,9.0,24,0.0
2025,Georges Niang,niangge01,31.0,CLE,PF,51,1.0,1053.0,166,348,0.477,90.0,225.0,0.4,76.0,123.0,0.618,0.606,23,29,0.793,34.0,155.0,189.0,67,17.0,7.0,48.0,129.0,445,0.0
2025,Georges Niang,niangge01,31.0,ATL,PF,28,2.0,644.0,120,272,0.441,76.0,184.0,0.413,44.0,88.0,0.5,0.581,23,29,0.793,13.0,70.0,83.0,44,11.0,7.0,34.0,72.0,339,0.0
2025,Daishen Nix,nixda01,22.0,MIN,PG,3,0.0,13.0,0,1,0.0,0.0,1.0,0.0,0.0,0.0,,0.0,1,2,0.5,0.0,4.0,4.0,3,0.0,0.0,4.0,1.0,1,0.0
2025,Zeke Nnaji,nnajize01,24.0,DEN,PF,57,4.0,608.0,70,141,0.496,17.0,52.0,0.327,53.0,89.0,0.596,0.557,27,44,0.614,33.0,57.0,90.0,23,25.0,38.0,14.0,62.0,184,0.0
2025,Miles Norris,norrimi01,24.0,BOS,PF,3,0.0,35.0,2,9,0.222,2.0,7.0,0.286,0.0,2.0,0.0,0.333,1,2,0.5,2.0,7.0,9.0,0,2.0,1.0,0.0,0.0,7,0.0
2025,Jaylen Nowell,nowelja01,25.0,NOP,SG,8,0.0,168.0,26,73,0.356,8.0,27.0,0.296,18.0,46.0,0.391,0.411,7,11,0.636,6.0,14.0,20.0,18,1.0,4.0,8.0,9.0,67,0.0
2025,Jusuf Nurkić,nurkiju01,30.0,PHO,C,25,23.0,592.0,74,163,0.454,19.0,59.0,0.322,55.0,104.0,0.529,0.512,48,69,0.696,46.0,183.0,229.0,47,23.0,16.0,57.0,78.0,215,0.0
2025,Jusuf Nurkić,nurkiju01,30.0,CHO,C,26,9.0,471.0,94,189,0.497,13.0,46.0,0.283,81.0,143.0,0.566,0.532,37,59,0.627,39.0,130.0,169.0,68,17.0,18.0,40.0,52.0,238,0.0
2025,Jahlil Okafor,okafoja01,29.0,IND,C,1,0.0,3.0,0,0,,0.0,0.0,,0.0,0.0,,,0,0,,0.0,1.0,1.0,1,0.0,0.0,0.0,0.0,0,0.0
2025,Chuma Okeke,okekech01,26.0,PHI,PF,7,3.0,171.0,18,33,0.545,10.0,22.0,0.455,8.0,11.0,0.727,0.697,2,3,0.667,20.0,23.0,43.0,13,5.0,3.0,3.0,5.0,48,0.0
2025,Chuma Okeke,okekech01,26.0,CLE,PF,2,0.0,25.0,2,7,0.286,1.0,6.0,0.167,1.0,1.0,1.0,0.357,0,0,,1.0,3.0,4.0,2,0.0,1.0,0.0,0.0,5,0.0
2025,Josh Okogie,okogijo01,26.0,PHO,SG,25,1.0,351.0,56,114,0.491,16.0,42.0,0.381,40.0,72.0,0.556,0.561,22,32,0.688,32.0,40.0,72.0,14,21.0,10.0,16.0,28.0,150,0.0
2025,Josh Okogie,okogijo01,26.0,CHO,SG,15,6.0,274.0,38,98,0.388,16.0,50.0,0.32,22.0,48.0,0.458,0.469,41,53,0.774,13.0,28.0,41.0,19,27.0,8.0,15.0,19.0,133,0.0
2025,Onyeka Okongwu,okongon01,24.0,ATL,C,74,40.0,2064.0,388,684,0.567,48.0,148.0,0.324,340.0,536.0,0.634,0.602,164,216,0.759,220.0,440.0,660.0,168,69.0,68.0,90.0,193.0,988,0.0
2025,Isaac Okoro,okorois01,24.0,CLE,SG,55,22.0,1053.0,124,267,0.464,56.0,151.0,0.371,68.0,116.0,0.586,0.569,33,46,0.717,49.0,81.0,130.0,68,32.0,16.0,23.0,104.0,337,0.0
2025,Quincy Olivari,olivaqu01,23.0,LAL,PG,2,0.0,10.0,1,5,0.2,1.0,5.0,0.2,0.0,0.0,,0.3,0,0,,0.0,0.0,0.0,1,0.0,0.0,1.0,0.0,3,0.0
2025,Kelly Olynyk,olynyke01,33.0,TOR,C,24,2.0,383.0,59,118,0.5,19.0,43.0,0.442,40.0,75.0,0.533,0.581,34,43,0.791,25.0,64.0,89.0,56,16.0,8.0,35.0,59.0,171,0.0
2025,Kelly Olynyk,olynyke01,33.0,NOP,C,20,20.0,508.0,75,150,0.5,14.0,36.0,0.389,61.0,114.0,0.535,0.547,49,65,0.754,37.0,80.0,117.0,72,17.0,11.0,41.0,64.0,213,0.0
2025,Royce O'Neale,onealro01,31.0,PHO,SF,75,22.0,1837.0,241,570,0.423,179.0,441.0,0.406,62.0,129.0,0.481,0.58,19,26,0.731,53.0,296.0,349.0,163,67.0,34.0,65.0,151.0,680,0.0
2025,Kelly Oubre Jr.,oubreke01,29.0,PHI,SF,60,57.0,2078.0,348,741,0.47,71.0,242.0,0.293,277.0,499.0,0.555,0.518,139,185,0.751,97.0,271.0,368.0,108,92.0,30.0,80.0,180.0,906,0.0
2025,Chris Paul,paulch01,39.0,SAS,PG,82,82.0,2292.0,249,583,0.427,140.0,371.0,0.377,109.0,212.0,0.514,0.547,85,92,0.924,33.0,263.0,296.0,605,103.0,22.0,129.0,151.0,723,0.0
2025,Cameron Payne,payneca01,30.0,NYK,PG,72,5.0,1090.0,179,446,0.401,93.0,256.0,0.363,86.0,190.0,0.453,0.506,49,54,0.907,14.0,90.0,104.0,203,39.0,16.0,52.0,111.0,500,0.0
2025,Elfrid Payton,paytoel01,30.0,NOP,PG,18,7.0,388.0,37,101,0.366,1.0,6.0,0.167,36.0,95.0,0.379,0.371,4,7,0.571,14.0,52.0,66.0,146,18.0,8.0,52.0,24.0,79,0.0
2025,Elfrid Payton,paytoel01,30.0,CHO,PG,6,2.0,123.0,3,21,0.143,0.0,0.0,,3.0,21.0,0.143,0.143,0,0,,1.0,12.0,13.0,20,6.0,3.0,7.0,12.0,6,0.0
2025,Gary Payton II,paytoga02,32.0,GSW,SG,62,11.0,927.0,171,298,0.574,31.0,95.0,0.326,140.0,203.0,0.69,0.626,27,38,0.711,53.0,132.0,185.0,83,52.0,17.0,39.0,108.0,400,0.0
2025,Drew Peterson,peterdr01,25.0,BOS,PF,25,1.0,186.0,17,41,0.415,13.0,33.0,0.394,4.0,8.0,0.5,0.573,7,9,0.778,9.0,31.0,40.0,13,5.0,2.0,8.0,18.0,54,0.0
2025,Julian Phillips,phillju01,21.0,CHI,SF,79,5.0,1123.0,128,287,0.446,50.0,153.0,0.327,78.0,134.0,0.582,0.533,60,76,0.789,67.0,102.0,169.0,39,38.0,20.0,27.0,108.0,366,0.0
2025,Jalen Pickett,pickeja02,25.0,DEN,SG,49,4.0,666.0,77,180,0.428,40.0,101.0,0.396,37.0,79.0,0.468,0.539,6,8,0.75,15.0,56.0,71.0,107,19.0,5.0,24.0,38.0,200,1.0
2025,Scotty Pippen Jr.,pippesc02,24.0,MEM,PG,79,21.0,1683.0,285,594,0.48,87.0,219.0,0.397,198.0,375.0,0.528,0.553,122,171,0.713,65.0,194.0,259.0,347,103.0,30.0,138.0,203.0,779,1.0
2025,Daeqwon Plowden,plowdda01,26.0,ATL,SG,6,0.0,72.0,16,25,0.64,9.0,17.0,0.529,7.0,8.0,0.875,0.82,2,2,1.0,4.0,7.0,11.0,2,0.0,0.0,4.0,10.0,43,0.0
2025,Mason Plumlee,plumlma01,34.0,PHO,C,74,21.0,1300.0,125,202,0.619,0.0,4.0,0.0,125.0,198.0,0.631,0.619,83,128,0.648,116.0,339.0,455.0,134,33.0,47.0,59.0,154.0,333,0.0
2025,Brandin Podziemski,podzibr01,21.0,GSW,SG,64,33.0,1716.0,280,629,0.445,115.0,309.0,0.372,165.0,320.0,0.516,0.537,72,95,0.758,65.0,260.0,325.0,220,69.0,13.0,75.0,95.0,747,0.0
2025,Jakob Poeltl,poeltja01,29.0,TOR,C,57,56.0,1686.0,363,579,0.627,1.0,3.0,0.333,362.0,576.0,0.628,0.628,97,144,0.674,189.0,358.0,547.0,158,66.0,71.0,111.0,176.0,824,0.0
2025,Jordan Poole,poolejo01,25.0,WAS,SG,68,68.0,2001.0,457,1057,0.432,235.0,622.0,0.378,222.0,435.0,0.51,0.544,242,274,0.883,31.0,172.0,203.0,303,86.0,27.0,204.0,201.0,1391,0.0
2025,Craig Porter Jr.,portecr01,24.0,CLE,PG,51,1.0,513.0,72,140,0.514,21.0,48.0,0.438,51.0,92.0,0.554,0.589,23,32,0.719,19.0,48.0,67.0,71,17.0,15.0,38.0,25.0,188,0.0
2025,Kevin Porter Jr.,porteke02,24.0,LAC,SG,45,2.0,884.0,172,407,0.423,26.0,106.0,0.245,146.0,301.0,0.485,0.455,49,76,0.645,29.0,131.0,160.0,144,43.0,11.0,84.0,70.0,419,0.0
2025,Kevin Porter Jr.,porteke02,24.0,MIL,SG,30,2.0,598.0,121,245,0.494,29.0,71.0,0.408,92.0,174.0,0.529,0.553,81,93,0.871,13.0,105.0,118.0,112,38.0,2.0,52.0,49.0,352,1.0
2025,Michael Porter Jr.,portemi01,26.0,DEN,SF,77,77.0,2593.0,528,1048,0.504,193.0,489.0,0.395,335.0,559.0,0.599,0.596,149,194,0.768,138.0,402.0,540.0,165,50.0,38.0,104.0,157.0,1398,0.0
2025,Bobby Portis,portibo01,29.0,MIL,PF,49,7.0,1244.0,277,595,0.466,65.0,178.0,0.365,212.0,417.0,0.508,0.52,61,73,0.836,90.0,321.0,411.0,104,35.0,26.0,57.0,94.0,680,0.0
2025,Kristaps Porziņģis,porzikr01,29.0,BOS,C,42,42.0,1210.0,277,574,0.483,103.0,250.0,0.412,174.0,324.0,0.537,0.572,161,199,0.809,68.0,216.0,284.0,87,31.0,63.0,53.0,116.0,818,0.0
2025,Quinten Post,postqu01,24.0,GSW,PF,42,14.0,686.0,123,274,0.449,73.0,179.0,0.408,50.0,95.0,0.526,0.582,21,27,0.778,35.0,113.0,148.0,56,16.0,18.0,33.0,83.0,340,0.0
2025,Micah Potter,pottemi01,26.0,UTA,C,38,10.0,705.0,57,135,0.422,31.0,98.0,0.316,26.0,37.0,0.703,0.537,17,20,0.85,43.0,121.0,164.0,31,14.0,14.0,31.0,50.0,162,0.0
2025,Dwight Powell,poweldw01,33.0,DAL,C,55,3.0,551.0,42,61,0.689,2.0,5.0,0.4,40.0,56.0,0.714,0.705,28,43,0.651,47.0,71.0,118.0,55,18.0,21.0,18.0,75.0,114,0.0
2025,Norman Powell,powelno01,31.0,LAC,SG,60,60.0,1958.0,457,945,0.484,179.0,428.0,0.418,278.0,517.0,0.538,0.578,213,265,0.804,21.0,169.0,190.0,125,73.0,9.0,108.0,114.0,1306,0.0
2025,Taurean Prince,princta02,30.0,MIL,SF,80,73.0,2166.0,235,514,0.457,147.0,335.0,0.439,88.0,179.0,0.492,0.6,39,48,0.813,34.0,253.0,287.0,155,76.0,15.0,82.0,165.0,656,0.0
2025,Payton Pritchard,pritcpa01,27.0,BOS,PG,80,3.0,2271.0,409,866,0.472,255.0,626.0,0.407,154.0,240.0,0.642,0.62,71,84,0.845,102.0,205.0,307.0,279,70.0,14.0,83.0,118.0,1144,0.0
2025,Olivier-Maxence Prosper,prospol01,22.0,DAL,PF,52,4.0,584.0,70,174,0.402,12.0,51.0,0.235,58.0,123.0,0.472,0.437,49,76,0.645,44.0,82.0,126.0,40,26.0,6.0,14.0,28.0,201,0.0
2025,Zyon Pullin,pullizy01,23.0,MEM,SG,3,0.0,3.0,0,1,0.0,0.0,0.0,,0.0,1.0,0.0,0.0,0,0,,0.0,0.0,0.0,0,0.0,0.0,0.0,0.0,0,0.0
2025,Trevelin Queen,queentr01,27.0,ORL,SG,31,2.0,430.0,56,147,0.381,22.0,77.0,0.286,34.0,70.0,0.486,0.456,18,21,0.857,26.0,28.0,54.0,38,31.0,10.0,22.0,38.0,152,0.0
2025,Neemias Queta,quetane01,25.0,BOS,C,62,6.0,863.0,132,203,0.65,0.0,3.0,0.0,132.0,200.0,0.66,0.65,46,61,0.754,89.0,147.0,236.0,45,18.0,42.0,40.0,106.0,310,0.0
2025,Immanuel Quickley,quickim01,25.0,TOR,PG,33,33.0,918.0,184,438,0.42,85.0,225.0,0.378,99.0,213.0,0.465,0.517,111,128,0.867,16.0,101.0,117.0,191,23.0,4.0,58.0,61.0,564,0.0
2025,Lester Quiñones,quinole01,24.0,PHI,SG,4,0.0,17.0,4,8,0.5,0.0,3.0,0.0,4.0,5.0,0.8,0.5,1,1,1.0,3.0,1.0,4.0,1,0.0,0.0,4.0,0.0,9,0.0
2025,Lester Quiñones,quinole01,24.0,NOP,SG,9,0.0,166.0,27,70,0.386,13.0,41.0,0.317,14.0,29.0,0.483,0.479,10,12,0.833,1.0,14.0,15.0,23,3.0,2.0,10.0,18.0,77,0.0
2025,Julius Randle,randlju01,30.0,MIN,PF,69,69.0,2226.0,455,939,0.485,108.0,314.0,0.344,347.0,625.0,0.555,0.542,270,335,0.806,144.0,343.0,487.0,323,47.0,16.0,196.0,175.0,1288,0.0
2025,Duop Reath,reathdu01,28.0,POR,C,46,0.0,469.0,70,166,0.422,34.0,106.0,0.321,36.0,60.0,0.6,0.524,20,22,0.909,44.0,48.0,92.0,26,12.0,14.0,16.0,41.0,194,0.0
2025,Austin Reaves,reaveau01,26.0,LAL,SG,73,73.0,2550.0,477,1037,0.46,200.0,531.0,0.377,277.0,506.0,0.547,0.556,321,366,0.877,61.0,268.0,329.0,421,81.0,22.0,177.0,151.0,1475,1.0
2025,Cam Reddish,reddica01,25.0,LAL,SF,33,8.0,589.0,38,94,0.404,13.0,47.0,0.277,25.0,47.0,0.532,0.473,16,26,0.615,17.0,49.0,66.0,22,33.0,10.0,12.0,43.0,105,0.0
2025,Paul Reed,reedpa01,25.0,DET,C,45,0.0,438.0,72,142,0.507,8.0,28.0,0.286,64.0,114.0,0.561,0.535,32,42,0.762,40.0,83.0,123.0,44,39.0,25.0,26.0,75.0,184,0.0
2025,Alex Reese,reeseal01,25.0,OKC,PF,1,0.0,2.0,1,1,1.0,0.0,0.0,,1.0,1.0,1.0,1.0,0,0,,1.0,0.0,1.0,0,0.0,0.0,0.0,0.0,2,0.0
2025,Alex Reese,reeseal01,25.0,PHI,PF,14,0.0,214.0,25,53,0.472,15.0,41.0,0.366,10.0,12.0,0.833,0.613,9,12,0.75,8.0,38.0,46.0,4,10.0,10.0,6.0,21.0,74,0.0
2025,Antonio Reeves,reevean01,24.0,NOP,SG,44,6.0,660.0,113,248,0.456,51.0,129.0,0.395,62.0,119.0,0.521,0.558,28,35,0.8,18.0,45.0,63.0,39,21.0,4.0,30.0,40.0,305,0.0
2025,Naz Reid,reidna01,25.0,MIN,C,80,17.0,2200.0,426,923,0.462,175.0,462.0,0.379,251.0,461.0,0.544,0.556,111,143,0.776,92.0,388.0,480.0,181,58.0,72.0,108.0,189.0,1138,0.0
2025,Jared Rhoden,rhodeja01,25.0,CHO,SG,4,0.0,12.0,2,8,0.25,0.0,2.0,0.0,2.0,6.0,0.333,0.25,0,0,,2.0,2.0,4.0,2,1.0,0.0,1.0,1.0,4,0.0
2025,Jared Rhoden,rhodeja01,25.0,TOR,SG,10,2.0,215.0,40,79,0.506,12.0,37.0,0.324,28.0,42.0,0.667,0.582,22,25,0.88,12.0,26.0,38.0,14,9.0,2.0,8.0,19.0,114,0.0
2025,Josh Richardson,richajo01,31.0,MIA,SG,8,0.0,150.0,11,38,0.289,6.0,22.0,0.273,5.0,16.0,0.313,0.368,4,4,1.0,6.0,6.0,12.0,12,8.0,1.0,8.0,17.0,32,0.0
2025,Nick Richards,richani01,27.0,CHO,C,21,9.0,440.0,64,114,0.561,0.0,1.0,0.0,64.0,113.0,0.566,0.561,59,87,0.678,51.0,107.0,158.0,28,7.0,26.0,33.0,48.0,187,0.0
2025,Nick Richards,richani01,27.0,PHO,C,36,34.0,816.0,141,233,0.605,0.0,1.0,0.0,141.0,232.0,0.608,0.605,60,73,0.822,97.0,211.0,308.0,21,7.0,29.0,48.0,93.0,342,0.0
2025,Zaccharie Risacher,risacza01,19.0,ATL,SF,75,73.0,1843.0,357,779,0.458,122.0,344.0,0.355,235.0,435.0,0.54,0.537,106,149,0.711,86.0,182.0,268.0,92,52.0,37.0,92.0,149.0,942,0.0
2025,Liam Robbins,robbili01,25.0,MIL,C,13,0.0,57.0,2,8,0.25,0.0,2.0,0.0,2.0,6.0,0.333,0.25,5,10,0.5,7.0,5.0,12.0,2,2.0,2.0,6.0,9.0,9,0.0
2025,Duncan Robinson,robindu01,30.0,MIA,SF,74,37.0,1785.0,290,663,0.437,190.0,483.0,0.393,100.0,180.0,0.556,0.581,47,53,0.887,18.0,149.0,167.0,176,40.0,6.0,86.0,135.0,817,0.0
2025,Jeremiah Robinson-Earl,robinje02,24.0,NOP,PF,66,9.0,1239.0,158,347,0.455,56.0,164.0,0.341,102.0,183.0,0.557,0.536,46,55,0.836,110.0,205.0,315.0,88,39.0,7.0,51.0,79.0,418,0.0
2025,Mitchell Robinson,robinmi01,26.0,NYK,C,17,3.0,290.0,37,56,0.661,0.0,0.0,,37.0,56.0,0.661,0.661,13,19,0.684,52.0,49.0,101.0,13,16.0,18.0,10.0,26.0,87,0.0
2025,Orlando Robinson,robinor01,24.0,SAC,C,9,0.0,57.0,7,17,0.412,1.0,5.0,0.2,6.0,12.0,0.5,0.441,4,7,0.571,3.0,11.0,14.0,9,3.0,1.0,4.0,6.0,19,0.0
2025,Orlando Robinson,robinor01,24.0,TOR,C,35,8.0,713.0,109,244,0.447,16.0,47.0,0.34,93.0,197.0,0.472,0.48,50,63,0.794,86.0,120.0,206.0,68,14.0,15.0,45.0,94.0,284,0.0
2025,David Roddy,roddyda01,23.0,ATL,PF,27,3.0,346.0,44,93,0.473,16.0,43.0,0.372,28.0,50.0,0.56,0.559,18,22,0.818,11.0,59.0,70.0,30,12.0,8.0,20.0,18.0,122,0.0
2025,David Roddy,roddyda01,23.0,PHI,PF,3,0.0,29.0,8,19,0.421,2.0,11.0,0.182,6.0,8.0,0.75,0.474,0,0,,2.0,7.0,9.0,3,2.0,0.0,1.0,1.0,18,0.0
2025,David Roddy,roddyda01,23.0,HOU,PF,3,0.0,35.0,5,13,0.385,1.0,7.0,0.143,4.0,6.0,0.667,0.423,2,4,0.5,0.0,5.0,5.0,2,0.0,1.0,1.0,1.0,13,0.0
2025,Ryan Rollins,rolliry01,22.0,MIL,PG,56,19.0,820.0,132,271,0.487,49.0,120.0,0.408,83.0,151.0,0.55,0.577,36,45,0.8,21.0,87.0,108.0,104,42.0,17.0,53.0,88.0,349,0.0
2025,Jackson Rowe,roweja01,28.0,GSW,PF,6,0.0,52.0,8,17,0.471,3.0,10.0,0.3,5.0,7.0,0.714,0.559,3,6,0.5,3.0,8.0,11.0,4,4.0,0.0,1.0,4.0,22,0.0
2025,Terry Rozier,roziete01,30.0,MIA,PG,64,23.0,1658.0,248,635,0.391,91.0,308.0,0.295,157.0,327.0,0.48,0.462,92,108,0.852,44.0,194.0,238.0,167,37.0,14.0,78.0,73.0,679,0.0
2025,Rayan Rupert,ruperra01,20.0,POR,SG,52,0.0,460.0,58,142,0.408,16.0,59.0,0.271,42.0,83.0,0.506,0.465,23,30,0.767,26.0,44.0,70.0,25,16.0,4.0,30.0,37.0,155,0.0
2025,D'Angelo Russell,russeda01,28.0,LAL,PG,29,10.0,763.0,129,311,0.415,56.0,168.0,0.333,73.0,143.0,0.51,0.505,45,53,0.849,8.0,72.0,80.0,136,23.0,4.0,50.0,53.0,359,0.0
2025,D'Angelo Russell,russeda01,28.0,BRK,PG,29,26.0,717.0,120,327,0.367,57.0,192.0,0.297,63.0,135.0,0.467,0.454,76,92,0.826,12.0,70.0,82.0,161,33.0,19.0,58.0,62.0,373,0.0
2025,Matt Ryan,ryanma01,27.0,NYK,SF,19,0.0,68.0,10,31,0.323,6.0,19.0,0.316,4.0,12.0,0.333,0.419,2,2,1.0,0.0,8.0,8.0,3,2.0,0.0,3.0,1.0,28,0.0
2025,Domantas Sabonis,sabondo01,28.0,SAC,C,70,70.0,2429.0,527,893,0.59,65.0,156.0,0.417,462.0,737.0,0.627,0.627,218,289,0.754,267.0,705.0,972.0,423,48.0,26.0,202.0,229.0,1337,10.0
2025,Tidjane Salaün,salauti01,19.0,CHO,PF,60,10.0,1244.0,114,345,0.33,58.0,205.0,0.283,56.0,140.0,0.4,0.414,67,94,0.713,70.0,210.0,280.0,74,29.0,14.0,58.0,84.0,353,0.0
2025,Adama Sanogo,sanogad01,22.0,CHI,C,4,0.0,21.0,4,7,0.571,0.0,0.0,,4.0,7.0,0.571,0.571,0,0,,5.0,1.0,6.0,1,0.0,0.0,1.0,1.0,8,0.0
2025,Gui Santos,santogu01,22.0,GSW,PF,56,2.0,762.0,82,179,0.458,34.0,103.0,0.33,48.0,76.0,0.632,0.553,29,42,0.69,72.0,100.0,172.0,80,25.0,10.0,42.0,91.0,227,0.0
2025,Dario Šarić,saricda01,30.0,DEN,C,16,4.0,210.0,21,58,0.362,7.0,26.0,0.269,14.0,32.0,0.438,0.422,7,10,0.7,14.0,36.0,50.0,23,7.0,1.0,15.0,19.0,56,0.0
2025,Alex Sarr,sarral01,19.0,WAS,C,67,67.0,1814.0,326,828,0.394,105.0,341.0,0.308,221.0,487.0,0.454,0.457,112,165,0.679,124.0,311.0,435.0,161,44.0,101.0,114.0,146.0,869,0.0
2025,Marcus Sasser,sassema01,24.0,DET,PG,57,1.0,811.0,137,296,0.463,58.0,152.0,0.382,79.0,144.0,0.549,0.561,43,51,0.843,18.0,51.0,69.0,133,37.0,4.0,54.0,72.0,375,0.0
2025,Baylor Scheierman,scheiba01,24.0,BOS,SG,31,2.0,384.0,39,110,0.355,26.0,82.0,0.317,13.0,28.0,0.464,0.473,9,12,0.75,19.0,46.0,65.0,33,17.0,2.0,12.0,22.0,113,0.0
2025,Dennis Schröder,schrode01,31.0,BRK,PG,23,23.0,772.0,147,325,0.452,58.0,150.0,0.387,89.0,175.0,0.509,0.542,72,81,0.889,4.0,64.0,68.0,152,26.0,4.0,59.0,56.0,424,0.0
2025,Dennis Schröder,schrode01,31.0,GSW,SG,24,18.0,628.0,94,251,0.375,37.0,115.0,0.322,57.0,136.0,0.419,0.448,29,39,0.744,10.0,46.0,56.0,105,25.0,3.0,48.0,67.0,254,0.0
2025,Dennis Schröder,schrode01,31.0,DET,PG,28,8.0,705.0,95,251,0.378,32.0,106.0,0.302,63.0,145.0,0.434,0.442,80,96,0.833,13.0,61.0,74.0,147,15.0,5.0,35.0,57.0,302,0.0
2025,Alperen Şengün,sengual01,22.0,HOU,C,76,76.0,2395.0,567,1143,0.496,21.0,90.0,0.233,546.0,1053.0,0.519,0.505,296,428,0.692,262.0,524.0,786.0,372,84.0,61.0,194.0,209.0,1451,4.0
2025,Brice Sensabaugh,sensabr01,21.0,UTA,SF,71,15.0,1432.0,275,599,0.459,157.0,372.0,0.422,118.0,227.0,0.52,0.59,65,73,0.89,42.0,168.0,210.0,110,46.0,8.0,107.0,111.0,772,0.0
2025,Collin Sexton,sextoco01,26.0,UTA,SG,63,61.0,1758.0,416,867,0.48,110.0,271.0,0.406,306.0,596.0,0.513,0.543,217,251,0.865,60.0,111.0,171.0,264,47.0,6.0,160.0,144.0,1159,0.0
2025,Landry Shamet,shamela01,27.0,NYK,SG,50,0.0,762.0,106,230,0.461,62.0,156.0,0.397,44.0,74.0,0.595,0.596,12,18,0.667,11.0,50.0,61.0,27,23.0,2.0,22.0,52.0,286,0.0
2025,Terrence Shannon Jr.,shannte01,24.0,MIN,SG,32,1.0,339.0,55,114,0.482,11.0,31.0,0.355,44.0,83.0,0.53,0.531,17,21,0.81,10.0,37.0,47.0,32,7.0,5.0,15.0,27.0,138,0.0
2025,Day'Ron Sharpe,sharpda01,23.0,BRK,C,50,2.0,907.0,165,317,0.521,11.0,45.0,0.244,154.0,272.0,0.566,0.538,56,74,0.757,149.0,181.0,330.0,91,41.0,42.0,63.0,113.0,397,0.0
2025,Shaedon Sharpe,sharpsh01,21.0,POR,SG,72,52.0,2252.0,499,1104,0.452,147.0,472.0,0.311,352.0,632.0,0.557,0.519,190,242,0.785,68.0,256.0,324.0,198,62.0,16.0,150.0,120.0,1335,0.0
2025,Jamal Shead,sheadja01,22.0,TOR,PG,75,11.0,1467.0,204,504,0.405,72.0,223.0,0.323,132.0,281.0,0.47,0.476,53,69,0.768,30.0,85.0,115.0,316,58.0,10.0,117.0,158.0,533,0.0
2025,Ben Sheppard,sheppbe01,23.0,IND,SG,63,9.0,1228.0,120,287,0.418,68.0,199.0,0.342,52.0,88.0,0.591,0.537,24,27,0.889,44.0,133.0,177.0,85,38.0,14.0,22.0,125.0,332,0.0
2025,Reed Sheppard,sheppre01,20.0,HOU,PG,52,3.0,654.0,84,239,0.351,48.0,142.0,0.338,36.0,97.0,0.371,0.452,13,16,0.813,16.0,62.0,78.0,75,35.0,17.0,37.0,53.0,229,0.0
2025,Pascal Siakam,siakapa01,30.0,IND,PF,78,78.0,2548.0,613,1182,0.519,126.0,324.0,0.389,487.0,858.0,0.568,0.572,226,308,0.734,133.0,407.0,540.0,263,70.0,42.0,109.0,189.0,1578,0.0
2025,Ben Simmons,simmobe01,28.0,BRK,PG,33,24.0,825.0,93,170,0.547,0.0,0.0,,93.0,170.0,0.547,0.547,18,26,0.692,30.0,142.0,172.0,229,26.0,16.0,88.0,81.0,204,0.0
2025,Ben Simmons,simmobe01,28.0,LAC,PG,18,0.0,295.0,23,53,0.434,0.0,0.0,,23.0,53.0,0.434,0.434,6,7,0.857,17.0,52.0,69.0,56,12.0,7.0,14.0,26.0,52,0.0
2025,Anfernee Simons,simonan01,25.0,POR,SG,70,70.0,2292.0,479,1125,0.426,215.0,593.0,0.363,264.0,532.0,0.496,0.521,175,194,0.902,25.0,164.0,189.0,337,60.0,5.0,143.0,117.0,1348,0.0
2025,KJ Simpson,simpskj01,22.0,CHO,PG,36,15.0,842.0,104,301,0.346,33.0,130.0,0.254,71.0,171.0,0.415,0.4,41,50,0.82,39.0,70.0,109.0,112,34.0,6.0,56.0,56.0,282,0.0
2025,Jaylen Sims,simsja01,26.0,CHO,SG,6,0.0,112.0,12,28,0.429,6.0,15.0,0.4,6.0,13.0,0.462,0.536,12,15,0.8,3.0,3.0,6.0,12,3.0,1.0,8.0,10.0,42,0.0
2025,Jericho Sims,simsje01,26.0,NYK,C,39,5.0,422.0,28,46,0.609,0.0,0.0,,28.0,46.0,0.609,0.609,8,13,0.615,51.0,78.0,129.0,22,8.0,10.0,21.0,46.0,64,0.0
2025,Jericho Sims,simsje01,26.0,MIL,C,14,0.0,210.0,17,25,0.68,0.0,0.0,,17.0,25.0,0.68,0.68,0,0,,20.0,48.0,68.0,11,2.0,9.0,12.0,19.0,34,0.0
2025,Marcus Smart,smartma01,30.0,MEM,PG,19,6.0,400.0,53,148,0.358,29.0,90.0,0.322,24.0,58.0,0.414,0.456,30,36,0.833,14.0,29.0,43.0,71,23.0,6.0,35.0,31.0,165,0.0
2025,Marcus Smart,smartma01,30.0,WAS,PG,15,1.0,280.0,48,109,0.44,20.0,51.0,0.392,28.0,58.0,0.483,0.532,24,35,0.686,4.0,25.0,29.0,38,16.0,3.0,19.0,22.0,140,0.0
2025,Dru Smith,smithdr01,27.0,MIA,SG,14,1.0,268.0,31,61,0.508,16.0,30.0,0.533,15.0,31.0,0.484,0.639,9,12,0.75,12.0,24.0,36.0,23,21.0,6.0,17.0,30.0,87,0.0
2025,Jalen Smith,smithja04,24.0,CHI,C,64,2.0,962.0,190,408,0.466,72.0,222.0,0.324,118.0,186.0,0.634,0.554,72,89,0.809,89.0,268.0,357.0,65,17.0,44.0,37.0,95.0,524,0.0
2025,Jabari Smith Jr.,smithja05,21.0,HOU,PF,57,39.0,1716.0,248,566,0.438,98.0,277.0,0.354,150.0,289.0,0.519,0.525,104,126,0.825,105.0,294.0,399.0,60,25.0,41.0,61.0,123.0,698,0.0
2025,Nick Smith Jr.,smithni01,20.0,CHO,SG,60,27.0,1369.0,222,568,0.391,104.0,306.0,0.34,118.0,262.0,0.45,0.482,43,46,0.935,13.0,115.0,128.0,145,17.0,6.0,82.0,79.0,591,0.0
2025,Tolu Smith,smithto05,24.0,DET,PF,1,0.0,22.0,6,9,0.667,0.0,0.0,,6.0,9.0,0.667,0.667,2,3,0.667,4.0,4.0,8.0,0,0.0,0.0,2.0,3.0,14,0.0
2025,Tyler Smith,smithty02,20.0,MIL,PF,23,0.0,122.0,24,50,0.48,13.0,30.0,0.433,11.0,20.0,0.55,0.61,6,8,0.75,6.0,19.0,25.0,4,3.0,4.0,8.0,11.0,67,0.0
2025,Jeremy Sochan,sochaje01,21.0,SAS,PF,54,23.0,1364.0,251,469,0.535,28.0,91.0,0.308,223.0,378.0,0.59,0.565,87,125,0.696,127.0,225.0,352.0,128,45.0,27.0,84.0,131.0,617,0.0
2025,Cam Spencer,spencca01,24.0,MEM,SG,25,1.0,252.0,34,82,0.415,19.0,53.0,0.358,15.0,29.0,0.517,0.53,19,19,1.0,12.0,18.0,30.0,34,9.0,1.0,6.0,23.0,106,0.0
2025,Pat Spencer,spencpa01,28.0,GSW,PG,39,0.0,250.0,41,101,0.406,5.0,22.0,0.227,36.0,79.0,0.456,0.431,11,15,0.733,15.0,31.0,46.0,48,14.0,3.0,18.0,20.0,98,0.0
2025,Jaden Springer,sprinja01,22.0,BOS,SG,26,0.0,141.0,12,34,0.353,6.0,19.0,0.316,6.0,15.0,0.4,0.441,15,21,0.714,4.0,20.0,24.0,10,12.0,1.0,4.0,17.0,45,0.0
2025,Jaden Springer,sprinja01,22.0,UTA,PG,17,2.0,224.0,23,56,0.411,6.0,29.0,0.207,17.0,27.0,0.63,0.464,12,17,0.706,13.0,21.0,34.0,23,12.0,3.0,12.0,25.0,64,0.0
2025,Isaiah Stevens,steveis01,24.0,MIA,PG,3,0.0,6.0,0,2,0.0,0.0,1.0,0.0,0.0,1.0,0.0,0.0,0,0,,0.0,2.0,2.0,0,1.0,0.0,0.0,0.0,0,0.0
2025,Lamar Stevens,stevela01,27.0,MEM,PF,17,1.0,155.0,29,63,0.46,8.0,27.0,0.296,21.0,36.0,0.583,0.524,8,11,0.727,4.0,34.0,38.0,8,5.0,3.0,10.0,15.0,74,0.0
2025,Isaiah Stewart,stewais01,23.0,DET,C,72,4.0,1434.0,176,315,0.559,17.0,53.0,0.321,159.0,262.0,0.607,0.586,66,87,0.759,130.0,269.0,399.0,123,28.0,101.0,68.0,183.0,435,0.0
2025,Julian Strawther,strawju01,22.0,DEN,SG,65,4.0,1384.0,210,486,0.432,94.0,269.0,0.349,116.0,217.0,0.535,0.529,74,90,0.822,17.0,125.0,142.0,83,39.0,16.0,57.0,151.0,588,0.0
2025,Max Strus,strusma01,28.0,CLE,SF,50,37.0,1273.0,165,373,0.442,113.0,293.0,0.386,52.0,80.0,0.65,0.594,28,34,0.824,53.0,164.0,217.0,158,26.0,12.0,54.0,104.0,471,0.0
2025,Jalen Suggs,suggsja01,23.0,ORL,PG,35,35.0,1002.0,197,481,0.41,76.0,242.0,0.314,121.0,239.0,0.506,0.489,97,110,0.882,23.0,118.0,141.0,129,51.0,33.0,102.0,98.0,567,0.0
2025,Cole Swider,swideco01,25.0,DET,SF,2,0.0,13.0,0,5,0.0,0.0,5.0,0.0,0.0,0.0,,0.0,0,0,,0.0,2.0,2.0,1,0.0,0.0,0.0,1.0,0,0.0
2025,Cole Swider,swideco01,25.0,TOR,SF,8,0.0,156.0,22,58,0.379,15.0,42.0,0.357,7.0,16.0,0.438,0.509,0,1,0.0,5.0,20.0,25.0,2,4.0,2.0,4.0,11.0,59,0.0
2025,Jae'Sean Tate,tateja01,29.0,HOU,SF,52,2.0,588.0,70,148,0.473,16.0,46.0,0.348,54.0,102.0,0.529,0.527,32,47,0.681,50.0,67.0,117.0,47,26.0,7.0,22.0,82.0,188,0.0
2025,Jayson Tatum,tatumja01,26.0,BOS,PF,72,72.0,2624.0,662,1465,0.452,250.0,728.0,0.343,412.0,737.0,0.559,0.537,358,440,0.814,48.0,575.0,623.0,431,76.0,38.0,209.0,157.0,1932,2.0
2025,Terry Taylor,taylote01,25.0,SAC,PF,3,0.0,6.0,0,1,0.0,0.0,0.0,,0.0,1.0,0.0,0.0,0,0,,1.0,0.0,1.0,2,0.0,0.0,0.0,0.0,0,0.0
2025,Garrett Temple,templga01,38.0,TOR,SG,28,0.0,227.0,18,60,0.3,6.0,28.0,0.214,12.0,32.0,0.375,0.35,11,12,0.917,9.0,20.0,29.0,31,17.0,2.0,10.0,23.0,53,0.0
2025,Dalen Terry,terryda01,22.0,CHI,SG,73,5.0,987.0,120,268,0.448,37.0,104.0,0.356,83.0,164.0,0.506,0.517,49,69,0.71,38.0,86.0,124.0,97,44.0,15.0,53.0,114.0,326,0.0
2025,Daniel Theis,theisda01,32.0,NOP,C,38,9.0,621.0,61,129,0.473,9.0,37.0,0.243,52.0,92.0,0.565,0.508,31,37,0.838,44.0,120.0,164.0,60,18.0,20.0,25.0,70.0,162,0.0
2025,Cam Thomas,thomaca02,23.0,BRK,SG,25,23.0,781.0,199,454,0.438,68.0,195.0,0.349,131.0,259.0,0.506,0.513,133,151,0.881,15.0,68.0,83.0,94,15.0,2.0,62.0,44.0,599,0.0
2025,Amen Thompson,thompam01,22.0,HOU,SF,69,42.0,2225.0,388,697,0.557,25.0,91.0,0.275,363.0,606.0,0.599,0.575,169,247,0.684,192.0,372.0,564.0,265,97.0,89.0,138.0,167.0,970,3.0
2025,Ausar Thompson,thompau01,22.0,DET,SF,59,48.0,1328.0,246,460,0.535,11.0,49.0,0.224,235.0,411.0,0.572,0.547,91,142,0.641,111.0,192.0,303.0,134,98.0,40.0,80.0,164.0,594,0.0
2025,Klay Thompson,thompkl01,34.0,DAL,SF,72,72.0,1965.0,361,877,0.412,216.0,553.0,0.391,145.0,324.0,0.448,0.535,67,74,0.905,44.0,202.0,246.0,145,50.0,30.0,88.0,81.0,1005,0.0
2025,Tristan Thompson,thomptr01,33.0,CLE,C,40,0.0,328.0,31,71,0.437,0.0,3.0,0.0,31.0,68.0,0.456,0.437,7,30,0.233,32.0,102.0,134.0,24,2.0,11.0,14.0,36.0,69,0.0
2025,JT Thor,thorjt01,22.0,CLE,PF,9,0.0,42.0,9,15,0.6,3.0,6.0,0.5,6.0,9.0,0.667,0.7,7,8,0.875,3.0,3.0,6.0,1,2.0,3.0,6.0,6.0,28,0.0
2025,JT Thor,thorjt01,22.0,WAS,PF,11,0.0,207.0,16,44,0.364,3.0,15.0,0.2,13.0,29.0,0.448,0.398,8,14,0.571,17.0,25.0,42.0,5,6.0,6.0,3.0,11.0,43,0.0
2025,Matisse Thybulle,thybuma01,27.0,POR,SG,15,5.0,312.0,42,88,0.477,21.0,48.0,0.438,21.0,40.0,0.525,0.597,7,15,0.467,14.0,38.0,52.0,28,33.0,9.0,13.0,14.0,112,0.0
2025,Xavier Tillman Sr.,tillmxa01,26.0,BOS,C,33,2.0,231.0,13,53,0.245,5.0,32.0,0.156,8.0,21.0,0.381,0.292,3,4,0.75,10.0,33.0,43.0,7,11.0,5.0,14.0,18.0,34,0.0
2025,Drew Timme,timmedr01,24.0,BRK,PF,9,2.0,254.0,45,102,0.441,9.0,35.0,0.257,36.0,67.0,0.537,0.485,10,16,0.625,17.0,48.0,65.0,20,4.0,1.0,15.0,21.0,109,0.0
2025,Nae'Qwan Tomlin,tomlina01,24.0,CLE,PF,5,1.0,63.0,13,32,0.406,2.0,10.0,0.2,11.0,22.0,0.5,0.438,8,11,0.727,9.0,12.0,21.0,2,0.0,1.0,2.0,9.0,36,0.0
2025,Jacob Toppin,toppija01,24.0,NYK,SF,16,0.0,49.0,3,10,0.3,0.0,2.0,0.0,3.0,8.0,0.375,0.3,0,0,,2.0,9.0,11.0,4,2.0,0.0,2.0,3.0,6,0.0
2025,Jacob Toppin,toppija01,24.0,ATL,SF,1,0.0,27.0,6,12,0.5,5.0,8.0,0.625,1.0,4.0,0.25,0.708,0,0,,1.0,3.0,4.0,2,0.0,0.0,1.0,0.0,17,0.0
2025,Obi Toppin,toppiob01,26.0,IND,PF,79,4.0,1545.0,317,599,0.529,110.0,301.0,0.365,207.0,298.0,0.695,0.621,89,114,0.781,56.0,262.0,318.0,128,46.0,28.0,68.0,108.0,833,0.0
2025,Karl-Anthony Towns,townska01,29.0,NYK,C,72,72.0,2517.0,639,1215,0.526,142.0,338.0,0.42,497.0,877.0,0.567,0.584,339,409,0.829,212.0,708.0,920.0,222,71.0,50.0,192.0,249.0,1759,1.0
2025,Luke Travers,travelu01,23.0,CLE,SG,12,0.0,88.0,5,20,0.25,0.0,9.0,0.0,5.0,11.0,0.455,0.25,2,2,1.0,8.0,12.0,20.0,8,1.0,1.0,8.0,6.0,12,0.0
2025,Gary Trent Jr.,trentga02,26.0,MIL,SG,74,9.0,1893.0,283,657,0.431,180.0,433.0,0.416,103.0,224.0,0.46,0.568,78,92,0.848,20.0,148.0,168.0,87,72.0,4.0,42.0,124.0,824,0.0
2025,Oscar Tshiebwe,tshieos01,25.0,UTA,C,14,1.0,255.0,42,70,0.6,0.0,0.0,,42.0,70.0,0.6,0.6,23,31,0.742,46.0,76.0,122.0,9,13.0,1.0,10.0,24.0,107,0.0
2025,P.J. Tucker,tuckepj01,39.0,NYK,SF,3,1.0,58.0,3,7,0.429,3.0,6.0,0.5,0.0,1.0,0.0,0.643,0,0,,4.0,4.0,8.0,0,1.0,1.0,1.0,8.0,9,0.0
2025,Myles Turner,turnemy01,28.0,IND,C,72,72.0,2174.0,390,811,0.481,156.0,394.0,0.396,234.0,417.0,0.561,0.577,184,238,0.773,90.0,381.0,471.0,111,54.0,144.0,123.0,183.0,1120,0.0
2025,Hunter Tyson,tysonhu01,24.0,DEN,PF,51,2.0,400.0,45,120,0.375,23.0,74.0,0.311,22.0,46.0,0.478,0.471,21,28,0.75,25.0,53.0,78.0,20,10.0,6.0,14.0,44.0,134,0.0
2025,Jaylon Tyson,tysonja01,22.0,CLE,SG,47,3.0,453.0,64,149,0.43,20.0,58.0,0.345,44.0,91.0,0.484,0.497,19,24,0.792,37.0,59.0,96.0,44,13.0,3.0,26.0,50.0,167,0.0
2025,Stanley Umude,umudest01,25.0,MIL,SG,22,0.0,86.0,5,26,0.192,3.0,15.0,0.2,2.0,11.0,0.182,0.25,2,4,0.5,4.0,13.0,17.0,4,3.0,6.0,3.0,8.0,15,0.0
2025,Jonas Valančiūnas,valanjo01,32.0,WAS,C,49,12.0,983.0,231,422,0.547,7.0,27.0,0.259,224.0,395.0,0.567,0.556,95,106,0.896,120.0,284.0,404.0,108,22.0,28.0,88.0,97.0,564,0.0
2025,Jonas Valančiūnas,valanjo01,32.0,SAC,C,32,9.0,541.0,114,205,0.556,1.0,10.0,0.1,113.0,195.0,0.579,0.559,50,59,0.847,70.0,153.0,223.0,56,15.0,18.0,32.0,84.0,279,0.0
2025,Jarred Vanderbilt,vandeja01,25.0,LAL,PF,36,2.0,581.0,59,121,0.488,9.0,32.0,0.281,50.0,89.0,0.562,0.525,20,36,0.556,68.0,114.0,182.0,41,35.0,10.0,29.0,67.0,147,0.0
2025,Fred VanVleet,vanvlfr01,30.0,HOU,PG,60,60.0,2111.0,287,759,0.378,159.0,461.0,0.345,128.0,298.0,0.43,0.483,111,137,0.81,32.0,189.0,221.0,333,94.0,25.0,87.0,140.0,844,0.0
2025,Devin Vassell,vassede01,24.0,SAS,SG,64,53.0,1983.0,394,889,0.443,158.0,429.0,0.368,236.0,460.0,0.513,0.532,95,120,0.792,34.0,221.0,255.0,183,84.0,33.0,88.0,108.0,1041,0.0
2025,Gabe Vincent,vincega01,28.0,LAL,PG,72,11.0,1527.0,168,420,0.4,109.0,309.0,0.353,59.0,111.0,0.532,0.53,15,21,0.714,20.0,72.0,92.0,98,51.0,13.0,41.0,152.0,460,0.0
2025,Nikola Vučević,vucevni01,34.0,CHI,C,73,72.0,2278.0,550,1038,0.53,129.0,321.0,0.402,421.0,717.0,0.587,0.592,120,149,0.805,178.0,557.0,735.0,256,61.0,52.0,119.0,163.0,1349,1.0
2025,Tristan Vukcevic,vukcetr01,21.0,WAS,C,35,1.0,513.0,120,242,0.496,38.0,102.0,0.373,82.0,140.0,0.586,0.574,52,67,0.776,26.0,104.0,130.0,39,11.0,23.0,42.0,57.0,330,0.0
2025,Dean Wade,wadede01,28.0,CLE,PF,59,30.0,1252.0,112,271,0.413,80.0,222.0,0.36,32.0,49.0,0.653,0.561,16,30,0.533,51.0,198.0,249.0,76,42.0,20.0,22.0,101.0,320,0.0
2025,Franz Wagner,wagnefr01,23.0,ORL,SF,60,60.0,2023.0,537,1161,0.463,104.0,352.0,0.295,433.0,809.0,0.535,0.507,271,311,0.871,56.0,286.0,342.0,284,75.0,21.0,138.0,147.0,1449,0.0
2025,Moritz Wagner,wagnemo01,27.0,ORL,C,30,1.0,564.0,140,249,0.562,27.0,75.0,0.36,113.0,174.0,0.649,0.616,79,110,0.718,40.0,108.0,148.0,42,24.0,12.0,49.0,55.0,386,0.0
2025,Jabari Walker,walkeja01,22.0,POR,SF,60,1.0,749.0,118,229,0.515,28.0,72.0,0.389,90.0,157.0,0.573,0.576,49,71,0.69,59.0,152.0,211.0,37,33.0,6.0,34.0,87.0,313,0.0
2025,Jarace Walker,walkeja02,21.0,IND,PF,75,5.0,1187.0,170,360,0.472,75.0,185.0,0.405,95.0,175.0,0.543,0.576,46,69,0.667,25.0,204.0,229.0,110,54.0,25.0,78.0,115.0,461,0.0
2025,Lonnie Walker IV,walkelo01,26.0,PHI,SG,20,7.0,477.0,89,212,0.42,45.0,127.0,0.354,44.0,85.0,0.518,0.526,24,30,0.8,6.0,57.0,63.0,50,10.0,5.0,25.0,27.0,247,0.0
2025,Cason Wallace,wallaca01,21.0,OKC,SG,68,43.0,1876.0,232,489,0.474,74.0,208.0,0.356,158.0,281.0,0.562,0.55,30,37,0.811,71.0,158.0,229.0,173,120.0,35.0,59.0,145.0,568,0.0
2025,Keaton Wallace,wallake01,25.0,ATL,PG,31,5.0,501.0,65,162,0.401,27.0,82.0,0.329,38.0,80.0,0.475,0.485,11,11,1.0,7.0,43.0,50.0,81,28.0,9.0,33.0,39.0,168,1.0
2025,Jordan Walsh,walshjo01,20.0,BOS,PF,52,1.0,403.0,30,83,0.361,15.0,55.0,0.273,15.0,28.0,0.536,0.452,7,12,0.583,23.0,46.0,69.0,19,12.0,11.0,17.0,30.0,82,0.0
2025,Ja'Kobe Walter,walteja01,20.0,TOR,SG,52,18.0,1103.0,159,393,0.405,65.0,186.0,0.349,94.0,207.0,0.454,0.487,66,83,0.795,59.0,101.0,160.0,81,43.0,10.0,50.0,95.0,449,0.0
2025,Kel'el Ware,wareke01,20.0,MIA,C,64,36.0,1422.0,257,464,0.554,35.0,111.0,0.315,222.0,353.0,0.629,0.592,46,67,0.687,116.0,357.0,473.0,60,39.0,71.0,57.0,111.0,595,0.0
2025,P.J. Washington,washipj01,26.0,DAL,PF,57,56.0,1835.0,301,665,0.453,91.0,239.0,0.381,210.0,426.0,0.493,0.521,143,198,0.722,82.0,360.0,442.0,131,63.0,60.0,118.0,131.0,836,0.0
2025,TyTy Washington Jr.,washity02,23.0,PHO,PG,16,0.0,118.0,14,45,0.311,4.0,21.0,0.19,10.0,24.0,0.417,0.356,3,6,0.5,4.0,9.0,13.0,16,3.0,0.0,3.0,4.0,35,0.0
2025,Lindy Waters III,waterli01,27.0,GSW,SG,38,9.0,655.0,76,205,0.371,49.0,148.0,0.331,27.0,57.0,0.474,0.49,8,11,0.727,16.0,80.0,96.0,42,22.0,10.0,17.0,55.0,209,0.0
2025,Lindy Waters III,waterli01,27.0,DET,SG,14,0.0,123.0,16,44,0.364,15.0,38.0,0.395,1.0,6.0,0.167,0.534,0,0,,4.0,10.0,14.0,10,5.0,1.0,3.0,7.0,47,0.0
2025,Trendon Watford,watfotr01,24.0,BRK,PF,44,6.0,913.0,164,350,0.469,29.0,88.0,0.33,135.0,262.0,0.515,0.51,93,122,0.762,37.0,123.0,160.0,115,27.0,12.0,83.0,95.0,450,0.0
2025,Anton Watson,watsoan02,24.0,NYK,SF,9,0.0,22.0,4,9,0.444,0.0,1.0,0.0,4.0,8.0,0.5,0.444,0,0,,1.0,2.0,3.0,2,1.0,0.0,2.0,3.0,8,0.0
2025,Peyton Watson,watsope01,22.0,DEN,SF,68,18.0,1656.0,204,428,0.477,48.0,136.0,0.353,156.0,292.0,0.534,0.533,95,137,0.693,47.0,186.0,233.0,94,48.0,93.0,56.0,123.0,551,0.0
2025,Jaylen Wells,wellsja01,21.0,MEM,SG,79,74.0,2043.0,287,676,0.425,138.0,392.0,0.352,149.0,284.0,0.525,0.527,111,135,0.822,87.0,181.0,268.0,135,44.0,8.0,69.0,146.0,823,0.0
2025,Victor Wembanyama,wembavi01,21.0,SAS,C,46,46.0,1527.0,408,857,0.476,142.0,403.0,0.352,266.0,454.0,0.586,0.559,158,189,0.836,82.0,424.0,506.0,168,52.0,176.0,149.0,105.0,1116,1.0
2025,Blake Wesley,weslebl01,21.0,SAS,SG,58,0.0,683.0,81,186,0.435,17.0,58.0,0.293,64.0,128.0,0.5,0.481,38,61,0.623,17.0,44.0,61.0,114,37.0,6.0,54.0,46.0,217,0.0
2025,Russell Westbrook,westbru01,36.0,DEN,PG,75,36.0,2092.0,373,831,0.449,94.0,291.0,0.323,279.0,540.0,0.517,0.505,154,233,0.661,102.0,268.0,370.0,457,106.0,37.0,242.0,188.0,994,4.0
2025,Phillip Wheeler,wheelph02,22.0,PHI,PF,5,0.0,44.0,3,21,0.143,0.0,10.0,0.0,3.0,11.0,0.273,0.143,2,2,1.0,2.0,6.0,8.0,2,1.0,2.0,1.0,1.0,8,0.0
2025,Coby White,whiteco01,24.0,CHI,SG,74,73.0,2450.0,508,1121,0.453,216.0,584.0,0.37,292.0,537.0,0.544,0.55,277,307,0.902,25.0,248.0,273.0,330,69.0,16.0,177.0,154.0,1509,0.0
2025,Dariq Whitehead,whiteda01,20.0,BRK,SF,20,0.0,246.0,39,96,0.406,33.0,74.0,0.446,6.0,22.0,0.273,0.578,3,5,0.6,4.0,25.0,29.0,12,6.0,1.0,15.0,22.0,114,0.0
2025,Derrick White,whitede01,30.0,BOS,SG,76,76.0,2574.0,424,959,0.442,265.0,691.0,0.384,159.0,268.0,0.593,0.58,135,161,0.839,67.0,274.0,341.0,361,72.0,80.0,131.0,138.0,1248,0.0
2025,Cam Whitmore,whitmca01,20.0,HOU,SF,51,3.0,827.0,179,403,0.444,65.0,183.0,0.355,114.0,220.0,0.518,0.525,54,72,0.75,36.0,115.0,151.0,49,31.0,13.0,46.0,44.0,477,0.0
2025,Aaron Wiggins,wiggiaa01,26.0,OKC,SG,76,26.0,1744.0,355,728,0.488,130.0,339.0,0.383,225.0,389.0,0.578,0.577,74,89,0.831,81.0,214.0,295.0,134,60.0,18.0,69.0,101.0,914,0.0
2025,Andrew Wiggins,wiggian01,29.0,GSW,SF,43,43.0,1296.0,261,588,0.444,94.0,248.0,0.379,167.0,340.0,0.491,0.524,139,179,0.777,66.0,131.0,197.0,102,40.0,33.0,56.0,70.0,755,0.0
2025,Andrew Wiggins,wiggian01,29.0,MIA,SF,17,17.0,546.0,115,251,0.458,36.0,100.0,0.36,79.0,151.0,0.523,0.53,57,78,0.731,23.0,49.0,72.0,56,20.0,17.0,43.0,31.0,323,0.0
2025,Alondes Williams,willial06,25.0,DET,SG,1,0.0,4.0,2,2,1.0,1.0,1.0,1.0,1.0,1.0,1.0,1.25,0,0,,0.0,0.0,0.0,1,0.0,0.0,0.0,0.0,5,0.0
2025,Brandon Williams,willibr03,25.0,DAL,PG,33,3.0,487.0,98,188,0.521,24.0,60.0,0.4,74.0,128.0,0.578,0.585,55,66,0.833,12.0,46.0,58.0,76,24.0,5.0,39.0,33.0,275,0.0
2025,Cody Williams,willico04,20.0,UTA,SG,50,21.0,1060.0,83,257,0.323,35.0,135.0,0.259,48.0,122.0,0.393,0.391,29,40,0.725,27.0,86.0,113.0,59,23.0,16.0,44.0,95.0,230,0.0
2025,Grant Williams,willigr01,26.0,CHO,PF,16,7.0,479.0,54,123,0.439,27.0,74.0,0.365,27.0,49.0,0.551,0.549,31,37,0.838,18.0,64.0,82.0,37,18.0,13.0,28.0,46.0,166,0.0
2025,Jalen Williams,willija06,23.0,OKC,SG,69,69.0,2237.0,565,1168,0.484,124.0,340.0,0.365,441.0,828.0,0.533,0.537,236,299,0.789,59.0,310.0,369.0,354,111.0,46.0,150.0,158.0,1490,0.0
2025,Jaylin Williams,willija07,22.0,OKC,PF,47,9.0,784.0,97,221,0.439,61.0,153.0,0.399,36.0,68.0,0.529,0.577,23,30,0.767,48.0,214.0,262.0,120,22.0,29.0,35.0,79.0,278,3.0
2025,Jeenathan Williams,willije02,25.0,HOU,SG,20,0.0,147.0,27,62,0.435,6.0,26.0,0.231,21.0,36.0,0.583,0.484,5,8,0.625,5.0,8.0,13.0,9,8.0,4.0,14.0,16.0,65,0.0
2025,Kenrich Williams,willike04,30.0,OKC,PF,69,7.0,1132.0,171,354,0.483,66.0,171.0,0.386,105.0,183.0,0.574,0.576,28,39,0.718,65.0,176.0,241.0,97,43.0,10.0,39.0,110.0,436,0.0
2025,Mark Williams,willima07,23.0,CHO,C,44,41.0,1171.0,270,447,0.604,0.0,4.0,0.0,270.0,443.0,0.609,0.604,131,163,0.804,132.0,315.0,447.0,109,32.0,54.0,71.0,105.0,671,0.0
2025,Patrick Williams,willipa01,23.0,CHI,PF,63,36.0,1576.0,205,516,0.397,96.0,272.0,0.353,109.0,244.0,0.447,0.49,60,83,0.723,43.0,194.0,237.0,124,48.0,32.0,86.0,88.0,566,0.0
2025,Robert Williams,williro04,27.0,POR,C,20,3.0,351.0,50,78,0.641,1.0,3.0,0.333,49.0,75.0,0.653,0.647,15,17,0.882,35.0,83.0,118.0,21,13.0,33.0,17.0,31.0,116,0.0
2025,Vince Williams Jr.,willivi01,24.0,MEM,SG,27,5.0,499.0,67,167,0.401,26.0,95.0,0.274,41.0,72.0,0.569,0.479,19,24,0.792,22.0,76.0,98.0,55,12.0,7.0,33.0,45.0,179,0.0
2025,Zion Williamson,willizi01,24.0,NOP,PF,30,30.0,857.0,288,508,0.567,3.0,13.0,0.231,285.0,495.0,0.576,0.57,158,241,0.656,76.0,140.0,216.0,159,37.0,27.0,90.0,82.0,737,2.0
2025,Ziaire Williams,willizi02,23.0,BRK,SF,63,45.0,1541.0,214,520,0.412,103.0,302.0,0.341,111.0,218.0,0.509,0.511,101,123,0.821,61.0,226.0,287.0,84,62.0,28.0,67.0,149.0,632,0.0
2025,Jalen Wilson,wilsoja03,24.0,BRK,PF,79,22.0,2031.0,246,620,0.397,122.0,362.0,0.337,124.0,258.0,0.481,0.495,135,165,0.818,75.0,195.0,270.0,145,40.0,5.0,79.0,164.0,749,0.0
2025,James Wiseman,wisemja01,23.0,IND,C,1,0.0,5.0,2,4,0.5,0.0,1.0,0.0,2.0,3.0,0.667,0.5,2,2,1.0,0.0,1.0,1.0,0,0.0,0.0,0.0,0.0,6,0.0
2025,Isaiah Wong,wongis01,24.0,CHO,SG,20,0.0,265.0,41,105,0.39,13.0,33.0,0.394,28.0,72.0,0.389,0.452,25,34,0.735,14.0,18.0,32.0,28,11.0,0.0,18.0,21.0,120,0.0
2025,Delon Wright,wrighde01,32.0,MIL,PG,26,2.0,405.0,22,82,0.268,12.0,49.0,0.245,10.0,33.0,0.303,0.341,9,16,0.563,15.0,31.0,46.0,48,23.0,9.0,14.0,17.0,65,0.0
2025,Delon Wright,wrighde01,32.0,NYK,PG,14,5.0,230.0,23,49,0.469,8.0,24.0,0.333,15.0,25.0,0.6,0.551,6,9,0.667,12.0,8.0,20.0,29,12.0,3.0,8.0,8.0,60,0.0
2025,Guerschon Yabusele,yabusgu01,29.0,PHI,C,70,43.0,1895.0,282,563,0.501,104.0,274.0,0.38,178.0,289.0,0.616,0.593,100,138,0.725,134.0,261.0,395.0,148,58.0,24.0,87.0,164.0,768,0.0
2025,Jahmir Young,youngja05,24.0,CHI,PG,6,0.0,30.0,4,5,0.8,1.0,2.0,0.5,3.0,3.0,1.0,0.9,2,2,1.0,1.0,2.0,3.0,6,0.0,0.0,1.0,2.0,11,0.0
2025,Trae Young,youngtr01,26.0,ATL,PG,76,76.0,2739.0,566,1376,0.411,218.0,642.0,0.34,348.0,734.0,0.474,0.491,491,561,0.875,36.0,200.0,236.0,880,91.0,12.0,355.0,145.0,1841,0.0
2025,Ivica Zubac,zubaciv01,27.0,LAC,C,80,80.0,2624.0,592,942,0.628,0.0,0.0,,592.0,942.0,0.628,0.628,156,236,0.661,300.0,710.0,1010.0,214,55.0,90.0,127.0,168.0,1340,1.0
2024,Precious Achiuwa,achiupr01,24.0,TOR,C,25,0.0,437.0,78,170,0.459,13.0,47.0,0.277,65.0,123.0,0.528,0.497,24,42,0.571,50.0,86.0,136.0,44,16.0,12.0,29.0,40.0,193,0.0
2024,Precious Achiuwa,achiupr01,24.0,NYK,PF,49,18.0,1187.0,157,299,0.525,13.0,50.0,0.26,144.0,249.0,0.578,0.547,45,70,0.643,141.0,210.0,351.0,53,30.0,56.0,54.0,103.0,372,0.0
2024,Bam Adebayo,adebaba01,26.0,MIA,C,71,71.0,2416.0,530,1017,0.521,15.0,42.0,0.357,515.0,975.0,0.528,0.529,292,387,0.755,159.0,578.0,737.0,278,81.0,66.0,162.0,159.0,1367,2.0
2024,Ochai Agbaji,agbajoc01,23.0,UTA,SG,51,10.0,1003.0,106,249,0.426,47.0,142.0,0.331,59.0,107.0,0.551,0.52,15,20,0.75,35.0,91.0,126.0,47,27.0,29.0,34.0,66.0,274,0.0
2024,Ochai Agbaji,agbajoc01,23.0,TOR,SG,27,18.0,638.0,72,184,0.391,15.0,69.0,0.217,57.0,115.0,0.496,0.432,22,36,0.611,39.0,51.0,90.0,36,20.0,15.0,30.0,51.0,181,0.0
2024,Santi Aldama,aldamsa01,23.0,MEM,PF,61,35.0,1618.0,247,568,0.435,106.0,304.0,0.349,141.0,264.0,0.534,0.528,54,87,0.621,72.0,280.0,352.0,138,43.0,54.0,69.0,89.0,654,0.0
2024,Nickeil Alexander-Walker,alexani01,25.0,MIN,SG,82,20.0,1921.0,236,538,0.439,131.0,335.0,0.391,105.0,203.0,0.517,0.56,52,65,0.8,35.0,132.0,167.0,204,64.0,42.0,76.0,143.0,655,0.0
2024,Grayson Allen,allengr01,28.0,PHO,SG,75,74.0,2513.0,340,682,0.499,205.0,445.0,0.461,135.0,237.0,0.57,0.649,129,147,0.878,48.0,247.0,295.0,227,69.0,45.0,95.0,157.0,1014,0.0
2024,Jarrett Allen,allenja01,25.0,CLE,C,77,77.0,2442.0,519,819,0.634,0.0,6.0,0.0,519.0,813.0,0.638,0.634,233,314,0.742,243.0,568.0,811.0,210,53.0,81.0,121.0,147.0,1271,0.0
2024,Timmy Allen,allenti01,24.0,MEM,SF,5,0.0,125.0,6,23,0.261,0.0,7.0,0.0,6.0,16.0,0.375,0.261,1,2,0.5,4.0,13.0,17.0,5,4.0,0.0,2.0,18.0,13,0.0
2024,Jose Alvarado,alvarjo01,25.0,NOP,PG,56,0.0,1028.0,142,345,0.412,78.0,207.0,0.377,64.0,138.0,0.464,0.525,35,52,0.673,25.0,103.0,128.0,117,59.0,15.0,40.0,89.0,397,0.0
2024,Kyle Anderson,anderky01,30.0,MIN,PF,79,10.0,1782.0,199,433,0.46,11.0,48.0,0.229,188.0,385.0,0.488,0.472,97,137,0.708,60.0,213.0,273.0,331,71.0,47.0,91.0,128.0,506,0.0
2024,Giannis Antetokounmpo,antetgi01,29.0,MIL,PF,73,73.0,2567.0,837,1369,0.611,34.0,124.0,0.274,803.0,1245.0,0.645,0.624,514,782,0.657,196.0,645.0,841.0,476,87.0,79.0,250.0,210.0,2222,10.0
2024,Thanasis Antetokounmpo,antetth01,31.0,MIL,PF,34,0.0,155.0,16,30,0.533,0.0,1.0,0.0,16.0,29.0,0.552,0.533,0,2,0.0,7.0,6.0,13.0,17,7.0,4.0,14.0,24.0,32,0.0
2024,Cole Anthony,anthoco01,23.0,ORL,PG,81,0.0,1817.0,332,763,0.435,93.0,275.0,0.338,239.0,488.0,0.49,0.496,180,218,0.826,64.0,247.0,311.0,236,64.0,37.0,126.0,175.0,937,0.0
2024,OG Anunoby,anunoog01,26.0,TOR,SF,27,27.0,900.0,157,321,0.489,61.0,163.0,0.374,96.0,158.0,0.608,0.584,33,46,0.717,24.0,82.0,106.0,72,28.0,13.0,43.0,62.0,408,0.0
2024,OG Anunoby,anunoog01,26.0,NYK,SF,23,23.0,802.0,125,256,0.488,41.0,104.0,0.394,84.0,152.0,0.553,0.568,34,43,0.791,23.0,79.0,102.0,35,40.0,23.0,38.0,57.0,325,0.0
2024,Ryan Arcidiacono,arcidry01,29.0,NYK,PG,20,0.0,45.0,0,6,0.0,0.0,6.0,0.0,0.0,0.0,,0.0,0,0,,0.0,8.0,8.0,4,2.0,0.0,2.0,5.0,0,0.0
2024,Deni Avdija,avdijde01,23.0,WAS,SF,75,75.0,2257.0,406,803,0.506,88.0,235.0,0.374,318.0,568.0,0.56,0.56,202,273,0.74,84.0,456.0,540.0,286,60.0,36.0,160.0,185.0,1102,0.0
2024,Deandre Ayton,aytonde01,25.0,POR,C,55,55.0,1784.0,427,749,0.57,1.0,10.0,0.1,426.0,739.0,0.576,0.571,65,79,0.823,176.0,433.0,609.0,90,56.0,42.0,99.0,109.0,920,0.0
2024,Udoka Azubuike,azubuud01,24.0,PHO,C,16,0.0,113.0,16,23,0.696,0.0,0.0,,16.0,23.0,0.696,0.696,3,13,0.231,11.0,21.0,32.0,3,1.0,6.0,4.0,17.0,35,0.0
2024,Ibou Badji,badjiib01,21.0,POR,C,22,1.0,226.0,14,22,0.636,0.0,0.0,,14.0,22.0,0.636,0.636,6,12,0.5,20.0,31.0,51.0,13,3.0,20.0,15.0,46.0,34,0.0
2024,Marvin Bagley III,baglema01,24.0,DET,C,26,10.0,478.0,107,181,0.591,1.0,6.0,0.167,106.0,175.0,0.606,0.594,50,61,0.82,46.0,72.0,118.0,27,5.0,14.0,29.0,40.0,265,0.0
2024,Marvin Bagley III,baglema01,24.0,WAS,C,24,15.0,575.0,132,227,0.581,8.0,17.0,0.471,124.0,210.0,0.59,0.599,46,65,0.708,84.0,110.0,194.0,28,15.0,19.0,30.0,41.0,318,0.0
2024,Amari Bailey,baileam01,19.0,CHO,PG,10,0.0,65.0,8,24,0.333,1.0,8.0,0.125,7.0,16.0,0.438,0.354,6,7,0.857,6.0,3.0,9.0,7,3.0,0.0,4.0,2.0,23,0.0
2024,Patrick Baldwin Jr.,baldwpa01,21.0,WAS,SF,38,7.0,493.0,59,155,0.381,31.0,97.0,0.32,28.0,58.0,0.483,0.481,19,28,0.679,17.0,106.0,123.0,29,18.0,15.0,19.0,56.0,168,0.0
2024,LaMelo Ball,ballla01,22.0,CHO,PG,22,22.0,711.0,183,423,0.433,70.0,197.0,0.355,113.0,226.0,0.5,0.515,90,104,0.865,29.0,84.0,113.0,176,40.0,4.0,83.0,79.0,526,1.0
2024,Mo Bamba,bambamo01,25.0,PHI,C,57,17.0,740.0,97,198,0.49,25.0,64.0,0.391,72.0,134.0,0.537,0.553,34,50,0.68,77.0,161.0,238.0,41,22.0,60.0,39.0,101.0,253,0.0
2024,Paolo Banchero,banchpa01,21.0,ORL,PF,80,80.0,2799.0,640,1407,0.455,119.0,351.0,0.339,521.0,1056.0,0.493,0.497,405,559,0.725,82.0,472.0,554.0,431,71.0,47.0,247.0,153.0,1804,2.0
2024,Desmond Bane,banede01,25.0,MEM,SG,42,42.0,1443.0,360,776,0.464,137.0,360.0,0.381,223.0,416.0,0.536,0.552,140,161,0.87,36.0,149.0,185.0,230,43.0,22.0,112.0,120.0,997,0.0
2024,Dalano Banton,bantoda01,24.0,BOS,PG,24,1.0,171.0,19,51,0.373,2.0,16.0,0.125,17.0,35.0,0.486,0.392,16,20,0.8,12.0,23.0,35.0,19,5.0,3.0,10.0,20.0,56,0.0
2024,Dalano Banton,bantoda01,24.0,POR,PG,30,8.0,876.0,183,449,0.408,57.0,183.0,0.311,126.0,266.0,0.474,0.471,78,100,0.78,29.0,114.0,143.0,108,28.0,17.0,67.0,44.0,501,0.0
2024,Dominick Barlow,barlodo01,20.0,SAS,PF,33,1.0,420.0,56,113,0.496,3.0,9.0,0.333,53.0,104.0,0.51,0.509,29,42,0.69,45.0,68.0,113.0,36,12.0,14.0,9.0,47.0,144,0.0
2024,Harrison Barnes,barneha02,31.0,SAC,PF,82,82.0,2381.0,347,732,0.474,149.0,385.0,0.387,198.0,347.0,0.571,0.576,157,196,0.801,67.0,182.0,249.0,99,54.0,12.0,58.0,98.0,1000,0.0
2024,Scottie Barnes,barnesc01,22.0,TOR,SG,60,60.0,2094.0,447,942,0.475,101.0,296.0,0.341,346.0,646.0,0.536,0.528,196,251,0.781,141.0,353.0,494.0,363,75.0,88.0,165.0,118.0,1191,4.0
2024,RJ Barrett,barrerj01,23.0,NYK,SG,26,26.0,766.0,164,388,0.423,43.0,130.0,0.331,121.0,258.0,0.469,0.478,103,124,0.831,19.0,92.0,111.0,63,12.0,9.0,47.0,45.0,474,0.0
2024,RJ Barrett,barrerj01,23.0,TOR,SG,32,32.0,1072.0,272,492,0.553,47.0,120.0,0.392,225.0,372.0,0.605,0.601,105,167,0.629,34.0,170.0,204.0,130,19.0,13.0,79.0,84.0,696,0.0
2024,Charles Bassey,bassech01,23.0,SAS,C,19,0.0,205.0,29,40,0.725,0.0,1.0,0.0,29.0,39.0,0.744,0.725,5,6,0.833,23.0,53.0,76.0,21,8.0,17.0,15.0,31.0,63,0.0
2024,Emoni Bates,batesem01,20.0,CLE,SF,15,0.0,133.0,15,49,0.306,10.0,33.0,0.303,5.0,16.0,0.313,0.408,1,4,0.25,1.0,13.0,14.0,10,1.0,2.0,8.0,5.0,41,0.0
2024,Keita Bates-Diop,bateske01,28.0,PHO,SF,39,8.0,597.0,64,150,0.427,20.0,64.0,0.313,44.0,86.0,0.512,0.493,26,36,0.722,30.0,71.0,101.0,34,22.0,20.0,13.0,33.0,174,0.0
2024,Keita Bates-Diop,bateske01,28.0,BRK,SF,14,0.0,68.0,8,16,0.5,1.0,5.0,0.2,7.0,11.0,0.636,0.531,6,6,1.0,1.0,8.0,9.0,4,3.0,2.0,2.0,2.0,23,0.0
2024,Nicolas Batum,batumni01,35.0,LAC,PF,3,0.0,54.0,3,8,0.375,2.0,7.0,0.286,1.0,1.0,1.0,0.5,0,0,,0.0,7.0,7.0,5,3.0,4.0,1.0,5.0,8,0.0
2024,Nicolas Batum,batumni01,35.0,PHI,PF,57,38.0,1475.0,113,248,0.456,71.0,178.0,0.399,42.0,70.0,0.6,0.599,15,21,0.714,70.0,171.0,241.0,123,45.0,34.0,39.0,104.0,312,0.0
2024,Darius Bazley,bazleda01,23.0,PHI,PF,3,0.0,10.0,0,1,0.0,0.0,0.0,,0.0,1.0,0.0,0.0,0,0,,0.0,1.0,1.0,2,0.0,0.0,1.0,0.0,0,0.0
2024,Darius Bazley,bazleda01,23.0,UTA,PF,6,0.0,142.0,18,29,0.621,2.0,8.0,0.25,16.0,21.0,0.762,0.655,10,12,0.833,8.0,19.0,27.0,5,6.0,7.0,7.0,3.0,48,0.0
2024,Bradley Beal,bealbr01,30.0,PHO,SG,53,53.0,1767.0,377,735,0.513,101.0,235.0,0.43,276.0,500.0,0.552,0.582,109,134,0.813,54.0,178.0,232.0,265,52.0,27.0,131.0,127.0,964,0.0
2024,Malik Beasley,beaslma01,27.0,MIL,SG,79,77.0,2337.0,320,722,0.443,224.0,542.0,0.413,96.0,180.0,0.533,0.598,25,35,0.714,41.0,249.0,290.0,108,59.0,9.0,54.0,158.0,889,0.0
2024,MarJon Beauchamp,beaucma01,23.0,MIL,SF,48,1.0,608.0,81,166,0.488,30.0,75.0,0.4,51.0,91.0,0.56,0.578,19,28,0.679,22.0,77.0,99.0,31,13.0,7.0,27.0,54.0,211,0.0
2024,Jules Bernard,bernaju01,24.0,WAS,SG,19,0.0,149.0,29,64,0.453,11.0,29.0,0.379,18.0,35.0,0.514,0.539,5,9,0.556,10.0,16.0,26.0,16,3.0,1.0,8.0,14.0,74,0.0
2024,Dāvis Bertāns,bertada01,31.0,OKC,PF,15,0.0,91.0,10,26,0.385,10.0,24.0,0.417,0.0,2.0,0.0,0.577,14,15,0.933,2.0,8.0,10.0,9,3.0,3.0,1.0,10.0,44,0.0
2024,Dāvis Bertāns,bertada01,31.0,CHO,PF,28,1.0,583.0,82,208,0.394,66.0,176.0,0.375,16.0,32.0,0.5,0.553,16,18,0.889,7.0,44.0,51.0,26,23.0,9.0,17.0,46.0,246,0.0
2024,Patrick Beverley,beverpa01,35.0,PHI,PG,47,5.0,919.0,104,241,0.432,35.0,109.0,0.321,69.0,132.0,0.523,0.504,51,63,0.81,30.0,115.0,145.0,144,24.0,18.0,49.0,83.0,294,0.0
2024,Patrick Beverley,beverpa01,35.0,MIL,PG,26,8.0,543.0,54,138,0.391,26.0,72.0,0.361,28.0,66.0,0.424,0.486,23,27,0.852,19.0,75.0,94.0,68,19.0,13.0,16.0,45.0,157,0.0
2024,Saddiq Bey,beysa01,24.0,ATL,SF,63,51.0,2062.0,290,697,0.416,113.0,358.0,0.316,177.0,339.0,0.522,0.497,170,203,0.837,167.0,244.0,411.0,92,51.0,11.0,54.0,88.0,863,0.0
2024,Goga Bitadze,bitadgo01,24.0,ORL,C,62,33.0,957.0,126,209,0.603,2.0,14.0,0.143,124.0,195.0,0.636,0.608,57,87,0.655,109.0,177.0,286.0,79,32.0,72.0,44.0,107.0,311,0.0
2024,Onuralp Bitim,bitimon01,24.0,CHI,SG,23,1.0,268.0,32,84,0.381,12.0,44.0,0.273,20.0,40.0,0.5,0.452,4,5,0.8,6.0,26.0,32.0,13,3.0,2.0,10.0,24.0,80,0.0
2024,Bismack Biyombo,biyombi01,31.0,MEM,C,30,27.0,718.0,67,119,0.563,0.0,0.0,,67.0,119.0,0.563,0.563,22,46,0.478,57.0,134.0,191.0,51,10.0,34.0,38.0,82.0,156,0.0
2024,Bismack Biyombo,biyombi01,31.0,OKC,C,10,0.0,73.0,7,12,0.583,0.0,0.0,,7.0,12.0,0.583,0.583,4,8,0.5,5.0,13.0,18.0,2,1.0,3.0,4.0,7.0,18,0.0
2024,Anthony Black,blackan01,20.0,ORL,PG,69,33.0,1164.0,115,247,0.466,37.0,94.0,0.394,78.0,153.0,0.51,0.54,49,80,0.613,33.0,106.0,139.0,91,35.0,21.0,56.0,110.0,316,0.0
2024,Leaky Black,blackle01,24.0,CHO,SF,26,3.0,284.0,25,52,0.481,9.0,20.0,0.45,16.0,32.0,0.5,0.567,10,15,0.667,9.0,39.0,48.0,24,8.0,11.0,6.0,19.0,69,0.0
2024,Buddy Boeheim,boehebu01,24.0,DET,SF,10,0.0,84.0,9,29,0.31,8.0,25.0,0.32,1.0,4.0,0.25,0.448,8,10,0.8,3.0,7.0,10.0,3,0.0,1.0,0.0,5.0,34,0.0
2024,Bogdan Bogdanović,bogdabo01,31.0,ATL,SG,79,33.0,2401.0,471,1100,0.428,240.0,641.0,0.374,231.0,459.0,0.503,0.537,151,164,0.921,53.0,219.0,272.0,247,96.0,26.0,112.0,179.0,1333,0.0
2024,Bojan Bogdanović,bogdabo02,34.0,DET,PF,28,27.0,921.0,199,425,0.468,86.0,207.0,0.415,113.0,218.0,0.518,0.569,81,104,0.779,13.0,81.0,94.0,71,23.0,4.0,63.0,57.0,565,0.0
2024,Bojan Bogdanović,bogdabo02,34.0,NYK,SF,29,0.0,557.0,110,256,0.43,47.0,127.0,0.37,63.0,129.0,0.488,0.521,36,45,0.8,9.0,49.0,58.0,26,7.0,1.0,38.0,38.0,303,0.0
2024,Bol Bol,bolbo01,24.0,PHO,PF,43,0.0,469.0,93,151,0.616,22.0,52.0,0.423,71.0,99.0,0.717,0.689,15,19,0.789,32.0,105.0,137.0,17,10.0,25.0,19.0,42.0,223,0.0
2024,Marques Bolden,boldema01,25.0,MIL,C,2,0.0,3.0,0,0,,0.0,0.0,,0.0,0.0,,,0,0,,0.0,2.0,2.0,0,0.0,0.0,0.0,1.0,0,0.0
2024,Marques Bolden,boldema01,25.0,CHO,C,9,2.0,118.0,17,25,0.68,0.0,1.0,0.0,17.0,24.0,0.708,0.68,3,4,0.75,10.0,22.0,32.0,4,3.0,7.0,3.0,9.0,37,0.0
2024,Devin Booker,bookede01,27.0,PHO,PG,68,68.0,2447.0,642,1305,0.492,152.0,418.0,0.364,490.0,887.0,0.552,0.55,405,457,0.886,56.0,252.0,308.0,472,61.0,28.0,178.0,206.0,1841,0.0
2024,Brandon Boston Jr.,bostobr01,22.0,LAC,SF,32,0.0,345.0,65,161,0.404,14.0,52.0,0.269,51.0,109.0,0.468,0.447,23,33,0.697,19.0,33.0,52.0,13,11.0,8.0,24.0,40.0,167,0.0
2024,Chris Boucher,bouchch01,31.0,TOR,PF,50,0.0,705.0,110,217,0.507,31.0,94.0,0.33,79.0,123.0,0.642,0.578,71,92,0.772,62.0,145.0,207.0,23,14.0,24.0,28.0,68.0,322,0.0
2024,James Bouknight,bouknja01,23.0,CHO,SG,14,0.0,81.0,18,41,0.439,13.0,30.0,0.433,5.0,11.0,0.455,0.598,1,2,0.5,1.0,8.0,9.0,6,1.0,1.0,2.0,3.0,50,0.0
2024,Jamaree Bouyea,bouyeja01,24.0,POR,PG,6,0.0,57.0,5,21,0.238,0.0,8.0,0.0,5.0,13.0,0.385,0.238,0,0,,2.0,8.0,10.0,8,0.0,0.0,8.0,3.0,10,0.0
2024,Jamaree Bouyea,bouyeja01,24.0,SAS,PG,3,0.0,38.0,5,7,0.714,1.0,1.0,1.0,4.0,6.0,0.667,0.786,0,0,,1.0,8.0,9.0,3,1.0,0.0,1.0,7.0,11,0.0
2024,Malaki Branham,branhma01,20.0,SAS,PG,75,29.0,1594.0,271,628,0.432,93.0,268.0,0.347,178.0,360.0,0.494,0.506,55,63,0.873,28.0,120.0,148.0,156,27.0,8.0,91.0,94.0,690,0.0
2024,Christian Braun,braunch01,22.0,DEN,SG,82,4.0,1655.0,222,483,0.46,63.0,164.0,0.384,159.0,319.0,0.498,0.525,93,134,0.694,79.0,227.0,306.0,132,42.0,35.0,55.0,137.0,600,0.0
2024,Mikal Bridges,bridgmi01,27.0,BRK,SF,82,82.0,2854.0,564,1294,0.436,220.0,592.0,0.372,344.0,702.0,0.49,0.521,258,317,0.814,68.0,304.0,372.0,299,81.0,30.0,164.0,116.0,1606,0.0
2024,Miles Bridges,bridgmi02,25.0,CHO,SF,69,67.0,2581.0,559,1210,0.462,157.0,450.0,0.349,402.0,760.0,0.529,0.527,174,211,0.825,71.0,434.0,505.0,231,65.0,33.0,138.0,118.0,1449,0.0
2024,Oshae Brissett,brissos01,25.0,BOS,SF,55,1.0,630.0,68,153,0.444,15.0,55.0,0.273,53.0,98.0,0.541,0.493,50,83,0.602,61.0,99.0,160.0,44,19.0,8.0,20.0,54.0,201,0.0
2024,Izaiah Brockington,brockiz01,24.0,NOP,PG,1,0.0,3.0,2,5,0.4,0.0,1.0,0.0,2.0,4.0,0.5,0.4,0,0,,1.0,1.0,2.0,0,0.0,0.0,0.0,0.0,4,0.0
2024,Malcolm Brogdon,brogdma01,31.0,POR,PG,39,25.0,1121.0,218,496,0.44,82.0,199.0,0.412,136.0,297.0,0.458,0.522,95,116,0.819,28.0,120.0,148.0,214,27.0,8.0,60.0,58.0,613,0.0
2024,Armoni Brooks,brookar01,25.0,BRK,PG,10,0.0,104.0,15,46,0.326,11.0,32.0,0.344,4.0,14.0,0.286,0.446,1,2,0.5,7.0,11.0,18.0,5,1.0,1.0,3.0,3.0,42,0.0
2024,Dillon Brooks,brookdi01,28.0,HOU,SF,72,72.0,2227.0,329,768,0.428,133.0,370.0,0.359,196.0,398.0,0.492,0.515,124,147,0.844,53.0,193.0,246.0,119,64.0,10.0,88.0,241.0,915,0.0
2024,Bruce Brown,brownbr01,27.0,IND,SG,33,33.0,981.0,149,314,0.475,33.0,101.0,0.327,116.0,213.0,0.545,0.527,67,82,0.817,25.0,129.0,154.0,100,35.0,8.0,41.0,81.0,398,0.0
2024,Bruce Brown,brownbr01,27.0,TOR,PG,34,11.0,885.0,129,268,0.481,20.0,63.0,0.317,109.0,205.0,0.532,0.519,50,60,0.833,28.0,102.0,130.0,92,24.0,9.0,45.0,67.0,328,0.0
2024,Charlie Brown Jr.,brownch02,26.0,NYK,SG,8,0.0,37.0,2,10,0.2,2.0,7.0,0.286,0.0,3.0,0.0,0.3,0,0,,1.0,1.0,2.0,0,0.0,2.0,2.0,5.0,6,0.0
2024,Greg Brown III,browngr01,22.0,DAL,PF,6,0.0,40.0,5,11,0.455,1.0,3.0,0.333,4.0,8.0,0.5,0.5,4,9,0.444,3.0,6.0,9.0,4,0.0,4.0,4.0,5.0,15,0.0
2024,Jaylen Brown,brownja02,27.0,BOS,SF,70,70.0,2343.0,627,1256,0.499,145.0,410.0,0.354,482.0,846.0,0.57,0.557,211,300,0.703,84.0,303.0,387.0,249,83.0,37.0,166.0,185.0,1610,1.0
2024,Kendall Brown,brownke03,20.0,IND,SG,15,0.0,63.0,8,15,0.533,0.0,2.0,0.0,8.0,13.0,0.615,0.533,5,8,0.625,3.0,2.0,5.0,5,0.0,0.0,2.0,9.0,21,0.0
2024,Kobe Brown,brownko01,24.0,LAC,PF,44,0.0,394.0,37,90,0.411,14.0,48.0,0.292,23.0,42.0,0.548,0.489,1,2,0.5,20.0,42.0,62.0,25,12.0,6.0,9.0,49.0,89,0.0
2024,Moses Brown,brownmo01,24.0,POR,C,22,5.0,200.0,33,65,0.508,0.0,0.0,,33.0,65.0,0.508,0.508,9,31,0.29,37.0,49.0,86.0,7,5.0,7.0,11.0,27.0,75,0.0
2024,Troy Brown Jr.,browntr01,24.0,MIN,SF,37,3.0,410.0,52,118,0.441,31.0,84.0,0.369,21.0,34.0,0.618,0.572,19,22,0.864,14.0,58.0,72.0,35,8.0,2.0,18.0,26.0,154,0.0
2024,Troy Brown Jr.,browntr01,24.0,DET,SF,22,12.0,417.0,32,108,0.296,16.0,57.0,0.281,16.0,51.0,0.314,0.37,13,15,0.867,11.0,61.0,72.0,25,16.0,1.0,12.0,16.0,93,0.0
2024,Jalen Brunson,brunsja01,27.0,NYK,PG,77,77.0,2726.0,790,1648,0.479,211.0,526.0,0.401,579.0,1122.0,0.516,0.543,421,497,0.847,43.0,235.0,278.0,519,70.0,13.0,186.0,144.0,2212,0.0
2024,Thomas Bryant,bryanth01,26.0,MIA,C,38,4.0,441.0,86,149,0.577,4.0,22.0,0.182,82.0,127.0,0.646,0.591,41,47,0.872,40.0,101.0,141.0,23,10.0,16.0,21.0,46.0,217,0.0
2024,Kobe Bufkin,bufkiko01,20.0,ATL,SG,17,0.0,196.0,34,92,0.37,9.0,40.0,0.225,25.0,52.0,0.481,0.418,4,8,0.5,6.0,27.0,33.0,27,7.0,5.0,10.0,20.0,81,0.0
2024,Reggie Bullock,bullore01,32.0,HOU,SF,44,0.0,417.0,34,82,0.415,27.0,67.0,0.403,7.0,15.0,0.467,0.579,1,1,1.0,6.0,67.0,73.0,15,12.0,5.0,10.0,29.0,96,0.0
2024,Alec Burks,burksal01,32.0,DET,SG,43,0.0,901.0,160,406,0.394,99.0,247.0,0.401,61.0,159.0,0.384,0.516,121,134,0.903,16.0,94.0,110.0,68,21.0,11.0,32.0,64.0,540,0.0
2024,Alec Burks,burksal01,32.0,NYK,SG,23,1.0,311.0,50,163,0.307,25.0,83.0,0.301,25.0,80.0,0.313,0.383,24,33,0.727,8.0,32.0,40.0,20,7.0,1.0,16.0,11.0,149,0.0
2024,Jared Butler,butleja02,23.0,WAS,SG,40,0.0,566.0,98,201,0.488,24.0,78.0,0.308,74.0,123.0,0.602,0.547,31,36,0.861,9.0,49.0,58.0,126,29.0,8.0,50.0,58.0,251,0.0
2024,Jimmy Butler,butleji01,34.0,MIA,PF,60,60.0,2042.0,396,793,0.499,60.0,145.0,0.414,336.0,648.0,0.519,0.537,394,459,0.858,105.0,213.0,318.0,298,79.0,17.0,102.0,68.0,1246,1.0
2024,Jamal Cain,cainja01,24.0,MIA,PF,26,1.0,259.0,34,79,0.43,11.0,31.0,0.355,23.0,48.0,0.479,0.5,18,23,0.783,15.0,22.0,37.0,10,10.0,5.0,8.0,22.0,97,0.0
2024,Kentavious Caldwell-Pope,caldwke01,30.0,DEN,SG,76,76.0,2402.0,270,587,0.46,125.0,308.0,0.406,145.0,279.0,0.52,0.566,101,113,0.894,31.0,152.0,183.0,183,98.0,42.0,75.0,151.0,766,0.0
2024,Toumani Camara,camarto01,23.0,POR,PF,70,49.0,1739.0,197,438,0.45,58.0,172.0,0.337,139.0,266.0,0.523,0.516,75,99,0.758,139.0,204.0,343.0,87,66.0,33.0,84.0,174.0,527,0.0
2024,Clint Capela,capelca01,29.0,ATL,C,73,73.0,1883.0,353,618,0.571,0.0,1.0,0.0,353.0,617.0,0.572,0.571,130,206,0.631,335.0,441.0,776.0,91,43.0,106.0,74.0,164.0,836,0.0
2024,Jevon Carter,carteje01,28.0,CHI,PG,72,0.0,1004.0,138,365,0.378,77.0,234.0,0.329,61.0,131.0,0.466,0.484,4,7,0.571,11.0,49.0,60.0,94,37.0,16.0,36.0,71.0,357,0.0
2024,Wendell Carter Jr.,cartewe01,24.0,ORL,C,55,48.0,1406.0,223,425,0.525,64.0,171.0,0.374,159.0,254.0,0.626,0.6,93,134,0.694,112.0,269.0,381.0,95,35.0,28.0,68.0,121.0,603,0.0
2024,D.J. Carton,cartodj01,23.0,TOR,SG,4,0.0,36.0,3,8,0.375,1.0,4.0,0.25,2.0,4.0,0.5,0.438,4,5,0.8,2.0,2.0,4.0,3,1.0,0.0,1.0,3.0,11,0.0
2024,Alex Caruso,carusal01,29.0,CHI,SG,71,57.0,2040.0,253,541,0.468,136.0,333.0,0.408,117.0,208.0,0.563,0.593,73,96,0.76,62.0,211.0,273.0,247,120.0,70.0,102.0,181.0,715,0.0
2024,Colin Castleton,castlco01,23.0,LAL,C,16,0.0,59.0,9,16,0.563,0.0,0.0,,9.0,16.0,0.563,0.563,6,6,1.0,6.0,6.0,12.0,3,2.0,0.0,3.0,11.0,24,0.0
2024,Malcolm Cazalon,cazalma01,22.0,DET,SG,1,0.0,3.0,0,0,,0.0,0.0,,0.0,0.0,,,0,0,,0.0,0.0,0.0,0,0.0,0.0,0.0,0.0,0,0.0
2024,Justin Champagnie,champju01,22.0,WAS,SF,15,1.0,235.0,32,78,0.41,13.0,45.0,0.289,19.0,33.0,0.576,0.494,12,15,0.8,19.0,34.0,53.0,19,10.0,9.0,10.0,14.0,89,0.0
2024,Julian Champagnie,champju02,22.0,SAS,SF,74,59.0,1468.0,164,402,0.408,101.0,277.0,0.365,63.0,125.0,0.504,0.534,75,92,0.815,42.0,164.0,206.0,103,48.0,42.0,57.0,77.0,504,0.0
2024,Max Christie,chrisma02,20.0,LAL,SG,67,7.0,944.0,103,241,0.427,42.0,118.0,0.356,61.0,123.0,0.496,0.515,36,46,0.783,15.0,127.0,142.0,60,20.0,17.0,35.0,57.0,284,0.0
2024,Sidy Cissoko,cissosi01,19.0,SAS,SF,12,0.0,141.0,16,33,0.485,1.0,12.0,0.083,15.0,21.0,0.714,0.5,12,15,0.8,8.0,14.0,22.0,10,7.0,3.0,3.0,18.0,45,0.0
2024,Brandon Clarke,clarkbr01,27.0,MEM,PF,6,1.0,134.0,33,59,0.559,1.0,6.0,0.167,32.0,53.0,0.604,0.568,1,7,0.143,13.0,19.0,32.0,9,5.0,6.0,3.0,8.0,68,0.0
2024,Jordan Clarkson,clarkjo01,31.0,UTA,SG,55,19.0,1682.0,337,816,0.413,91.0,309.0,0.294,246.0,507.0,0.485,0.469,177,201,0.881,49.0,139.0,188.0,277,35.0,6.0,146.0,81.0,942,1.0
2024,Nic Claxton,claxtni01,24.0,BRK,C,71,71.0,2116.0,366,582,0.629,1.0,5.0,0.2,365.0,577.0,0.633,0.63,108,196,0.551,193.0,513.0,706.0,147,46.0,146.0,93.0,175.0,841,0.0
2024,Noah Clowney,clownno01,19.0,BRK,PF,23,4.0,370.0,50,93,0.538,12.0,33.0,0.364,38.0,60.0,0.633,0.602,21,30,0.7,26.0,55.0,81.0,18,8.0,16.0,15.0,25.0,133,0.0
2024,Amir Coffey,coffeam01,26.0,LAC,SF,70,13.0,1460.0,166,352,0.472,70.0,184.0,0.38,96.0,168.0,0.571,0.571,61,71,0.859,29.0,119.0,148.0,76,41.0,14.0,33.0,102.0,463,0.0
2024,John Collins,collijo01,26.0,UTA,PF,68,66.0,1901.0,397,746,0.532,86.0,232.0,0.371,311.0,514.0,0.605,0.59,147,185,0.795,157.0,418.0,575.0,77,40.0,61.0,98.0,191.0,1027,0.0
2024,Zach Collins,colliza01,26.0,SAS,C,69,29.0,1526.0,298,616,0.484,58.0,181.0,0.32,240.0,435.0,0.552,0.531,122,162,0.753,118.0,252.0,370.0,194,34.0,52.0,132.0,206.0,776,0.0
2024,Mike Conley,conlemi01,36.0,MIN,PG,76,76.0,2193.0,294,644,0.457,179.0,405.0,0.442,115.0,239.0,0.481,0.595,102,112,0.911,37.0,181.0,218.0,449,88.0,17.0,102.0,128.0,869,0.0
2024,Pat Connaughton,connapa01,31.0,MIL,SF,76,3.0,1676.0,151,347,0.435,82.0,238.0,0.345,69.0,109.0,0.633,0.553,44,58,0.759,51.0,188.0,239.0,161,40.0,19.0,49.0,99.0,428,0.0
2024,Bilal Coulibaly,coulibi01,19.0,WAS,SF,63,15.0,1715.0,188,432,0.435,64.0,185.0,0.346,124.0,247.0,0.502,0.509,92,131,0.702,56.0,200.0,256.0,110,57.0,48.0,87.0,137.0,532,0.0
2024,Ricky Council IV,councri01,22.0,PHI,SG,32,0.0,289.0,54,112,0.482,12.0,32.0,0.375,42.0,80.0,0.525,0.536,53,71,0.746,14.0,32.0,46.0,16,8.0,1.0,5.0,17.0,173,0.0
2024,Robert Covington,covinro01,33.0,LAC,PF,3,3.0,69.0,3,9,0.333,2.0,8.0,0.25,1.0,1.0,1.0,0.444,1,2,0.5,2.0,6.0,8.0,7,6.0,2.0,0.0,7.0,9,0.0
2024,Robert Covington,covinro01,33.0,PHI,SF,26,3.0,419.0,40,89,0.449,17.0,48.0,0.354,23.0,41.0,0.561,0.545,21,24,0.875,29.0,60.0,89.0,17,33.0,16.0,11.0,49.0,118,0.0
2024,Torrey Craig,craigto01,33.0,CHI,SF,53,14.0,1049.0,108,251,0.43,60.0,153.0,0.392,48.0,98.0,0.49,0.55,27,36,0.75,69.0,148.0,217.0,58,30.0,21.0,32.0,110.0,303,0.0
2024,Jae Crowder,crowdja01,33.0,MIL,PF,50,25.0,1156.0,114,270,0.422,58.0,166.0,0.349,56.0,104.0,0.538,0.53,26,36,0.722,31.0,130.0,161.0,66,38.0,9.0,23.0,74.0,312,0.0
2024,Jalen Crutcher,crutcja01,24.0,NOP,PG,1,0.0,3.0,0,1,0.0,0.0,0.0,,0.0,1.0,0.0,0.0,0,0,,0.0,0.0,0.0,0,0.0,0.0,0.0,0.0,0,0.0
2024,Cade Cunningham,cunnica01,22.0,DET,PG,62,62.0,2074.0,524,1167,0.449,119.0,335.0,0.355,405.0,832.0,0.487,0.5,238,274,0.869,33.0,235.0,268.0,464,56.0,22.0,212.0,153.0,1405,0.0
2024,Seth Curry,curryse01,33.0,DAL,SG,36,3.0,457.0,54,145,0.372,29.0,80.0,0.363,25.0,65.0,0.385,0.472,17,19,0.895,15.0,37.0,52.0,30,17.0,3.0,16.0,32.0,154,0.0
2024,Seth Curry,curryse01,33.0,CHO,SG,8,1.0,159.0,26,59,0.441,9.0,28.0,0.321,17.0,31.0,0.548,0.517,11,12,0.917,3.0,13.0,16.0,14,5.0,3.0,5.0,7.0,72,0.0
2024,Stephen Curry,curryst01,35.0,GSW,PG,74,74.0,2421.0,650,1445,0.45,357.0,876.0,0.408,293.0,569.0,0.515,0.573,299,324,0.923,37.0,293.0,330.0,379,54.0,28.0,210.0,117.0,1956,0.0
2024,Dyson Daniels,daniedy01,20.0,NOP,PG,61,16.0,1358.0,139,311,0.447,42.0,135.0,0.311,97.0,176.0,0.551,0.514,34,53,0.642,62.0,174.0,236.0,164,85.0,25.0,59.0,101.0,354,0.0
2024,Anthony Davis,davisan02,30.0,LAL,C,76,76.0,2700.0,713,1283,0.556,29.0,107.0,0.271,684.0,1176.0,0.582,0.567,421,516,0.816,239.0,722.0,961.0,266,91.0,178.0,159.0,177.0,1876,2.0
2024,JD Davison,davisjd01,21.0,BOS,SG,8,0.0,39.0,5,12,0.417,3.0,7.0,0.429,2.0,5.0,0.4,0.542,3,4,0.75,2.0,8.0,10.0,10,1.0,1.0,2.0,4.0,16,0.0
2024,Johnny Davis,davisjo06,21.0,WAS,SG,50,6.0,613.0,62,154,0.403,14.0,40.0,0.35,48.0,114.0,0.421,0.448,14,24,0.583,18.0,54.0,72.0,32,18.0,10.0,13.0,57.0,152,0.0
2024,Dexter Dennis,dennide01,24.0,DAL,SG,4,0.0,30.0,10,19,0.526,1.0,8.0,0.125,9.0,11.0,0.818,0.553,1,3,0.333,1.0,8.0,9.0,4,0.0,1.0,3.0,1.0,22,0.0
2024,DeMar DeRozan,derozde01,34.0,CHI,SF,79,79.0,2989.0,650,1355,0.48,75.0,225.0,0.333,575.0,1130.0,0.509,0.507,522,612,0.853,43.0,297.0,340.0,421,90.0,45.0,135.0,161.0,1897,0.0
2024,Moussa Diabaté,diabamo01,22.0,LAC,C,11,0.0,64.0,10,19,0.526,0.0,0.0,,10.0,19.0,0.526,0.526,9,14,0.643,15.0,9.0,24.0,4,5.0,1.0,2.0,4.0,29,0.0
2024,Mamadi Diakite,diakima01,27.0,SAS,PF,3,0.0,16.0,4,5,0.8,0.0,0.0,,4.0,5.0,0.8,0.8,4,6,0.667,1.0,2.0,3.0,2,0.0,1.0,0.0,1.0,12,0.0
2024,Mamadi Diakite,diakima01,27.0,NYK,PF,3,0.0,8.0,0,1,0.0,0.0,1.0,0.0,0.0,0.0,,0.0,0,0,,0.0,1.0,1.0,0,1.0,0.0,1.0,1.0,0,0.0
2024,Hamidou Diallo,diallha01,25.0,WAS,SG,2,0.0,5.0,1,2,0.5,0.0,0.0,,1.0,2.0,0.5,0.5,0,0,,2.0,0.0,2.0,1,2.0,0.0,1.0,1.0,2,0.0
2024,Gradey Dick,dickgr01,20.0,TOR,SG,60,17.0,1268.0,189,445,0.425,88.0,241.0,0.365,101.0,204.0,0.495,0.524,44,51,0.863,27.0,105.0,132.0,68,34.0,2.0,50.0,87.0,510,0.0
2024,Ousmane Dieng,diengou01,20.0,OKC,PF,33,0.0,365.0,49,116,0.422,21.0,70.0,0.3,28.0,46.0,0.609,0.513,14,16,0.875,10.0,41.0,51.0,37,8.0,5.0,19.0,22.0,133,0.0
2024,Spencer Dinwiddie,dinwisp01,30.0,BRK,PG,48,48.0,1474.0,195,499,0.391,89.0,278.0,0.32,106.0,221.0,0.48,0.48,125,160,0.781,26.0,132.0,158.0,288,38.0,9.0,62.0,86.0,604,0.0
2024,Spencer Dinwiddie,dinwisp01,30.0,LAL,PG,28,4.0,678.0,56,141,0.397,35.0,90.0,0.389,21.0,51.0,0.412,0.521,44,50,0.88,4.0,43.0,47.0,68,13.0,13.0,29.0,52.0,191,0.0
2024,Donte DiVincenzo,divindo01,27.0,NYK,SG,81,63.0,2360.0,445,1004,0.443,283.0,705.0,0.401,162.0,299.0,0.542,0.584,86,114,0.754,63.0,234.0,297.0,216,107.0,36.0,113.0,166.0,1259,0.0
2024,Luka Dončić,doncilu01,24.0,DAL,PG,70,70.0,2624.0,804,1652,0.487,284.0,744.0,0.382,520.0,908.0,0.573,0.573,478,608,0.786,59.0,588.0,647.0,686,99.0,38.0,282.0,149.0,2370,21.0
2024,Luguentz Dort,dortlu01,24.0,OKC,SF,79,79.0,2246.0,288,657,0.438,156.0,396.0,0.394,132.0,261.0,0.506,0.557,128,155,0.826,74.0,210.0,284.0,113,72.0,47.0,74.0,228.0,860,0.0
2024,Ayo Dosunmu,dosunay01,24.0,CHI,SG,76,37.0,2212.0,360,719,0.501,119.0,295.0,0.403,241.0,424.0,0.568,0.583,85,105,0.81,54.0,162.0,216.0,242,68.0,36.0,103.0,166.0,924,0.0
2024,Jeff Dowtin,dowtije01,26.0,PHI,PG,12,0.0,142.0,20,36,0.556,9.0,19.0,0.474,11.0,17.0,0.647,0.681,3,4,0.75,3.0,17.0,20.0,27,7.0,1.0,5.0,1.0,52,0.0
2024,Henri Drell,drellhe01,23.0,CHI,SF,4,0.0,30.0,4,10,0.4,2.0,6.0,0.333,2.0,4.0,0.5,0.5,1,2,0.5,1.0,3.0,4.0,4,2.0,1.0,2.0,6.0,11,0.0
2024,Andre Drummond,drumman01,30.0,CHI,C,79,10.0,1351.0,267,480,0.556,0.0,3.0,0.0,267.0,477.0,0.56,0.556,129,218,0.592,265.0,443.0,708.0,37,73.0,48.0,81.0,140.0,663,0.0
2024,Chris Duarte,duartch01,26.0,SAC,SF,59,11.0,719.0,80,210,0.381,44.0,127.0,0.346,36.0,83.0,0.434,0.486,26,33,0.788,26.0,80.0,106.0,44,28.0,8.0,26.0,80.0,230,0.0
2024,David Duke Jr.,dukeda01,24.0,SAS,SG,4,0.0,51.0,10,18,0.556,3.0,6.0,0.5,7.0,12.0,0.583,0.639,3,3,1.0,2.0,8.0,10.0,5,2.0,0.0,3.0,4.0,26,0.0
2024,Kris Dunn,dunnkr01,29.0,UTA,PG,66,32.0,1249.0,147,313,0.47,41.0,111.0,0.369,106.0,202.0,0.525,0.535,22,32,0.688,50.0,139.0,189.0,254,68.0,28.0,79.0,135.0,357,0.0
2024,Kevin Durant,duranke01,35.0,PHO,PF,75,75.0,2791.0,751,1436,0.523,168.0,407.0,0.413,583.0,1029.0,0.567,0.581,362,423,0.856,41.0,454.0,495.0,378,69.0,91.0,244.0,133.0,2032,1.0
2024,Jalen Duren,durenja01,20.0,DET,C,61,60.0,1777.0,349,564,0.619,0.0,4.0,0.0,349.0,560.0,0.623,0.619,143,181,0.79,192.0,517.0,709.0,147,33.0,47.0,129.0,192.0,841,0.0
2024,Tari Eason,easonta01,22.0,HOU,PF,22,0.0,480.0,88,189,0.466,18.0,50.0,0.36,70.0,139.0,0.504,0.513,21,33,0.636,46.0,107.0,153.0,27,31.0,19.0,20.0,51.0,215,0.0
2024,Anthony Edwards,edwaran01,22.0,MIN,SG,79,78.0,2770.0,718,1558,0.461,190.0,532.0,0.357,528.0,1026.0,0.515,0.522,423,506,0.836,52.0,378.0,430.0,405,101.0,42.0,241.0,141.0,2049,0.0
2024,Kessler Edwards,edwarke02,23.0,SAC,SF,54,0.0,275.0,34,82,0.415,20.0,52.0,0.385,14.0,30.0,0.467,0.537,5,9,0.556,9.0,33.0,42.0,15,10.0,4.0,4.0,26.0,93,0.0
2024,Keon Ellis,elliske01,24.0,SAC,SG,57,21.0,978.0,107,232,0.461,70.0,168.0,0.417,37.0,64.0,0.578,0.612,26,35,0.743,32.0,92.0,124.0,85,51.0,29.0,37.0,112.0,310,0.0
2024,Joel Embiid,embiijo01,29.0,PHI,C,39,39.0,1309.0,450,851,0.529,54.0,139.0,0.388,396.0,712.0,0.556,0.561,399,452,0.883,95.0,335.0,430.0,219,46.0,66.0,150.0,112.0,1353,2.0
2024,Drew Eubanks,eubandr01,26.0,PHO,C,75,6.0,1169.0,152,253,0.601,3.0,3.0,1.0,149.0,250.0,0.596,0.607,72,93,0.774,103.0,219.0,322.0,63,27.0,61.0,61.0,115.0,379,0.0
2024,Tosan Evbuomwan,evbuoto01,22.0,MEM,SF,4,0.0,74.0,4,15,0.267,2.0,8.0,0.25,2.0,7.0,0.286,0.333,0,0,,8.0,6.0,14.0,6,0.0,1.0,1.0,5.0,10,0.0
2024,Tosan Evbuomwan,evbuoto01,22.0,DET,SF,13,8.0,293.0,32,56,0.571,10.0,24.0,0.417,22.0,32.0,0.688,0.661,17,25,0.68,10.0,36.0,46.0,10,6.0,4.0,8.0,18.0,91,0.0
2024,Dante Exum,exumda01,28.0,DAL,PG,55,17.0,1088.0,161,302,0.533,53.0,108.0,0.491,108.0,194.0,0.557,0.621,53,68,0.779,25.0,124.0,149.0,157,22.0,5.0,49.0,85.0,428,0.0
2024,Bruno Fernando,fernabr01,25.0,ATL,C,45,2.0,682.0,109,187,0.583,0.0,4.0,0.0,109.0,183.0,0.596,0.583,64,96,0.667,59.0,134.0,193.0,46,25.0,28.0,44.0,107.0,282,0.0
2024,Dorian Finney-Smith,finnedo01,30.0,BRK,PF,68,56.0,1934.0,215,511,0.421,117.0,336.0,0.348,98.0,175.0,0.56,0.535,33,46,0.717,109.0,208.0,317.0,107,56.0,38.0,59.0,150.0,580,0.0
2024,Adam Flagler,flaglad01,24.0,OKC,SG,2,0.0,14.0,1,7,0.143,1.0,6.0,0.167,0.0,1.0,0.0,0.214,0,0,,0.0,0.0,0.0,4,0.0,0.0,0.0,0.0,3,0.0
2024,Malachi Flynn,flynnma01,25.0,TOR,PG,31,0.0,474.0,56,137,0.409,28.0,80.0,0.35,28.0,57.0,0.491,0.511,17,22,0.773,13.0,52.0,65.0,73,18.0,6.0,33.0,42.0,157,0.0
2024,Malachi Flynn,flynnma01,25.0,NYK,PG,14,0.0,60.0,9,23,0.391,4.0,13.0,0.308,5.0,10.0,0.5,0.478,9,11,0.818,0.0,6.0,6.0,6,1.0,0.0,3.0,3.0,31,0.0
2024,Malachi Flynn,flynnma01,25.0,DET,PG,24,0.0,342.0,71,165,0.43,24.0,76.0,0.316,47.0,89.0,0.528,0.503,26,38,0.684,8.0,35.0,43.0,51,19.0,2.0,27.0,21.0,192,0.0
2024,Simone Fontecchio,fontesi01,28.0,UTA,SF,50,34.0,1160.0,161,358,0.45,91.0,233.0,0.391,70.0,125.0,0.56,0.577,32,40,0.8,52.0,124.0,176.0,73,30.0,18.0,51.0,81.0,445,0.0
2024,Simone Fontecchio,fontesi01,28.0,DET,SF,16,9.0,484.0,91,190,0.479,43.0,101.0,0.426,48.0,89.0,0.539,0.592,22,26,0.846,12.0,58.0,70.0,28,14.0,5.0,17.0,29.0,247,0.0
2024,Jordan Ford,fordjo01,25.0,SAC,PG,6,0.0,22.0,4,7,0.571,2.0,3.0,0.667,2.0,4.0,0.5,0.714,2,2,1.0,0.0,2.0,2.0,2,0.0,0.0,1.0,0.0,12,0.0
2024,Trent Forrest,forretr01,25.0,ATL,SG,38,0.0,414.0,34,90,0.378,2.0,10.0,0.2,32.0,80.0,0.4,0.389,13,17,0.765,11.0,40.0,51.0,92,11.0,3.0,20.0,25.0,83,0.0
2024,Evan Fournier,fournev01,31.0,NYK,SG,3,0.0,39.0,4,20,0.2,2.0,15.0,0.133,2.0,5.0,0.4,0.25,2,2,1.0,0.0,4.0,4.0,3,4.0,0.0,1.0,4.0,12,0.0
2024,Evan Fournier,fournev01,31.0,DET,SG,29,0.0,541.0,75,201,0.373,31.0,115.0,0.27,44.0,86.0,0.512,0.45,27,34,0.794,5.0,49.0,54.0,45,25.0,7.0,20.0,44.0,208,0.0
2024,De'Aaron Fox,foxde01,26.0,SAC,PG,74,74.0,2659.0,720,1549,0.465,214.0,580.0,0.369,506.0,969.0,0.522,0.534,312,423,0.738,67.0,273.0,340.0,418,150.0,31.0,194.0,193.0,1966,0.0
2024,Javon Freeman-Liberty,freemja01,24.0,TOR,PG,22,6.0,403.0,55,124,0.444,10.0,42.0,0.238,45.0,82.0,0.549,0.484,33,36,0.917,16.0,54.0,70.0,40,10.0,4.0,25.0,28.0,153,0.0
2024,Alex Fudge,fudgeal01,20.0,LAL,SF,4,0.0,14.0,1,6,0.167,0.0,2.0,0.0,1.0,4.0,0.25,0.167,2,2,1.0,2.0,0.0,2.0,0,0.0,0.0,1.0,1.0,4,0.0
2024,Alex Fudge,fudgeal01,20.0,DAL,SF,2,0.0,26.0,5,9,0.556,1.0,3.0,0.333,4.0,6.0,0.667,0.611,0,0,,2.0,1.0,3.0,0,3.0,0.0,1.0,1.0,11,0.0
2024,Markelle Fultz,fultzma01,25.0,ORL,PG,43,18.0,910.0,154,326,0.472,4.0,18.0,0.222,150.0,308.0,0.487,0.479,23,33,0.697,56.0,82.0,138.0,120,42.0,15.0,50.0,65.0,335,0.0
2024,Andrew Funk,funkan01,24.0,CHI,SG,5,0.0,13.0,0,4,0.0,0.0,3.0,0.0,0.0,1.0,0.0,0.0,0,0,,0.0,0.0,0.0,0,1.0,1.0,0.0,0.0,0,0.0
2024,Wenyen Gabriel,gabriwe01,26.0,MEM,PF,5,0.0,81.0,8,22,0.364,1.0,6.0,0.167,7.0,16.0,0.438,0.386,0,5,0.0,7.0,18.0,25.0,3,2.0,2.0,8.0,10.0,17,0.0
2024,Daniel Gafford,gaffoda01,25.0,WAS,C,45,45.0,1192.0,203,294,0.69,0.0,0.0,,203.0,294.0,0.69,0.69,84,119,0.706,131.0,230.0,361.0,69,44.0,97.0,46.0,147.0,490,0.0
2024,Daniel Gafford,gaffoda01,25.0,DAL,PF,29,21.0,623.0,145,186,0.78,0.0,0.0,,145.0,186.0,0.78,0.78,34,56,0.607,64.0,137.0,201.0,46,21.0,56.0,28.0,80.0,324,0.0
2024,Danilo Gallinari,gallida01,35.0,WAS,PF,26,0.0,385.0,57,131,0.435,20.0,64.0,0.313,37.0,67.0,0.552,0.511,47,56,0.839,12.0,64.0,76.0,31,6.0,3.0,12.0,26.0,181,0.0
2024,Danilo Gallinari,gallida01,35.0,DET,SF,6,0.0,90.0,12,22,0.545,7.0,12.0,0.583,5.0,10.0,0.5,0.705,21,24,0.875,2.0,12.0,14.0,12,2.0,2.0,1.0,9.0,52,0.0
2024,Danilo Gallinari,gallida01,35.0,MIL,SF,17,0.0,155.0,14,37,0.378,3.0,17.0,0.176,11.0,20.0,0.55,0.419,16,18,0.889,6.0,12.0,18.0,12,6.0,1.0,10.0,15.0,47,0.0
2024,Darius Garland,garlada01,24.0,CLE,PG,57,57.0,1901.0,375,841,0.446,132.0,356.0,0.371,243.0,485.0,0.501,0.524,146,175,0.834,30.0,122.0,152.0,373,74.0,7.0,176.0,95.0,1028,0.0
2024,Usman Garuba,garubus01,21.0,GSW,PF,6,0.0,18.0,1,6,0.167,0.0,1.0,0.0,1.0,5.0,0.2,0.167,1,2,0.5,3.0,4.0,7.0,1,1.0,3.0,2.0,2.0,3,0.0
2024,Luka Garza,garzalu01,25.0,MIN,C,25,0.0,122.0,36,75,0.48,9.0,32.0,0.281,27.0,43.0,0.628,0.54,18,25,0.72,19.0,12.0,31.0,4,4.0,1.0,6.0,24.0,99,0.0
2024,Kaiser Gates,gateska01,27.0,NOP,SF,1,0.0,7.0,0,4,0.0,0.0,2.0,0.0,0.0,2.0,0.0,0.0,0,0,,0.0,1.0,1.0,0,0.0,0.0,0.0,0.0,0,0.0
2024,Keyonte George,georgke01,20.0,UTA,PG,75,44.0,2023.0,319,815,0.391,147.0,440.0,0.334,172.0,375.0,0.459,0.482,189,223,0.848,15.0,196.0,211.0,332,36.0,7.0,188.0,91.0,974,0.0
2024,Paul George,georgpa01,33.0,LAC,PF,74,74.0,2502.0,582,1236,0.471,243.0,588.0,0.413,339.0,648.0,0.523,0.569,264,291,0.907,37.0,351.0,388.0,262,113.0,37.0,153.0,202.0,1671,0.0
2024,Taj Gibson,gibsota01,38.0,NYK,PF,16,1.0,165.0,7,23,0.304,0.0,6.0,0.0,7.0,17.0,0.412,0.304,2,2,1.0,10.0,18.0,28.0,9,2.0,6.0,5.0,28.0,16,0.0
2024,Taj Gibson,gibsota01,38.0,DET,PF,4,0.0,39.0,8,14,0.571,2.0,4.0,0.5,6.0,10.0,0.6,0.643,0,0,,2.0,7.0,9.0,2,1.0,1.0,0.0,3.0,18,0.0
2024,Josh Giddey,giddejo01,21.0,OKC,SG,80,80.0,2011.0,402,847,0.475,82.0,243.0,0.337,320.0,604.0,0.53,0.523,100,124,0.806,111.0,403.0,514.0,386,51.0,44.0,168.0,111.0,986,3.0
2024,Harry Giles,gilesha01,25.0,BRK,C,16,0.0,81.0,22,44,0.5,3.0,11.0,0.273,19.0,33.0,0.576,0.534,7,13,0.538,12.0,14.0,26.0,6,1.0,3.0,6.0,15.0,54,0.0
2024,Harry Giles,gilesha01,25.0,LAL,C,7,0.0,19.0,1,6,0.167,0.0,3.0,0.0,1.0,3.0,0.333,0.167,0,0,,0.0,4.0,4.0,0,1.0,0.0,0.0,0.0,2,0.0
2024,Shai Gilgeous-Alexander,gilgesh01,25.0,OKC,PG,75,75.0,2553.0,796,1487,0.535,95.0,269.0,0.353,701.0,1218.0,0.576,0.567,567,649,0.874,65.0,350.0,415.0,465,150.0,67.0,162.0,184.0,2254,0.0
2024,Anthony Gill,gillan01,31.0,WAS,PF,50,3.0,466.0,75,160,0.469,10.0,41.0,0.244,65.0,119.0,0.546,0.5,29,36,0.806,37.0,57.0,94.0,34,13.0,11.0,23.0,48.0,189,0.0
2024,Collin Gillespie,gilleco01,24.0,DEN,PG,24,0.0,225.0,32,69,0.464,15.0,38.0,0.395,17.0,31.0,0.548,0.572,8,12,0.667,1.0,20.0,21.0,27,13.0,0.0,14.0,24.0,87,0.0
2024,Jacob Gilyard,gilyaja01,25.0,MEM,PG,37,14.0,654.0,60,144,0.417,51.0,120.0,0.425,9.0,24.0,0.375,0.594,2,2,1.0,8.0,35.0,43.0,131,27.0,5.0,29.0,35.0,173,0.0
2024,Jacob Gilyard,gilyaja01,25.0,BRK,PG,4,0.0,45.0,0,6,0.0,0.0,6.0,0.0,0.0,0.0,,0.0,0,0,,1.0,2.0,3.0,6,6.0,0.0,1.0,4.0,0,0.0
2024,Rudy Gobert,goberru01,31.0,MIN,C,76,76.0,2593.0,406,614,0.661,0.0,3.0,0.0,406.0,611.0,0.664,0.661,249,390,0.638,285.0,697.0,982.0,102,52.0,162.0,118.0,238.0,1061,0.0
2024,Jordan Goodwin,goodwjo01,25.0,PHO,PG,40,0.0,558.0,75,193,0.389,23.0,80.0,0.288,52.0,113.0,0.46,0.448,25,29,0.862,40.0,77.0,117.0,78,23.0,9.0,29.0,43.0,198,0.0
2024,Jordan Goodwin,goodwjo01,25.0,MEM,PG,17,12.0,497.0,66,189,0.349,19.0,61.0,0.311,47.0,128.0,0.367,0.399,19,30,0.633,48.0,88.0,136.0,77,25.0,9.0,27.0,33.0,170,0.0
2024,Aaron Gordon,gordoaa01,28.0,DEN,PF,73,73.0,2297.0,398,716,0.556,40.0,138.0,0.29,358.0,578.0,0.619,0.584,177,269,0.658,174.0,297.0,471.0,259,56.0,45.0,105.0,142.0,1013,0.0
2024,Eric Gordon,gordoer01,35.0,PHO,SG,68,24.0,1893.0,274,618,0.443,150.0,397.0,0.378,124.0,221.0,0.561,0.565,51,64,0.797,16.0,106.0,122.0,139,66.0,30.0,73.0,79.0,749,0.0
2024,Devonte' Graham,grahade01,28.0,SAS,PG,23,0.0,313.0,38,108,0.352,25.0,83.0,0.301,13.0,25.0,0.52,0.468,13,16,0.813,5.0,31.0,36.0,49,9.0,2.0,17.0,14.0,114,0.0
2024,Jerami Grant,grantje01,29.0,POR,PF,54,54.0,1830.0,383,850,0.451,111.0,276.0,0.402,272.0,574.0,0.474,0.516,255,312,0.817,37.0,154.0,191.0,152,45.0,34.0,116.0,117.0,1132,0.0
2024,RaiQuan Gray,grayra01,24.0,SAS,PF,3,0.0,39.0,10,17,0.588,3.0,7.0,0.429,7.0,10.0,0.7,0.676,0,0,,2.0,5.0,7.0,6,1.0,1.0,1.0,0.0,23,0.0
2024,A.J. Green,greenaj01,24.0,MIL,SG,56,0.0,614.0,83,196,0.423,69.0,169.0,0.408,14.0,27.0,0.519,0.599,17,19,0.895,9.0,55.0,64.0,30,9.0,4.0,12.0,49.0,252,0.0
2024,Danny Green,greenda02,36.0,PHI,SG,2,0.0,18.0,0,2,0.0,0.0,1.0,0.0,0.0,1.0,0.0,0.0,0,0,,0.0,2.0,2.0,1,1.0,0.0,0.0,1.0,0,0.0
2024,Draymond Green,greendr01,33.0,GSW,PF,55,52.0,1490.0,185,372,0.497,51.0,129.0,0.395,134.0,243.0,0.551,0.566,54,74,0.73,76.0,322.0,398.0,332,55.0,47.0,135.0,166.0,475,1.0
2024,Javonte Green,greenja02,30.0,CHI,SF,9,5.0,230.0,45,75,0.6,10.0,27.0,0.37,35.0,48.0,0.729,0.667,10,13,0.769,20.0,47.0,67.0,5,10.0,8.0,7.0,19.0,110,0.0
2024,Jalen Green,greenja05,21.0,HOU,SG,82,82.0,2601.0,563,1332,0.423,201.0,605.0,0.332,362.0,727.0,0.498,0.498,283,352,0.804,41.0,382.0,423.0,291,66.0,28.0,191.0,115.0,1610,1.0
2024,Jeff Green,greenje02,37.0,HOU,PF,78,6.0,1307.0,167,366,0.456,53.0,160.0,0.331,114.0,206.0,0.553,0.529,122,149,0.819,46.0,132.0,178.0,70,16.0,31.0,46.0,100.0,509,0.0
2024,Josh Green,greenjo02,23.0,DAL,SG,57,33.0,1505.0,179,374,0.479,72.0,187.0,0.385,107.0,187.0,0.572,0.575,39,57,0.684,40.0,144.0,184.0,130,47.0,9.0,60.0,107.0,469,0.0
2024,AJ Griffin,griffaj01,20.0,ATL,SF,20,0.0,171.0,18,62,0.29,10.0,39.0,0.256,8.0,23.0,0.348,0.371,2,2,1.0,2.0,16.0,18.0,5,1.0,2.0,8.0,6.0,48,0.0
2024,Quentin Grimes,grimequ01,23.0,NYK,SG,45,18.0,910.0,113,286,0.395,77.0,212.0,0.363,36.0,74.0,0.486,0.53,24,34,0.706,14.0,74.0,88.0,52,30.0,3.0,21.0,66.0,327,0.0
2024,Quentin Grimes,grimequ01,23.0,DET,SG,6,0.0,115.0,9,42,0.214,4.0,28.0,0.143,5.0,14.0,0.357,0.262,10,11,0.909,1.0,11.0,12.0,14,5.0,4.0,7.0,9.0,32,0.0
2024,Mouhamadou Gueye,gueyemo01,25.0,TOR,PF,11,0.0,120.0,11,38,0.289,0.0,3.0,0.0,11.0,35.0,0.314,0.289,4,9,0.444,12.0,11.0,23.0,5,3.0,18.0,12.0,15.0,26,0.0
2024,Mouhamed Gueye,gueyemo02,21.0,ATL,PF,6,0.0,73.0,8,23,0.348,3.0,9.0,0.333,5.0,14.0,0.357,0.413,5,6,0.833,10.0,12.0,22.0,4,5.0,4.0,1.0,13.0,24,0.0
2024,Rui Hachimura,hachiru01,25.0,LAL,PF,68,39.0,1826.0,363,676,0.537,98.0,232.0,0.422,265.0,444.0,0.597,0.609,99,134,0.739,58.0,236.0,294.0,81,41.0,25.0,46.0,101.0,923,0.0
2024,Ashton Hagans,haganas01,24.0,POR,PG,19,1.0,316.0,29,71,0.408,8.0,25.0,0.32,21.0,46.0,0.457,0.465,14,17,0.824,14.0,31.0,45.0,54,11.0,9.0,30.0,40.0,80,0.0
2024,Tyrese Haliburton,halibty01,23.0,IND,PG,69,68.0,2224.0,500,1048,0.477,195.0,535.0,0.364,305.0,513.0,0.595,0.57,194,227,0.855,35.0,236.0,271.0,752,83.0,48.0,159.0,75.0,1389,1.0
2024,R.J. Hampton,hamptrj01,22.0,MIA,PG,8,2.0,76.0,4,14,0.286,1.0,8.0,0.125,3.0,6.0,0.5,0.321,1,2,0.5,2.0,4.0,6.0,8,0.0,0.0,3.0,8.0,10,0.0
2024,Tim Hardaway Jr.,hardati02,31.0,DAL,SF,79,12.0,2120.0,392,976,0.402,211.0,597.0,0.353,181.0,379.0,0.478,0.51,144,169,0.852,22.0,232.0,254.0,139,42.0,6.0,69.0,106.0,1139,0.0
2024,James Harden,hardeja01,34.0,LAC,PG,72,72.0,2470.0,352,822,0.428,186.0,488.0,0.381,166.0,334.0,0.497,0.541,302,344,0.878,34.0,335.0,369.0,614,77.0,57.0,185.0,127.0,1192,3.0
2024,Jaden Hardy,hardyja02,21.0,DAL,SG,73,7.0,989.0,195,479,0.407,81.0,224.0,0.362,114.0,255.0,0.447,0.492,59,76,0.776,20.0,111.0,131.0,109,22.0,4.0,62.0,80.0,530,0.0
2024,Ron Harper Jr.,harpero02,23.0,TOR,PF,1,0.0,4.0,0,0,,0.0,0.0,,0.0,0.0,,,0,0,,0.0,0.0,0.0,1,0.0,0.0,0.0,2.0,0,0.0
2024,Gary Harris,harriga01,29.0,ORL,SG,54,27.0,1297.0,131,297,0.441,76.0,205.0,0.371,55.0,92.0,0.598,0.569,34,45,0.756,24.0,67.0,91.0,87,49.0,14.0,31.0,91.0,372,0.0
2024,Joe Harris,harrijo01,32.0,DET,SG,16,0.0,170.0,14,39,0.359,10.0,30.0,0.333,4.0,9.0,0.444,0.487,1,2,0.5,3.0,10.0,13.0,10,3.0,2.0,4.0,19.0,39,0.0
2024,Kevon Harris,harrike01,26.0,ORL,SG,2,0.0,6.0,2,3,0.667,0.0,0.0,,2.0,3.0,0.667,0.667,0,0,,0.0,2.0,2.0,1,0.0,0.0,1.0,3.0,4,0.0
2024,Shaquille Harrison,harrish01,30.0,MEM,SG,3,0.0,6.0,1,2,0.5,0.0,0.0,,1.0,2.0,0.5,0.5,0,0,,0.0,2.0,2.0,0,0.0,1.0,0.0,0.0,2,0.0
2024,Tobias Harris,harrito02,31.0,PHI,PF,70,70.0,2368.0,463,951,0.487,91.0,258.0,0.353,372.0,693.0,0.537,0.535,187,213,0.878,80.0,373.0,453.0,217,70.0,46.0,93.0,115.0,1204,0.0
2024,Isaiah Hartenstein,harteis01,25.0,NYK,C,75,49.0,1896.0,235,365,0.644,1.0,3.0,0.333,234.0,362.0,0.646,0.645,111,157,0.707,244.0,382.0,626.0,188,87.0,85.0,93.0,210.0,582,0.0
2024,Josh Hart,hartjo01,28.0,NYK,SF,81,42.0,2707.0,295,679,0.434,80.0,258.0,0.31,215.0,421.0,0.511,0.493,91,115,0.791,128.0,547.0,675.0,331,75.0,23.0,118.0,171.0,761,6.0
2024,Sam Hauser,hausesa01,26.0,BOS,SF,79,13.0,1741.0,249,558,0.446,197.0,465.0,0.424,52.0,93.0,0.559,0.623,17,19,0.895,45.0,231.0,276.0,82,40.0,25.0,32.0,99.0,712,0.0
2024,Jordan Hawkins,hawkijo01,21.0,NOP,SG,67,10.0,1160.0,174,456,0.382,109.0,298.0,0.366,65.0,158.0,0.411,0.501,67,80,0.838,29.0,119.0,148.0,70,19.0,7.0,40.0,72.0,524,0.0
2024,Jaxson Hayes,hayesja02,23.0,LAL,C,70,5.0,877.0,126,175,0.72,0.0,8.0,0.0,126.0,167.0,0.754,0.72,51,82,0.622,69.0,142.0,211.0,33,34.0,29.0,43.0,123.0,303,0.0
2024,Killian Hayes,hayeski01,22.0,DET,PG,42,31.0,1008.0,117,283,0.413,22.0,74.0,0.297,95.0,209.0,0.455,0.452,33,50,0.66,11.0,108.0,119.0,205,36.0,20.0,51.0,75.0,289,0.0
2024,Gordon Hayward,haywago01,33.0,CHO,SF,25,25.0,798.0,139,297,0.468,22.0,61.0,0.361,117.0,236.0,0.496,0.505,62,81,0.765,25.0,92.0,117.0,116,28.0,12.0,51.0,46.0,362,0.0
2024,Gordon Hayward,haywago01,33.0,OKC,SF,26,3.0,447.0,48,106,0.453,15.0,29.0,0.517,33.0,77.0,0.429,0.524,27,39,0.692,13.0,51.0,64.0,42,12.0,1.0,15.0,21.0,138,0.0
2024,Scoot Henderson,hendesc01,19.0,POR,PG,62,32.0,1765.0,307,797,0.385,87.0,268.0,0.325,220.0,529.0,0.416,0.44,167,204,0.819,53.0,141.0,194.0,336,48.0,13.0,212.0,195.0,868,0.0
2024,Taylor Hendricks,hendrta01,20.0,UTA,PF,40,23.0,856.0,108,240,0.45,53.0,140.0,0.379,55.0,100.0,0.55,0.56,23,29,0.793,46.0,139.0,185.0,32,28.0,30.0,27.0,77.0,292,
2024,Tyler Herro,herroty01,24.0,MIA,SG,42,40.0,1407.0,324,735,0.441,132.0,333.0,0.396,192.0,402.0,0.478,0.531,95,111,0.856,19.0,203.0,222.0,188,30.0,3.0,93.0,63.0,875,0.0
2024,Buddy Hield,hieldbu01,31.0,IND,SF,52,28.0,1336.0,229,517,0.443,137.0,357.0,0.384,92.0,160.0,0.575,0.575,28,33,0.848,34.0,133.0,167.0,139,43.0,31.0,62.0,103.0,623,0.0
2024,Buddy Hield,hieldbu01,31.0,PHI,SG,32,14.0,824.0,142,333,0.426,82.0,211.0,0.389,60.0,122.0,0.492,0.55,24,26,0.923,27.0,75.0,102.0,97,27.0,11.0,41.0,66.0,390,0.0
2024,Haywood Highsmith,highsha01,27.0,MIA,PF,66,26.0,1366.0,153,329,0.465,76.0,192.0,0.396,77.0,137.0,0.562,0.581,23,36,0.639,65.0,145.0,210.0,70,53.0,30.0,34.0,117.0,405,0.0
2024,Nate Hinton,hintona01,24.0,HOU,SG,15,0.0,75.0,11,26,0.423,7.0,14.0,0.5,4.0,12.0,0.333,0.558,4,5,0.8,7.0,15.0,22.0,10,3.0,2.0,3.0,11.0,33,0.0
2024,D'Moi Hodge,hodgedm01,25.0,LAL,SG,7,0.0,41.0,5,15,0.333,3.0,12.0,0.25,2.0,3.0,0.667,0.433,1,2,0.5,0.0,0.0,0.0,5,1.0,1.0,1.0,4.0,14,0.0
2024,Aaron Holiday,holidaa01,27.0,HOU,PG,78,1.0,1269.0,186,417,0.446,84.0,217.0,0.387,102.0,200.0,0.51,0.547,58,63,0.921,23.0,100.0,123.0,140,42.0,6.0,53.0,125.0,514,0.0
2024,Jrue Holiday,holidjr01,33.0,BOS,PG,69,69.0,2263.0,331,689,0.48,138.0,322.0,0.429,193.0,367.0,0.526,0.581,60,72,0.833,84.0,289.0,373.0,333,61.0,53.0,124.0,108.0,860,0.0
2024,Justin Holiday,holidju01,34.0,DEN,SG,58,9.0,862.0,88,194,0.454,55.0,136.0,0.404,33.0,58.0,0.569,0.595,3,4,0.75,9.0,62.0,71.0,67,36.0,9.0,14.0,69.0,234,0.0
2024,Richaun Holmes,holmeri01,30.0,DAL,C,23,2.0,237.0,33,59,0.559,0.0,0.0,,33.0,59.0,0.559,0.559,12,21,0.571,33.0,45.0,78.0,15,3.0,9.0,12.0,33.0,78,0.0
2024,Richaun Holmes,holmeri01,30.0,WAS,PF,17,8.0,318.0,49,88,0.557,1.0,3.0,0.333,48.0,85.0,0.565,0.563,22,26,0.846,38.0,66.0,104.0,10,8.0,10.0,12.0,41.0,121,0.0
2024,Chet Holmgren,holmgch01,21.0,OKC,C,82,82.0,2413.0,505,953,0.53,129.0,349.0,0.37,376.0,604.0,0.623,0.598,218,275,0.793,129.0,519.0,648.0,200,53.0,190.0,131.0,197.0,1357,0.0
2024,Jalen Hood-Schifino,hoodsja01,20.0,LAL,SG,21,0.0,109.0,10,45,0.222,2.0,15.0,0.133,8.0,30.0,0.267,0.244,12,20,0.6,2.0,11.0,13.0,8,3.0,2.0,9.0,13.0,34,0.0
2024,Al Horford,horfoal01,37.0,BOS,C,65,33.0,1740.0,214,419,0.511,108.0,258.0,0.419,106.0,161.0,0.658,0.64,26,30,0.867,82.0,331.0,413.0,168,38.0,62.0,48.0,93.0,562,0.0
2024,Talen Horton-Tucker,hortota01,23.0,UTA,PG,51,11.0,1009.0,184,465,0.396,60.0,182.0,0.33,124.0,283.0,0.438,0.46,88,109,0.807,21.0,100.0,121.0,177,45.0,19.0,65.0,94.0,516,0.0
2024,Danuel House Jr.,houseda01,30.0,PHI,SF,34,4.0,509.0,47,105,0.448,15.0,50.0,0.3,32.0,55.0,0.582,0.519,35,46,0.761,16.0,42.0,58.0,28,15.0,5.0,19.0,45.0,144,0.0
2024,Caleb Houstan,houstca01,21.0,ORL,SF,59,13.0,815.0,80,206,0.388,72.0,193.0,0.373,8.0,13.0,0.615,0.563,21,26,0.808,28.0,56.0,84.0,29,15.0,4.0,16.0,61.0,253,0.0
2024,Jett Howard,howarje01,20.0,ORL,SF,18,0.0,67.0,10,30,0.333,7.0,25.0,0.28,3.0,5.0,0.6,0.45,2,4,0.5,1.0,6.0,7.0,6,2.0,2.0,3.0,4.0,29,0.0
2024,Kevin Huerter,huertke01,25.0,SAC,SG,64,59.0,1562.0,248,560,0.443,123.0,341.0,0.361,125.0,219.0,0.571,0.553,36,47,0.766,38.0,186.0,224.0,166,45.0,23.0,53.0,135.0,655,0.0
2024,Jay Huff,huffja01,25.0,DEN,C,20,0.0,49.0,9,15,0.6,3.0,9.0,0.333,6.0,6.0,1.0,0.7,2,2,1.0,2.0,9.0,11.0,2,2.0,3.0,1.0,9.0,23,0.0
2024,De'Andre Hunter,huntede01,26.0,ATL,SF,57,37.0,1681.0,304,663,0.459,117.0,304.0,0.385,187.0,359.0,0.521,0.547,166,196,0.847,31.0,191.0,222.0,87,40.0,16.0,83.0,146.0,891,0.0
2024,Matthew Hurt,hurtma01,23.0,MEM,PF,8,0.0,113.0,12,34,0.353,5.0,20.0,0.25,7.0,14.0,0.5,0.426,3,3,1.0,9.0,7.0,16.0,4,3.0,3.0,2.0,8.0,32,0.0
2024,Bones Hyland,hylanbo01,23.0,LAC,PG,37,5.0,540.0,97,251,0.386,44.0,135.0,0.326,53.0,116.0,0.457,0.474,18,23,0.783,5.0,50.0,55.0,93,26.0,4.0,44.0,51.0,256,0.0
2024,Joe Ingles,inglejo01,36.0,ORL,SF,68,0.0,1169.0,99,227,0.436,70.0,161.0,0.435,29.0,66.0,0.439,0.59,28,34,0.824,18.0,124.0,142.0,203,43.0,5.0,67.0,88.0,296,0.0
2024,Brandon Ingram,ingrabr01,26.0,NOP,SF,64,64.0,2103.0,500,1017,0.492,86.0,242.0,0.355,414.0,775.0,0.534,0.534,246,307,0.801,43.0,281.0,324.0,363,50.0,40.0,163.0,145.0,1332,1.0
2024,Kyrie Irving,irvinky01,31.0,DAL,SG,58,58.0,2030.0,562,1131,0.497,173.0,421.0,0.411,389.0,710.0,0.548,0.573,190,210,0.905,44.0,246.0,290.0,299,74.0,28.0,106.0,112.0,1487,0.0
2024,Jonathan Isaac,isaacjo01,26.0,ORL,PF,58,2.0,914.0,146,286,0.51,42.0,112.0,0.375,104.0,174.0,0.598,0.584,59,82,0.72,73.0,187.0,260.0,30,43.0,70.0,27.0,64.0,393,0.0
2024,Jaden Ivey,iveyja01,21.0,DET,SG,77,61.0,2217.0,417,973,0.429,124.0,369.0,0.336,293.0,604.0,0.485,0.492,227,303,0.749,86.0,178.0,264.0,296,57.0,41.0,190.0,204.0,1185,0.0
2024,Andre Jackson Jr.,jacksan01,22.0,MIL,SG,57,8.0,572.0,50,100,0.5,17.0,46.0,0.37,33.0,54.0,0.611,0.585,8,11,0.727,43.0,70.0,113.0,50,16.0,6.0,28.0,92.0,125,0.0
2024,GG Jackson II,jacksgg01,19.0,MEM,PF,48,18.0,1233.0,241,563,0.428,102.0,286.0,0.357,139.0,277.0,0.502,0.519,115,153,0.752,53.0,143.0,196.0,59,28.0,24.0,65.0,64.0,699,0.0
2024,Isaiah Jackson,jacksis01,22.0,IND,C,59,3.0,771.0,155,233,0.665,0.0,4.0,0.0,155.0,229.0,0.677,0.665,73,102,0.716,94.0,144.0,238.0,50,34.0,61.0,39.0,137.0,383,0.0
2024,Jaren Jackson Jr.,jacksja02,24.0,MEM,C,66,66.0,2124.0,516,1162,0.444,117.0,366.0,0.32,399.0,796.0,0.501,0.494,337,417,0.808,85.0,280.0,365.0,154,80.0,106.0,160.0,235.0,1486,0.0
2024,Justin Jackson,jacksju01,28.0,MIN,SF,2,0.0,1.0,0,0,,0.0,0.0,,0.0,0.0,,,0,0,,0.0,0.0,0.0,0,0.0,0.0,0.0,0.0,0,0.0
2024,Quenton Jackson,jacksqu01,25.0,IND,PG,3,0.0,11.0,0,1,0.0,0.0,0.0,,0.0,1.0,0.0,0.0,2,2,1.0,0.0,4.0,4.0,2,1.0,0.0,0.0,1.0,2,0.0
2024,Reggie Jackson,jacksre01,33.0,DEN,PG,82,23.0,1817.0,326,756,0.431,102.0,284.0,0.359,224.0,472.0,0.475,0.499,79,98,0.806,33.0,122.0,155.0,308,44.0,13.0,106.0,149.0,833,0.0
2024,Trayce Jackson-Davis,jackstr02,23.0,GSW,PF,68,16.0,1130.0,233,332,0.702,0.0,1.0,0.0,233.0,331.0,0.704,0.702,74,132,0.561,135.0,206.0,341.0,82,29.0,76.0,49.0,108.0,540,0.0
2024,LeBron James,jamesle01,39.0,LAL,PF,71,71.0,2504.0,685,1269,0.54,149.0,363.0,0.41,536.0,906.0,0.592,0.599,303,404,0.75,61.0,457.0,518.0,589,89.0,38.0,245.0,78.0,1822,5.0
2024,Jaime Jaquez Jr.,jaqueja01,22.0,MIA,SF,75,20.0,2113.0,341,697,0.489,65.0,202.0,0.322,276.0,495.0,0.558,0.536,142,175,0.811,82.0,203.0,285.0,195,77.0,20.0,110.0,167.0,889,0.0
2024,DeJon Jarreau,jarrede01,26.0,MEM,SG,9,0.0,150.0,17,50,0.34,4.0,13.0,0.308,13.0,37.0,0.351,0.38,5,11,0.455,8.0,36.0,44.0,26,6.0,2.0,9.0,14.0,43,0.0
2024,DaQuan Jeffries,jeffrda01,26.0,NYK,SG,17,0.0,46.0,6,17,0.353,2.0,10.0,0.2,4.0,7.0,0.571,0.412,0,2,0.0,0.0,5.0,5.0,5,0.0,1.0,3.0,2.0,14,0.0
2024,Trey Jemison,jemistr01,24.0,WAS,C,2,0.0,1.0,0,0,,0.0,0.0,,0.0,0.0,,,0,0,,0.0,1.0,1.0,0,0.0,0.0,1.0,0.0,0,0.0
2024,Trey Jemison,jemistr01,24.0,MEM,C,23,14.0,572.0,75,136,0.551,0.0,0.0,,75.0,136.0,0.551,0.551,21,25,0.84,64.0,69.0,133.0,27,12.0,28.0,33.0,69.0,171,0.0
2024,Ty Jerome,jeromty01,26.0,CLE,SG,2,0.0,15.0,2,4,0.5,0.0,1.0,0.0,2.0,3.0,0.667,0.5,0,0,,1.0,0.0,1.0,3,0.0,0.0,1.0,2.0,4,0.0
2024,Isaiah Joe,joeis01,24.0,OKC,SG,78,1.0,1445.0,222,485,0.458,147.0,353.0,0.416,75.0,132.0,0.568,0.609,45,52,0.865,32.0,148.0,180.0,99,46.0,22.0,47.0,87.0,636,0.0
2024,Cameron Johnson,johnsca02,27.0,BRK,PF,58,47.0,1599.0,276,619,0.446,138.0,353.0,0.391,138.0,266.0,0.519,0.557,86,109,0.789,55.0,196.0,251.0,138,49.0,15.0,57.0,105.0,776,0.0
2024,James Johnson,johnsja01,36.0,IND,PF,9,0.0,47.0,3,10,0.3,0.0,2.0,0.0,3.0,8.0,0.375,0.3,2,2,1.0,1.0,3.0,4.0,8,5.0,1.0,5.0,9.0,8,0.0
2024,Jalen Johnson,johnsja05,22.0,ATL,SF,56,52.0,1889.0,359,702,0.511,71.0,200.0,0.355,288.0,502.0,0.574,0.562,107,147,0.728,74.0,414.0,488.0,203,67.0,47.0,101.0,133.0,896,1.0
2024,Keldon Johnson,johnske04,24.0,SAS,SF,69,27.0,2038.0,391,862,0.454,127.0,367.0,0.346,264.0,495.0,0.533,0.527,175,221,0.792,95.0,282.0,377.0,195,51.0,20.0,100.0,149.0,1084,0.0
2024,Keon Johnson,johnske07,21.0,BRK,SG,5,0.0,61.0,8,21,0.381,4.0,10.0,0.4,4.0,11.0,0.364,0.476,11,12,0.917,3.0,4.0,7.0,3,3.0,1.0,5.0,5.0,31,0.0
2024,Keyontae Johnson,johnske08,23.0,OKC,SF,9,0.0,66.0,5,16,0.313,1.0,3.0,0.333,4.0,13.0,0.308,0.344,0,0,,4.0,6.0,10.0,4,1.0,0.0,4.0,5.0,11,0.0
2024,Nikola Jokić,jokicni01,28.0,DEN,C,79,79.0,2737.0,822,1411,0.583,83.0,231.0,0.359,739.0,1180.0,0.626,0.612,358,438,0.817,223.0,753.0,976.0,708,108.0,68.0,237.0,194.0,2085,25.0
2024,Colby Jones,jonesco02,21.0,SAC,SG,30,0.0,192.0,28,71,0.394,2.0,22.0,0.091,26.0,49.0,0.531,0.408,6,11,0.545,17.0,23.0,40.0,20,7.0,5.0,10.0,29.0,64,0.0
2024,Damian Jones,jonesda03,28.0,CLE,C,39,0.0,270.0,43,72,0.597,3.0,14.0,0.214,40.0,58.0,0.69,0.618,18,21,0.857,20.0,42.0,62.0,15,7.0,13.0,13.0,27.0,107,0.0
2024,Derrick Jones Jr.,jonesde02,26.0,DAL,SF,76,66.0,1783.0,239,495,0.483,82.0,239.0,0.343,157.0,256.0,0.613,0.566,97,136,0.713,82.0,168.0,250.0,75,53.0,51.0,65.0,121.0,657,0.0
2024,Herbert Jones,joneshe01,25.0,NOP,SF,76,76.0,2321.0,293,588,0.498,114.0,273.0,0.418,179.0,315.0,0.568,0.595,137,158,0.867,74.0,198.0,272.0,199,105.0,62.0,93.0,224.0,837,0.0
2024,Mason Jones,jonesma05,25.0,SAC,SG,5,0.0,28.0,2,8,0.25,2.0,7.0,0.286,0.0,1.0,0.0,0.375,1,2,0.5,1.0,4.0,5.0,5,1.0,0.0,2.0,3.0,7,0.0
2024,Tre Jones,jonestr01,24.0,SAS,PG,77,48.0,2138.0,303,600,0.505,64.0,191.0,0.335,239.0,409.0,0.584,0.558,101,118,0.856,58.0,231.0,289.0,478,78.0,9.0,116.0,92.0,771,1.0
2024,Tyus Jones,jonesty01,27.0,WAS,PG,66,66.0,1933.0,326,666,0.489,106.0,256.0,0.414,220.0,410.0,0.537,0.569,32,40,0.8,20.0,159.0,179.0,485,71.0,18.0,66.0,48.0,790,1.0
2024,DeAndre Jordan,jordade01,35.0,DEN,C,36,2.0,396.0,58,93,0.624,0.0,0.0,,58.0,93.0,0.624,0.624,26,53,0.491,54.0,103.0,157.0,26,6.0,16.0,23.0,56.0,142,0.0
2024,Cory Joseph,josepco01,32.0,GSW,PG,26,0.0,296.0,23,64,0.359,13.0,42.0,0.31,10.0,22.0,0.455,0.461,4,7,0.571,6.0,24.0,30.0,42,4.0,3.0,12.0,25.0,63,0.0
2024,Nikola Jović,jovicni01,20.0,MIA,PF,46,38.0,896.0,127,281,0.452,65.0,163.0,0.399,62.0,118.0,0.525,0.568,33,47,0.702,25.0,167.0,192.0,90,25.0,14.0,42.0,82.0,352,0.0
2024,Johnny Juzang,juzanjo01,22.0,UTA,SG,20,5.0,372.0,51,110,0.464,32.0,77.0,0.416,19.0,33.0,0.576,0.609,10,14,0.714,7.0,29.0,36.0,23,4.0,2.0,13.0,29.0,144,0.0
2024,Luke Kennard,kennalu01,27.0,MEM,SG,39,22.0,999.0,141,315,0.448,107.0,238.0,0.45,34.0,77.0,0.442,0.617,40,45,0.889,11.0,102.0,113.0,136,20.0,2.0,54.0,39.0,429,0.0
2024,Walker Kessler,kesslwa01,22.0,UTA,C,64,22.0,1493.0,229,350,0.654,4.0,19.0,0.211,225.0,331.0,0.68,0.66,56,93,0.602,165.0,316.0,481.0,60,30.0,154.0,66.0,132.0,518,0.0
2024,Braxton Key,keybr01,26.0,DEN,SF,20,0.0,60.0,7,17,0.412,2.0,5.0,0.4,5.0,12.0,0.417,0.471,6,8,0.75,3.0,15.0,18.0,9,2.0,1.0,1.0,5.0,22,0.0
2024,Corey Kispert,kispeco01,24.0,WAS,SF,80,22.0,2067.0,386,794,0.486,184.0,480.0,0.383,202.0,314.0,0.643,0.602,114,157,0.726,30.0,195.0,225.0,156,41.0,16.0,98.0,141.0,1070,0.0
2024,Maxi Kleber,klebima01,32.0,DAL,C,43,7.0,871.0,63,146,0.432,32.0,92.0,0.348,31.0,54.0,0.574,0.541,33,47,0.702,30.0,113.0,143.0,68,17.0,30.0,28.0,79.0,191,0.0
2024,Kevin Knox,knoxke01,24.0,DET,SF,31,11.0,560.0,86,186,0.462,31.0,94.0,0.33,55.0,92.0,0.598,0.546,20,22,0.909,18.0,57.0,75.0,23,13.0,7.0,22.0,50.0,223,0.0
2024,John Konchar,konchjo01,27.0,MEM,SF,55,23.0,1173.0,88,208,0.423,38.0,120.0,0.317,50.0,88.0,0.568,0.514,21,25,0.84,72.0,185.0,257.0,110,51.0,51.0,46.0,76.0,235,0.0
2024,Furkan Korkmaz,korkmfu01,26.0,PHI,SG,35,0.0,300.0,30,76,0.395,14.0,40.0,0.35,16.0,36.0,0.444,0.487,14,20,0.7,4.0,26.0,30.0,25,14.0,3.0,10.0,17.0,88,0.0
2024,Luke Kornet,kornelu01,28.0,BOS,C,63,7.0,983.0,142,203,0.7,1.0,1.0,1.0,141.0,202.0,0.698,0.702,49,54,0.907,118.0,143.0,261.0,67,23.0,61.0,21.0,77.0,334,0.0
2024,Vit Krejci,krejcvi01,23.0,ATL,PG,22,14.0,541.0,51,104,0.49,28.0,68.0,0.412,23.0,36.0,0.639,0.625,5,6,0.833,11.0,41.0,52.0,50,13.0,6.0,20.0,48.0,135,0.0
2024,Jonathan Kuminga,kuminjo01,21.0,GSW,PF,74,46.0,1949.0,456,862,0.529,53.0,165.0,0.321,403.0,697.0,0.578,0.56,223,299,0.746,92.0,263.0,355.0,163,55.0,36.0,122.0,169.0,1188,0.0
2024,Kyle Kuzma,kuzmaky01,28.0,WAS,PF,70,70.0,2281.0,608,1313,0.463,151.0,450.0,0.336,457.0,863.0,0.53,0.521,186,240,0.775,62.0,402.0,464.0,296,37.0,49.0,192.0,153.0,1553,0.0
2024,Jock Landale,landajo01,28.0,HOU,C,56,3.0,763.0,106,206,0.515,10.0,40.0,0.25,96.0,166.0,0.578,0.539,52,65,0.8,88.0,84.0,172.0,65,20.0,33.0,31.0,74.0,274,0.0
2024,Jake LaRavia,laravja01,22.0,MEM,PF,35,6.0,806.0,118,303,0.389,53.0,156.0,0.34,65.0,147.0,0.442,0.477,90,109,0.826,51.0,77.0,128.0,58,29.0,12.0,45.0,69.0,379,0.0
2024,Zach LaVine,lavinza01,28.0,CHI,SG,25,23.0,872.0,170,376,0.452,59.0,169.0,0.349,111.0,207.0,0.536,0.531,88,103,0.854,8.0,121.0,129.0,98,21.0,8.0,52.0,57.0,487,0.0
2024,A.J. Lawson,lawsoaj01,23.0,DAL,SG,42,0.0,311.0,54,121,0.446,13.0,50.0,0.26,41.0,71.0,0.577,0.5,15,23,0.652,14.0,36.0,50.0,20,10.0,3.0,14.0,22.0,136,0.0
2024,Saben Lee,leesa01,24.0,PHO,PG,24,0.0,185.0,20,55,0.364,2.0,16.0,0.125,18.0,39.0,0.462,0.382,29,39,0.744,9.0,22.0,31.0,30,7.0,3.0,8.0,13.0,71,0.0
2024,Alex Len,lenal01,30.0,SAC,C,48,0.0,444.0,50,81,0.617,0.0,3.0,0.0,50.0,78.0,0.641,0.617,20,34,0.588,46.0,82.0,128.0,50,11.0,33.0,27.0,66.0,120,0.0
2024,Kawhi Leonard,leonaka01,32.0,LAC,SF,68,68.0,2330.0,610,1162,0.525,140.0,336.0,0.417,470.0,826.0,0.569,0.585,253,286,0.885,84.0,332.0,416.0,244,111.0,59.0,119.0,97.0,1613,1.0
2024,Caris LeVert,leverca01,29.0,CLE,SG,68,10.0,1958.0,345,820,0.421,108.0,332.0,0.325,237.0,488.0,0.486,0.487,154,201,0.766,39.0,241.0,280.0,346,76.0,34.0,117.0,121.0,952,0.0
2024,Kira Lewis Jr.,lewiski01,22.0,NOP,PG,15,0.0,144.0,16,52,0.308,2.0,20.0,0.1,14.0,32.0,0.438,0.327,10,11,0.909,4.0,10.0,14.0,18,5.0,1.0,8.0,8.0,44,0.0
2024,Kira Lewis Jr.,lewiski01,22.0,TOR,PG,1,0.0,2.0,0,0,,0.0,0.0,,0.0,0.0,,,0,0,,0.0,0.0,0.0,0,0.0,0.0,0.0,1.0,0,0.0
2024,Kira Lewis Jr.,lewiski01,22.0,UTA,PG,12,0.0,119.0,18,40,0.45,2.0,13.0,0.154,16.0,27.0,0.593,0.475,7,9,0.778,5.0,7.0,12.0,19,4.0,1.0,6.0,4.0,45,0.0
2024,Maxwell Lewis,lewisma05,21.0,LAL,SF,34,0.0,103.0,4,21,0.19,1.0,9.0,0.111,3.0,12.0,0.25,0.214,2,3,0.667,2.0,2.0,4.0,6,2.0,1.0,10.0,5.0,11,0.0
2024,E.J. Liddell,liddeej01,23.0,NOP,PF,8,0.0,23.0,1,6,0.167,0.0,5.0,0.0,1.0,1.0,1.0,0.167,2,2,1.0,0.0,5.0,5.0,1,2.0,2.0,2.0,2.0,4,0.0
2024,Damian Lillard,lillada01,33.0,MIL,PG,73,73.0,2579.0,541,1277,0.424,220.0,622.0,0.354,321.0,655.0,0.49,0.51,473,514,0.92,36.0,284.0,320.0,508,72.0,18.0,193.0,134.0,1775,0.0
2024,Nassir Little,littlna01,23.0,PHO,SF,45,2.0,458.0,57,124,0.46,21.0,70.0,0.3,36.0,54.0,0.667,0.544,17,20,0.85,14.0,61.0,75.0,21,10.0,10.0,14.0,39.0,152,0.0
2024,Dereck Lively II,livelde01,19.0,DAL,C,55,42.0,1294.0,221,296,0.747,0.0,2.0,0.0,221.0,294.0,0.752,0.747,41,81,0.506,135.0,243.0,378.0,60,36.0,77.0,50.0,144.0,483,0.0
2024,Isaiah Livers,liveris01,25.0,DET,PF,23,6.0,469.0,40,116,0.345,22.0,77.0,0.286,18.0,39.0,0.462,0.44,12,18,0.667,15.0,33.0,48.0,25,13.0,5.0,16.0,43.0,114,0.0
2024,Chris Livingston,livinch01,20.0,MIL,SF,21,0.0,90.0,11,22,0.5,1.0,5.0,0.2,10.0,17.0,0.588,0.523,3,4,0.75,3.0,18.0,21.0,5,2.0,0.0,5.0,15.0,26,0.0
2024,Kenneth Lofton Jr.,loftoke01,21.0,MEM,PF,15,0.0,99.0,14,37,0.378,3.0,10.0,0.3,11.0,27.0,0.407,0.419,8,15,0.533,2.0,13.0,15.0,14,3.0,3.0,6.0,15.0,39,0.0
2024,Kenneth Lofton Jr.,loftoke01,21.0,PHI,PF,2,0.0,9.0,1,6,0.167,0.0,2.0,0.0,1.0,4.0,0.25,0.167,0,0,,0.0,3.0,3.0,0,0.0,0.0,2.0,0.0,2,0.0
2024,Kenneth Lofton Jr.,loftoke01,21.0,UTA,PF,4,0.0,91.0,21,35,0.6,4.0,12.0,0.333,17.0,23.0,0.739,0.657,9,11,0.818,10.0,10.0,20.0,19,3.0,2.0,6.0,9.0,55,0.0
2024,Kevon Looney,looneke01,27.0,GSW,C,74,36.0,1195.0,139,233,0.597,0.0,1.0,0.0,139.0,232.0,0.599,0.597,56,83,0.675,143.0,276.0,419.0,133,28.0,29.0,50.0,155.0,334,0.0
2024,Brook Lopez,lopezbr01,35.0,MIL,C,79,79.0,2411.0,366,755,0.485,148.0,404.0,0.366,218.0,351.0,0.621,0.583,110,134,0.821,117.0,292.0,409.0,127,43.0,189.0,79.0,191.0,990,0.0
2024,Robin Lopez,lopezro01,35.0,MIL,C,16,2.0,65.0,7,19,0.368,2.0,8.0,0.25,5.0,11.0,0.455,0.421,2,2,1.0,3.0,2.0,5.0,4,1.0,3.0,2.0,7.0,18,0.0
2024,Kevin Love,loveke01,35.0,MIA,PF,55,5.0,924.0,158,359,0.44,84.0,244.0,0.344,74.0,115.0,0.643,0.557,85,108,0.787,59.0,279.0,338.0,115,18.0,10.0,48.0,97.0,485,0.0
2024,Kyle Lowry,lowryky01,37.0,MIA,PG,37,35.0,1037.0,103,242,0.426,62.0,161.0,0.385,41.0,81.0,0.506,0.554,35,42,0.833,25.0,104.0,129.0,147,39.0,15.0,53.0,94.0,303,0.0
2024,Kyle Lowry,lowryky01,37.0,PHI,PG,23,20.0,653.0,60,135,0.444,36.0,89.0,0.404,24.0,46.0,0.522,0.578,28,33,0.848,9.0,56.0,65.0,106,20.0,6.0,32.0,52.0,184,0.0
2024,Seth Lundy,lundyse01,23.0,ATL,SF,9,0.0,52.0,4,17,0.235,3.0,13.0,0.231,1.0,4.0,0.25,0.324,3,4,0.75,1.0,6.0,7.0,0,0.0,0.0,1.0,6.0,14,0.0
2024,Trey Lyles,lylestr01,28.0,SAC,PF,58,0.0,1158.0,143,321,0.445,84.0,219.0,0.384,59.0,102.0,0.578,0.576,49,70,0.7,61.0,196.0,257.0,72,17.0,19.0,38.0,86.0,419,0.0
2024,Théo Maledon,maledth01,22.0,CHO,PG,13,1.0,200.0,19,66,0.288,5.0,30.0,0.167,14.0,36.0,0.389,0.326,11,12,0.917,4.0,19.0,23.0,28,7.0,0.0,15.0,18.0,54,0.0
2024,Théo Maledon,maledth01,22.0,PHO,PG,4,0.0,13.0,1,4,0.25,0.0,0.0,,1.0,4.0,0.25,0.25,3,3,1.0,0.0,1.0,1.0,0,0.0,0.0,3.0,3.0,5,0.0
2024,Sandro Mamukelashvili,mamuksa01,24.0,SAS,C,46,5.0,451.0,73,155,0.471,19.0,64.0,0.297,54.0,91.0,0.593,0.532,25,34,0.735,45.0,102.0,147.0,49,7.0,12.0,19.0,35.0,190,0.0
2024,Terance Mann,mannte01,27.0,LAC,SG,75,71.0,1873.0,254,493,0.515,71.0,204.0,0.348,183.0,289.0,0.633,0.587,79,95,0.832,87.0,167.0,254.0,119,43.0,15.0,48.0,145.0,658,0.0
2024,Tre Mann,manntr01,22.0,OKC,PG,13,0.0,119.0,20,40,0.5,8.0,19.0,0.421,12.0,21.0,0.571,0.6,1,1,1.0,4.0,20.0,24.0,20,3.0,0.0,9.0,3.0,49,0.0
2024,Tre Mann,manntr01,22.0,CHO,PG,28,28.0,868.0,125,276,0.453,39.0,107.0,0.364,86.0,169.0,0.509,0.524,44,58,0.759,16.0,109.0,125.0,145,48.0,3.0,56.0,45.0,333,0.0
2024,Boban Marjanović,marjabo01,35.0,HOU,C,14,0.0,71.0,18,34,0.529,0.0,2.0,0.0,18.0,32.0,0.563,0.529,9,14,0.643,7.0,25.0,32.0,6,1.0,2.0,5.0,5.0,45,0.0
2024,Lauri Markkanen,markkla01,26.0,UTA,PF,55,55.0,1820.0,427,890,0.48,175.0,439.0,0.399,252.0,451.0,0.559,0.578,249,277,0.899,122.0,327.0,449.0,110,50.0,26.0,77.0,100.0,1278,0.0
2024,Naji Marshall,marshna01,26.0,NOP,SF,66,1.0,1257.0,170,367,0.463,58.0,150.0,0.387,112.0,217.0,0.516,0.542,68,86,0.791,53.0,187.0,240.0,128,49.0,12.0,65.0,91.0,466,0.0
2024,Caleb Martin,martica02,28.0,MIA,SF,64,23.0,1756.0,241,559,0.431,81.0,232.0,0.349,160.0,327.0,0.489,0.504,77,99,0.778,74.0,207.0,281.0,143,47.0,29.0,77.0,126.0,640,0.0
2024,Cody Martin,martico01,28.0,CHO,SF,28,22.0,753.0,82,215,0.381,27.0,86.0,0.314,55.0,129.0,0.426,0.444,20,33,0.606,19.0,90.0,109.0,104,32.0,18.0,44.0,48.0,211,0.0
2024,KJ Martin,martike04,23.0,LAC,SF,2,0.0,31.0,4,10,0.4,1.0,5.0,0.2,3.0,5.0,0.6,0.45,1,2,0.5,1.0,2.0,3.0,1,2.0,1.0,2.0,3.0,10,0.0
2024,KJ Martin,martike04,23.0,PHI,SF,58,2.0,715.0,93,171,0.544,7.0,23.0,0.304,86.0,148.0,0.581,0.564,21,39,0.538,40.0,88.0,128.0,50,20.0,11.0,30.0,97.0,214,0.0
2024,Garrison Mathews,mathega01,27.0,ATL,SG,66,5.0,992.0,103,226,0.456,85.0,193.0,0.44,18.0,33.0,0.545,0.644,34,42,0.81,17.0,75.0,92.0,37,20.0,8.0,19.0,115.0,325,0.0
2024,Bennedict Mathurin,mathube01,21.0,IND,SF,59,19.0,1538.0,296,663,0.446,80.0,214.0,0.374,216.0,449.0,0.481,0.507,184,224,0.821,60.0,174.0,234.0,119,35.0,14.0,97.0,117.0,856,0.0
2024,Wesley Matthews,matthwe02,37.0,ATL,SG,36,3.0,413.0,34,97,0.351,24.0,69.0,0.348,10.0,28.0,0.357,0.474,18,24,0.75,9.0,44.0,53.0,23,16.0,11.0,8.0,43.0,110,0.0
2024,Tyrese Maxey,maxeyty01,23.0,PHI,PG,70,70.0,2626.0,638,1419,0.45,212.0,569.0,0.373,426.0,850.0,0.501,0.524,328,378,0.868,36.0,222.0,258.0,433,69.0,33.0,116.0,151.0,1816,0.0
2024,Skylar Mays,mayssk01,26.0,POR,PG,21,5.0,356.0,53,138,0.384,14.0,49.0,0.286,39.0,89.0,0.438,0.435,13,17,0.765,9.0,28.0,37.0,75,14.0,3.0,18.0,20.0,133,0.0
2024,Skylar Mays,mayssk01,26.0,LAL,SG,17,0.0,77.0,10,21,0.476,2.0,5.0,0.4,8.0,16.0,0.5,0.524,0,0,,1.0,5.0,6.0,10,7.0,1.0,2.0,6.0,22,0.0
2024,Miles McBride,mcbrimi01,23.0,NYK,PG,68,14.0,1328.0,205,454,0.452,109.0,266.0,0.41,96.0,188.0,0.511,0.572,43,50,0.86,31.0,69.0,100.0,114,50.0,7.0,30.0,108.0,562,0.0
2024,CJ McCollum,mccolcj01,32.0,NOP,PG,66,66.0,2159.0,484,1055,0.459,239.0,557.0,0.429,245.0,498.0,0.492,0.572,115,139,0.827,39.0,247.0,286.0,305,62.0,41.0,110.0,126.0,1322,0.0
2024,T.J. McConnell,mccontj01,31.0,IND,PG,71,4.0,1291.0,330,593,0.556,18.0,44.0,0.409,312.0,549.0,0.568,0.572,49,62,0.79,36.0,155.0,191.0,390,72.0,8.0,108.0,79.0,727,0.0
2024,Jalen McDaniels,mcdanja01,26.0,TOR,SF,50,1.0,538.0,65,189,0.344,12.0,71.0,0.169,53.0,118.0,0.449,0.376,27,37,0.73,18.0,61.0,79.0,37,19.0,6.0,30.0,52.0,169,0.0
2024,Jaden McDaniels,mcdanja02,23.0,MIN,SF,72,71.0,2105.0,307,628,0.489,86.0,255.0,0.337,221.0,373.0,0.592,0.557,57,79,0.722,56.0,168.0,224.0,101,63.0,42.0,87.0,219.0,757,0.0
2024,Doug McDermott,mcderdo01,32.0,SAS,SF,46,0.0,700.0,95,215,0.442,76.0,173.0,0.439,19.0,42.0,0.452,0.619,10,17,0.588,8.0,40.0,48.0,57,11.0,2.0,24.0,48.0,276,0.0
2024,Doug McDermott,mcderdo01,32.0,IND,SF,18,0.0,204.0,28,69,0.406,18.0,56.0,0.321,10.0,13.0,0.769,0.536,1,2,0.5,2.0,9.0,11.0,13,5.0,0.0,4.0,16.0,75,0.0
2024,JaVale McGee,mcgeeja01,36.0,SAC,C,46,0.0,339.0,79,132,0.598,1.0,7.0,0.143,78.0,125.0,0.624,0.602,26,45,0.578,42.0,84.0,126.0,17,14.0,20.0,34.0,46.0,185,0.0
2024,Bryce McGowens,mcgowbr01,21.0,CHO,SG,59,14.0,882.0,101,230,0.439,34.0,102.0,0.333,67.0,128.0,0.523,0.513,66,85,0.776,17.0,85.0,102.0,51,21.0,10.0,30.0,74.0,302,0.0
2024,Jordan McLaughlin,mclaujo01,27.0,MIN,PG,56,0.0,626.0,70,145,0.483,42.0,89.0,0.472,28.0,56.0,0.5,0.628,13,18,0.722,18.0,54.0,72.0,110,35.0,7.0,19.0,31.0,195,0.0
2024,De'Anthony Melton,meltode01,25.0,PHI,SG,38,33.0,1023.0,139,360,0.386,77.0,214.0,0.36,62.0,146.0,0.425,0.493,66,79,0.835,28.0,113.0,141.0,114,60.0,16.0,39.0,84.0,421,0.0
2024,Nathan Mensah,mensana01,25.0,CHO,C,25,0.0,307.0,12,28,0.429,0.0,0.0,,12.0,28.0,0.429,0.429,9,12,0.75,29.0,36.0,65.0,9,6.0,14.0,14.0,64.0,33,0.0
2024,Sam Merrill,merrisa01,27.0,CLE,SG,61,1.0,1069.0,158,393,0.402,143.0,354.0,0.404,15.0,39.0,0.385,0.584,26,28,0.929,22.0,98.0,120.0,108,19.0,4.0,19.0,72.0,485,0.0
2024,Chimezie Metu,metuch01,26.0,PHO,C,37,5.0,448.0,66,130,0.508,15.0,51.0,0.294,51.0,79.0,0.646,0.565,38,43,0.884,24.0,86.0,110.0,19,19.0,9.0,27.0,39.0,185,0.0
2024,Chimezie Metu,metuch01,26.0,DET,C,14,7.0,411.0,57,114,0.5,13.0,43.0,0.302,44.0,71.0,0.62,0.557,20,21,0.952,17.0,67.0,84.0,27,24.0,7.0,25.0,32.0,147,0.0
2024,Vasilije Micić,micicva01,30.0,OKC,PG,30,0.0,361.0,37,91,0.407,11.0,45.0,0.244,26.0,46.0,0.565,0.467,14,19,0.737,1.0,23.0,24.0,76,9.0,3.0,29.0,22.0,99,0.0
2024,Vasilije Micić,micicva01,30.0,CHO,PG,30,21.0,815.0,122,279,0.437,32.0,109.0,0.294,90.0,170.0,0.529,0.495,47,56,0.839,13.0,51.0,64.0,186,22.0,4.0,70.0,46.0,323,0.0
2024,Khris Middleton,middlkh01,32.0,MIL,SF,55,55.0,1487.0,317,643,0.493,94.0,247.0,0.381,223.0,396.0,0.563,0.566,100,120,0.833,40.0,217.0,257.0,292,51.0,15.0,127.0,141.0,828,1.0
2024,Brandon Miller,millebr02,21.0,CHO,SF,74,68.0,2383.0,476,1083,0.44,184.0,493.0,0.373,292.0,590.0,0.495,0.524,143,173,0.827,60.0,255.0,315.0,175,66.0,42.0,132.0,184.0,1279,0.0
2024,Jordan Miller,millejo02,24.0,LAC,SF,8,0.0,28.0,5,9,0.556,1.0,2.0,0.5,4.0,7.0,0.571,0.611,2,2,1.0,3.0,2.0,5.0,0,0.0,0.0,1.0,2.0,13,0.0
2024,Leonard Miller,millele01,20.0,MIN,SF,17,0.0,52.0,13,20,0.65,2.0,5.0,0.4,11.0,15.0,0.733,0.7,1,2,0.5,5.0,15.0,20.0,8,2.0,1.0,1.0,5.0,29,0.0
2024,Patty Mills,millspa02,35.0,ATL,PG,19,0.0,202.0,19,51,0.373,13.0,34.0,0.382,6.0,17.0,0.353,0.5,0,0,,5.0,15.0,20.0,14,9.0,1.0,8.0,17.0,51,0.0
2024,Patty Mills,millspa02,35.0,MIA,PG,13,5.0,213.0,27,80,0.338,11.0,53.0,0.208,16.0,27.0,0.593,0.406,11,11,1.0,4.0,11.0,15.0,20,11.0,0.0,8.0,15.0,76,0.0
2024,Shake Milton,miltosh01,27.0,MIN,SG,38,0.0,491.0,64,160,0.4,14.0,53.0,0.264,50.0,107.0,0.467,0.444,36,44,0.818,7.0,44.0,51.0,50,16.0,5.0,28.0,44.0,178,0.0
2024,Shake Milton,miltosh01,27.0,DET,SG,4,0.0,63.0,11,26,0.423,3.0,9.0,0.333,8.0,17.0,0.471,0.481,2,3,0.667,7.0,11.0,18.0,6,2.0,1.0,3.0,3.0,27,0.0
2024,Shake Milton,miltosh01,27.0,NYK,SG,6,0.0,27.0,4,9,0.444,1.0,2.0,0.5,3.0,7.0,0.429,0.5,2,2,1.0,0.0,6.0,6.0,4,1.0,0.0,0.0,7.0,11,0.0
2024,Justin Minaya,minayju01,24.0,POR,SF,34,1.0,381.0,22,74,0.297,12.0,49.0,0.245,10.0,25.0,0.4,0.378,5,9,0.556,30.0,26.0,56.0,21,9.0,10.0,9.0,35.0,61,0.0
2024,Josh Minott,minotjo01,21.0,MIN,SF,32,0.0,91.0,17,36,0.472,4.0,10.0,0.4,13.0,26.0,0.5,0.528,12,14,0.857,4.0,13.0,17.0,8,5.0,5.0,2.0,10.0,50,0.0
2024,Davion Mitchell,mitchda01,25.0,SAC,PG,72,4.0,1101.0,146,323,0.452,57.0,158.0,0.361,89.0,165.0,0.539,0.54,30,42,0.714,19.0,76.0,95.0,134,17.0,3.0,43.0,85.0,379,0.0
2024,Donovan Mitchell,mitchdo01,27.0,CLE,SG,55,55.0,1942.0,503,1089,0.462,182.0,494.0,0.368,321.0,595.0,0.539,0.545,275,318,0.865,46.0,234.0,280.0,333,101.0,30.0,154.0,118.0,1463,0.0
2024,Evan Mobley,mobleev01,22.0,CLE,PF,50,50.0,1532.0,320,552,0.58,22.0,59.0,0.373,298.0,493.0,0.604,0.6,123,171,0.719,111.0,357.0,468.0,160,45.0,72.0,90.0,134.0,785,0.0
2024,Isaiah Mobley,mobleis01,24.0,CLE,PF,10,0.0,72.0,10,24,0.417,3.0,10.0,0.3,7.0,14.0,0.5,0.479,0,1,0.0,3.0,7.0,10.0,6,2.0,0.0,2.0,6.0,23,0.0
2024,Malik Monk,monkma01,25.0,SAC,SG,72,0.0,1872.0,396,893,0.443,148.0,423.0,0.35,248.0,470.0,0.528,0.526,170,205,0.829,28.0,184.0,212.0,370,45.0,39.0,150.0,156.0,1110,0.0
2024,Moses Moody,moodymo01,21.0,GSW,SG,66,9.0,1156.0,194,420,0.462,72.0,200.0,0.36,122.0,220.0,0.555,0.548,73,93,0.785,65.0,131.0,196.0,57,42.0,24.0,44.0,90.0,533,0.0
2024,Xavier Moon,moonxa01,29.0,LAC,SG,14,1.0,119.0,15,46,0.326,2.0,17.0,0.118,13.0,29.0,0.448,0.348,1,2,0.5,8.0,10.0,18.0,21,3.0,3.0,5.0,8.0,33,0.0
2024,Taze Moore,mooreta02,25.0,POR,SG,4,0.0,40.0,8,19,0.421,1.0,7.0,0.143,7.0,12.0,0.583,0.447,1,2,0.5,4.0,4.0,8.0,5,2.0,0.0,3.0,4.0,18,0.0
2024,Wendell Moore Jr.,moorewe01,22.0,MIN,SG,25,0.0,75.0,9,18,0.5,0.0,6.0,0.0,9.0,12.0,0.75,0.5,0,0,,0.0,12.0,12.0,6,5.0,1.0,4.0,5.0,18,0.0
2024,Ja Morant,moranja01,24.0,MEM,PG,9,9.0,318.0,80,170,0.471,14.0,51.0,0.275,66.0,119.0,0.555,0.512,52,64,0.813,6.0,44.0,50.0,73,7.0,5.0,27.0,19.0,226,0.0
2024,Markieff Morris,morrima02,34.0,DAL,PF,26,1.0,216.0,23,68,0.338,15.0,42.0,0.357,8.0,26.0,0.308,0.449,5,6,0.833,4.0,35.0,39.0,16,5.0,3.0,12.0,12.0,66,0.0
2024,Marcus Morris,morrima03,34.0,PHI,PF,37,7.0,637.0,90,205,0.439,36.0,90.0,0.4,54.0,115.0,0.47,0.527,31,36,0.861,18.0,91.0,109.0,26,13.0,11.0,19.0,61.0,247,0.0
2024,Marcus Morris,morrima03,34.0,CLE,PF,12,0.0,180.0,26,59,0.441,12.0,29.0,0.414,14.0,30.0,0.467,0.542,5,8,0.625,5.0,20.0,25.0,10,2.0,2.0,11.0,13.0,69,0.0
2024,Monte Morris,morrimo01,28.0,DET,PG,6,0.0,68.0,12,33,0.364,2.0,11.0,0.182,10.0,22.0,0.455,0.394,1,2,0.5,2.0,10.0,12.0,8,1.0,1.0,2.0,1.0,27,0.0
2024,Monte Morris,morrimo01,28.0,MIN,PG,27,0.0,408.0,50,120,0.417,25.0,59.0,0.424,25.0,61.0,0.41,0.521,12,17,0.706,5.0,40.0,45.0,61,18.0,8.0,5.0,13.0,137,0.0
2024,Trey Murphy III,murphtr02,23.0,NOP,SF,57,23.0,1690.0,275,621,0.443,169.0,445.0,0.38,106.0,176.0,0.602,0.579,123,151,0.815,42.0,238.0,280.0,124,51.0,28.0,34.0,70.0,842,0.0
2024,Dejounte Murray,murrade01,27.0,ATL,SG,78,78.0,2783.0,672,1463,0.459,201.0,554.0,0.363,471.0,909.0,0.518,0.528,208,262,0.794,62.0,354.0,416.0,502,111.0,24.0,201.0,138.0,1753,1.0
2024,Jamal Murray,murraja01,26.0,DEN,PG,59,59.0,1861.0,474,986,0.481,145.0,341.0,0.425,329.0,645.0,0.51,0.554,157,184,0.853,42.0,200.0,242.0,384,57.0,39.0,125.0,104.0,1250,0.0
2024,Keegan Murray,murrake02,23.0,SAC,SF,77,77.0,2588.0,443,975,0.454,183.0,511.0,0.358,260.0,464.0,0.56,0.548,103,124,0.831,106.0,314.0,420.0,129,79.0,59.0,64.0,205.0,1172,0.0
2024,Kris Murray,murrakr01,23.0,POR,SF,62,29.0,1348.0,145,366,0.396,49.0,183.0,0.268,96.0,183.0,0.525,0.463,37,56,0.661,85.0,139.0,224.0,80,53.0,21.0,55.0,92.0,376,0.0
2024,Mike Muscala,muscami01,32.0,WAS,C,24,2.0,338.0,33,90,0.367,14.0,51.0,0.275,19.0,39.0,0.487,0.444,15,20,0.75,22.0,53.0,75.0,22,5.0,7.0,16.0,31.0,95,0.0
2024,Mike Muscala,muscami01,32.0,DET,C,13,4.0,171.0,15,44,0.341,13.0,34.0,0.382,2.0,10.0,0.2,0.489,2,4,0.5,10.0,19.0,29.0,10,3.0,5.0,2.0,13.0,45,0.0
2024,Mike Muscala,muscami01,32.0,OKC,C,16,0.0,91.0,8,22,0.364,1.0,11.0,0.091,7.0,11.0,0.636,0.386,0,1,0.0,7.0,14.0,21.0,4,1.0,1.0,4.0,8.0,17,0.0
2024,Svi Mykhailiuk,mykhasv01,26.0,BOS,SF,41,2.0,413.0,57,137,0.416,42.0,108.0,0.389,15.0,29.0,0.517,0.569,6,9,0.667,11.0,40.0,51.0,35,11.0,1.0,12.0,19.0,162,0.0
2024,Larry Nance Jr.,nancela02,31.0,NOP,C,61,0.0,1216.0,138,241,0.573,27.0,65.0,0.415,111.0,176.0,0.631,0.629,47,61,0.77,94.0,213.0,307.0,113,61.0,19.0,49.0,98.0,350,0.0
2024,Pete Nance,nancepe01,23.0,CLE,PF,8,0.0,27.0,1,6,0.167,1.0,1.0,1.0,0.0,5.0,0.0,0.25,0,2,0.0,0.0,3.0,3.0,0,1.0,0.0,1.0,2.0,3,0.0
2024,Andrew Nembhard,nembhan01,24.0,IND,PG,68,47.0,1697.0,260,522,0.498,61.0,171.0,0.357,199.0,351.0,0.567,0.557,45,56,0.804,36.0,105.0,141.0,280,63.0,6.0,101.0,143.0,626,0.0
2024,Aaron Nesmith,nesmiaa01,24.0,IND,SF,72,47.0,1995.0,315,635,0.496,140.0,334.0,0.419,175.0,301.0,0.581,0.606,107,137,0.781,63.0,212.0,275.0,108,65.0,49.0,64.0,241.0,877,0.0
2024,Georges Niang,niangge01,30.0,CLE,PF,82,10.0,1831.0,284,632,0.449,149.0,396.0,0.376,135.0,236.0,0.572,0.567,51,60,0.85,22.0,256.0,278.0,98,30.0,18.0,72.0,192.0,768,0.0
2024,Daishen Nix,nixda01,21.0,MIN,PG,15,0.0,50.0,9,24,0.375,6.0,17.0,0.353,3.0,7.0,0.429,0.5,3,6,0.5,1.0,2.0,3.0,6,5.0,0.0,5.0,2.0,27,0.0
2024,Zeke Nnaji,nnajize01,23.0,DEN,PF,58,0.0,576.0,69,149,0.463,6.0,23.0,0.261,63.0,126.0,0.5,0.483,42,62,0.677,61.0,65.0,126.0,32,15.0,38.0,27.0,81.0,186,0.0
2024,Jaylen Nowell,nowelja01,24.0,MEM,SG,9,1.0,156.0,22,55,0.4,4.0,23.0,0.174,18.0,32.0,0.563,0.436,3,3,1.0,3.0,11.0,14.0,16,3.0,0.0,5.0,13.0,51,0.0
2024,Jaylen Nowell,nowelja01,24.0,DET,SG,4,0.0,58.0,12,23,0.522,2.0,6.0,0.333,10.0,17.0,0.588,0.565,4,6,0.667,3.0,7.0,10.0,3,1.0,2.0,2.0,2.0,30,0.0
2024,Markquis Nowell,nowelma01,24.0,TOR,SG,1,0.0,4.0,0,1,0.0,0.0,0.0,,0.0,1.0,0.0,0.0,2,2,1.0,2.0,0.0,2.0,2,1.0,0.0,0.0,0.0,2,0.0
2024,Frank Ntilikina,ntilila01,25.0,CHO,PG,5,0.0,43.0,1,9,0.111,1.0,8.0,0.125,0.0,1.0,0.0,0.167,2,2,1.0,1.0,5.0,6.0,4,0.0,0.0,1.0,4.0,5,0.0
2024,Jusuf Nurkić,nurkiju01,29.0,PHO,C,76,76.0,2078.0,320,627,0.51,22.0,90.0,0.244,298.0,537.0,0.555,0.528,167,261,0.64,224.0,613.0,837.0,301,81.0,80.0,175.0,254.0,829,0.0
2024,Jordan Nwora,nworajo01,25.0,IND,SF,18,0.0,183.0,37,82,0.451,11.0,36.0,0.306,26.0,46.0,0.565,0.518,9,11,0.818,8.0,25.0,33.0,18,6.0,1.0,12.0,19.0,94,0.0
2024,Jordan Nwora,nworajo01,25.0,TOR,SF,34,1.0,529.0,101,217,0.465,33.0,95.0,0.347,68.0,122.0,0.557,0.541,35,42,0.833,20.0,96.0,116.0,44,20.0,12.0,41.0,29.0,270,0.0
2024,Chuma Okeke,okekech01,25.0,ORL,SF,47,8.0,432.0,40,112,0.357,23.0,82.0,0.28,17.0,30.0,0.567,0.46,4,7,0.571,18.0,62.0,80.0,20,9.0,7.0,16.0,19.0,107,0.0
2024,Josh Okogie,okogijo01,25.0,PHO,SG,60,11.0,960.0,86,206,0.417,29.0,94.0,0.309,57.0,112.0,0.509,0.488,76,102,0.745,74.0,80.0,154.0,64,48.0,24.0,36.0,68.0,277,0.0
2024,Onyeka Okongwu,okongon01,23.0,ATL,C,55,8.0,1405.0,223,365,0.611,23.0,69.0,0.333,200.0,296.0,0.676,0.642,92,116,0.793,145.0,231.0,376.0,74,26.0,60.0,45.0,162.0,561,0.0
2024,Isaac Okoro,okorois01,23.0,CLE,SF,69,42.0,1887.0,235,480,0.49,84.0,215.0,0.391,151.0,265.0,0.57,0.577,93,137,0.679,67.0,139.0,206.0,132,57.0,34.0,54.0,140.0,647,0.0
2024,Kelly Olynyk,olynyke01,32.0,UTA,C,50,8.0,1019.0,145,258,0.562,36.0,84.0,0.429,109.0,174.0,0.626,0.632,80,95,0.842,63.0,191.0,254.0,219,37.0,12.0,81.0,132.0,406,0.0
2024,Kelly Olynyk,olynyke01,32.0,TOR,C,28,19.0,740.0,131,239,0.548,24.0,71.0,0.338,107.0,168.0,0.637,0.598,70,85,0.824,45.0,112.0,157.0,128,37.0,18.0,71.0,98.0,356,0.0
2024,Eugene Omoruyi,omorueu01,26.0,WAS,SF,43,0.0,393.0,81,167,0.485,13.0,46.0,0.283,68.0,121.0,0.562,0.524,32,49,0.653,35.0,50.0,85.0,35,27.0,5.0,21.0,62.0,207,0.0
2024,Royce O'Neale,onealro01,30.0,BRK,SF,49,6.0,1202.0,126,325,0.388,97.0,265.0,0.366,29.0,60.0,0.483,0.537,15,22,0.682,38.0,183.0,221.0,137,32.0,29.0,51.0,120.0,364,0.0
2024,Royce O'Neale,onealro01,30.0,PHO,SF,30,8.0,752.0,88,214,0.411,59.0,157.0,0.376,29.0,57.0,0.509,0.549,9,13,0.692,22.0,134.0,156.0,82,27.0,15.0,22.0,54.0,244,0.0
2024,Cedi Osman,osmande01,28.0,SAS,SF,72,3.0,1269.0,184,384,0.479,86.0,221.0,0.389,98.0,163.0,0.601,0.591,35,52,0.673,25.0,155.0,180.0,119,36.0,11.0,47.0,107.0,489,0.0
2024,Kelly Oubre Jr.,oubreke01,28.0,PHI,SF,68,52.0,2055.0,387,878,0.441,101.0,325.0,0.311,286.0,553.0,0.517,0.498,174,232,0.75,94.0,247.0,341.0,101,77.0,47.0,87.0,194.0,1049,0.0
2024,Chris Paul,paulch01,38.0,GSW,PG,58,18.0,1531.0,206,467,0.441,78.0,210.0,0.371,128.0,257.0,0.498,0.525,43,52,0.827,18.0,207.0,225.0,393,70.0,6.0,76.0,108.0,533,0.0
2024,Cameron Payne,payneca01,29.0,MIL,PG,47,2.0,702.0,101,222,0.455,52.0,131.0,0.397,49.0,91.0,0.538,0.572,37,44,0.841,5.0,57.0,62.0,109,22.0,3.0,31.0,73.0,291,0.0
2024,Cameron Payne,payneca01,29.0,PHI,PG,31,8.0,602.0,107,259,0.413,52.0,136.0,0.382,55.0,123.0,0.447,0.514,21,23,0.913,16.0,39.0,55.0,96,20.0,8.0,35.0,53.0,287,0.0
2024,Gary Payton II,paytoga02,31.0,GSW,SG,44,0.0,680.0,103,183,0.563,20.0,55.0,0.364,83.0,128.0,0.648,0.617,14,23,0.609,46.0,67.0,113.0,48,39.0,18.0,27.0,77.0,240,0.0
2024,Mãozinha Pereira,pereima01,23.0,MEM,SF,7,1.0,122.0,18,35,0.514,5.0,13.0,0.385,13.0,22.0,0.591,0.586,7,10,0.7,11.0,26.0,37.0,2,6.0,4.0,5.0,10.0,48,0.0
2024,Drew Peterson,peterdr01,24.0,BOS,PF,3,0.0,23.0,4,6,0.667,3.0,5.0,0.6,1.0,1.0,1.0,0.917,0,0,,0.0,1.0,1.0,1,2.0,0.0,1.0,1.0,11,0.0
2024,Filip Petrušev,petrufi01,23.0,PHI,C,1,0.0,3.0,0,0,,0.0,0.0,,0.0,0.0,,,0,0,,0.0,1.0,1.0,0,0.0,0.0,0.0,0.0,0,0.0
2024,Filip Petrušev,petrufi01,23.0,SAC,C,2,0.0,7.0,1,2,0.5,0.0,0.0,,1.0,2.0,0.5,0.5,1,2,0.5,0.0,0.0,0.0,0,0.0,0.0,0.0,1.0,3,0.0
2024,Julian Phillips,phillju01,20.0,CHI,SF,40,0.0,323.0,32,77,0.416,12.0,38.0,0.316,20.0,39.0,0.513,0.494,13,19,0.684,12.0,24.0,36.0,13,7.0,7.0,10.0,40.0,89,0.0
2024,Jalen Pickett,pickeja02,24.0,DEN,SG,27,0.0,122.0,15,35,0.429,9.0,25.0,0.36,6.0,10.0,0.6,0.557,3,4,0.75,1.0,13.0,14.0,21,4.0,0.0,9.0,13.0,42,0.0
2024,Scotty Pippen Jr.,pippesc02,23.0,MEM,PG,21,16.0,527.0,100,203,0.493,30.0,72.0,0.417,70.0,131.0,0.534,0.567,41,55,0.745,22.0,45.0,67.0,98,36.0,10.0,56.0,60.0,271,0.0
2024,Mason Plumlee,plumlma01,33.0,LAC,C,46,11.0,674.0,87,153,0.569,0.0,6.0,0.0,87.0,147.0,0.592,0.569,70,99,0.707,60.0,174.0,234.0,55,14.0,17.0,36.0,68.0,244,0.0
2024,Brandin Podziemski,podzibr01,20.0,GSW,SG,74,28.0,1968.0,271,597,0.454,90.0,234.0,0.385,181.0,363.0,0.499,0.529,50,79,0.633,118.0,309.0,427.0,273,61.0,14.0,88.0,122.0,682,0.0
2024,Jakob Poeltl,poeltja01,28.0,TOR,C,50,50.0,1319.0,248,378,0.656,0.0,0.0,,248.0,378.0,0.656,0.656,59,107,0.551,146.0,283.0,429.0,127,35.0,76.0,77.0,149.0,555,0.0
2024,Aleksej Pokusevski,pokusal01,22.0,OKC,PF,10,0.0,60.0,4,16,0.25,2.0,11.0,0.182,2.0,5.0,0.4,0.313,2,4,0.5,2.0,8.0,10.0,5,1.0,1.0,3.0,5.0,12,0.0
2024,Aleksej Pokusevski,pokusal01,22.0,CHO,PF,18,0.0,345.0,45,105,0.429,16.0,44.0,0.364,29.0,61.0,0.475,0.505,28,37,0.757,15.0,64.0,79.0,30,14.0,12.0,16.0,17.0,134,0.0
2024,Jordan Poole,poolejo01,24.0,WAS,SG,78,66.0,2346.0,490,1186,0.413,184.0,564.0,0.326,306.0,622.0,0.492,0.491,192,219,0.877,32.0,180.0,212.0,343,86.0,25.0,188.0,244.0,1356,0.0
2024,Craig Porter Jr.,portecr01,23.0,CLE,PG,51,6.0,649.0,116,228,0.509,12.0,34.0,0.353,104.0,194.0,0.536,0.535,41,56,0.732,21.0,88.0,109.0,118,21.0,15.0,45.0,40.0,285,0.0
2024,Jontay Porter,portejo01,24.0,TOR,PF,26,5.0,360.0,40,104,0.385,20.0,60.0,0.333,20.0,44.0,0.455,0.481,15,18,0.833,26.0,56.0,82.0,60,20.0,20.0,21.0,35.0,115,0.0
2024,Michael Porter Jr.,portemi01,25.0,DEN,SF,81,81.0,2565.0,522,1079,0.484,220.0,554.0,0.397,302.0,525.0,0.575,0.586,92,110,0.836,106.0,459.0,565.0,122,42.0,53.0,92.0,148.0,1356,0.0
2024,Otto Porter Jr.,porteot01,30.0,TOR,SF,15,1.0,174.0,14,33,0.424,8.0,23.0,0.348,6.0,10.0,0.6,0.545,3,3,1.0,6.0,23.0,29.0,8,5.0,5.0,2.0,19.0,39,0.0
2024,Bobby Portis,portibo01,28.0,MIL,PF,82,4.0,2008.0,466,918,0.508,100.0,246.0,0.407,366.0,672.0,0.545,0.562,98,124,0.79,142.0,465.0,607.0,104,68.0,34.0,91.0,189.0,1130,0.0
2024,Kristaps Porziņģis,porzikr01,28.0,BOS,C,57,57.0,1690.0,388,752,0.516,110.0,293.0,0.375,278.0,459.0,0.606,0.589,259,302,0.858,97.0,312.0,409.0,115,42.0,111.0,89.0,156.0,1145,0.0
2024,Micah Potter,pottemi01,25.0,UTA,PF,16,0.0,186.0,19,40,0.475,9.0,21.0,0.429,10.0,19.0,0.526,0.588,6,8,0.75,10.0,33.0,43.0,6,4.0,6.0,5.0,14.0,53,0.0
2024,Dwight Powell,poweldw01,32.0,DAL,C,63,9.0,836.0,72,106,0.679,1.0,3.0,0.333,71.0,103.0,0.689,0.684,63,89,0.708,97.0,117.0,214.0,84,26.0,20.0,32.0,113.0,208,0.0
2024,Norman Powell,powelno01,30.0,LAC,SG,76,3.0,1990.0,373,768,0.486,167.0,384.0,0.435,206.0,384.0,0.536,0.594,143,172,0.831,16.0,179.0,195.0,82,43.0,22.0,66.0,137.0,1056,0.0
2024,Jason Preston,prestja01,24.0,UTA,PG,7,0.0,71.0,6,19,0.316,0.0,3.0,0.0,6.0,16.0,0.375,0.316,0,0,,6.0,11.0,17.0,16,2.0,1.0,2.0,3.0,12,0.0
2024,Joshua Primo,primojo01,21.0,LAC,SG,2,0.0,10.0,1,3,0.333,0.0,1.0,0.0,1.0,2.0,0.5,0.333,0,0,,1.0,0.0,1.0,0,0.0,1.0,4.0,0.0,2,0.0
2024,Taurean Prince,princta02,29.0,LAL,PF,78,49.0,2108.0,253,572,0.442,141.0,356.0,0.396,112.0,216.0,0.519,0.566,50,68,0.735,21.0,209.0,230.0,119,58.0,35.0,73.0,146.0,697,0.0
2024,Payton Pritchard,pritcpa01,26.0,BOS,PG,82,5.0,1825.0,297,635,0.468,147.0,382.0,0.385,150.0,253.0,0.593,0.583,46,56,0.821,70.0,195.0,265.0,281,39.0,6.0,61.0,106.0,787,0.0
2024,Olivier-Maxence Prosper,prospol01,21.0,DAL,PF,40,1.0,336.0,40,104,0.385,13.0,45.0,0.289,27.0,59.0,0.458,0.447,28,41,0.683,25.0,54.0,79.0,22,7.0,4.0,8.0,20.0,121,0.0
2024,Trevelin Queen,queentr01,26.0,ORL,SG,14,0.0,165.0,14,38,0.368,3.0,17.0,0.176,11.0,21.0,0.524,0.408,9,12,0.75,3.0,17.0,20.0,18,7.0,5.0,7.0,15.0,40,0.0
2024,Neemias Queta,quetane01,24.0,BOS,C,28,0.0,333.0,67,104,0.644,0.0,0.0,,67.0,104.0,0.644,0.644,20,28,0.714,53.0,69.0,122.0,20,13.0,21.0,13.0,50.0,154,0.0
2024,Immanuel Quickley,quickim01,24.0,NYK,SG,30,0.0,720.0,152,335,0.454,64.0,162.0,0.395,88.0,173.0,0.509,0.549,82,94,0.872,5.0,72.0,77.0,74,16.0,3.0,31.0,44.0,450,0.0
2024,Immanuel Quickley,quickim01,24.0,TOR,PG,38,38.0,1265.0,236,559,0.422,107.0,271.0,0.395,129.0,288.0,0.448,0.518,127,151,0.841,12.0,170.0,182.0,257,34.0,7.0,70.0,75.0,706,0.0
2024,Lester Quiñones,quinole01,23.0,GSW,SG,37,0.0,394.0,56,141,0.397,32.0,88.0,0.364,24.0,53.0,0.453,0.511,20,29,0.69,21.0,51.0,72.0,36,6.0,2.0,17.0,44.0,164,0.0
2024,Jahmi'us Ramsey,ramseja01,22.0,TOR,SG,7,1.0,121.0,18,41,0.439,6.0,22.0,0.273,12.0,19.0,0.632,0.512,5,6,0.833,4.0,18.0,22.0,8,7.0,0.0,7.0,10.0,47,0.0
2024,Julius Randle,randlju01,29.0,NYK,PF,46,46.0,1630.0,395,836,0.472,76.0,244.0,0.311,319.0,592.0,0.539,0.518,236,302,0.781,99.0,324.0,423.0,229,25.0,12.0,159.0,125.0,1102,1.0
2024,Duop Reath,reathdu01,27.0,POR,C,68,20.0,1214.0,230,499,0.461,88.0,245.0,0.359,142.0,254.0,0.559,0.549,69,93,0.742,93.0,157.0,250.0,67,33.0,38.0,52.0,161.0,617,0.0
2024,Austin Reaves,reaveau01,25.0,LAL,SG,82,57.0,2629.0,457,940,0.486,154.0,420.0,0.367,303.0,520.0,0.583,0.568,232,272,0.853,57.0,295.0,352.0,450,66.0,25.0,174.0,153.0,1300,1.0
2024,Cam Reddish,reddica01,24.0,LAL,SF,48,26.0,984.0,91,234,0.389,37.0,110.0,0.336,54.0,124.0,0.435,0.468,41,54,0.759,27.0,72.0,99.0,48,47.0,14.0,31.0,64.0,260,0.0
2024,Paul Reed,reedpa01,24.0,PHI,C,82,24.0,1590.0,259,480,0.54,21.0,57.0,0.368,238.0,423.0,0.563,0.561,61,85,0.718,193.0,295.0,488.0,109,67.0,84.0,67.0,198.0,600,0.0
2024,Naz Reid,reidna01,24.0,MIN,PF,81,14.0,1964.0,406,851,0.477,169.0,408.0,0.414,237.0,443.0,0.535,0.576,109,148,0.736,73.0,350.0,423.0,106,63.0,73.0,111.0,172.0,1090,0.0
2024,Jared Rhoden,rhodeja01,24.0,DET,SG,17,0.0,245.0,33,66,0.5,12.0,31.0,0.387,21.0,35.0,0.6,0.591,5,8,0.625,3.0,30.0,33.0,14,3.0,13.0,7.0,28.0,83,0.0
2024,Josh Richardson,richajo01,30.0,MIA,SG,43,6.0,1103.0,154,347,0.444,66.0,190.0,0.347,88.0,157.0,0.561,0.539,51,54,0.944,18.0,103.0,121.0,105,24.0,14.0,36.0,76.0,425,0.0
2024,Nick Richards,richani01,26.0,CHO,C,67,51.0,1759.0,260,376,0.691,0.0,1.0,0.0,260.0,375.0,0.693,0.691,132,179,0.737,172.0,367.0,539.0,54,26.0,74.0,73.0,176.0,652,0.0
2024,Duncan Robinson,robindu01,29.0,MIA,SF,68,36.0,1905.0,304,675,0.45,187.0,473.0,0.395,117.0,202.0,0.579,0.589,80,90,0.889,15.0,158.0,173.0,192,46.0,16.0,95.0,163.0,875,0.0
2024,Jerome Robinson,robinje01,26.0,GSW,SG,22,0.0,81.0,11,33,0.333,2.0,17.0,0.118,9.0,16.0,0.563,0.364,7,11,0.636,1.0,5.0,6.0,5,1.0,3.0,2.0,5.0,31,0.0
2024,Jeremiah Robinson-Earl,robinje02,23.0,NOP,PF,39,1.0,334.0,45,95,0.474,13.0,39.0,0.333,32.0,56.0,0.571,0.542,12,16,0.75,23.0,53.0,76.0,21,10.0,4.0,16.0,24.0,115,0.0
2024,Mitchell Robinson,robinmi01,25.0,NYK,C,31,21.0,768.0,73,127,0.575,0.0,0.0,,73.0,127.0,0.575,0.575,27,66,0.409,142.0,121.0,263.0,18,37.0,35.0,25.0,55.0,173,0.0
2024,Orlando Robinson,robinor01,23.0,MIA,C,36,7.0,304.0,36,72,0.5,8.0,15.0,0.533,28.0,57.0,0.491,0.556,19,25,0.76,28.0,56.0,84.0,34,7.0,8.0,18.0,35.0,99,0.0
2024,David Roddy,roddyda01,22.0,MEM,PF,48,13.0,1114.0,155,386,0.402,47.0,156.0,0.301,108.0,230.0,0.47,0.462,46,67,0.687,51.0,149.0,200.0,76,25.0,11.0,54.0,68.0,403,0.0
2024,David Roddy,roddyda01,22.0,PHO,PF,17,0.0,63.0,10,23,0.435,1.0,8.0,0.125,9.0,15.0,0.6,0.457,1,1,1.0,2.0,9.0,11.0,4,2.0,0.0,3.0,4.0,22,0.0
2024,Ryan Rollins,rolliry01,21.0,WAS,PG,10,0.0,66.0,13,25,0.52,2.0,3.0,0.667,11.0,22.0,0.5,0.56,13,17,0.765,2.0,9.0,11.0,11,8.0,3.0,7.0,7.0,41,0.0
2024,Ryan Rollins,rolliry01,21.0,MIL,PG,3,0.0,12.0,1,2,0.5,1.0,1.0,1.0,0.0,1.0,0.0,0.75,0,0,,0.0,2.0,2.0,3,2.0,0.0,1.0,1.0,3,0.0
2024,Derrick Rose,rosede01,35.0,MEM,PG,24,7.0,399.0,76,165,0.461,15.0,41.0,0.366,61.0,124.0,0.492,0.506,24,27,0.889,7.0,38.0,45.0,78,8.0,2.0,31.0,21.0,191,0.0
2024,Terry Rozier,roziete01,29.0,CHO,SG,30,30.0,1065.0,252,549,0.459,83.0,232.0,0.358,169.0,317.0,0.533,0.535,109,129,0.845,17.0,100.0,117.0,198,32.0,12.0,65.0,52.0,696,0.0
2024,Terry Rozier,roziete01,29.0,MIA,PG,31,30.0,975.0,190,449,0.423,66.0,178.0,0.371,124.0,271.0,0.458,0.497,63,69,0.913,18.0,112.0,130.0,144,31.0,9.0,41.0,49.0,509,0.0
2024,Rayan Rupert,ruperra01,19.0,POR,SG,39,12.0,633.0,54,161,0.335,28.0,78.0,0.359,26.0,83.0,0.313,0.422,19,25,0.76,24.0,68.0,92.0,62,12.0,3.0,31.0,56.0,155,0.0
2024,D'Angelo Russell,russeda01,27.0,LAL,PG,76,69.0,2484.0,492,1080,0.456,226.0,545.0,0.415,266.0,535.0,0.497,0.56,159,192,0.828,28.0,208.0,236.0,482,69.0,36.0,156.0,156.0,1369,0.0
2024,Matt Ryan,ryanma01,26.0,NOP,SF,28,1.0,390.0,49,113,0.434,41.0,91.0,0.451,8.0,22.0,0.364,0.615,13,14,0.929,6.0,34.0,40.0,18,6.0,1.0,19.0,32.0,152,0.0
2024,Domantas Sabonis,sabondo01,27.0,SAC,C,82,82.0,2928.0,634,1068,0.594,33.0,87.0,0.379,601.0,981.0,0.613,0.609,292,415,0.704,294.0,826.0,1120.0,673,74.0,48.0,272.0,250.0,1593,26.0
2024,Luka Šamanić,samanlu01,24.0,UTA,PF,43,7.0,404.0,60,158,0.38,13.0,64.0,0.203,47.0,94.0,0.5,0.421,44,56,0.786,22.0,80.0,102.0,19,5.0,7.0,28.0,32.0,177,0.0
2024,Jermaine Samuels,samueje01,25.0,HOU,SF,14,0.0,60.0,9,14,0.643,0.0,2.0,0.0,9.0,12.0,0.75,0.643,2,2,1.0,3.0,10.0,13.0,3,1.0,2.0,0.0,5.0,20,0.0
2024,Adama Sanogo,sanogad01,21.0,CHI,PF,9,0.0,66.0,14,27,0.519,0.0,0.0,,14.0,27.0,0.519,0.519,8,12,0.667,19.0,17.0,36.0,0,1.0,0.0,5.0,5.0,36,0.0
2024,Gui Santos,santogu01,21.0,GSW,PF,23,0.0,192.0,28,55,0.509,10.0,27.0,0.37,18.0,28.0,0.643,0.6,16,17,0.941,17.0,32.0,49.0,14,4.0,2.0,7.0,23.0,82,0.0
2024,Dario Šarić,saricda01,29.0,GSW,C,64,9.0,1098.0,181,388,0.466,74.0,197.0,0.376,107.0,191.0,0.56,0.562,79,93,0.849,73.0,210.0,283.0,144,31.0,10.0,78.0,112.0,515,0.0
2024,Olivier Sarr,sarrol01,24.0,OKC,C,15,0.0,98.0,11,19,0.579,2.0,6.0,0.333,9.0,13.0,0.692,0.632,10,15,0.667,10.0,26.0,36.0,2,0.0,7.0,3.0,18.0,34,0.0
2024,Marcus Sasser,sassema01,23.0,DET,PG,71,11.0,1351.0,219,512,0.428,90.0,240.0,0.375,129.0,272.0,0.474,0.516,58,66,0.879,11.0,114.0,125.0,236,44.0,12.0,90.0,103.0,586,0.0
2024,Admiral Schofield,schofad01,26.0,ORL,PF,23,0.0,84.0,10,26,0.385,6.0,16.0,0.375,4.0,10.0,0.4,0.5,0,2,0.0,3.0,14.0,17.0,7,1.0,0.0,5.0,9.0,26,0.0
2024,Dennis Schröder,schrode01,30.0,TOR,PG,51,33.0,1559.0,247,559,0.442,77.0,220.0,0.35,170.0,339.0,0.501,0.511,127,149,0.852,22.0,118.0,140.0,313,46.0,8.0,83.0,105.0,698,0.0
2024,Dennis Schröder,schrode01,30.0,BRK,PG,29,25.0,927.0,156,368,0.424,61.0,148.0,0.412,95.0,220.0,0.432,0.507,51,64,0.797,17.0,85.0,102.0,175,17.0,9.0,70.0,59.0,424,0.0
2024,Dereon Seabron,seabrde01,23.0,NOP,SG,6,0.0,55.0,4,13,0.308,1.0,2.0,0.5,3.0,11.0,0.273,0.346,5,6,0.833,1.0,6.0,7.0,5,2.0,1.0,0.0,4.0,14,0.0
2024,Alperen Şengün,sengual01,21.0,HOU,C,63,63.0,2046.0,527,982,0.537,33.0,111.0,0.297,494.0,871.0,0.567,0.553,244,352,0.693,183.0,406.0,589.0,312,76.0,46.0,162.0,211.0,1331,2.0
2024,Brice Sensabaugh,sensabr01,20.0,UTA,SF,32,11.0,584.0,85,218,0.39,34.0,115.0,0.296,51.0,103.0,0.495,0.468,37,41,0.902,16.0,86.0,102.0,55,13.0,6.0,47.0,43.0,241,0.0
2024,Collin Sexton,sextoco01,25.0,UTA,SG,78,51.0,2075.0,506,1038,0.487,128.0,325.0,0.394,378.0,713.0,0.53,0.549,318,370,0.859,71.0,134.0,205.0,383,62.0,18.0,165.0,154.0,1458,0.0
2024,Landry Shamet,shamela01,26.0,WAS,SG,46,5.0,726.0,118,274,0.431,53.0,157.0,0.338,65.0,117.0,0.556,0.527,38,46,0.826,16.0,46.0,62.0,54,25.0,10.0,30.0,76.0,327,0.0
2024,Day'Ron Sharpe,sharpda01,22.0,BRK,C,61,1.0,921.0,168,294,0.571,4.0,15.0,0.267,164.0,279.0,0.588,0.578,75,123,0.61,161.0,228.0,389.0,85,24.0,44.0,70.0,131.0,415,0.0
2024,Shaedon Sharpe,sharpsh01,20.0,POR,SG,32,25.0,1059.0,176,434,0.406,60.0,180.0,0.333,116.0,254.0,0.457,0.475,98,119,0.824,42.0,118.0,160.0,94,28.0,12.0,72.0,88.0,510,0.0
2024,Ben Sheppard,sheppbe01,22.0,IND,SG,57,1.0,814.0,90,229,0.393,49.0,156.0,0.314,41.0,73.0,0.562,0.5,23,26,0.885,15.0,74.0,89.0,53,33.0,2.0,15.0,88.0,252,0.0
2024,Pascal Siakam,siakapa01,29.0,TOR,PF,39,39.0,1354.0,325,623,0.522,46.0,145.0,0.317,279.0,478.0,0.584,0.559,169,223,0.758,54.0,192.0,246.0,190,32.0,10.0,83.0,87.0,865,0.0
2024,Pascal Siakam,siakapa01,29.0,IND,PF,41,41.0,1303.0,356,648,0.549,39.0,101.0,0.386,317.0,547.0,0.58,0.579,121,173,0.699,85.0,234.0,319.0,152,31.0,15.0,58.0,106.0,872,1.0
2024,Ben Simmons,simmobe01,27.0,BRK,PG,15,12.0,359.0,43,74,0.581,0.0,0.0,,43.0,74.0,0.581,0.581,6,15,0.4,31.0,88.0,119.0,86,12.0,9.0,27.0,36.0,92,0.0
2024,Kobi Simmons,simmoko01,26.0,TOR,PG,4,0.0,67.0,9,21,0.429,2.0,8.0,0.25,7.0,13.0,0.538,0.476,0,0,,1.0,6.0,7.0,12,6.0,2.0,1.0,5.0,20,0.0
2024,Anfernee Simons,simonan01,24.0,POR,SG,46,46.0,1582.0,360,837,0.43,156.0,405.0,0.385,204.0,432.0,0.472,0.523,163,178,0.916,22.0,145.0,167.0,255,23.0,5.0,126.0,98.0,1039,0.0
2024,Zavier Simpson,simpsza01,26.0,MEM,PG,7,0.0,161.0,17,54,0.315,5.0,17.0,0.294,12.0,37.0,0.324,0.361,3,4,0.75,4.0,16.0,20.0,25,7.0,3.0,10.0,11.0,42,0.0
2024,Jericho Sims,simsje01,25.0,NYK,C,45,11.0,585.0,38,55,0.691,0.0,0.0,,38.0,55.0,0.691,0.691,16,24,0.667,56.0,91.0,147.0,25,8.0,19.0,16.0,45.0,92,0.0
2024,Dmytro Skapintsev,skapidm01,25.0,NYK,C,2,0.0,2.0,0,1,0.0,0.0,0.0,,0.0,1.0,0.0,0.0,0,0,,0.0,0.0,0.0,0,0.0,0.0,0.0,0.0,0,0.0
2024,Jalen Slawson,slawsja01,24.0,SAC,SF,12,0.0,37.0,4,6,0.667,0.0,2.0,0.0,4.0,4.0,1.0,0.667,0,0,,1.0,6.0,7.0,2,1.0,1.0,2.0,8.0,8,0.0
2024,Javonte Smart,smartja01,24.0,PHI,PG,1,0.0,1.0,0,0,,0.0,0.0,,0.0,0.0,,,0,0,,0.0,0.0,0.0,0,0.0,0.0,0.0,0.0,0,0.0
2024,Marcus Smart,smartma01,29.0,MEM,PG,20,20.0,605.0,102,237,0.43,42.0,134.0,0.313,60.0,103.0,0.583,0.519,43,56,0.768,6.0,47.0,53.0,86,41.0,5.0,62.0,53.0,289,0.0
2024,Dennis Smith Jr.,smithde03,26.0,BRK,PG,56,2.0,1059.0,147,338,0.435,32.0,109.0,0.294,115.0,229.0,0.502,0.482,43,58,0.741,50.0,114.0,164.0,203,68.0,12.0,68.0,121.0,369,0.0
2024,Dru Smith,smithdr01,26.0,MIA,SG,9,0.0,131.0,15,33,0.455,7.0,17.0,0.412,8.0,16.0,0.5,0.561,2,2,1.0,6.0,8.0,14.0,14,9.0,3.0,5.0,12.0,39,0.0
2024,Ish Smith,smithis01,35.0,CHO,PG,43,5.0,741.0,66,158,0.418,4.0,8.0,0.5,62.0,150.0,0.413,0.43,3,4,0.75,11.0,65.0,76.0,145,17.0,4.0,47.0,49.0,139,0.0
2024,Jalen Smith,smithja04,23.0,IND,C,61,14.0,1047.0,234,395,0.592,61.0,144.0,0.424,173.0,251.0,0.689,0.67,72,104,0.692,112.0,225.0,337.0,63,17.0,38.0,44.0,124.0,601,0.0
2024,Jabari Smith Jr.,smithja05,20.0,HOU,PF,76,76.0,2424.0,378,833,0.454,138.0,380.0,0.363,240.0,453.0,0.53,0.537,150,185,0.811,139.0,477.0,616.0,121,52.0,61.0,89.0,200.0,1044,0.0
2024,Nick Smith Jr.,smithni01,19.0,CHO,SG,51,0.0,729.0,113,289,0.391,63.0,146.0,0.432,50.0,143.0,0.35,0.5,13,15,0.867,18.0,54.0,72.0,59,10.0,7.0,39.0,55.0,302,0.0
2024,Terquavion Smith,smithte01,21.0,PHI,PG,16,0.0,84.0,18,46,0.391,13.0,35.0,0.371,5.0,11.0,0.455,0.533,3,5,0.6,0.0,4.0,4.0,12,8.0,0.0,7.0,8.0,52,0.0
2024,Jeremy Sochan,sochaje01,20.0,SAS,PF,74,73.0,2193.0,340,776,0.438,70.0,227.0,0.308,270.0,549.0,0.492,0.483,111,144,0.771,137.0,339.0,476.0,249,62.0,40.0,140.0,168.0,861,0.0
2024,Pat Spencer,spencpa01,27.0,GSW,PG,6,0.0,26.0,2,4,0.5,0.0,2.0,0.0,2.0,2.0,1.0,0.5,0,0,,2.0,2.0,4.0,5,0.0,0.0,1.0,1.0,4,0.0
2024,Jaden Springer,sprinja01,21.0,PHI,SG,32,1.0,377.0,46,118,0.39,8.0,37.0,0.216,38.0,81.0,0.469,0.424,28,34,0.824,25.0,33.0,58.0,35,25.0,11.0,26.0,49.0,128,0.0
2024,Jaden Springer,sprinja01,21.0,BOS,SG,17,1.0,130.0,13,30,0.433,2.0,11.0,0.182,11.0,19.0,0.579,0.467,7,8,0.875,8.0,12.0,20.0,9,11.0,4.0,8.0,17.0,35,0.0
2024,Lamar Stevens,stevela01,26.0,BOS,PF,19,1.0,122.0,21,45,0.467,3.0,8.0,0.375,18.0,37.0,0.486,0.5,8,11,0.727,12.0,19.0,31.0,8,6.0,5.0,9.0,14.0,53,0.0
2024,Lamar Stevens,stevela01,26.0,MEM,PF,19,2.0,437.0,87,195,0.446,11.0,38.0,0.289,76.0,157.0,0.484,0.474,34,43,0.791,24.0,72.0,96.0,20,17.0,17.0,15.0,31.0,219,0.0
2024,Isaiah Stewart,stewais01,22.0,DET,PF,46,45.0,1423.0,186,382,0.487,67.0,175.0,0.383,119.0,207.0,0.575,0.575,64,85,0.753,74.0,231.0,305.0,73,17.0,38.0,66.0,99.0,503,0.0
2024,Julian Strawther,strawju01,21.0,DEN,SF,50,0.0,545.0,82,222,0.369,41.0,138.0,0.297,41.0,84.0,0.488,0.462,22,31,0.71,5.0,56.0,61.0,47,17.0,7.0,23.0,54.0,227,0.0
2024,Max Strus,strusma01,27.0,CLE,SF,70,70.0,2239.0,304,728,0.418,168.0,479.0,0.351,136.0,249.0,0.546,0.533,77,97,0.794,66.0,272.0,338.0,283,64.0,29.0,112.0,170.0,853,1.0
2024,Jalen Suggs,suggsja01,22.0,ORL,SG,75,75.0,2025.0,336,714,0.471,153.0,385.0,0.397,183.0,329.0,0.556,0.578,118,156,0.756,48.0,181.0,229.0,205,106.0,47.0,132.0,205.0,943,0.0
2024,Cole Swider,swideco01,24.0,MIA,SF,18,0.0,87.0,15,38,0.395,10.0,30.0,0.333,5.0,8.0,0.625,0.526,2,2,1.0,1.0,6.0,7.0,5,1.0,1.0,8.0,4.0,42,0.0
2024,Jae'Sean Tate,tateja01,28.0,HOU,SF,65,9.0,1031.0,108,229,0.472,23.0,77.0,0.299,85.0,152.0,0.559,0.522,26,39,0.667,61.0,136.0,197.0,64,42.0,15.0,37.0,137.0,265,0.0
2024,Jayson Tatum,tatumja01,25.0,BOS,PF,74,74.0,2645.0,672,1426,0.471,229.0,609.0,0.376,443.0,817.0,0.542,0.552,414,497,0.833,67.0,534.0,601.0,364,75.0,43.0,188.0,145.0,1987,0.0
2024,Terry Taylor,taylote01,24.0,CHI,PF,31,0.0,188.0,20,39,0.513,2.0,9.0,0.222,18.0,30.0,0.6,0.538,4,5,0.8,17.0,20.0,37.0,10,5.0,2.0,7.0,17.0,46,0.0
2024,Garrett Temple,templga01,37.0,TOR,SG,27,2.0,289.0,29,78,0.372,12.0,40.0,0.3,17.0,38.0,0.447,0.449,18,22,0.818,18.0,27.0,45.0,28,12.0,3.0,14.0,28.0,88,0.0
2024,Dalen Terry,terryda01,21.0,CHI,SG,59,2.0,681.0,69,157,0.439,17.0,74.0,0.23,52.0,83.0,0.627,0.494,25,43,0.581,29.0,84.0,113.0,81,27.0,18.0,32.0,81.0,180,0.0
2024,Daniel Theis,theisda01,31.0,IND,C,1,0.0,8.0,1,4,0.25,0.0,1.0,0.0,1.0,3.0,0.333,0.25,0,0,,0.0,0.0,0.0,0,0.0,0.0,0.0,1.0,2,0.0
2024,Daniel Theis,theisda01,31.0,LAC,C,59,3.0,1007.0,155,289,0.536,26.0,70.0,0.371,129.0,219.0,0.589,0.581,38,50,0.76,85.0,159.0,244.0,61,21.0,51.0,42.0,126.0,374,0.0
2024,Cam Thomas,thomaca02,22.0,BRK,SG,66,51.0,2075.0,526,1190,0.442,144.0,396.0,0.364,382.0,794.0,0.481,0.503,286,334,0.856,28.0,186.0,214.0,192,45.0,16.0,124.0,138.0,1482,0.0
2024,Isaiah Thomas,thomais02,34.0,PHO,PG,6,0.0,19.0,3,10,0.3,2.0,4.0,0.5,1.0,6.0,0.167,0.4,0,0,,0.0,0.0,0.0,3,0.0,0.0,0.0,0.0,8,0.0
2024,Amen Thompson,thompam01,21.0,HOU,SF,62,23.0,1388.0,239,446,0.536,8.0,58.0,0.138,231.0,388.0,0.595,0.545,106,155,0.684,148.0,261.0,409.0,163,78.0,38.0,90.0,141.0,592,1.0
2024,Ausar Thompson,thompau01,21.0,DET,SF,63,38.0,1583.0,232,480,0.483,21.0,113.0,0.186,211.0,367.0,0.575,0.505,71,119,0.597,129.0,273.0,402.0,120,68.0,59.0,84.0,175.0,556,0.0
2024,Klay Thompson,thompkl01,33.0,GSW,SF,77,63.0,2284.0,490,1133,0.432,268.0,692.0,0.387,222.0,441.0,0.503,0.551,127,137,0.927,35.0,219.0,254.0,176,50.0,35.0,117.0,127.0,1375,0.0
2024,Tristan Thompson,thomptr01,32.0,CLE,C,49,0.0,549.0,73,120,0.608,0.0,1.0,0.0,73.0,119.0,0.613,0.608,15,52,0.288,73.0,101.0,174.0,51,12.0,14.0,29.0,59.0,161,0.0
2024,JT Thor,thorjt01,21.0,CHO,PF,63,3.0,781.0,80,183,0.437,28.0,81.0,0.346,52.0,102.0,0.51,0.514,11,20,0.55,43.0,103.0,146.0,29,11.0,27.0,15.0,60.0,199,0.0
2024,Matisse Thybulle,thybuma01,26.0,POR,SF,65,19.0,1487.0,126,317,0.397,80.0,231.0,0.346,46.0,86.0,0.535,0.524,22,29,0.759,30.0,106.0,136.0,90,113.0,49.0,40.0,93.0,354,0.0
2024,Xavier Tillman Sr.,tillmxa01,25.0,MEM,C,34,13.0,700.0,87,213,0.408,12.0,53.0,0.226,75.0,160.0,0.469,0.437,18,43,0.419,56.0,101.0,157.0,57,42.0,35.0,29.0,60.0,204,0.0
2024,Xavier Tillman Sr.,tillmxa01,25.0,BOS,PF,20,2.0,274.0,34,66,0.515,8.0,28.0,0.286,26.0,38.0,0.684,0.576,4,7,0.571,14.0,40.0,54.0,20,9.0,9.0,5.0,15.0,80,0.0
2024,Jacob Toppin,toppija01,23.0,NYK,SF,9,0.0,38.0,5,9,0.556,1.0,4.0,0.25,4.0,5.0,0.8,0.611,2,2,1.0,3.0,4.0,7.0,3,0.0,1.0,1.0,3.0,13,0.0
2024,Obi Toppin,toppiob01,25.0,IND,PF,82,28.0,1730.0,332,579,0.573,102.0,253.0,0.403,230.0,326.0,0.706,0.661,77,100,0.77,85.0,235.0,320.0,128,47.0,43.0,69.0,143.0,843,0.0
2024,Juan Toscano-Anderson,toscaju01,30.0,SAC,SF,11,0.0,53.0,3,12,0.25,1.0,4.0,0.25,2.0,8.0,0.25,0.292,0,0,,4.0,10.0,14.0,4,1.0,1.0,2.0,11.0,7,0.0
2024,Karl-Anthony Towns,townska01,28.0,MIN,PF,62,62.0,2026.0,479,951,0.504,136.0,327.0,0.416,343.0,624.0,0.55,0.575,255,292,0.873,94.0,421.0,515.0,189,43.0,41.0,177.0,204.0,1349,0.0
2024,Gary Trent Jr.,trentga02,25.0,TOR,SG,71,41.0,1994.0,361,847,0.426,178.0,453.0,0.393,183.0,394.0,0.464,0.531,74,96,0.771,25.0,163.0,188.0,119,77.0,10.0,47.0,96.0,974,0.0
2024,Oscar Tshiebwe,tshieos01,24.0,IND,PF,8,0.0,42.0,10,20,0.5,0.0,0.0,,10.0,20.0,0.5,0.5,6,8,0.75,8.0,8.0,16.0,2,2.0,1.0,0.0,3.0,26,0.0
2024,P.J. Tucker,tuckepj01,38.0,PHI,PF,3,3.0,66.0,2,5,0.4,2.0,5.0,0.4,0.0,0.0,,0.6,0,0,,1.0,13.0,14.0,0,3.0,2.0,2.0,9.0,6,0.0
2024,P.J. Tucker,tuckepj01,38.0,LAC,PF,28,7.0,420.0,16,45,0.356,11.0,30.0,0.367,5.0,15.0,0.333,0.478,3,3,1.0,27.0,44.0,71.0,16,13.0,5.0,6.0,45.0,46,0.0
2024,Myles Turner,turnemy01,27.0,IND,C,77,77.0,2076.0,476,909,0.524,116.0,324.0,0.358,360.0,585.0,0.615,0.587,245,317,0.773,113.0,420.0,533.0,100,39.0,144.0,109.0,232.0,1313,0.0
2024,Hunter Tyson,tysonhu01,23.0,DEN,PF,18,0.0,48.0,8,20,0.4,4.0,14.0,0.286,4.0,6.0,0.667,0.5,0,0,,1.0,8.0,9.0,2,1.0,0.0,2.0,10.0,20,0.0
2024,Stanley Umude,umudest01,24.0,DET,SG,24,2.0,307.0,37,84,0.44,24.0,53.0,0.453,13.0,31.0,0.419,0.583,29,32,0.906,8.0,43.0,51.0,11,8.0,7.0,14.0,40.0,127,0.0
2024,Jonas Valančiūnas,valanjo01,31.0,NOP,C,82,82.0,1925.0,402,719,0.559,37.0,120.0,0.308,365.0,599.0,0.609,0.585,161,205,0.785,186.0,535.0,721.0,173,32.0,68.0,111.0,218.0,1002,0.0
2024,Jarred Vanderbilt,vandeja01,24.0,LAL,PF,29,6.0,581.0,59,114,0.518,8.0,27.0,0.296,51.0,87.0,0.586,0.553,24,36,0.667,41.0,97.0,138.0,36,36.0,5.0,28.0,43.0,150,0.0
2024,Fred VanVleet,vanvlfr01,29.0,HOU,PG,73,73.0,2684.0,423,1018,0.416,227.0,586.0,0.387,196.0,432.0,0.454,0.527,197,229,0.86,33.0,245.0,278.0,589,101.0,59.0,126.0,183.0,1270,0.0
2024,Devin Vassell,vassede01,23.0,SAS,SG,68,62.0,2248.0,498,1056,0.472,166.0,446.0,0.372,332.0,610.0,0.544,0.55,161,201,0.801,27.0,234.0,261.0,277,73.0,23.0,108.0,74.0,1323,0.0
2024,Sasha Vezenkov,vezenal01,28.0,SAC,PF,42,0.0,511.0,84,191,0.44,45.0,120.0,0.375,39.0,71.0,0.549,0.558,12,15,0.8,30.0,66.0,96.0,19,20.0,7.0,12.0,42.0,225,0.0
2024,Gabe Vincent,vincega01,27.0,LAL,PG,11,0.0,218.0,15,49,0.306,3.0,28.0,0.107,12.0,21.0,0.571,0.337,1,2,0.5,4.0,5.0,9.0,21,9.0,0.0,5.0,19.0,34,0.0
2024,Nikola Vučević,vucevni01,33.0,CHI,C,76,74.0,2610.0,586,1211,0.484,92.0,313.0,0.294,494.0,898.0,0.55,0.522,106,129,0.822,210.0,591.0,801.0,254,50.0,60.0,120.0,190.0,1370,0.0
2024,Tristan Vukcevic,vukcetr01,20.0,WAS,C,10,4.0,153.0,29,67,0.433,10.0,36.0,0.278,19.0,31.0,0.613,0.507,17,22,0.773,6.0,30.0,36.0,13,5.0,7.0,10.0,28.0,85,0.0
2024,Dean Wade,wadede01,27.0,CLE,PF,54,32.0,1108.0,96,232,0.414,79.0,202.0,0.391,17.0,30.0,0.567,0.584,20,26,0.769,37.0,181.0,218.0,43,40.0,25.0,20.0,93.0,291,0.0
2024,Franz Wagner,wagnefr01,22.0,ORL,SF,72,72.0,2337.0,528,1096,0.482,94.0,334.0,0.281,434.0,762.0,0.57,0.525,271,319,0.85,72.0,309.0,381.0,269,76.0,28.0,137.0,168.0,1421,0.0
2024,Moritz Wagner,wagnemo01,26.0,ORL,C,80,1.0,1415.0,332,552,0.601,38.0,115.0,0.33,294.0,437.0,0.673,0.636,166,204,0.814,117.0,230.0,347.0,96,39.0,21.0,97.0,160.0,868,0.0
2024,Ish Wainright,wainris01,29.0,POR,SF,7,0.0,46.0,6,18,0.333,6.0,16.0,0.375,0.0,2.0,0.0,0.5,2,2,1.0,0.0,9.0,9.0,0,2.0,1.0,1.0,4.0,20,0.0
2024,Ish Wainright,wainris01,29.0,PHO,SF,4,0.0,16.0,1,6,0.167,1.0,4.0,0.25,0.0,2.0,0.0,0.25,0,0,,3.0,2.0,5.0,1,2.0,0.0,1.0,4.0,3,0.0
2024,Jabari Walker,walkeja01,21.0,POR,SF,72,23.0,1700.0,234,509,0.46,41.0,139.0,0.295,193.0,370.0,0.522,0.5,129,171,0.754,151.0,357.0,508.0,71,42.0,22.0,66.0,173.0,638,0.0
2024,Jarace Walker,walkeja02,20.0,IND,PF,33,0.0,340.0,45,110,0.409,22.0,55.0,0.4,23.0,55.0,0.418,0.509,8,9,0.889,12.0,51.0,63.0,40,15.0,11.0,17.0,29.0,120,0.0
2024,Lonnie Walker IV,walkelo01,25.0,BRK,SG,58,0.0,1011.0,208,492,0.423,104.0,271.0,0.384,104.0,221.0,0.471,0.528,45,59,0.763,13.0,114.0,127.0,74,32.0,20.0,51.0,71.0,565,0.0
2024,Cason Wallace,wallaca01,20.0,OKC,SG,82,13.0,1692.0,217,442,0.491,98.0,234.0,0.419,119.0,208.0,0.572,0.602,29,37,0.784,52.0,135.0,187.0,120,76.0,37.0,45.0,129.0,561,0.0
2024,Jordan Walsh,walshjo01,19.0,BOS,SF,9,1.0,83.0,6,15,0.4,2.0,9.0,0.222,4.0,6.0,0.667,0.467,1,2,0.5,5.0,15.0,20.0,5,5.0,1.0,3.0,11.0,15,0.0
2024,T.J. Warren,warretj01,30.0,MIN,SF,11,0.0,125.0,18,41,0.439,2.0,13.0,0.154,16.0,28.0,0.571,0.463,3,4,0.75,5.0,17.0,22.0,9,4.0,1.0,4.0,11.0,41,0.0
2024,P.J. Washington,washipj01,25.0,CHO,PF,44,17.0,1286.0,227,509,0.446,79.0,244.0,0.324,148.0,265.0,0.558,0.524,67,94,0.713,53.0,179.0,232.0,97,38.0,32.0,66.0,112.0,600,0.0
2024,P.J. Washington,washipj01,25.0,DAL,PF,29,28.0,935.0,127,302,0.421,53.0,169.0,0.314,74.0,133.0,0.556,0.508,32,51,0.627,32.0,147.0,179.0,44,34.0,27.0,30.0,57.0,339,0.0
2024,TyTy Washington Jr.,washity02,22.0,MIL,PG,11,0.0,56.0,6,20,0.3,2.0,6.0,0.333,4.0,14.0,0.286,0.35,0,0,,1.0,4.0,5.0,5,3.0,0.0,2.0,1.0,14,0.0
2024,Yuta Watanabe,watanyu01,29.0,PHO,SF,29,0.0,382.0,35,97,0.361,24.0,75.0,0.32,11.0,22.0,0.5,0.485,10,15,0.667,11.0,34.0,45.0,10,9.0,7.0,16.0,34.0,104,0.0
2024,Yuta Watanabe,watanyu01,29.0,MEM,SF,5,0.0,82.0,6,19,0.316,1.0,10.0,0.1,5.0,9.0,0.556,0.342,0,2,0.0,0.0,9.0,9.0,5,3.0,0.0,3.0,5.0,13,0.0
2024,Lindy Waters III,waterli01,26.0,OKC,SG,38,0.0,280.0,49,104,0.471,37.0,85.0,0.435,12.0,19.0,0.632,0.649,2,2,1.0,7.0,33.0,40.0,24,5.0,7.0,7.0,23.0,137,0.0
2024,Trendon Watford,watfotr01,23.0,BRK,PF,63,2.0,856.0,164,311,0.527,27.0,68.0,0.397,137.0,243.0,0.564,0.571,77,97,0.794,52.0,142.0,194.0,81,23.0,19.0,63.0,106.0,432,0.0
2024,Peyton Watson,watsope01,21.0,DEN,SF,80,4.0,1488.0,208,447,0.465,45.0,152.0,0.296,163.0,295.0,0.553,0.516,71,106,0.67,56.0,202.0,258.0,86,42.0,88.0,58.0,143.0,532,0.0
2024,Victor Wembanyama,wembavi01,20.0,SAS,C,71,71.0,2106.0,551,1186,0.465,128.0,394.0,0.325,423.0,792.0,0.534,0.519,292,367,0.796,161.0,594.0,755.0,274,88.0,254.0,260.0,153.0,1522,2.0
2024,Blake Wesley,weslebl01,20.0,SAS,SG,61,3.0,876.0,102,215,0.474,12.0,55.0,0.218,90.0,160.0,0.563,0.502,52,78,0.667,18.0,76.0,94.0,166,29.0,9.0,55.0,89.0,268,0.0
2024,Russell Westbrook,westbru01,35.0,LAC,PG,68,11.0,1529.0,301,663,0.454,42.0,154.0,0.273,259.0,509.0,0.509,0.486,110,160,0.688,93.0,250.0,343.0,306,74.0,23.0,144.0,121.0,754,1.0
2024,Coby White,whiteco01,23.0,CHI,PG,79,78.0,2881.0,541,1209,0.447,209.0,556.0,0.376,332.0,653.0,0.508,0.534,218,260,0.838,44.0,314.0,358.0,405,53.0,18.0,166.0,186.0,1509,0.0
2024,Dariq Whitehead,whiteda01,19.0,BRK,SF,2,0.0,24.0,1,5,0.2,0.0,3.0,0.0,1.0,2.0,0.5,0.2,1,2,0.5,0.0,4.0,4.0,3,0.0,1.0,0.0,0.0,3,0.0
2024,Derrick White,whitede01,29.0,BOS,SG,73,73.0,2381.0,387,839,0.461,196.0,495.0,0.396,191.0,344.0,0.555,0.578,137,152,0.901,51.0,259.0,310.0,377,74.0,87.0,112.0,152.0,1107,1.0
2024,Jack White,whiteja03,26.0,MEM,SF,4,0.0,64.0,2,16,0.125,2.0,10.0,0.2,0.0,6.0,0.0,0.188,0,0,,4.0,8.0,12.0,1,4.0,1.0,2.0,3.0,6,0.0
2024,Cam Whitmore,whitmca01,19.0,HOU,SF,47,2.0,880.0,212,467,0.454,79.0,220.0,0.359,133.0,247.0,0.538,0.539,76,112,0.679,44.0,136.0,180.0,33,30.0,17.0,46.0,64.0,579,0.0
2024,Aaron Wiggins,wiggiaa01,25.0,OKC,SG,78,4.0,1228.0,212,377,0.562,62.0,126.0,0.492,150.0,251.0,0.598,0.645,56,71,0.789,60.0,126.0,186.0,86,56.0,19.0,56.0,91.0,542,0.0
2024,Andrew Wiggins,wiggian01,28.0,GSW,SF,71,59.0,1920.0,353,780,0.453,91.0,254.0,0.358,262.0,526.0,0.498,0.511,142,189,0.751,108.0,213.0,321.0,119,42.0,41.0,87.0,147.0,939,0.0
2024,Lindell Wigginton,wiggili01,25.0,MIL,PG,3,0.0,8.0,2,5,0.4,0.0,2.0,0.0,2.0,3.0,0.667,0.4,2,2,1.0,0.0,0.0,0.0,0,0.0,0.0,1.0,1.0,6,0.0
2024,Alondes Williams,willial06,24.0,MIA,SG,7,0.0,16.0,2,8,0.25,0.0,4.0,0.0,2.0,4.0,0.5,0.25,1,1,1.0,0.0,1.0,1.0,0,0.0,1.0,2.0,2.0,5,0.0
2024,Brandon Williams,willibr03,24.0,DAL,PG,17,0.0,113.0,20,54,0.37,3.0,15.0,0.2,17.0,39.0,0.436,0.398,11,17,0.647,4.0,9.0,13.0,17,1.0,1.0,7.0,4.0,54,0.0
2024,Grant Williams,willigr01,25.0,DAL,PF,47,33.0,1242.0,131,317,0.413,79.0,210.0,0.376,52.0,107.0,0.486,0.538,41,55,0.745,46.0,123.0,169.0,81,24.0,27.0,53.0,137.0,382,0.0
2024,Grant Williams,willigr01,25.0,CHO,PF,29,10.0,888.0,145,288,0.503,47.0,126.0,0.373,98.0,162.0,0.605,0.585,65,85,0.765,40.0,109.0,149.0,93,20.0,12.0,56.0,89.0,402,0.0
2024,Jalen Williams,willija06,22.0,OKC,PF,71,71.0,2223.0,536,993,0.54,103.0,241.0,0.427,433.0,752.0,0.576,0.592,180,221,0.814,37.0,245.0,282.0,322,80.0,45.0,123.0,175.0,1355,0.0
2024,Jaylin Williams,willija07,21.0,OKC,C,69,1.0,897.0,95,228,0.417,53.0,144.0,0.368,42.0,84.0,0.5,0.533,33,41,0.805,36.0,198.0,234.0,110,28.0,27.0,34.0,98.0,276,0.0
2024,Jeenathan Williams,willije02,24.0,HOU,SG,22,0.0,129.0,27,50,0.54,2.0,5.0,0.4,25.0,45.0,0.556,0.56,7,13,0.538,12.0,11.0,23.0,7,4.0,1.0,4.0,10.0,63,0.0
2024,Kenrich Williams,willike04,29.0,OKC,PF,69,1.0,1029.0,131,280,0.468,56.0,141.0,0.397,75.0,139.0,0.54,0.568,7,14,0.5,61.0,148.0,209.0,93,38.0,9.0,32.0,101.0,325,0.0
2024,Mark Williams,willima07,22.0,CHO,C,19,19.0,508.0,98,151,0.649,0.0,0.0,,98.0,151.0,0.649,0.649,46,64,0.719,76.0,108.0,184.0,22,16.0,20.0,17.0,50.0,242,0.0
2024,Malik Williams,willima11,25.0,TOR,C,7,2.0,107.0,9,34,0.265,1.0,5.0,0.2,8.0,29.0,0.276,0.279,0,2,0.0,15.0,23.0,38.0,2,3.0,4.0,3.0,15.0,19,0.0
2024,Patrick Williams,willipa01,22.0,CHI,PF,43,30.0,1174.0,159,359,0.443,59.0,148.0,0.399,100.0,211.0,0.474,0.525,52,66,0.788,46.0,120.0,166.0,66,40.0,33.0,57.0,87.0,429,0.0
2024,Robert Williams,williro04,26.0,POR,C,6,0.0,119.0,17,26,0.654,0.0,0.0,,17.0,26.0,0.654,0.654,7,9,0.778,11.0,27.0,38.0,5,7.0,7.0,7.0,17.0,41,0.0
2024,Vince Williams Jr.,willivi01,23.0,MEM,SG,52,33.0,1436.0,169,379,0.446,79.0,209.0,0.378,90.0,170.0,0.529,0.55,104,130,0.8,59.0,231.0,290.0,175,47.0,34.0,92.0,135.0,521,0.0
2024,Zion Williamson,willizi01,23.0,NOP,PF,70,70.0,2207.0,624,1094,0.57,6.0,18.0,0.333,618.0,1076.0,0.574,0.573,347,494,0.702,122.0,284.0,406.0,352,77.0,47.0,193.0,159.0,1601,0.0
2024,Ziaire Williams,willizi02,22.0,MEM,SF,51,15.0,1038.0,150,378,0.397,58.0,189.0,0.307,92.0,189.0,0.487,0.474,62,75,0.827,35.0,145.0,180.0,75,36.0,9.0,66.0,85.0,420,0.0
2024,D.J. Wilson,wilsodj01,27.0,PHI,PF,2,0.0,15.0,4,6,0.667,2.0,2.0,1.0,2.0,4.0,0.5,0.833,0,0,,1.0,1.0,2.0,2,0.0,2.0,0.0,1.0,10,0.0
2024,Jalen Wilson,wilsoja03,23.0,BRK,PF,43,3.0,664.0,76,179,0.425,24.0,74.0,0.324,52.0,105.0,0.495,0.492,38,46,0.826,47.0,84.0,131.0,45,11.0,4.0,19.0,48.0,214,0.0
2024,Dylan Windler,windldy01,27.0,NYK,SF,3,0.0,7.0,1,2,0.5,1.0,2.0,0.5,0.0,0.0,,0.75,0,0,,0.0,1.0,1.0,1,0.0,0.0,0.0,1.0,3,0.0
2024,Dylan Windler,windldy01,27.0,LAL,SF,8,0.0,28.0,4,9,0.444,4.0,8.0,0.5,0.0,1.0,0.0,0.667,0,0,,0.0,3.0,3.0,6,0.0,0.0,0.0,2.0,12,0.0
2024,Dylan Windler,windldy01,27.0,ATL,SF,6,0.0,73.0,10,19,0.526,8.0,17.0,0.471,2.0,2.0,1.0,0.737,0,0,,3.0,9.0,12.0,3,2.0,0.0,2.0,3.0,28,0.0
2024,James Wiseman,wisemja01,22.0,DET,C,63,6.0,1091.0,187,305,0.613,0.0,2.0,0.0,187.0,303.0,0.617,0.613,72,102,0.706,110.0,226.0,336.0,54,12.0,39.0,66.0,141.0,446,0.0
2024,Isaiah Wong,wongis01,23.0,IND,SG,1,0.0,4.0,1,3,0.333,0.0,1.0,0.0,1.0,2.0,0.5,0.333,0,0,,0.0,0.0,0.0,0,0.0,0.0,0.0,0.0,2,0.0
2024,Christian Wood,woodch01,28.0,LAL,PF,50,1.0,872.0,123,264,0.466,35.0,114.0,0.307,88.0,150.0,0.587,0.532,66,94,0.702,39.0,215.0,254.0,49,16.0,33.0,50.0,72.0,347,0.0
2024,Delon Wright,wrighde01,31.0,WAS,PG,33,0.0,456.0,48,122,0.393,14.0,38.0,0.368,34.0,84.0,0.405,0.451,24,29,0.828,13.0,46.0,59.0,82,35.0,8.0,11.0,22.0,134,0.0
2024,Delon Wright,wrighde01,31.0,MIA,PG,14,1.0,286.0,26,66,0.394,11.0,30.0,0.367,15.0,36.0,0.417,0.477,13,16,0.813,6.0,21.0,27.0,37,19.0,3.0,3.0,10.0,76,0.0
2024,Thaddeus Young,youngth01,35.0,TOR,PF,23,6.0,350.0,54,87,0.621,1.0,6.0,0.167,53.0,81.0,0.654,0.626,5,12,0.417,29.0,46.0,75.0,50,18.0,3.0,11.0,38.0,114,0.0
2024,Thaddeus Young,youngth01,35.0,PHO,PF,10,0.0,89.0,11,21,0.524,0.0,1.0,0.0,11.0,20.0,0.55,0.524,1,3,0.333,17.0,11.0,28.0,7,5.0,2.0,4.0,11.0,23,0.0
2024,Trae Young,youngtr01,25.0,ATL,PG,54,54.0,1942.0,433,1008,0.43,175.0,469.0,0.373,258.0,539.0,0.479,0.516,348,407,0.855,23.0,126.0,149.0,583,72.0,11.0,235.0,109.0,1389,0.0
2024,Omer Yurtseven,yurtsom01,25.0,UTA,C,48,12.0,545.0,99,184,0.538,5.0,24.0,0.208,94.0,160.0,0.588,0.552,19,28,0.679,72.0,136.0,208.0,29,8.0,18.0,37.0,52.0,222,0.0
2024,Cody Zeller,zelleco01,31.0,NOP,C,43,0.0,320.0,26,62,0.419,1.0,3.0,0.333,25.0,59.0,0.424,0.427,23,38,0.605,48.0,64.0,112.0,39,9.0,5.0,16.0,45.0,76,0.0
2024,Ivica Zubac,zubaciv01,26.0,LAC,C,68,68.0,1794.0,337,519,0.649,0.0,0.0,,337.0,519.0,0.649,0.649,120,166,0.723,196.0,430.0,626.0,93,22.0,83.0,79.0,180.0,794,0.0
2023,Precious Achiuwa,achiupr01,23.0,TOR,C,55,12.0,1140.0,196,404,0.485,29.0,108.0,0.269,167.0,296.0,0.564,0.521,87,124,0.702,100.0,228.0,328.0,50,31.0,30.0,59.0,102.0,508,0.0
2023,Steven Adams,adamsst01,29.0,MEM,C,42,42.0,1133.0,157,263,0.597,0.0,1.0,0.0,157.0,262.0,0.599,0.597,47,129,0.364,214.0,271.0,485.0,97,36.0,46.0,79.0,98.0,361,0.0
2023,Bam Adebayo,adebaba01,25.0,MIA,C,75,75.0,2598.0,602,1114,0.54,1.0,12.0,0.083,601.0,1102.0,0.545,0.541,324,402,0.806,184.0,504.0,688.0,240,88.0,61.0,187.0,208.0,1529,0.0
2023,Ochai Agbaji,agbajoc01,22.0,UTA,SG,59,22.0,1209.0,165,386,0.427,81.0,228.0,0.355,84.0,158.0,0.532,0.532,56,69,0.812,43.0,78.0,121.0,67,16.0,15.0,41.0,99.0,467,0.0
2023,Santi Aldama,aldamsa01,22.0,MEM,PF,77,20.0,1682.0,247,525,0.47,94.0,266.0,0.353,153.0,259.0,0.591,0.56,108,144,0.75,85.0,286.0,371.0,97,45.0,48.0,60.0,143.0,696,0.0
2023,Nickeil Alexander-Walker,alexani01,24.0,UTA,SG,36,3.0,528.0,83,170,0.488,35.0,87.0,0.402,48.0,83.0,0.578,0.591,27,39,0.692,8.0,51.0,59.0,76,24.0,14.0,45.0,58.0,228,0.0
2023,Nickeil Alexander-Walker,alexani01,24.0,MIN,SG,23,0.0,356.0,48,125,0.384,26.0,72.0,0.361,22.0,53.0,0.415,0.488,13,21,0.619,7.0,35.0,42.0,32,8.0,7.0,10.0,30.0,135,0.0
2023,Grayson Allen,allengr01,27.0,MIL,SG,72,70.0,1972.0,245,557,0.44,146.0,366.0,0.399,99.0,191.0,0.518,0.571,114,126,0.905,61.0,176.0,237.0,163,62.0,14.0,72.0,117.0,750,0.0
2023,Jarrett Allen,allenja01,24.0,CLE,C,68,68.0,2220.0,403,626,0.644,1.0,10.0,0.1,402.0,616.0,0.653,0.645,162,221,0.733,221.0,445.0,666.0,113,54.0,84.0,93.0,153.0,969,0.0
2023,Jose Alvarado,alvarjo01,24.0,NOP,PG,61,10.0,1310.0,201,489,0.411,83.0,247.0,0.336,118.0,242.0,0.488,0.496,65,80,0.813,28.0,113.0,141.0,186,67.0,10.0,81.0,125.0,550,0.0
2023,Kyle Anderson,anderky01,29.0,MIN,PF,69,46.0,1957.0,252,495,0.509,43.0,105.0,0.41,209.0,390.0,0.536,0.553,100,136,0.735,66.0,302.0,368.0,335,78.0,63.0,103.0,146.0,647,3.0
2023,Giannis Antetokounmpo,antetgi01,28.0,MIL,PF,63,63.0,2024.0,707,1278,0.553,47.0,171.0,0.275,660.0,1107.0,0.596,0.572,498,772,0.645,137.0,605.0,742.0,359,52.0,51.0,246.0,197.0,1959,6.0
2023,Thanasis Antetokounmpo,antetth01,30.0,MIL,PF,37,0.0,206.0,20,46,0.435,0.0,8.0,0.0,20.0,38.0,0.526,0.435,11,22,0.5,15.0,29.0,44.0,15,3.0,3.0,12.0,22.0,51,0.0
2023,Cole Anthony,anthoco01,22.0,ORL,PG,60,4.0,1552.0,277,610,0.454,75.0,206.0,0.364,202.0,404.0,0.5,0.516,152,170,0.894,47.0,241.0,288.0,235,37.0,31.0,91.0,158.0,781,0.0
2023,OG Anunoby,anunoog01,25.0,TOR,SF,67,67.0,2386.0,421,885,0.476,142.0,367.0,0.387,279.0,518.0,0.539,0.556,140,167,0.838,95.0,237.0,332.0,131,128.0,50.0,132.0,200.0,1124,0.0
2023,Ryan Arcidiacono,arcidry01,28.0,NYK,PG,11,0.0,26.0,1,5,0.2,1.0,3.0,0.333,0.0,2.0,0.0,0.3,0,0,,0.0,4.0,4.0,2,2.0,0.0,1.0,3.0,3,0.0
2023,Ryan Arcidiacono,arcidry01,28.0,POR,PG,9,4.0,146.0,8,32,0.25,7.0,20.0,0.35,1.0,12.0,0.083,0.359,0,0,,0.0,11.0,11.0,21,3.0,0.0,6.0,14.0,23,0.0
2023,Deni Avdija,avdijde01,22.0,WAS,SF,76,40.0,2020.0,253,579,0.437,69.0,232.0,0.297,184.0,347.0,0.53,0.497,122,165,0.739,74.0,413.0,487.0,211,65.0,29.0,123.0,209.0,697,0.0
2023,Deandre Ayton,aytonde01,24.0,PHO,C,67,67.0,2035.0,522,887,0.589,7.0,24.0,0.292,515.0,863.0,0.597,0.592,152,200,0.76,172.0,495.0,667.0,115,37.0,53.0,120.0,190.0,1203,0.0
2023,Udoka Azubuike,azubuud01,23.0,UTA,C,36,4.0,359.0,59,72,0.819,0.0,0.0,,59.0,72.0,0.819,0.819,7,20,0.35,31.0,88.0,119.0,11,6.0,15.0,18.0,34.0,125,0.0
2023,Marvin Bagley III,baglema01,23.0,DET,C,42,25.0,990.0,202,382,0.529,19.0,66.0,0.288,183.0,316.0,0.579,0.554,81,108,0.75,94.0,175.0,269.0,36,19.0,30.0,46.0,81.0,504,0.0
2023,Patrick Baldwin Jr.,baldwpa01,20.0,GSW,SF,31,0.0,226.0,43,109,0.394,32.0,84.0,0.381,11.0,25.0,0.44,0.541,4,6,0.667,1.0,39.0,40.0,11,6.0,4.0,11.0,14.0,122,0.0
2023,LaMelo Ball,ballla01,21.0,CHO,PG,36,36.0,1268.0,296,721,0.411,144.0,383.0,0.376,152.0,338.0,0.45,0.51,102,122,0.836,42.0,189.0,231.0,304,46.0,11.0,129.0,118.0,838,3.0
2023,Mo Bamba,bambamo01,24.0,ORL,C,40,6.0,681.0,106,214,0.495,43.0,108.0,0.398,63.0,106.0,0.594,0.596,35,51,0.686,47.0,137.0,184.0,42,12.0,38.0,22.0,86.0,290,0.0
2023,Mo Bamba,bambamo01,24.0,LAL,C,9,1.0,88.0,11,27,0.407,5.0,16.0,0.313,6.0,11.0,0.545,0.5,6,11,0.545,11.0,30.0,41.0,4,1.0,5.0,8.0,19.0,33,0.0
2023,Paolo Banchero,banchpa01,20.0,ORL,PF,72,72.0,2430.0,479,1122,0.427,85.0,285.0,0.298,394.0,837.0,0.471,0.465,394,534,0.738,84.0,413.0,497.0,269,60.0,39.0,200.0,160.0,1437,0.0
2023,Desmond Bane,banede01,24.0,MEM,SG,58,58.0,1841.0,450,939,0.479,166.0,407.0,0.408,284.0,532.0,0.534,0.568,181,205,0.883,43.0,248.0,291.0,254,56.0,22.0,126.0,150.0,1247,0.0
2023,Dalano Banton,bantoda01,23.0,TOR,PG,31,2.0,279.0,55,130,0.423,15.0,51.0,0.294,40.0,79.0,0.506,0.481,17,24,0.708,11.0,34.0,45.0,36,13.0,13.0,18.0,34.0,142,0.0
2023,Dominick Barlow,barlodo01,19.0,SAS,PF,28,0.0,408.0,46,86,0.535,0.0,4.0,0.0,46.0,82.0,0.561,0.535,18,25,0.72,46.0,56.0,102.0,24,10.0,19.0,15.0,56.0,110,0.0
2023,Harrison Barnes,barneha02,30.0,SAC,PF,82,82.0,2662.0,374,791,0.473,132.0,353.0,0.374,242.0,438.0,0.553,0.556,350,413,0.847,87.0,279.0,366.0,128,57.0,10.0,86.0,103.0,1230,0.0
2023,Scottie Barnes,barnesc01,21.0,TOR,SF,77,76.0,2678.0,463,1016,0.456,63.0,224.0,0.281,400.0,792.0,0.505,0.487,190,246,0.772,179.0,333.0,512.0,371,83.0,61.0,154.0,170.0,1179,1.0
2023,RJ Barrett,barrerj01,22.0,NYK,SG,73,73.0,2475.0,510,1176,0.434,121.0,390.0,0.31,389.0,786.0,0.495,0.485,290,392,0.74,60.0,308.0,368.0,201,31.0,15.0,164.0,179.0,1431,0.0
2023,Will Barton,bartowi01,32.0,WAS,SG,40,0.0,782.0,110,285,0.386,52.0,138.0,0.377,58.0,147.0,0.395,0.477,35,45,0.778,10.0,101.0,111.0,95,17.0,10.0,45.0,39.0,307,0.0
2023,Will Barton,bartowi01,32.0,TOR,SG,16,2.0,211.0,28,79,0.354,14.0,42.0,0.333,14.0,37.0,0.378,0.443,2,2,1.0,5.0,21.0,26.0,17,11.0,3.0,3.0,17.0,72,0.0
2023,Charles Bassey,bassech01,22.0,SAS,C,35,2.0,508.0,87,135,0.644,3.0,8.0,0.375,84.0,127.0,0.661,0.656,22,37,0.595,75.0,118.0,193.0,48,16.0,33.0,41.0,74.0,199,0.0
2023,Keita Bates-Diop,bateske01,27.0,SAS,PF,67,42.0,1452.0,236,465,0.508,56.0,142.0,0.394,180.0,323.0,0.557,0.568,119,150,0.793,65.0,183.0,248.0,103,46.0,20.0,56.0,63.0,647,0.0
2023,Nicolas Batum,batumni01,34.0,LAC,PF,78,19.0,1709.0,160,381,0.42,124.0,317.0,0.391,36.0,64.0,0.563,0.583,34,48,0.708,62.0,237.0,299.0,121,54.0,44.0,50.0,149.0,478,0.0
2023,Darius Bazley,bazleda01,22.0,OKC,C,36,1.0,555.0,71,158,0.449,18.0,45.0,0.4,53.0,113.0,0.469,0.506,36,65,0.554,29.0,93.0,122.0,32,19.0,29.0,22.0,35.0,196,0.0
2023,Darius Bazley,bazleda01,22.0,PHO,C,7,0.0,61.0,12,25,0.48,2.0,8.0,0.25,10.0,17.0,0.588,0.52,2,5,0.4,5.0,11.0,16.0,6,3.0,5.0,5.0,9.0,28,0.0
2023,Bradley Beal,bealbr01,29.0,WAS,SG,50,50.0,1673.0,444,878,0.506,80.0,219.0,0.365,364.0,659.0,0.552,0.551,192,228,0.842,41.0,155.0,196.0,271,45.0,33.0,145.0,107.0,1160,0.0
2023,Malik Beasley,beaslma01,26.0,UTA,SG,55,13.0,1472.0,265,669,0.396,169.0,471.0,0.359,96.0,198.0,0.485,0.522,37,44,0.841,27.0,170.0,197.0,93,44.0,8.0,60.0,75.0,736,0.0
2023,Malik Beasley,beaslma01,26.0,LAL,SG,26,14.0,621.0,105,268,0.392,66.0,187.0,0.353,39.0,81.0,0.481,0.515,13,21,0.619,8.0,78.0,86.0,31,21.0,1.0,30.0,32.0,289,0.0
2023,MarJon Beauchamp,beaucma01,22.0,MIL,SF,52,11.0,701.0,96,243,0.395,47.0,142.0,0.331,49.0,101.0,0.485,0.492,27,37,0.73,38.0,77.0,115.0,35,21.0,7.0,45.0,71.0,266,0.0
2023,Dāvis Bertāns,bertada01,30.0,DAL,PF,45,1.0,492.0,69,160,0.431,55.0,141.0,0.39,14.0,19.0,0.737,0.603,13,15,0.867,10.0,43.0,53.0,21,11.0,8.0,10.0,53.0,206,0.0
2023,Patrick Beverley,beverpa01,34.0,LAL,SG,45,45.0,1211.0,97,241,0.402,55.0,158.0,0.348,42.0,83.0,0.506,0.517,39,50,0.78,24.0,116.0,140.0,118,40.0,25.0,42.0,124.0,288,0.0
2023,Patrick Beverley,beverpa01,34.0,CHI,PG,22,22.0,605.0,47,119,0.395,25.0,81.0,0.309,22.0,38.0,0.579,0.5,8,15,0.533,20.0,87.0,107.0,76,23.0,16.0,18.0,63.0,127,0.0
2023,Saddiq Bey,beysa01,23.0,DET,SF,52,30.0,1500.0,245,606,0.404,101.0,293.0,0.345,144.0,313.0,0.46,0.488,180,209,0.861,59.0,183.0,242.0,84,50.0,12.0,54.0,86.0,771,0.0
2023,Saddiq Bey,beysa01,23.0,ATL,SF,25,7.0,629.0,108,230,0.47,50.0,125.0,0.4,58.0,105.0,0.552,0.578,25,29,0.862,39.0,81.0,120.0,34,20.0,1.0,17.0,37.0,291,0.0
2023,Khem Birch,birchkh01,30.0,TOR,C,20,0.0,162.0,19,32,0.594,1.0,2.0,0.5,18.0,30.0,0.6,0.609,4,5,0.8,8.0,17.0,25.0,7,5.0,5.0,8.0,24.0,43,0.0
2023,Goga Bitadze,bitadgo01,23.0,IND,C,21,0.0,202.0,27,52,0.519,4.0,14.0,0.286,23.0,38.0,0.605,0.558,11,24,0.458,25.0,24.0,49.0,18,9.0,10.0,12.0,34.0,69,0.0
2023,Goga Bitadze,bitadgo01,23.0,ORL,C,17,1.0,255.0,42,73,0.575,2.0,12.0,0.167,40.0,61.0,0.656,0.589,12,18,0.667,36.0,52.0,88.0,21,7.0,16.0,10.0,30.0,98,0.0
2023,Bismack Biyombo,biyombi01,30.0,PHO,C,61,14.0,874.0,119,206,0.578,0.0,0.0,,119.0,206.0,0.578,0.578,25,70,0.357,89.0,171.0,260.0,56,18.0,88.0,51.0,114.0,263,0.0
2023,Buddy Boeheim,boehebu01,23.0,DET,SF,10,0.0,90.0,5,27,0.185,4.0,25.0,0.16,1.0,2.0,0.5,0.259,2,2,1.0,2.0,4.0,6.0,4,2.0,0.0,0.0,6.0,16,0.0
2023,Bogdan Bogdanović,bogdabo01,30.0,ATL,SG,54,9.0,1508.0,273,611,0.447,146.0,360.0,0.406,127.0,251.0,0.506,0.566,64,77,0.831,23.0,142.0,165.0,150,43.0,18.0,65.0,86.0,756,0.0
2023,Bojan Bogdanović,bogdabo02,33.0,DET,PF,59,59.0,1893.0,430,882,0.488,145.0,353.0,0.411,285.0,529.0,0.539,0.57,268,303,0.884,36.0,187.0,223.0,152,34.0,8.0,135.0,113.0,1273,0.0
2023,Bol Bol,bolbo01,23.0,ORL,PF,70,33.0,1505.0,261,478,0.546,30.0,113.0,0.265,231.0,365.0,0.633,0.577,82,108,0.759,69.0,336.0,405.0,69,30.0,85.0,112.0,92.0,634,0.0
2023,Leandro Bolmaro,bolmale01,22.0,UTA,SF,14,0.0,68.0,3,20,0.15,0.0,4.0,0.0,3.0,16.0,0.188,0.15,0,0,,4.0,3.0,7.0,7,3.0,1.0,7.0,10.0,6,0.0
2023,Devin Booker,bookede01,26.0,PHO,SG,53,53.0,1835.0,527,1067,0.494,111.0,316.0,0.351,416.0,751.0,0.554,0.546,306,358,0.855,46.0,194.0,240.0,293,51.0,18.0,145.0,159.0,1471,0.0
2023,Brandon Boston Jr.,bostobr01,21.0,LAC,SF,22,1.0,248.0,51,122,0.418,12.0,29.0,0.414,39.0,93.0,0.419,0.467,29,38,0.763,7.0,23.0,30.0,20,9.0,0.0,12.0,21.0,143,0.0
2023,Chris Boucher,bouchch01,30.0,TOR,PF,76,0.0,1523.0,261,529,0.493,62.0,189.0,0.328,199.0,340.0,0.585,0.552,128,168,0.762,157.0,264.0,421.0,29,47.0,64.0,41.0,143.0,712,0.0
2023,James Bouknight,bouknja01,22.0,CHO,SG,34,0.0,515.0,69,193,0.358,33.0,109.0,0.303,36.0,84.0,0.429,0.443,20,30,0.667,8.0,64.0,72.0,41,14.0,5.0,32.0,49.0,191,0.0
2023,Jamaree Bouyea,bouyeja01,23.0,MIA,PG,4,0.0,65.0,6,13,0.462,2.0,5.0,0.4,4.0,8.0,0.5,0.538,1,2,0.5,1.0,4.0,5.0,4,4.0,2.0,4.0,5.0,15,0.0
2023,Jamaree Bouyea,bouyeja01,23.0,WAS,PG,1,0.0,6.0,0,1,0.0,0.0,1.0,0.0,0.0,0.0,,0.0,0,0,,0.0,1.0,1.0,0,0.0,0.0,0.0,1.0,0,0.0
2023,Tony Bradley,bradlto01,25.0,CHI,C,12,0.0,33.0,6,12,0.5,3.0,5.0,0.6,3.0,7.0,0.429,0.625,4,4,1.0,1.0,10.0,11.0,1,1.0,1.0,1.0,2.0,19,0.0
2023,Malaki Branham,branhma01,19.0,SAS,SG,66,32.0,1550.0,269,611,0.44,77.0,255.0,0.302,192.0,356.0,0.539,0.503,58,70,0.829,28.0,153.0,181.0,127,33.0,7.0,76.0,115.0,673,0.0
2023,Jarrell Brantley,brantja01,26.0,UTA,PF,4,0.0,39.0,8,14,0.571,4.0,9.0,0.444,4.0,5.0,0.8,0.714,2,2,1.0,1.0,5.0,6.0,3,0.0,2.0,2.0,3.0,22,0.0
2023,Christian Braun,braunch01,21.0,DEN,SG,76,6.0,1181.0,143,289,0.495,34.0,96.0,0.354,109.0,193.0,0.565,0.554,40,64,0.625,48.0,133.0,181.0,59,41.0,17.0,35.0,101.0,360,0.0
2023,Mikal Bridges,bridgmi01,26.0,PHO,SF,56,56.0,2040.0,354,764,0.463,101.0,261.0,0.387,253.0,503.0,0.503,0.529,156,174,0.897,56.0,187.0,243.0,201,65.0,45.0,78.0,115.0,965,0.0
2023,Mikal Bridges,bridgmi01,26.0,BRK,SG,27,27.0,923.0,239,503,0.475,68.0,181.0,0.376,171.0,322.0,0.531,0.543,160,179,0.894,23.0,98.0,121.0,72,26.0,16.0,49.0,44.0,706,0.0
2023,Oshae Brissett,brissos01,24.0,IND,PF,65,2.0,1083.0,123,319,0.386,48.0,155.0,0.31,75.0,164.0,0.457,0.461,104,145,0.717,62.0,156.0,218.0,44,33.0,13.0,34.0,79.0,398,0.0
2023,Malcolm Brogdon,brogdma01,30.0,BOS,PG,67,0.0,1744.0,354,732,0.484,132.0,297.0,0.444,222.0,435.0,0.51,0.574,160,184,0.87,42.0,238.0,280.0,248,45.0,18.0,98.0,109.0,1000,0.0
2023,Dillon Brooks,brookdi01,27.0,MEM,SF,73,73.0,2214.0,392,991,0.396,143.0,439.0,0.326,249.0,552.0,0.451,0.468,120,154,0.779,45.0,199.0,244.0,189,65.0,16.0,104.0,240.0,1047,0.0
2023,Bruce Brown,brownbr01,26.0,DEN,SF,80,31.0,2280.0,358,741,0.483,91.0,254.0,0.358,267.0,487.0,0.548,0.545,116,153,0.758,63.0,265.0,328.0,268,87.0,51.0,123.0,190.0,923,1.0
2023,Greg Brown III,browngr01,21.0,POR,PF,16,0.0,93.0,11,28,0.393,1.0,7.0,0.143,10.0,21.0,0.476,0.411,5,12,0.417,2.0,17.0,19.0,3,4.0,5.0,6.0,13.0,28,0.0
2023,Jaylen Brown,brownja02,26.0,BOS,SF,67,67.0,2405.0,679,1383,0.491,163.0,487.0,0.335,516.0,896.0,0.576,0.55,263,344,0.765,78.0,381.0,459.0,232,75.0,26.0,197.0,172.0,1784,0.0
2023,Kendall Brown,brownke03,19.0,IND,SG,6,0.0,40.0,4,7,0.571,0.0,1.0,0.0,4.0,6.0,0.667,0.571,1,2,0.5,2.0,4.0,6.0,3,4.0,0.0,2.0,9.0,9,0.0
2023,Moses Brown,brownmo01,23.0,LAC,C,34,1.0,288.0,61,96,0.635,0.0,0.0,,61.0,96.0,0.635,0.635,33,72,0.458,57.0,82.0,139.0,4,3.0,14.0,14.0,38.0,155,0.0
2023,Moses Brown,brownmo01,23.0,BRK,C,2,0.0,6.0,0,0,,0.0,0.0,,0.0,0.0,,,0,0,,0.0,0.0,0.0,0,1.0,0.0,1.0,1.0,0,0.0
2023,Sterling Brown,brownst02,27.0,LAL,SF,4,0.0,24.0,0,4,0.0,0.0,2.0,0.0,0.0,2.0,0.0,0.0,0,0,,3.0,5.0,8.0,2,3.0,0.0,0.0,4.0,0,0.0
2023,Troy Brown Jr.,browntr01,23.0,LAL,SF,76,45.0,1860.0,200,465,0.43,107.0,281.0,0.381,93.0,184.0,0.505,0.545,34,39,0.872,62.0,246.0,308.0,95,59.0,16.0,49.0,120.0,541,0.0
2023,Jalen Brunson,brunsja01,26.0,NYK,PG,68,68.0,2379.0,587,1195,0.491,134.0,322.0,0.416,453.0,873.0,0.519,0.547,325,392,0.829,40.0,201.0,241.0,421,61.0,15.0,142.0,152.0,1633,0.0
2023,Thomas Bryant,bryanth01,25.0,LAL,C,41,25.0,876.0,197,301,0.654,22.0,50.0,0.44,175.0,251.0,0.697,0.691,80,108,0.741,67.0,212.0,279.0,29,14.0,23.0,28.0,77.0,496,0.0
2023,Thomas Bryant,bryanth01,25.0,DEN,C,18,1.0,205.0,33,68,0.485,4.0,9.0,0.444,29.0,59.0,0.492,0.515,13,18,0.722,19.0,41.0,60.0,2,2.0,7.0,10.0,25.0,83,0.0
2023,Reggie Bullock,bullore01,31.0,DAL,SF,78,55.0,2364.0,192,470,0.409,151.0,397.0,0.38,41.0,73.0,0.562,0.569,26,37,0.703,32.0,251.0,283.0,108,54.0,13.0,36.0,166.0,561,0.0
2023,Alec Burks,burksal01,31.0,DET,SG,51,8.0,1122.0,200,459,0.436,99.0,239.0,0.414,101.0,220.0,0.459,0.544,153,188,0.814,19.0,139.0,158.0,114,38.0,8.0,58.0,98.0,652,0.0
2023,Deonte Burton,burtode02,29.0,SAC,PF,2,0.0,6.0,0,2,0.0,0.0,1.0,0.0,0.0,1.0,0.0,0.0,0,0,,0.0,0.0,0.0,0,0.0,0.0,0.0,0.0,0,0.0
2023,Jared Butler,butleja02,22.0,OKC,PG,6,1.0,77.0,15,32,0.469,7.0,14.0,0.5,8.0,18.0,0.444,0.578,0,0,,1.0,3.0,4.0,8,5.0,0.0,5.0,5.0,37,0.0
2023,Jimmy Butler,butleji01,33.0,MIA,PF,64,64.0,2138.0,479,888,0.539,36.0,103.0,0.35,443.0,785.0,0.564,0.56,472,555,0.85,141.0,234.0,375.0,340,117.0,21.0,101.0,80.0,1466,0.0
2023,John Butler,butlejo01,20.0,POR,C,19,1.0,221.0,17,53,0.321,8.0,35.0,0.229,9.0,18.0,0.5,0.396,3,4,0.75,3.0,14.0,17.0,11,7.0,9.0,1.0,22.0,45,0.0
2023,Jamal Cain,cainja01,23.0,MIA,PF,18,0.0,240.0,37,66,0.561,7.0,20.0,0.35,30.0,46.0,0.652,0.614,17,22,0.773,15.0,37.0,52.0,12,11.0,1.0,6.0,21.0,98,0.0
2023,Kentavious Caldwell-Pope,caldwke01,29.0,DEN,SG,76,76.0,2381.0,292,632,0.462,135.0,319.0,0.423,157.0,313.0,0.502,0.569,103,125,0.824,35.0,173.0,208.0,183,112.0,35.0,86.0,145.0,822,0.0
2023,Facundo Campazzo,campafa01,31.0,DAL,PG,8,0.0,52.0,3,13,0.231,3.0,11.0,0.273,0.0,2.0,0.0,0.346,1,2,0.5,0.0,2.0,2.0,9,6.0,0.0,3.0,3.0,10,0.0
2023,Vlatko Čančar,cancavl01,25.0,DEN,PF,60,9.0,889.0,108,227,0.476,43.0,115.0,0.374,65.0,112.0,0.58,0.57,38,41,0.927,24.0,104.0,128.0,80,22.0,14.0,37.0,84.0,297,0.0
2023,Clint Capela,capelca01,28.0,ATL,C,65,63.0,1730.0,350,536,0.653,0.0,1.0,0.0,350.0,535.0,0.654,0.653,79,131,0.603,258.0,459.0,717.0,58,45.0,79.0,54.0,139.0,779,0.0
2023,Vernon Carey Jr.,careyve01,21.0,WAS,C,11,0.0,28.0,2,8,0.25,0.0,0.0,,2.0,8.0,0.25,0.25,2,2,1.0,3.0,8.0,11.0,3,2.0,2.0,2.0,5.0,6,0.0
2023,Jevon Carter,carteje01,27.0,MIL,PG,81,39.0,1810.0,239,565,0.423,142.0,337.0,0.421,97.0,228.0,0.425,0.549,31,38,0.816,35.0,167.0,202.0,197,66.0,29.0,78.0,158.0,651,0.0
2023,Michael Carter-Williams,cartemi01,31.0,ORL,PG,4,0.0,44.0,6,14,0.429,1.0,3.0,0.333,5.0,11.0,0.455,0.464,4,7,0.571,1.0,4.0,5.0,7,1.0,1.0,4.0,5.0,17,0.0
2023,Wendell Carter Jr.,cartewe01,23.0,ORL,C,57,54.0,1690.0,322,613,0.525,80.0,225.0,0.356,242.0,388.0,0.624,0.591,144,195,0.738,120.0,377.0,497.0,132,30.0,33.0,106.0,159.0,868,0.0
2023,Alex Caruso,carusal01,28.0,CHI,PG,67,36.0,1575.0,130,286,0.455,55.0,151.0,0.364,75.0,135.0,0.556,0.551,59,73,0.808,42.0,154.0,196.0,193,98.0,46.0,77.0,159.0,374,0.0
2023,Justin Champagnie,champju01,21.0,TOR,SF,3,0.0,11.0,3,3,1.0,0.0,0.0,,3.0,3.0,1.0,1.0,0,0,,1.0,3.0,4.0,1,0.0,0.0,0.0,1.0,6,0.0
2023,Justin Champagnie,champju01,21.0,BOS,SF,2,0.0,23.0,2,12,0.167,1.0,5.0,0.2,1.0,7.0,0.143,0.208,0,0,,2.0,2.0,4.0,3,1.0,0.0,0.0,1.0,5,0.0
2023,Julian Champagnie,champju02,21.0,PHI,SF,2,0.0,7.0,0,2,0.0,0.0,1.0,0.0,0.0,1.0,0.0,0.0,0,0,,0.0,0.0,0.0,0,1.0,0.0,0.0,0.0,0,0.0
2023,Julian Champagnie,champju02,21.0,SAS,SF,15,3.0,313.0,59,128,0.461,33.0,81.0,0.407,26.0,47.0,0.553,0.59,14,17,0.824,10.0,50.0,60.0,10,5.0,5.0,11.0,26.0,165,0.0
2023,Kennedy Chandler,chandke01,20.0,MEM,PG,36,0.0,281.0,35,83,0.422,2.0,15.0,0.133,33.0,68.0,0.485,0.434,6,13,0.462,9.0,29.0,38.0,58,12.0,5.0,18.0,15.0,78,0.0
2023,Josh Christopher,chrisjo01,21.0,HOU,SG,64,2.0,786.0,153,329,0.465,21.0,89.0,0.236,132.0,240.0,0.55,0.497,45,60,0.75,20.0,51.0,71.0,73,33.0,15.0,60.0,59.0,372,0.0
2023,Max Christie,chrisma02,19.0,LAL,SG,41,3.0,512.0,44,106,0.415,26.0,62.0,0.419,18.0,44.0,0.409,0.538,14,16,0.875,7.0,68.0,75.0,21,9.0,7.0,13.0,33.0,128,0.0
2023,Brandon Clarke,clarkbr01,26.0,MEM,PF,56,8.0,1090.0,229,349,0.656,1.0,6.0,0.167,228.0,343.0,0.665,0.658,99,137,0.723,92.0,218.0,310.0,72,34.0,37.0,55.0,131.0,558,0.0
2023,Jordan Clarkson,clarkjo01,30.0,UTA,SG,61,61.0,1988.0,458,1031,0.444,155.0,459.0,0.338,303.0,572.0,0.53,0.519,200,245,0.816,72.0,174.0,246.0,270,33.0,13.0,186.0,120.0,1271,0.0
2023,Nic Claxton,claxtni01,23.0,BRK,C,76,76.0,2271.0,414,587,0.705,0.0,2.0,0.0,414.0,585.0,0.708,0.705,133,246,0.541,184.0,518.0,702.0,144,65.0,189.0,96.0,212.0,961,0.0
2023,Amir Coffey,coffeam01,25.0,LAC,SF,50,9.0,625.0,56,145,0.386,11.0,40.0,0.275,45.0,105.0,0.429,0.424,49,63,0.778,17.0,36.0,53.0,53,7.0,5.0,21.0,50.0,172,0.0
2023,John Collins,collijo01,25.0,ATL,PF,71,71.0,2130.0,359,707,0.508,70.0,240.0,0.292,289.0,467.0,0.619,0.557,143,178,0.803,77.0,385.0,462.0,85,42.0,73.0,79.0,220.0,931,0.0
2023,Zach Collins,colliza01,25.0,SAS,C,63,26.0,1441.0,284,548,0.518,55.0,147.0,0.374,229.0,401.0,0.571,0.568,108,142,0.761,116.0,286.0,402.0,180,37.0,49.0,129.0,199.0,731,0.0
2023,Chance Comanche,comanch01,26.0,POR,C,1,0.0,21.0,3,5,0.6,0.0,0.0,,3.0,5.0,0.6,0.6,1,4,0.25,2.0,1.0,3.0,0,0.0,1.0,0.0,0.0,7,0.0
2023,Mike Conley,conlemi01,35.0,UTA,PG,43,42.0,1276.0,153,375,0.408,77.0,213.0,0.362,76.0,162.0,0.469,0.511,78,96,0.813,17.0,90.0,107.0,330,44.0,10.0,74.0,94.0,461,0.0
2023,Mike Conley,conlemi01,35.0,MIN,PG,24,24.0,753.0,108,235,0.46,58.0,138.0,0.42,50.0,97.0,0.515,0.583,63,73,0.863,16.0,59.0,75.0,120,29.0,4.0,29.0,45.0,337,0.0
2023,Pat Connaughton,connapa01,30.0,MIL,SF,61,33.0,1443.0,165,421,0.392,109.0,322.0,0.339,56.0,99.0,0.566,0.521,27,41,0.659,50.0,233.0,283.0,77,37.0,11.0,33.0,69.0,466,0.0
2023,Xavier Cooks,cooksxa01,27.0,WAS,PF,10,1.0,126.0,17,28,0.607,0.0,1.0,0.0,17.0,27.0,0.63,0.607,4,10,0.4,16.0,22.0,38.0,6,6.0,4.0,8.0,13.0,38,0.0
2023,Robert Covington,covinro01,32.0,LAC,PF,48,0.0,779.0,102,229,0.445,54.0,136.0,0.397,48.0,93.0,0.516,0.563,30,40,0.75,31.0,135.0,166.0,57,38.0,33.0,32.0,86.0,288,0.0
2023,Torrey Craig,craigto01,32.0,PHO,PF,79,60.0,1948.0,228,500,0.456,100.0,253.0,0.395,128.0,247.0,0.518,0.556,32,45,0.711,145.0,281.0,426.0,117,50.0,62.0,73.0,179.0,588,0.0
2023,Jae Crowder,crowdja01,32.0,MIL,PF,18,3.0,340.0,45,94,0.479,24.0,55.0,0.436,21.0,39.0,0.538,0.606,10,12,0.833,17.0,52.0,69.0,27,12.0,6.0,7.0,27.0,124,0.0
2023,Jarrett Culver,culveja01,23.0,ATL,SF,10,1.0,137.0,17,43,0.395,1.0,12.0,0.083,16.0,31.0,0.516,0.407,9,13,0.692,10.0,28.0,38.0,6,6.0,2.0,7.0,14.0,44,0.0
2023,Cade Cunningham,cunnica01,21.0,DET,PG,12,12.0,400.0,93,224,0.415,17.0,61.0,0.279,76.0,163.0,0.466,0.453,36,43,0.837,12.0,62.0,74.0,72,10.0,7.0,39.0,34.0,239,0.0
2023,Seth Curry,curryse01,32.0,BRK,SG,61,7.0,1211.0,208,449,0.463,94.0,232.0,0.405,114.0,217.0,0.525,0.568,51,55,0.927,13.0,87.0,100.0,99,36.0,7.0,51.0,96.0,561,0.0
2023,Stephen Curry,curryst01,34.0,GSW,PG,56,56.0,1941.0,559,1133,0.493,273.0,639.0,0.427,286.0,494.0,0.579,0.614,257,281,0.915,39.0,302.0,341.0,352,52.0,20.0,179.0,117.0,1648,1.0
2023,Dyson Daniels,daniedy01,19.0,NOP,PG,59,11.0,1042.0,87,208,0.418,27.0,86.0,0.314,60.0,122.0,0.492,0.483,26,40,0.65,36.0,152.0,188.0,134,43.0,11.0,57.0,99.0,227,0.0
2023,Anthony Davis,davisan02,29.0,LAL,C,56,54.0,1904.0,542,962,0.563,19.0,74.0,0.257,523.0,888.0,0.589,0.573,348,444,0.784,195.0,507.0,702.0,148,59.0,114.0,122.0,146.0,1451,0.0
2023,JD Davison,davisjd01,20.0,BOS,SG,12,0.0,66.0,8,19,0.421,2.0,7.0,0.286,6.0,12.0,0.5,0.474,1,2,0.5,2.0,7.0,9.0,11,2.0,2.0,4.0,5.0,19,0.0
2023,Johnny Davis,davisjo06,20.0,WAS,SG,28,5.0,423.0,66,171,0.386,17.0,70.0,0.243,49.0,101.0,0.485,0.436,14,27,0.519,10.0,55.0,65.0,28,10.0,8.0,17.0,48.0,163,0.0
2023,Terence Davis,daviste02,25.0,SAC,SG,64,5.0,841.0,154,364,0.423,89.0,243.0,0.366,65.0,121.0,0.537,0.545,34,43,0.791,20.0,119.0,139.0,67,43.0,12.0,53.0,104.0,431,0.0
2023,Darius Days,daysda01,23.0,HOU,SF,4,0.0,25.0,5,12,0.417,3.0,10.0,0.3,2.0,2.0,1.0,0.542,2,2,1.0,1.0,5.0,6.0,1,0.0,1.0,0.0,2.0,15,0.0
2023,Dewayne Dedmon,dedmode01,33.0,MIA,C,30,0.0,350.0,64,129,0.496,11.0,37.0,0.297,53.0,92.0,0.576,0.539,32,44,0.727,28.0,81.0,109.0,16,7.0,14.0,19.0,61.0,171,0.0
2023,Dewayne Dedmon,dedmode01,33.0,PHI,C,8,1.0,76.0,13,22,0.591,1.0,2.0,0.5,12.0,20.0,0.6,0.614,1,5,0.2,6.0,19.0,25.0,10,2.0,5.0,6.0,14.0,28,0.0
2023,Matthew Dellavedova,dellama01,32.0,SAC,PG,32,0.0,213.0,17,50,0.34,9.0,27.0,0.333,8.0,23.0,0.348,0.43,4,7,0.571,1.0,12.0,13.0,41,7.0,0.0,10.0,20.0,47,0.0
2023,DeMar DeRozan,derozde01,33.0,CHI,SF,74,74.0,2682.0,657,1303,0.504,46.0,142.0,0.324,611.0,1161.0,0.526,0.522,456,523,0.872,34.0,309.0,343.0,377,83.0,36.0,153.0,186.0,1816,0.0
2023,Moussa Diabaté,diabamo01,21.0,LAC,C,22,1.0,195.0,24,47,0.511,1.0,2.0,0.5,23.0,45.0,0.511,0.521,10,16,0.625,31.0,19.0,50.0,4,7.0,8.0,9.0,15.0,59,0.0
2023,Mamadi Diakite,diakima01,26.0,CLE,C,22,2.0,176.0,24,50,0.48,7.0,21.0,0.333,17.0,29.0,0.586,0.55,2,2,1.0,8.0,22.0,30.0,8,4.0,9.0,12.0,26.0,57,0.0
2023,Hamidou Diallo,diallha01,24.0,DET,SF,56,0.0,996.0,215,375,0.573,5.0,21.0,0.238,210.0,354.0,0.593,0.58,87,148,0.588,57.0,137.0,194.0,55,53.0,16.0,71.0,124.0,522,0.0
2023,Gorgui Dieng,dienggo01,33.0,SAS,C,31,1.0,358.0,45,117,0.385,21.0,75.0,0.28,24.0,42.0,0.571,0.474,10,13,0.769,27.0,80.0,107.0,53,4.0,14.0,32.0,57.0,121,0.0
2023,Ousmane Dieng,diengou01,19.0,OKC,PF,39,1.0,569.0,76,181,0.42,26.0,98.0,0.265,50.0,83.0,0.602,0.492,15,23,0.652,19.0,86.0,105.0,46,14.0,7.0,26.0,42.0,193,0.0
2023,Spencer Dinwiddie,dinwisp01,29.0,DAL,SG,53,53.0,1808.0,316,694,0.455,138.0,341.0,0.405,178.0,353.0,0.504,0.555,170,207,0.821,19.0,144.0,163.0,279,39.0,16.0,90.0,124.0,940,0.0
2023,Spencer Dinwiddie,dinwisp01,29.0,BRK,PG,26,26.0,917.0,144,356,0.404,43.0,149.0,0.289,101.0,207.0,0.488,0.465,98,123,0.797,9.0,98.0,107.0,236,28.0,8.0,55.0,63.0,429,0.0
2023,Donte DiVincenzo,divindo01,26.0,GSW,SG,72,36.0,1894.0,235,540,0.435,150.0,378.0,0.397,85.0,162.0,0.525,0.574,58,71,0.817,80.0,245.0,325.0,252,97.0,10.0,112.0,133.0,678,0.0
2023,Luka Dončić,doncilu01,23.0,DAL,PG,66,66.0,2391.0,719,1449,0.496,185.0,541.0,0.342,534.0,908.0,0.588,0.56,515,694,0.742,54.0,515.0,569.0,529,90.0,33.0,236.0,166.0,2138,10.0
2023,Tyler Dorsey,dorsety01,26.0,DAL,SF,3,0.0,8.0,4,5,0.8,1.0,2.0,0.5,3.0,3.0,1.0,0.9,0,0,,1.0,1.0,2.0,0,0.0,0.0,0.0,0.0,9,0.0
2023,Luguentz Dort,dortlu01,23.0,OKC,SF,74,73.0,2272.0,339,873,0.388,135.0,409.0,0.33,204.0,464.0,0.44,0.466,200,259,0.772,128.0,216.0,344.0,154,75.0,23.0,92.0,243.0,1013,0.0
2023,Ayo Dosunmu,dosunay01,23.0,CHI,SG,80,51.0,2098.0,281,570,0.493,59.0,189.0,0.312,222.0,381.0,0.583,0.545,66,82,0.805,45.0,175.0,220.0,206,62.0,26.0,99.0,182.0,687,0.0
2023,Devon Dotson,dotsode01,23.0,WAS,PG,6,0.0,53.0,1,10,0.1,1.0,4.0,0.25,0.0,6.0,0.0,0.15,0,0,,6.0,4.0,10.0,8,5.0,0.0,3.0,9.0,3,0.0
2023,Jeff Dowtin,dowtije01,25.0,TOR,PG,25,0.0,259.0,25,57,0.439,5.0,16.0,0.313,20.0,41.0,0.488,0.482,6,9,0.667,6.0,17.0,23.0,31,9.0,3.0,5.0,13.0,61,0.0
2023,PJ Dozier,doziepj01,26.0,SAC,SF,16,0.0,79.0,10,33,0.303,2.0,16.0,0.125,8.0,17.0,0.471,0.333,0,0,,1.0,13.0,14.0,10,6.0,1.0,5.0,7.0,22,0.0
2023,Goran Dragić,dragigo01,36.0,CHI,PG,51,0.0,787.0,127,299,0.425,45.0,128.0,0.352,82.0,171.0,0.48,0.5,27,41,0.659,13.0,56.0,69.0,139,11.0,4.0,56.0,63.0,326,0.0
2023,Goran Dragić,dragigo01,36.0,MIL,PG,7,0.0,83.0,14,36,0.389,7.0,17.0,0.412,7.0,19.0,0.368,0.486,4,4,1.0,3.0,9.0,12.0,12,2.0,0.0,7.0,2.0,39,0.0
2023,Andre Drummond,drumman01,29.0,CHI,C,67,0.0,849.0,166,274,0.606,0.0,3.0,0.0,166.0,271.0,0.613,0.606,67,125,0.536,138.0,306.0,444.0,33,45.0,27.0,75.0,117.0,399,0.0
2023,Chris Duarte,duartch01,25.0,IND,SF,46,12.0,897.0,123,333,0.369,55.0,174.0,0.316,68.0,159.0,0.428,0.452,61,72,0.847,19.0,96.0,115.0,64,25.0,9.0,41.0,65.0,362,0.0
2023,David Duke Jr.,dukeda01,23.0,BRK,SG,23,0.0,228.0,36,78,0.462,1.0,12.0,0.083,35.0,66.0,0.53,0.468,12,17,0.706,11.0,18.0,29.0,21,10.0,1.0,18.0,31.0,85,0.0
2023,Kris Dunn,dunnkr01,28.0,UTA,PG,22,3.0,568.0,116,216,0.537,17.0,36.0,0.472,99.0,180.0,0.55,0.576,41,53,0.774,9.0,91.0,100.0,124,25.0,10.0,35.0,58.0,290,0.0
2023,Kevin Durant,duranke01,34.0,BRK,PF,39,39.0,1403.0,410,734,0.559,71.0,189.0,0.376,339.0,545.0,0.622,0.607,267,286,0.934,14.0,248.0,262.0,207,32.0,57.0,136.0,92.0,1158,1.0
2023,Kevin Durant,duranke01,34.0,PHO,PF,8,8.0,269.0,73,128,0.57,22.0,41.0,0.537,51.0,87.0,0.586,0.656,40,48,0.833,3.0,48.0,51.0,28,2.0,10.0,20.0,7.0,208,0.0
2023,Jalen Duren,durenja01,19.0,DET,C,67,31.0,1670.0,258,398,0.648,0.0,2.0,0.0,258.0,396.0,0.652,0.648,96,157,0.611,229.0,366.0,595.0,75,44.0,59.0,92.0,182.0,612,0.0
2023,Tari Eason,easonta01,21.0,HOU,PF,82,5.0,1767.0,296,660,0.448,59.0,172.0,0.343,237.0,488.0,0.486,0.493,109,145,0.752,195.0,301.0,496.0,88,96.0,47.0,101.0,189.0,760,0.0
2023,Anthony Edwards,edwaran01,21.0,MIN,SG,79,79.0,2842.0,707,1541,0.459,213.0,578.0,0.369,494.0,963.0,0.513,0.528,319,422,0.756,47.0,411.0,458.0,350,125.0,58.0,259.0,186.0,1946,0.0
2023,Kessler Edwards,edwarke02,22.0,BRK,SF,14,1.0,79.0,6,24,0.25,2.0,12.0,0.167,4.0,12.0,0.333,0.292,1,2,0.5,6.0,8.0,14.0,2,3.0,1.0,4.0,3.0,15,0.0
2023,Kessler Edwards,edwarke02,22.0,SAC,SF,22,3.0,306.0,30,69,0.435,15.0,43.0,0.349,15.0,26.0,0.577,0.543,10,13,0.769,17.0,30.0,47.0,21,11.0,5.0,9.0,37.0,85,0.0
2023,Keon Ellis,elliske01,23.0,SAC,SG,16,0.0,71.0,7,16,0.438,6.0,12.0,0.5,1.0,4.0,0.25,0.625,4,7,0.571,4.0,4.0,8.0,6,5.0,1.0,1.0,10.0,24,0.0
2023,Joel Embiid,embiijo01,28.0,PHI,C,66,66.0,2284.0,728,1328,0.548,66.0,200.0,0.33,662.0,1128.0,0.587,0.573,661,771,0.857,113.0,557.0,670.0,274,66.0,112.0,226.0,205.0,2183,1.0
2023,Drew Eubanks,eubandr01,25.0,POR,C,78,28.0,1584.0,214,334,0.641,7.0,18.0,0.389,207.0,316.0,0.655,0.651,83,125,0.664,132.0,286.0,418.0,103,40.0,102.0,67.0,169.0,518,0.0
2023,Bruno Fernando,fernabr01,24.0,HOU,C,31,4.0,364.0,48,93,0.516,0.0,1.0,0.0,48.0,92.0,0.522,0.516,30,44,0.682,48.0,74.0,122.0,30,6.0,31.0,20.0,68.0,126,0.0
2023,Bruno Fernando,fernabr01,24.0,ATL,C,8,0.0,41.0,11,19,0.579,0.0,3.0,0.0,11.0,16.0,0.688,0.579,5,6,0.833,6.0,9.0,15.0,1,0.0,3.0,5.0,6.0,27,0.0
2023,Dorian Finney-Smith,finnedo01,29.0,DAL,PF,40,40.0,1288.0,129,310,0.416,77.0,217.0,0.355,52.0,93.0,0.559,0.54,30,40,0.75,67.0,121.0,188.0,59,38.0,20.0,36.0,80.0,365,0.0
2023,Dorian Finney-Smith,finnedo01,29.0,BRK,PF,26,26.0,721.0,67,191,0.351,37.0,121.0,0.306,30.0,70.0,0.429,0.448,15,19,0.789,47.0,81.0,128.0,41,17.0,16.0,26.0,64.0,186,0.0
2023,Malachi Flynn,flynnma01,24.0,TOR,PG,53,2.0,691.0,87,242,0.36,47.0,133.0,0.353,40.0,109.0,0.367,0.457,25,33,0.758,15.0,61.0,76.0,70,21.0,4.0,25.0,65.0,246,0.0
2023,Simone Fontecchio,fontesi01,27.0,UTA,SF,52,6.0,766.0,115,312,0.369,63.0,191.0,0.33,52.0,121.0,0.43,0.47,35,44,0.795,31.0,55.0,86.0,42,15.0,8.0,39.0,62.0,328,0.0
2023,Bryn Forbes,forbebr01,29.0,MIN,SG,25,0.0,268.0,30,83,0.361,14.0,46.0,0.304,16.0,37.0,0.432,0.446,15,15,1.0,4.0,11.0,15.0,17,7.0,2.0,12.0,22.0,89,0.0
2023,Trent Forrest,forretr01,24.0,ATL,SG,23,3.0,277.0,25,60,0.417,0.0,2.0,0.0,25.0,58.0,0.431,0.417,2,3,0.667,5.0,32.0,37.0,38,7.0,2.0,15.0,17.0,52,0.0
2023,Michael Foster Jr.,fostemi02,20.0,PHI,PF,1,0.0,1.0,0,0,,0.0,0.0,,0.0,0.0,,,0,0,,0.0,0.0,0.0,0,0.0,0.0,0.0,0.0,0,0.0
2023,Evan Fournier,fournev01,30.0,NYK,SG,27,7.0,459.0,56,166,0.337,35.0,114.0,0.307,21.0,52.0,0.404,0.443,18,21,0.857,4.0,45.0,49.0,36,16.0,3.0,22.0,46.0,165,0.0
2023,De'Aaron Fox,foxde01,25.0,SAC,PG,73,73.0,2435.0,682,1331,0.512,119.0,367.0,0.324,563.0,964.0,0.584,0.557,343,440,0.78,40.0,266.0,306.0,447,83.0,23.0,181.0,172.0,1826,0.0
2023,Markelle Fultz,fultzma01,24.0,ORL,PG,60,60.0,1778.0,349,679,0.514,27.0,87.0,0.31,322.0,592.0,0.544,0.534,112,143,0.783,69.0,165.0,234.0,341,87.0,26.0,139.0,131.0,837,0.0
2023,Wenyen Gabriel,gabriwe01,25.0,LAL,C,68,2.0,1024.0,155,260,0.596,10.0,36.0,0.278,145.0,224.0,0.647,0.615,52,84,0.619,116.0,170.0,286.0,36,26.0,35.0,46.0,144.0,372,0.0
2023,Daniel Gafford,gaffoda01,24.0,WAS,C,78,47.0,1604.0,289,395,0.732,0.0,0.0,,289.0,395.0,0.732,0.732,127,187,0.679,163.0,270.0,433.0,84,33.0,99.0,85.0,187.0,705,0.0
2023,Darius Garland,garlada01,23.0,CLE,PG,69,69.0,2447.0,522,1129,0.462,169.0,412.0,0.41,353.0,717.0,0.492,0.537,277,321,0.863,28.0,157.0,185.0,538,85.0,9.0,199.0,148.0,1490,0.0
2023,Usman Garuba,garubus01,20.0,HOU,C,75,1.0,970.0,86,177,0.486,24.0,59.0,0.407,62.0,118.0,0.525,0.554,29,47,0.617,120.0,187.0,307.0,64,44.0,29.0,47.0,135.0,225,0.0
2023,Luka Garza,garzalu01,24.0,MIN,C,28,0.0,243.0,63,116,0.543,14.0,39.0,0.359,49.0,77.0,0.636,0.603,41,52,0.788,33.0,30.0,63.0,18,3.0,2.0,14.0,43.0,181,0.0
2023,Rudy Gay,gayru01,36.0,UTA,PF,56,0.0,816.0,109,287,0.38,33.0,130.0,0.254,76.0,157.0,0.484,0.437,42,49,0.857,33.0,130.0,163.0,57,19.0,18.0,37.0,68.0,293,0.0
2023,Paul George,georgpa01,32.0,LAC,SF,56,56.0,1939.0,459,1004,0.457,158.0,426.0,0.371,301.0,578.0,0.521,0.536,256,294,0.871,45.0,297.0,342.0,288,83.0,20.0,176.0,159.0,1332,1.0
2023,Taj Gibson,gibsota01,37.0,WAS,C,49,2.0,480.0,65,125,0.52,8.0,24.0,0.333,57.0,101.0,0.564,0.552,30,42,0.714,32.0,61.0,93.0,34,15.0,12.0,26.0,84.0,168,0.0
2023,Josh Giddey,giddejo01,20.0,OKC,PF,76,76.0,2367.0,539,1118,0.482,76.0,234.0,0.325,463.0,884.0,0.524,0.516,106,145,0.731,148.0,451.0,599.0,469,57.0,31.0,211.0,143.0,1260,4.0
2023,Shai Gilgeous-Alexander,gilgesh01,24.0,OKC,PG,68,68.0,2416.0,704,1381,0.51,58.0,168.0,0.345,646.0,1213.0,0.533,0.531,669,739,0.905,59.0,270.0,329.0,371,112.0,65.0,192.0,192.0,2135,0.0
2023,Anthony Gill,gillan01,30.0,WAS,PF,59,8.0,624.0,71,132,0.538,4.0,29.0,0.138,67.0,103.0,0.65,0.553,49,67,0.731,37.0,62.0,99.0,34,7.0,12.0,15.0,70.0,195,0.0
2023,Jacob Gilyard,gilyaja01,24.0,MEM,PG,1,0.0,41.0,1,3,0.333,1.0,3.0,0.333,0.0,0.0,,0.5,0,0,,0.0,4.0,4.0,7,3.0,0.0,2.0,3.0,3,0.0
2023,Rudy Gobert,goberru01,30.0,MIN,C,70,70.0,2148.0,360,546,0.659,0.0,3.0,0.0,360.0,543.0,0.663,0.659,219,340,0.644,231.0,583.0,814.0,87,56.0,95.0,122.0,210.0,939,0.0
2023,Jordan Goodwin,goodwjo01,24.0,WAS,PG,62,7.0,1106.0,158,353,0.448,38.0,118.0,0.322,120.0,235.0,0.511,0.501,53,69,0.768,57.0,148.0,205.0,168,58.0,26.0,57.0,95.0,407,0.0
2023,Aaron Gordon,gordoaa01,27.0,DEN,PF,68,68.0,2055.0,429,761,0.564,60.0,173.0,0.347,369.0,588.0,0.628,0.603,191,314,0.608,164.0,282.0,446.0,203,54.0,51.0,98.0,129.0,1109,0.0
2023,Eric Gordon,gordoer01,34.0,HOU,SG,47,47.0,1418.0,210,478,0.439,85.0,245.0,0.347,125.0,233.0,0.536,0.528,110,135,0.815,12.0,85.0,97.0,136,30.0,17.0,83.0,45.0,615,0.0
2023,Eric Gordon,gordoer01,34.0,LAC,SG,22,11.0,547.0,81,175,0.463,47.0,111.0,0.423,34.0,64.0,0.531,0.597,32,38,0.842,4.0,33.0,37.0,47,13.0,8.0,21.0,33.0,241,0.0
2023,Devonte' Graham,grahade01,27.0,NOP,PG,53,0.0,811.0,85,231,0.368,66.0,190.0,0.347,19.0,41.0,0.463,0.511,44,59,0.746,12.0,60.0,72.0,116,30.0,10.0,27.0,48.0,280,0.0
2023,Devonte' Graham,grahade01,27.0,SAS,PG,20,8.0,527.0,76,200,0.38,53.0,148.0,0.358,23.0,52.0,0.442,0.513,54,72,0.75,7.0,43.0,50.0,80,15.0,6.0,26.0,31.0,259,0.0
2023,Jerami Grant,grantje01,28.0,POR,PF,63,63.0,2246.0,434,913,0.475,144.0,359.0,0.401,290.0,554.0,0.523,0.554,278,342,0.813,53.0,230.0,283.0,150,51.0,53.0,116.0,152.0,1290,0.0
2023,RaiQuan Gray,grayra01,23.0,BRK,PF,1,0.0,35.0,6,12,0.5,2.0,5.0,0.4,4.0,7.0,0.571,0.583,2,2,1.0,3.0,6.0,9.0,7,0.0,1.0,4.0,5.0,16,0.0
2023,A.J. Green,greenaj01,23.0,MIL,SG,35,1.0,345.0,53,125,0.424,44.0,105.0,0.419,9.0,20.0,0.45,0.6,4,4,1.0,6.0,39.0,45.0,22,6.0,0.0,9.0,31.0,154,0.0
2023,Danny Green,greenda02,35.0,MEM,SG,3,0.0,43.0,3,11,0.273,3.0,8.0,0.375,0.0,3.0,0.0,0.409,0,0,,1.0,3.0,4.0,2,1.0,0.0,3.0,6.0,9,0.0
2023,Danny Green,greenda02,35.0,CLE,SG,8,0.0,95.0,19,38,0.5,13.0,29.0,0.448,6.0,9.0,0.667,0.671,1,1,1.0,2.0,8.0,10.0,4,5.0,3.0,7.0,10.0,52,0.0
2023,Draymond Green,greendr01,32.0,GSW,PF,73,73.0,2297.0,250,474,0.527,40.0,131.0,0.305,210.0,343.0,0.612,0.57,77,108,0.713,66.0,459.0,525.0,500,74.0,60.0,204.0,229.0,617,0.0
2023,JaMychal Green,greenja01,32.0,GSW,PF,57,1.0,797.0,136,252,0.54,42.0,111.0,0.378,94.0,141.0,0.667,0.623,52,67,0.776,72.0,133.0,205.0,51,25.0,23.0,52.0,105.0,366,0.0
2023,Javonte Green,greenja02,29.0,CHI,SF,32,1.0,480.0,61,108,0.565,13.0,35.0,0.371,48.0,73.0,0.658,0.625,30,45,0.667,27.0,61.0,88.0,23,24.0,21.0,20.0,52.0,165,0.0
2023,Jalen Green,greenja05,20.0,HOU,SG,76,76.0,2602.0,566,1359,0.416,187.0,554.0,0.338,379.0,805.0,0.471,0.485,364,463,0.786,43.0,241.0,284.0,281,59.0,18.0,200.0,131.0,1683,0.0
2023,Jeff Green,greenje02,36.0,DEN,PF,56,4.0,1091.0,160,328,0.488,30.0,104.0,0.288,130.0,224.0,0.58,0.534,87,117,0.744,38.0,106.0,144.0,69,18.0,17.0,46.0,99.0,437,0.0
2023,Josh Green,greenjo02,22.0,DAL,SG,60,21.0,1539.0,205,382,0.537,68.0,169.0,0.402,137.0,213.0,0.643,0.626,68,94,0.723,55.0,127.0,182.0,103,42.0,5.0,72.0,156.0,546,0.0
2023,AJ Griffin,griffaj01,19.0,ATL,SF,72,12.0,1401.0,248,533,0.465,101.0,259.0,0.39,147.0,274.0,0.536,0.56,42,47,0.894,37.0,116.0,153.0,73,42.0,12.0,42.0,87.0,639,0.0
2023,Blake Griffin,griffbl01,33.0,BOS,C,41,16.0,569.0,63,130,0.485,23.0,66.0,0.348,40.0,64.0,0.625,0.573,21,32,0.656,47.0,108.0,155.0,61,14.0,9.0,22.0,75.0,170,0.0
2023,Quentin Grimes,grimequ01,22.0,NYK,SG,71,66.0,2121.0,282,602,0.468,157.0,407.0,0.386,125.0,195.0,0.641,0.599,78,98,0.796,49.0,180.0,229.0,150,47.0,26.0,69.0,177.0,799,0.0
2023,Rui Hachimura,hachiru01,24.0,WAS,PF,30,0.0,728.0,158,324,0.488,30.0,89.0,0.337,128.0,235.0,0.545,0.534,44,58,0.759,19.0,109.0,128.0,35,11.0,12.0,36.0,39.0,390,0.0
2023,Rui Hachimura,hachiru01,24.0,LAL,PF,33,9.0,738.0,126,260,0.485,21.0,71.0,0.296,105.0,189.0,0.556,0.525,44,61,0.721,34.0,121.0,155.0,23,8.0,14.0,17.0,33.0,317,0.0
2023,Tyrese Haliburton,halibty01,22.0,IND,PG,56,56.0,1883.0,412,841,0.49,161.0,402.0,0.4,251.0,439.0,0.572,0.586,175,201,0.871,33.0,172.0,205.0,585,91.0,25.0,141.0,69.0,1160,0.0
2023,Jordan Hall,halljo02,21.0,SAS,SF,9,0.0,83.0,9,28,0.321,3.0,15.0,0.2,6.0,13.0,0.462,0.375,7,9,0.778,3.0,9.0,12.0,11,1.0,0.0,7.0,6.0,28,0.0
2023,R.J. Hampton,hamptrj01,21.0,ORL,SG,26,0.0,361.0,50,114,0.439,18.0,53.0,0.34,32.0,61.0,0.525,0.518,31,37,0.838,9.0,30.0,39.0,34,16.0,4.0,21.0,22.0,149,0.0
2023,R.J. Hampton,hamptrj01,21.0,DET,SG,21,3.0,389.0,52,123,0.423,23.0,63.0,0.365,29.0,60.0,0.483,0.516,26,39,0.667,9.0,39.0,48.0,20,11.0,5.0,21.0,29.0,153,0.0
2023,Tim Hardaway Jr.,hardati02,30.0,DAL,SF,71,45.0,2152.0,340,847,0.401,212.0,550.0,0.385,128.0,297.0,0.431,0.527,127,165,0.77,21.0,230.0,251.0,129,49.0,12.0,60.0,120.0,1019,0.0
2023,James Harden,hardeja01,33.0,PHI,PG,58,58.0,2135.0,371,842,0.441,161.0,418.0,0.385,210.0,424.0,0.495,0.536,313,361,0.867,40.0,314.0,354.0,618,71.0,31.0,195.0,112.0,1216,5.0
2023,Jaden Hardy,hardyja02,20.0,DAL,SG,48,5.0,708.0,146,333,0.438,63.0,156.0,0.404,83.0,177.0,0.469,0.533,65,79,0.823,11.0,78.0,89.0,65,17.0,7.0,46.0,64.0,420,0.0
2023,Ron Harper Jr.,harpero02,22.0,TOR,PF,9,0.0,48.0,8,16,0.5,3.0,9.0,0.333,5.0,7.0,0.714,0.594,1,1,1.0,3.0,4.0,7.0,4,0.0,1.0,0.0,3.0,20,0.0
2023,Montrezl Harrell,harremo01,29.0,PHI,C,57,7.0,681.0,125,209,0.598,0.0,6.0,0.0,125.0,203.0,0.616,0.598,70,101,0.693,67.0,92.0,159.0,33,17.0,25.0,35.0,75.0,320,0.0
2023,Gary Harris,harriga01,28.0,ORL,SG,48,42.0,1184.0,138,307,0.45,94.0,218.0,0.431,44.0,89.0,0.494,0.603,27,30,0.9,21.0,77.0,98.0,59,45.0,12.0,28.0,93.0,397,0.0
2023,Joe Harris,harrijo01,31.0,BRK,SF,74,33.0,1527.0,201,440,0.457,142.0,333.0,0.426,59.0,107.0,0.551,0.618,18,28,0.643,23.0,141.0,164.0,101,34.0,13.0,41.0,140.0,562,0.0
2023,Kevon Harris,harrike01,25.0,ORL,SG,34,0.0,457.0,47,107,0.439,16.0,43.0,0.372,31.0,64.0,0.484,0.514,31,41,0.756,28.0,42.0,70.0,16,17.0,5.0,21.0,53.0,141,0.0
2023,Shaquille Harrison,harrish01,29.0,POR,SG,5,0.0,120.0,15,36,0.417,3.0,10.0,0.3,12.0,26.0,0.462,0.458,11,15,0.733,1.0,21.0,22.0,30,11.0,2.0,6.0,12.0,44,0.0
2023,Tobias Harris,harrito02,30.0,PHI,SF,74,74.0,2436.0,423,845,0.501,126.0,324.0,0.389,297.0,521.0,0.57,0.575,113,129,0.876,67.0,357.0,424.0,186,68.0,40.0,89.0,149.0,1085,0.0
2023,Isaiah Hartenstein,harteis01,24.0,NYK,C,82,8.0,1626.0,175,327,0.535,8.0,37.0,0.216,167.0,290.0,0.576,0.547,48,71,0.676,209.0,327.0,536.0,102,53.0,64.0,66.0,213.0,406,0.0
2023,Josh Hart,hartjo01,27.0,POR,SF,51,51.0,1704.0,183,363,0.504,34.0,112.0,0.304,149.0,251.0,0.594,0.551,87,119,0.731,95.0,322.0,417.0,200,54.0,9.0,79.0,133.0,487,0.0
2023,Josh Hart,hartjo01,27.0,NYK,SF,25,1.0,750.0,92,157,0.586,27.0,52.0,0.519,65.0,105.0,0.619,0.672,45,57,0.789,47.0,129.0,176.0,90,34.0,12.0,38.0,62.0,256,0.0
2023,Udonis Haslem,hasleud01,42.0,MIA,C,7,1.0,71.0,10,29,0.345,3.0,9.0,0.333,7.0,20.0,0.35,0.397,4,5,0.8,4.0,7.0,11.0,0,1.0,2.0,1.0,11.0,27,0.0
2023,Sam Hauser,hausesa01,25.0,BOS,SF,80,8.0,1290.0,180,396,0.455,140.0,335.0,0.418,40.0,61.0,0.656,0.631,12,17,0.706,35.0,169.0,204.0,71,29.0,21.0,30.0,99.0,512,0.0
2023,Jaxson Hayes,hayesja02,22.0,NOP,C,47,2.0,610.0,86,156,0.551,3.0,29.0,0.103,83.0,127.0,0.654,0.561,58,83,0.699,39.0,93.0,132.0,34,20.0,19.0,31.0,67.0,233,0.0
2023,Killian Hayes,hayeski01,21.0,DET,PG,76,56.0,2154.0,307,815,0.377,80.0,286.0,0.28,227.0,529.0,0.429,0.426,92,112,0.821,28.0,193.0,221.0,470,104.0,28.0,173.0,219.0,786,0.0
2023,Gordon Hayward,haywago01,32.0,CHO,SF,50,50.0,1577.0,276,581,0.475,52.0,160.0,0.325,224.0,421.0,0.532,0.52,129,159,0.811,33.0,182.0,215.0,206,42.0,12.0,99.0,70.0,733,0.0
2023,Juancho Hernangómez,hernaju01,27.0,TOR,PF,42,10.0,614.0,48,114,0.421,17.0,67.0,0.254,31.0,47.0,0.66,0.496,9,16,0.563,27.0,96.0,123.0,25,16.0,6.0,15.0,43.0,122,0.0
2023,Willy Hernangómez,hernawi01,28.0,NOP,C,38,2.0,458.0,89,169,0.527,3.0,11.0,0.273,86.0,158.0,0.544,0.536,81,104,0.779,58.0,122.0,180.0,33,17.0,13.0,39.0,64.0,262,0.0
2023,Tyler Herro,herroty01,23.0,MIA,SG,67,67.0,2337.0,487,1109,0.439,203.0,537.0,0.378,284.0,572.0,0.497,0.531,170,182,0.934,27.0,333.0,360.0,280,51.0,16.0,158.0,101.0,1347,1.0
2023,Buddy Hield,hieldbu01,30.0,IND,SF,80,73.0,2482.0,475,1038,0.458,288.0,677.0,0.425,187.0,361.0,0.518,0.596,106,129,0.822,67.0,333.0,400.0,225,92.0,26.0,139.0,156.0,1344,0.0
2023,Haywood Highsmith,highsha01,26.0,MIA,PF,54,11.0,969.0,93,216,0.431,37.0,109.0,0.339,56.0,107.0,0.523,0.516,13,28,0.464,57.0,131.0,188.0,43,36.0,17.0,45.0,82.0,236,0.0
2023,George Hill,hillge01,36.0,MIL,PG,35,0.0,668.0,59,132,0.447,23.0,74.0,0.311,36.0,58.0,0.621,0.534,34,46,0.739,13.0,54.0,67.0,89,19.0,3.0,27.0,41.0,175,0.0
2023,George Hill,hillge01,36.0,IND,SG,11,1.0,166.0,19,34,0.559,11.0,21.0,0.524,8.0,13.0,0.615,0.721,8,9,0.889,2.0,16.0,18.0,21,7.0,3.0,7.0,14.0,57,0.0
2023,Malcolm Hill,hillma01,27.0,CHI,SF,5,0.0,9.0,2,4,0.5,1.0,3.0,0.333,1.0,1.0,1.0,0.625,0,0,,0.0,3.0,3.0,0,0.0,0.0,0.0,1.0,5,0.0
2023,Aaron Holiday,holidaa01,26.0,ATL,PG,63,6.0,845.0,92,220,0.418,36.0,88.0,0.409,56.0,132.0,0.424,0.5,27,32,0.844,25.0,49.0,74.0,89,37.0,12.0,36.0,79.0,247,0.0
2023,Jrue Holiday,holidjr01,32.0,MIL,PG,67,65.0,2183.0,490,1023,0.479,158.0,411.0,0.384,332.0,612.0,0.542,0.556,152,177,0.859,79.0,262.0,341.0,495,79.0,25.0,197.0,116.0,1290,0.0
2023,Justin Holiday,holidju01,33.0,ATL,SF,28,0.0,411.0,48,125,0.384,30.0,87.0,0.345,18.0,38.0,0.474,0.504,0,0,,2.0,21.0,23.0,25,5.0,10.0,12.0,37.0,126,0.0
2023,Justin Holiday,holidju01,33.0,DAL,SF,18,2.0,295.0,29,79,0.367,16.0,56.0,0.286,13.0,23.0,0.565,0.468,5,8,0.625,3.0,29.0,32.0,16,14.0,9.0,10.0,31.0,79,0.0
2023,Richaun Holmes,holmeri01,29.0,SAC,C,42,1.0,348.0,55,89,0.618,5.0,8.0,0.625,50.0,81.0,0.617,0.646,15,19,0.789,29.0,51.0,80.0,9,3.0,11.0,14.0,50.0,130,0.0
2023,Al Horford,horfoal01,36.0,BOS,C,63,63.0,1922.0,228,479,0.476,145.0,325.0,0.446,83.0,154.0,0.539,0.627,15,21,0.714,73.0,317.0,390.0,189,30.0,61.0,37.0,121.0,616,0.0
2023,Talen Horton-Tucker,hortota01,22.0,UTA,SG,65,20.0,1313.0,257,613,0.419,58.0,203.0,0.286,199.0,410.0,0.485,0.467,126,168,0.75,41.0,169.0,210.0,246,41.0,29.0,126.0,108.0,698,0.0
2023,Danuel House Jr.,houseda01,29.0,PHI,SF,56,5.0,807.0,93,197,0.472,37.0,110.0,0.336,56.0,87.0,0.644,0.566,45,60,0.75,9.0,85.0,94.0,44,14.0,9.0,26.0,69.0,268,0.0
2023,Caleb Houstan,houstca01,20.0,ORL,SF,51,4.0,812.0,66,182,0.363,46.0,136.0,0.338,20.0,46.0,0.435,0.489,15,18,0.833,34.0,65.0,99.0,30,12.0,7.0,18.0,63.0,193,0.0
2023,Trevor Hudgins,hudgitr01,23.0,HOU,PG,5,0.0,28.0,2,9,0.222,2.0,8.0,0.25,0.0,1.0,0.0,0.333,3,3,1.0,0.0,0.0,0.0,3,0.0,0.0,1.0,1.0,9,0.0
2023,Kevin Huerter,huertke01,24.0,SAC,SG,75,75.0,2203.0,420,866,0.485,205.0,510.0,0.402,215.0,356.0,0.604,0.603,95,131,0.725,42.0,209.0,251.0,221,80.0,24.0,97.0,181.0,1140,0.0
2023,Jay Huff,huffja01,24.0,WAS,C,7,0.0,95.0,15,25,0.6,6.0,12.0,0.5,9.0,13.0,0.692,0.72,15,16,0.938,6.0,15.0,21.0,10,3.0,4.0,5.0,15.0,51,0.0
2023,De'Andre Hunter,huntede01,25.0,ATL,SF,67,67.0,2126.0,379,822,0.461,100.0,286.0,0.35,279.0,536.0,0.521,0.522,171,207,0.826,46.0,238.0,284.0,94,35.0,17.0,82.0,199.0,1029,0.0
2023,Bones Hyland,hylanbo01,22.0,DEN,PG,42,1.0,820.0,173,434,0.399,91.0,241.0,0.378,82.0,193.0,0.425,0.503,71,82,0.866,10.0,76.0,86.0,125,28.0,13.0,67.0,66.0,508,0.0
2023,Bones Hyland,hylanbo01,22.0,LAC,PG,14,0.0,265.0,55,137,0.401,26.0,74.0,0.351,29.0,63.0,0.46,0.496,15,20,0.75,10.0,39.0,49.0,47,11.0,2.0,15.0,30.0,151,0.0
2023,Serge Ibaka,ibakase01,33.0,MIL,C,16,0.0,185.0,26,54,0.481,6.0,18.0,0.333,20.0,36.0,0.556,0.537,8,13,0.615,15.0,29.0,44.0,4,2.0,7.0,11.0,23.0,66,0.0
2023,Andre Iguodala,iguodan01,39.0,GSW,PF,8,0.0,113.0,7,15,0.467,1.0,9.0,0.111,6.0,6.0,1.0,0.5,2,3,0.667,3.0,14.0,17.0,19,4.0,3.0,9.0,11.0,17,0.0
2023,Joe Ingles,inglejo01,35.0,MIL,SF,46,0.0,1044.0,108,248,0.435,83.0,203.0,0.409,25.0,45.0,0.556,0.603,18,21,0.857,13.0,115.0,128.0,150,33.0,6.0,55.0,74.0,317,0.0
2023,Brandon Ingram,ingrabr01,25.0,NOP,SF,45,45.0,1538.0,404,835,0.484,64.0,164.0,0.39,340.0,671.0,0.507,0.522,240,272,0.882,23.0,223.0,246.0,262,32.0,19.0,148.0,116.0,1112,2.0
2023,Kyrie Irving,irvinky01,30.0,BRK,PG,40,40.0,1478.0,398,819,0.486,130.0,348.0,0.374,268.0,471.0,0.569,0.565,158,179,0.883,38.0,166.0,204.0,211,41.0,33.0,91.0,109.0,1084,0.0
2023,Kyrie Irving,irvinky01,30.0,DAL,SG,20,20.0,763.0,196,384,0.51,58.0,148.0,0.392,138.0,236.0,0.585,0.586,89,94,0.947,21.0,79.0,100.0,120,25.0,12.0,37.0,56.0,539,0.0
2023,Jonathan Isaac,isaacjo01,25.0,ORL,PF,11,0.0,124.0,22,53,0.415,6.0,15.0,0.4,16.0,38.0,0.421,0.472,5,9,0.556,15.0,29.0,44.0,6,14.0,4.0,4.0,5.0,55,0.0
2023,Jaden Ivey,iveyja01,20.0,DET,SG,74,73.0,2304.0,409,983,0.416,120.0,350.0,0.343,289.0,633.0,0.457,0.477,266,356,0.747,73.0,215.0,288.0,387,61.0,17.0,237.0,242.0,1204,0.0
2023,Frank Jackson,jacksfr01,24.0,UTA,PG,1,0.0,5.0,0,3,0.0,0.0,1.0,0.0,0.0,2.0,0.0,0.0,0,0,,1.0,1.0,2.0,1,0.0,0.0,0.0,0.0,0,0.0
2023,Isaiah Jackson,jacksis01,21.0,IND,C,63,12.0,1042.0,179,318,0.563,2.0,14.0,0.143,177.0,304.0,0.582,0.566,95,146,0.651,113.0,169.0,282.0,51,31.0,93.0,51.0,154.0,455,0.0
2023,Jaren Jackson Jr.,jacksja02,23.0,MEM,C,63,63.0,1787.0,416,822,0.506,100.0,282.0,0.355,316.0,540.0,0.585,0.567,241,306,0.788,108.0,318.0,426.0,60,65.0,189.0,107.0,227.0,1173,0.0
2023,Justin Jackson,jacksju01,27.0,BOS,SF,23,0.0,107.0,7,27,0.259,5.0,20.0,0.25,2.0,7.0,0.286,0.352,1,2,0.5,2.0,15.0,17.0,9,4.0,4.0,2.0,7.0,20,0.0
2023,Quenton Jackson,jacksqu01,24.0,WAS,PG,9,0.0,135.0,19,42,0.452,1.0,12.0,0.083,18.0,30.0,0.6,0.464,17,22,0.773,2.0,6.0,8.0,15,4.0,1.0,4.0,10.0,56,0.0
2023,Reggie Jackson,jacksre01,32.0,LAC,PG,52,38.0,1338.0,214,512,0.418,77.0,220.0,0.35,137.0,292.0,0.469,0.493,61,66,0.924,22.0,94.0,116.0,183,38.0,5.0,96.0,92.0,566,0.0
2023,Reggie Jackson,jacksre01,32.0,DEN,PG,16,2.0,319.0,49,128,0.383,19.0,68.0,0.279,30.0,60.0,0.5,0.457,10,12,0.833,3.0,25.0,28.0,50,9.0,1.0,19.0,22.0,127,0.0
2023,LeBron James,jamesle01,38.0,LAL,PF,55,54.0,1954.0,609,1219,0.5,121.0,377.0,0.321,488.0,842.0,0.58,0.549,251,327,0.768,65.0,392.0,457.0,375,50.0,32.0,178.0,88.0,1590,2.0
2023,Ty Jerome,jeromty01,25.0,GSW,SG,45,2.0,816.0,118,242,0.488,35.0,90.0,0.389,83.0,152.0,0.546,0.56,38,41,0.927,7.0,71.0,78.0,135,23.0,5.0,30.0,64.0,309,0.0
2023,Isaiah Joe,joeis01,23.0,OKC,SG,73,10.0,1395.0,224,508,0.441,161.0,394.0,0.409,63.0,114.0,0.553,0.599,82,100,0.82,27.0,148.0,175.0,88,48.0,8.0,39.0,105.0,691,0.0
2023,Alize Johnson,johnsal02,26.0,SAS,PF,4,0.0,30.0,3,6,0.5,0.0,2.0,0.0,3.0,4.0,0.75,0.5,1,2,0.5,2.0,8.0,10.0,1,1.0,0.0,4.0,3.0,7,0.0
2023,Cameron Johnson,johnsca02,26.0,PHO,PF,17,16.0,429.0,82,173,0.474,45.0,99.0,0.455,37.0,74.0,0.5,0.604,27,33,0.818,14.0,51.0,65.0,26,15.0,6.0,10.0,29.0,236,0.0
2023,Cameron Johnson,johnsca02,26.0,BRK,PF,25,25.0,770.0,141,301,0.468,58.0,156.0,0.372,83.0,145.0,0.572,0.565,74,87,0.851,20.0,100.0,120.0,52,35.0,8.0,27.0,54.0,414,0.0
2023,James Johnson,johnsja01,35.0,IND,PF,18,1.0,162.0,22,49,0.449,3.0,15.0,0.2,19.0,34.0,0.559,0.48,4,8,0.5,4.0,26.0,30.0,15,7.0,6.0,8.0,32.0,51,0.0
2023,Jalen Johnson,johnsja05,21.0,ATL,SF,70,6.0,1042.0,158,322,0.491,30.0,104.0,0.288,128.0,218.0,0.587,0.537,49,78,0.628,51.0,231.0,282.0,83,38.0,34.0,41.0,113.0,395,0.0
2023,Keldon Johnson,johnske04,23.0,SAS,SF,63,63.0,2063.0,503,1113,0.452,134.0,407.0,0.329,369.0,706.0,0.523,0.512,245,327,0.749,56.0,262.0,318.0,183,46.0,11.0,134.0,125.0,1385,0.0
2023,Keon Johnson,johnske07,20.0,POR,SG,40,0.0,416.0,67,178,0.376,28.0,81.0,0.346,39.0,97.0,0.402,0.455,27,41,0.659,11.0,33.0,44.0,59,19.0,6.0,43.0,43.0,189,0.0
2023,Stanley Johnson,johnsst04,26.0,SAS,SF,30,0.0,469.0,65,122,0.533,18.0,40.0,0.45,47.0,82.0,0.573,0.607,26,39,0.667,22.0,73.0,95.0,67,16.0,6.0,33.0,48.0,174,0.0
2023,Nikola Jokić,jokicni01,27.0,DEN,C,69,69.0,2323.0,646,1022,0.632,57.0,149.0,0.383,589.0,873.0,0.675,0.66,341,415,0.822,167.0,650.0,817.0,678,87.0,47.0,247.0,174.0,1690,29.0
2023,Carlik Jones,jonesca03,25.0,CHI,PG,7,0.0,56.0,6,15,0.4,3.0,6.0,0.5,3.0,9.0,0.333,0.5,5,8,0.625,1.0,4.0,5.0,6,2.0,0.0,2.0,2.0,20,0.0
2023,Damian Jones,jonesda03,27.0,LAL,C,22,1.0,176.0,20,37,0.541,0.0,3.0,0.0,20.0,34.0,0.588,0.541,15,20,0.75,18.0,37.0,55.0,4,3.0,12.0,9.0,17.0,55,0.0
2023,Damian Jones,jonesda03,27.0,UTA,C,19,0.0,301.0,35,49,0.714,10.0,14.0,0.714,25.0,35.0,0.714,0.816,7,9,0.778,24.0,43.0,67.0,11,5.0,9.0,14.0,38.0,87,0.0
2023,Derrick Jones Jr.,jonesde02,25.0,CHI,PF,64,0.0,893.0,115,230,0.5,27.0,80.0,0.338,88.0,150.0,0.587,0.559,62,84,0.738,60.0,93.0,153.0,34,29.0,37.0,25.0,86.0,319,0.0
2023,Herbert Jones,joneshe01,24.0,NOP,PF,66,66.0,1951.0,235,501,0.469,56.0,167.0,0.335,179.0,334.0,0.536,0.525,123,161,0.764,97.0,172.0,269.0,162,103.0,42.0,88.0,208.0,649,0.0
2023,Kai Jones,joneska01,22.0,CHO,C,46,0.0,550.0,67,120,0.558,4.0,19.0,0.211,63.0,101.0,0.624,0.575,19,26,0.731,37.0,86.0,123.0,15,17.0,30.0,31.0,65.0,157,0.0
2023,Tre Jones,jonestr01,23.0,SAS,PG,68,65.0,1984.0,341,743,0.459,45.0,158.0,0.285,296.0,585.0,0.506,0.489,148,172,0.86,56.0,189.0,245.0,448,89.0,9.0,110.0,98.0,875,2.0
2023,Tyus Jones,jonesty01,26.0,MEM,PG,80,22.0,1940.0,311,710,0.438,121.0,326.0,0.371,190.0,384.0,0.495,0.523,80,100,0.8,28.0,172.0,200.0,417,83.0,6.0,74.0,32.0,823,1.0
2023,DeAndre Jordan,jordade01,34.0,DEN,C,39,8.0,586.0,88,115,0.765,1.0,1.0,1.0,87.0,114.0,0.763,0.77,22,48,0.458,52.0,150.0,202.0,34,12.0,23.0,48.0,71.0,199,0.0
2023,Cory Joseph,josepco01,31.0,DET,PG,62,2.0,1227.0,150,351,0.427,70.0,180.0,0.389,80.0,171.0,0.468,0.527,57,72,0.792,21.0,85.0,106.0,217,34.0,9.0,56.0,88.0,427,0.0
2023,Nikola Jović,jovicni01,19.0,MIA,PF,15,8.0,204.0,28,69,0.406,8.0,35.0,0.229,20.0,34.0,0.588,0.464,18,19,0.947,9.0,22.0,31.0,10,7.0,2.0,10.0,19.0,82,0.0
2023,Johnny Juzang,juzanjo01,21.0,UTA,SG,18,0.0,232.0,35,104,0.337,15.0,63.0,0.238,20.0,41.0,0.488,0.409,2,4,0.5,8.0,31.0,39.0,8,4.0,3.0,3.0,13.0,87,0.0
2023,Mfiondu Kabengele,kabenmf01,25.0,BOS,PF,4,0.0,36.0,2,7,0.286,0.0,3.0,0.0,2.0,4.0,0.5,0.286,2,2,1.0,5.0,5.0,10.0,0,2.0,0.0,1.0,3.0,6,0.0
2023,Frank Kaminsky,kaminfr01,29.0,ATL,C,26,0.0,176.0,25,44,0.568,11.0,23.0,0.478,14.0,21.0,0.667,0.693,10,12,0.833,3.0,33.0,36.0,21,5.0,1.0,9.0,21.0,71,0.0
2023,Frank Kaminsky,kaminfr01,29.0,HOU,C,10,0.0,59.0,6,19,0.316,2.0,10.0,0.2,4.0,9.0,0.444,0.368,4,4,1.0,4.0,12.0,16.0,11,1.0,3.0,0.0,1.0,18,0.0
2023,Trevor Keels,keelstr01,19.0,NYK,SG,3,0.0,8.0,1,4,0.25,1.0,4.0,0.25,0.0,0.0,,0.375,0,0,,0.0,2.0,2.0,0,0.0,0.0,0.0,0.0,3,0.0
2023,Luke Kennard,kennalu01,26.0,LAC,SG,35,11.0,725.0,98,211,0.464,59.0,132.0,0.447,39.0,79.0,0.494,0.604,19,20,0.95,6.0,77.0,83.0,37,19.0,4.0,30.0,47.0,274,0.0
2023,Luke Kennard,kennalu01,26.0,MEM,SG,24,3.0,590.0,90,171,0.526,74.0,137.0,0.54,16.0,34.0,0.471,0.743,18,19,0.947,9.0,66.0,75.0,54,13.0,1.0,16.0,35.0,272,0.0
2023,Walker Kessler,kesslwa01,21.0,UTA,C,74,40.0,1703.0,298,414,0.72,1.0,3.0,0.333,297.0,411.0,0.723,0.721,82,159,0.516,231.0,389.0,620.0,69,26.0,173.0,58.0,169.0,679,0.0
2023,Braxton Key,keybr01,25.0,DET,SF,3,0.0,9.0,1,1,1.0,0.0,0.0,,1.0,1.0,1.0,1.0,2,2,1.0,0.0,1.0,1.0,0,0.0,0.0,0.0,0.0,4,0.0
2023,Louis King,kinglo02,23.0,PHI,PF,1,0.0,29.0,8,13,0.615,4.0,8.0,0.5,4.0,5.0,0.8,0.769,0,1,0.0,2.0,2.0,4.0,2,1.0,0.0,2.0,4.0,20,0.0
2023,Corey Kispert,kispeco01,23.0,WAS,SF,74,45.0,2093.0,291,585,0.497,163.0,384.0,0.424,128.0,201.0,0.637,0.637,75,88,0.852,33.0,174.0,207.0,87,32.0,9.0,55.0,97.0,820,0.0
2023,Maxi Kleber,klebima01,31.0,DAL,PF,37,5.0,930.0,77,169,0.456,39.0,112.0,0.348,38.0,57.0,0.667,0.571,27,38,0.711,30.0,105.0,135.0,52,12.0,30.0,27.0,85.0,220,0.0
2023,Nathan Knight,knighna01,25.0,MIN,C,38,0.0,291.0,46,81,0.568,8.0,22.0,0.364,38.0,59.0,0.644,0.617,39,57,0.684,22.0,34.0,56.0,13,10.0,6.0,21.0,41.0,139,0.0
2023,Kevin Knox,knoxke01,23.0,DET,SF,42,1.0,593.0,84,179,0.469,43.0,116.0,0.371,41.0,63.0,0.651,0.589,26,33,0.788,20.0,88.0,108.0,15,14.0,12.0,32.0,74.0,237,0.0
2023,Kevin Knox,knoxke01,23.0,POR,PF,21,4.0,359.0,68,153,0.444,22.0,70.0,0.314,46.0,83.0,0.554,0.516,20,27,0.741,14.0,55.0,69.0,18,10.0,0.0,18.0,21.0,178,0.0
2023,Christian Koloko,kolokch01,22.0,TOR,C,58,19.0,802.0,72,150,0.48,1.0,12.0,0.083,71.0,138.0,0.514,0.483,37,59,0.627,84.0,87.0,171.0,31,21.0,57.0,20.0,128.0,182,0.0
2023,John Konchar,konchjo01,26.0,MEM,SF,72,23.0,1494.0,138,320,0.431,60.0,177.0,0.339,78.0,143.0,0.545,0.525,28,36,0.778,64.0,246.0,310.0,100,77.0,25.0,37.0,112.0,364,0.0
2023,Furkan Korkmaz,korkmfu01,25.0,PHI,SG,37,0.0,353.0,48,111,0.432,18.0,46.0,0.391,30.0,65.0,0.462,0.514,26,36,0.722,6.0,36.0,42.0,22,10.0,3.0,24.0,18.0,140,0.0
2023,Luke Kornet,kornelu01,27.0,BOS,C,69,0.0,804.0,113,170,0.665,3.0,13.0,0.231,110.0,157.0,0.701,0.674,32,39,0.821,86.0,111.0,197.0,53,11.0,46.0,25.0,81.0,261,0.0
2023,Vit Krejci,krejcvi01,22.0,ATL,PG,29,0.0,165.0,15,37,0.405,5.0,21.0,0.238,10.0,16.0,0.625,0.473,1,2,0.5,6.0,20.0,26.0,17,5.0,1.0,5.0,17.0,36,0.0
2023,Jonathan Kuminga,kuminjo01,20.0,GSW,PF,67,16.0,1394.0,261,497,0.525,54.0,146.0,0.37,207.0,351.0,0.59,0.579,90,138,0.652,70.0,161.0,231.0,125,41.0,31.0,95.0,157.0,666,0.0
2023,Kyle Kuzma,kuzmaky01,27.0,WAS,PF,64,64.0,2239.0,512,1142,0.448,160.0,481.0,0.333,352.0,661.0,0.533,0.518,173,237,0.73,55.0,408.0,463.0,239,36.0,29.0,190.0,145.0,1357,1.0
2023,Anthony Lamb,lamban01,25.0,GSW,SF,62,4.0,1195.0,148,314,0.471,73.0,199.0,0.367,75.0,115.0,0.652,0.588,46,60,0.767,56.0,159.0,215.0,96,28.0,20.0,54.0,134.0,415,0.0
2023,Jock Landale,landajo01,27.0,PHO,C,69,4.0,979.0,178,337,0.528,21.0,84.0,0.25,157.0,253.0,0.621,0.559,79,105,0.752,119.0,161.0,280.0,68,16.0,30.0,59.0,126.0,456,0.0
2023,Romeo Langford,langfro01,23.0,SAS,SG,43,21.0,844.0,121,259,0.467,16.0,61.0,0.262,105.0,198.0,0.53,0.498,39,56,0.696,57.0,57.0,114.0,50,24.0,13.0,30.0,67.0,297,0.0
2023,Jake LaRavia,laravja01,21.0,MEM,PF,35,0.0,414.0,37,95,0.389,24.0,71.0,0.338,13.0,24.0,0.542,0.516,7,9,0.778,19.0,44.0,63.0,21,12.0,4.0,18.0,49.0,105,0.0
2023,Zach LaVine,lavinza01,27.0,CHI,SG,77,77.0,2768.0,673,1388,0.485,204.0,544.0,0.375,469.0,844.0,0.556,0.558,363,428,0.848,42.0,303.0,345.0,327,69.0,18.0,194.0,159.0,1913,0.0
2023,A.J. Lawson,lawsoaj01,22.0,MIN,SG,1,0.0,2.0,1,1,1.0,0.0,0.0,,1.0,1.0,1.0,1.0,0,0,,0.0,1.0,1.0,0,0.0,0.0,0.0,1.0,2,0.0
2023,A.J. Lawson,lawsoaj01,22.0,DAL,SG,14,0.0,106.0,21,43,0.488,10.0,25.0,0.4,11.0,18.0,0.611,0.605,2,8,0.25,6.0,14.0,20.0,2,2.0,0.0,3.0,10.0,54,0.0
2023,Damion Lee,leeda03,30.0,PHO,SG,74,5.0,1506.0,200,452,0.442,110.0,247.0,0.445,90.0,205.0,0.439,0.564,94,104,0.904,39.0,186.0,225.0,99,30.0,7.0,78.0,118.0,604,0.0
2023,Saben Lee,leesa01,23.0,PHI,PG,2,0.0,10.0,3,4,0.75,0.0,1.0,0.0,3.0,3.0,1.0,0.75,0,0,,0.0,0.0,0.0,2,1.0,0.0,3.0,1.0,6,0.0
2023,Saben Lee,leesa01,23.0,PHO,PG,23,1.0,363.0,46,117,0.393,11.0,29.0,0.379,35.0,88.0,0.398,0.44,42,57,0.737,13.0,32.0,45.0,65,18.0,1.0,21.0,31.0,145,0.0
2023,Alex Len,lenal01,29.0,SAC,C,26,2.0,161.0,16,30,0.533,0.0,2.0,0.0,16.0,28.0,0.571,0.533,11,16,0.688,24.0,36.0,60.0,12,4.0,11.0,16.0,28.0,43,0.0
2023,Kawhi Leonard,leonaka01,31.0,LAC,SF,52,50.0,1748.0,446,871,0.512,104.0,250.0,0.416,342.0,621.0,0.551,0.572,243,279,0.871,57.0,281.0,338.0,204,72.0,28.0,88.0,84.0,1239,0.0
2023,Meyers Leonard,leoname01,30.0,MIL,C,9,2.0,114.0,14,29,0.483,7.0,18.0,0.389,7.0,11.0,0.636,0.603,8,9,0.889,12.0,22.0,34.0,1,2.0,0.0,6.0,16.0,43,0.0
2023,Caris LeVert,leverca01,28.0,CLE,SG,74,30.0,2237.0,320,742,0.431,127.0,324.0,0.392,193.0,418.0,0.462,0.517,130,180,0.722,53.0,229.0,282.0,287,72.0,24.0,116.0,170.0,897,0.0
2023,Kira Lewis Jr.,lewiski01,21.0,NOP,PG,25,0.0,235.0,40,88,0.455,15.0,34.0,0.441,25.0,54.0,0.463,0.54,19,22,0.864,5.0,28.0,33.0,23,10.0,2.0,10.0,24.0,114,0.0
2023,Damian Lillard,lillada01,32.0,POR,PG,58,58.0,2107.0,556,1202,0.463,244.0,658.0,0.371,312.0,544.0,0.574,0.564,510,558,0.914,44.0,233.0,277.0,425,50.0,18.0,191.0,109.0,1866,2.0
2023,Nassir Little,littlna01,22.0,POR,SF,54,4.0,976.0,134,303,0.442,58.0,158.0,0.367,76.0,145.0,0.524,0.538,33,46,0.717,27.0,114.0,141.0,50,20.0,20.0,36.0,66.0,359,0.0
2023,Isaiah Livers,liveris01,24.0,DET,PF,52,22.0,1199.0,120,288,0.417,74.0,203.0,0.365,46.0,85.0,0.541,0.545,32,39,0.821,28.0,115.0,143.0,41,28.0,28.0,30.0,103.0,346,0.0
2023,Kenneth Lofton Jr.,loftoke01,20.0,MEM,PF,24,1.0,176.0,49,93,0.527,6.0,17.0,0.353,43.0,76.0,0.566,0.559,16,27,0.593,19.0,32.0,51.0,20,5.0,2.0,12.0,28.0,120,0.0
2023,Kevon Looney,looneke01,26.0,GSW,C,82,70.0,1958.0,242,384,0.63,0.0,1.0,0.0,242.0,383.0,0.632,0.63,94,155,0.606,274.0,486.0,760.0,207,52.0,50.0,45.0,225.0,578,0.0
2023,Brook Lopez,lopezbr01,34.0,MIL,C,78,78.0,2373.0,477,899,0.531,136.0,364.0,0.374,341.0,535.0,0.637,0.606,149,190,0.784,157.0,363.0,520.0,99,37.0,193.0,107.0,203.0,1239,0.0
2023,Robin Lopez,lopezro01,34.0,CLE,C,37,2.0,299.0,48,75,0.64,2.0,4.0,0.5,46.0,71.0,0.648,0.653,14,18,0.778,23.0,28.0,51.0,19,2.0,8.0,25.0,43.0,112,0.0
2023,Kevin Love,loveke01,34.0,CLE,PF,41,3.0,821.0,111,285,0.389,69.0,195.0,0.354,42.0,90.0,0.467,0.511,56,63,0.889,42.0,238.0,280.0,76,7.0,7.0,47.0,65.0,347,0.0
2023,Kevin Love,loveke01,34.0,MIA,PF,21,17.0,419.0,54,139,0.388,30.0,101.0,0.297,24.0,38.0,0.632,0.496,24,28,0.857,17.0,102.0,119.0,40,9.0,5.0,23.0,32.0,162,0.0
2023,Kyle Lowry,lowryky01,36.0,MIA,PG,55,44.0,1718.0,196,485,0.404,107.0,310.0,0.345,89.0,175.0,0.509,0.514,116,135,0.859,43.0,182.0,225.0,281,57.0,21.0,103.0,143.0,615,1.0
2023,Trey Lyles,lylestr01,27.0,SAC,PF,74,0.0,1247.0,187,408,0.458,87.0,240.0,0.363,100.0,168.0,0.595,0.565,101,124,0.815,68.0,232.0,300.0,66,27.0,31.0,64.0,97.0,562,0.0
2023,Théo Maledon,maledth01,21.0,CHO,PG,44,7.0,854.0,102,254,0.402,28.0,95.0,0.295,74.0,159.0,0.465,0.457,63,74,0.851,14.0,109.0,123.0,152,37.0,12.0,59.0,61.0,295,0.0
2023,Sandro Mamukelashvili,mamuksa01,23.0,MIL,C,24,0.0,217.0,19,58,0.328,7.0,32.0,0.219,12.0,26.0,0.462,0.388,12,18,0.667,18.0,38.0,56.0,16,4.0,5.0,9.0,19.0,57,0.0
2023,Sandro Mamukelashvili,mamuksa01,23.0,SAS,C,19,7.0,443.0,78,172,0.453,23.0,67.0,0.343,55.0,105.0,0.524,0.52,27,39,0.692,52.0,77.0,129.0,46,10.0,7.0,26.0,33.0,206,0.0
2023,Terance Mann,mannte01,26.0,LAC,SG,81,36.0,1872.0,272,524,0.519,77.0,198.0,0.389,195.0,326.0,0.598,0.593,92,118,0.78,77.0,199.0,276.0,184,42.0,22.0,80.0,149.0,713,0.0
2023,Tre Mann,manntr01,21.0,OKC,PG,67,5.0,1183.0,197,501,0.393,81.0,257.0,0.315,116.0,244.0,0.475,0.474,42,55,0.764,27.0,128.0,155.0,120,40.0,11.0,62.0,99.0,517,1.0
2023,Boban Marjanović,marjabo01,34.0,HOU,C,31,0.0,171.0,41,60,0.683,0.0,1.0,0.0,41.0,59.0,0.695,0.683,20,27,0.741,20.0,40.0,60.0,9,5.0,2.0,14.0,10.0,102,0.0
2023,Lauri Markkanen,markkla01,25.0,UTA,PF,66,66.0,2273.0,571,1145,0.499,200.0,511.0,0.391,371.0,634.0,0.585,0.586,349,399,0.875,130.0,440.0,570.0,123,42.0,38.0,127.0,137.0,1691,0.0
2023,Naji Marshall,marshna01,25.0,NOP,SF,77,21.0,1792.0,247,571,0.433,66.0,218.0,0.303,181.0,353.0,0.513,0.49,138,175,0.789,48.0,231.0,279.0,189,54.0,14.0,97.0,113.0,698,0.0
2023,Caleb Martin,martica02,27.0,MIA,SF,71,49.0,2077.0,254,548,0.464,84.0,236.0,0.356,170.0,312.0,0.545,0.54,91,113,0.805,88.0,256.0,344.0,117,71.0,31.0,78.0,145.0,683,0.0
2023,Cody Martin,martico01,27.0,CHO,SF,7,0.0,134.0,14,36,0.389,3.0,14.0,0.214,11.0,22.0,0.5,0.431,4,7,0.571,8.0,16.0,24.0,11,4.0,1.0,2.0,13.0,35,0.0
2023,KJ Martin,martike04,22.0,HOU,SF,82,49.0,2292.0,410,720,0.569,68.0,216.0,0.315,342.0,504.0,0.679,0.617,151,222,0.68,126.0,326.0,452.0,123,41.0,30.0,91.0,147.0,1039,0.0
2023,Tyrese Martin,martity01,23.0,ATL,SG,16,0.0,66.0,9,23,0.391,1.0,7.0,0.143,8.0,16.0,0.5,0.413,2,2,1.0,5.0,7.0,12.0,2,1.0,0.0,2.0,2.0,21,0.0
2023,Garrison Mathews,mathega01,26.0,HOU,SG,45,0.0,602.0,60,170,0.353,53.0,155.0,0.342,7.0,15.0,0.467,0.509,41,45,0.911,10.0,52.0,62.0,23,23.0,4.0,18.0,56.0,214,0.0
2023,Garrison Mathews,mathega01,26.0,ATL,SG,9,0.0,84.0,13,31,0.419,10.0,25.0,0.4,3.0,6.0,0.5,0.581,7,8,0.875,1.0,10.0,11.0,3,1.0,1.0,1.0,6.0,43,0.0
2023,Bennedict Mathurin,mathube01,20.0,IND,SG,78,17.0,2222.0,413,951,0.434,100.0,310.0,0.323,313.0,641.0,0.488,0.487,376,454,0.828,87.0,231.0,318.0,116,48.0,13.0,152.0,162.0,1302,0.0
2023,Wesley Matthews,matthwe02,36.0,MIL,SF,52,0.0,820.0,58,160,0.363,39.0,124.0,0.315,19.0,36.0,0.528,0.484,24,28,0.857,34.0,79.0,113.0,34,20.0,13.0,18.0,71.0,179,0.0
2023,Tyrese Maxey,maxeyty01,22.0,PHI,SG,60,41.0,2016.0,439,913,0.481,160.0,369.0,0.434,279.0,544.0,0.513,0.568,180,213,0.845,23.0,153.0,176.0,212,49.0,8.0,80.0,132.0,1218,0.0
2023,Skylar Mays,mayssk01,25.0,POR,PG,6,6.0,189.0,34,68,0.5,12.0,26.0,0.462,22.0,42.0,0.524,0.588,12,13,0.923,2.0,17.0,19.0,50,6.0,1.0,10.0,11.0,92,0.0
2023,Miles McBride,mcbrimi01,22.0,NYK,PG,64,2.0,760.0,77,215,0.358,40.0,134.0,0.299,37.0,81.0,0.457,0.451,28,42,0.667,13.0,37.0,50.0,72,37.0,8.0,25.0,60.0,222,0.0
2023,Mac McClung,mccluma01,24.0,PHI,SG,2,0.0,41.0,9,20,0.45,4.0,11.0,0.364,5.0,9.0,0.556,0.55,3,5,0.6,3.0,7.0,10.0,9,0.0,0.0,3.0,3.0,25,0.0
2023,CJ McCollum,mccolcj01,31.0,NOP,PG,75,75.0,2649.0,587,1344,0.437,211.0,543.0,0.389,376.0,801.0,0.469,0.515,183,238,0.769,55.0,273.0,328.0,429,70.0,38.0,183.0,153.0,1568,0.0
2023,T.J. McConnell,mccontj01,30.0,IND,PG,75,6.0,1526.0,283,521,0.543,26.0,59.0,0.441,257.0,462.0,0.556,0.568,58,68,0.853,45.0,189.0,234.0,397,81.0,10.0,143.0,105.0,650,1.0
2023,Jalen McDaniels,mcdanja01,25.0,CHO,SF,56,21.0,1494.0,221,494,0.447,65.0,202.0,0.322,156.0,292.0,0.534,0.513,88,104,0.846,44.0,226.0,270.0,111,66.0,29.0,80.0,158.0,595,0.0
2023,Jalen McDaniels,mcdanja01,25.0,PHI,SF,24,3.0,419.0,60,123,0.488,12.0,30.0,0.4,48.0,93.0,0.516,0.537,28,34,0.824,19.0,57.0,76.0,19,17.0,5.0,13.0,51.0,160,0.0
2023,Jaden McDaniels,mcdanja02,22.0,MIN,SF,79,79.0,2416.0,370,716,0.517,107.0,269.0,0.398,263.0,447.0,0.588,0.591,106,144,0.736,92.0,215.0,307.0,148,74.0,76.0,112.0,272.0,953,0.0
2023,Doug McDermott,mcderdo01,31.0,SAS,SF,64,0.0,1314.0,239,523,0.457,123.0,298.0,0.413,116.0,225.0,0.516,0.575,53,70,0.757,23.0,116.0,139.0,91,13.0,6.0,58.0,118.0,654,0.0
2023,JaVale McGee,mcgeeja01,35.0,DAL,C,42,7.0,355.0,80,125,0.64,2.0,5.0,0.4,78.0,120.0,0.65,0.648,24,41,0.585,30.0,77.0,107.0,11,4.0,26.0,36.0,54.0,186,0.0
2023,Bryce McGowens,mcgowbr01,20.0,CHO,SG,46,7.0,787.0,80,202,0.396,26.0,80.0,0.325,54.0,122.0,0.443,0.46,60,80,0.75,20.0,73.0,93.0,54,15.0,6.0,43.0,48.0,246,0.0
2023,Rodney McGruder,mcgruro01,31.0,DET,SG,32,12.0,524.0,62,152,0.408,41.0,97.0,0.423,21.0,55.0,0.382,0.543,18,22,0.818,20.0,54.0,74.0,28,16.0,1.0,11.0,39.0,183,0.0
2023,Jordan McLaughlin,mclaujo01,26.0,MIN,PG,43,0.0,678.0,61,145,0.421,24.0,78.0,0.308,37.0,67.0,0.552,0.503,15,18,0.833,15.0,47.0,62.0,148,32.0,4.0,33.0,28.0,161,0.0
2023,De'Anthony Melton,meltode01,24.0,PHI,SG,77,58.0,2150.0,277,651,0.425,157.0,403.0,0.39,120.0,248.0,0.484,0.546,69,87,0.793,69.0,243.0,312.0,197,126.0,41.0,102.0,191.0,780,0.0
2023,Sam Merrill,merrisa01,26.0,CLE,SG,5,0.0,59.0,9,22,0.409,5.0,18.0,0.278,4.0,4.0,1.0,0.523,2,2,1.0,0.0,9.0,9.0,5,4.0,0.0,0.0,3.0,25,0.0
2023,Chimezie Metu,metuch01,25.0,SAC,PF,66,0.0,689.0,129,219,0.589,9.0,38.0,0.237,120.0,181.0,0.663,0.61,54,73,0.74,47.0,151.0,198.0,40,22.0,21.0,32.0,81.0,321,0.0
2023,Khris Middleton,middlkh01,31.0,MIL,SF,33,19.0,801.0,177,406,0.436,51.0,162.0,0.315,126.0,244.0,0.516,0.499,92,102,0.902,28.0,112.0,140.0,163,23.0,5.0,71.0,68.0,497,0.0
2023,Patty Mills,millspa02,34.0,BRK,PG,40,2.0,567.0,86,209,0.411,49.0,134.0,0.366,37.0,75.0,0.493,0.529,25,30,0.833,8.0,36.0,44.0,56,15.0,3.0,30.0,32.0,246,0.0
2023,Shake Milton,miltosh01,26.0,PHI,SG,76,11.0,1567.0,241,503,0.479,56.0,148.0,0.378,185.0,355.0,0.521,0.535,99,116,0.853,39.0,152.0,191.0,240,25.0,13.0,94.0,123.0,637,0.0
2023,Justin Minaya,minayju01,23.0,POR,SF,4,0.0,89.0,7,23,0.304,3.0,12.0,0.25,4.0,11.0,0.364,0.37,0,1,0.0,3.0,12.0,15.0,4,2.0,5.0,4.0,9.0,17,0.0
2023,Josh Minott,minotjo01,20.0,MIN,SF,15,0.0,96.0,18,36,0.5,2.0,6.0,0.333,16.0,30.0,0.533,0.528,8,8,1.0,5.0,20.0,25.0,5,4.0,6.0,3.0,10.0,46,0.0
2023,Davion Mitchell,mitchda01,24.0,SAC,PG,80,9.0,1447.0,181,399,0.454,63.0,197.0,0.32,118.0,202.0,0.584,0.533,25,31,0.806,16.0,89.0,105.0,185,44.0,15.0,62.0,112.0,450,0.0
2023,Donovan Mitchell,mitchdo01,26.0,CLE,SG,68,68.0,2432.0,679,1402,0.484,245.0,635.0,0.386,434.0,767.0,0.566,0.572,319,368,0.867,63.0,226.0,289.0,301,99.0,27.0,180.0,168.0,1922,0.0
2023,Evan Mobley,mobleev01,21.0,CLE,PF,79,79.0,2715.0,525,947,0.554,22.0,102.0,0.216,503.0,845.0,0.595,0.566,205,304,0.674,187.0,524.0,711.0,224,60.0,119.0,146.0,218.0,1277,0.0
2023,Isaiah Mobley,mobleis01,23.0,CLE,PF,12,0.0,84.0,12,28,0.429,3.0,8.0,0.375,9.0,20.0,0.45,0.482,4,4,1.0,4.0,16.0,20.0,3,4.0,3.0,1.0,8.0,31,0.0
2023,Chima Moneke,monekch01,27.0,SAC,SF,2,0.0,8.0,1,2,0.5,0.0,0.0,,1.0,2.0,0.5,0.5,0,2,0.0,2.0,0.0,2.0,1,0.0,0.0,2.0,2.0,2,0.0
2023,Malik Monk,monkma01,24.0,SAC,SG,77,0.0,1719.0,357,796,0.448,143.0,398.0,0.359,214.0,398.0,0.538,0.538,184,207,0.889,32.0,171.0,203.0,298,49.0,20.0,146.0,125.0,1041,0.0
2023,Moses Moody,moodymo01,20.0,GSW,SG,63,3.0,817.0,108,227,0.476,49.0,135.0,0.363,59.0,92.0,0.641,0.584,37,53,0.698,28.0,77.0,105.0,51,18.0,7.0,34.0,54.0,302,0.0
2023,Xavier Moon,moonxa01,28.0,LAC,SG,4,0.0,20.0,3,9,0.333,1.0,3.0,0.333,2.0,6.0,0.333,0.389,0,0,,0.0,3.0,3.0,5,0.0,0.0,1.0,2.0,7,0.0
2023,Wendell Moore Jr.,moorewe01,21.0,MIN,SG,29,2.0,153.0,18,43,0.419,2.0,17.0,0.118,16.0,26.0,0.615,0.442,4,5,0.8,4.0,14.0,18.0,18,8.0,5.0,8.0,13.0,42,0.0
2023,Ja Morant,moranja01,23.0,MEM,PG,61,59.0,1948.0,566,1214,0.466,92.0,300.0,0.307,474.0,914.0,0.519,0.504,372,497,0.748,61.0,296.0,357.0,493,66.0,16.0,206.0,100.0,1596,7.0
2023,Markieff Morris,morrima02,33.0,BRK,PF,27,1.0,285.0,33,82,0.402,20.0,49.0,0.408,13.0,33.0,0.394,0.524,10,10,1.0,13.0,46.0,59.0,25,8.0,5.0,14.0,33.0,96,0.0
2023,Markieff Morris,morrima02,33.0,DAL,PF,8,1.0,70.0,14,33,0.424,8.0,22.0,0.364,6.0,11.0,0.545,0.545,0,0,,0.0,12.0,12.0,6,1.0,0.0,4.0,15.0,36,0.0
2023,Marcus Morris,morrima03,33.0,LAC,PF,65,65.0,1825.0,274,643,0.426,112.0,308.0,0.364,162.0,335.0,0.484,0.513,68,87,0.782,29.0,229.0,258.0,114,42.0,21.0,56.0,136.0,728,0.0
2023,Monte Morris,morrimo01,27.0,WAS,PG,62,61.0,1695.0,247,515,0.48,78.0,204.0,0.382,169.0,311.0,0.543,0.555,64,77,0.831,26.0,184.0,210.0,326,43.0,13.0,60.0,75.0,636,0.0
2023,Trey Murphy III,murphtr02,22.0,NOP,SF,79,65.0,2448.0,387,800,0.484,202.0,497.0,0.406,185.0,303.0,0.611,0.61,172,190,0.905,59.0,222.0,281.0,112,89.0,43.0,61.0,155.0,1148,0.0
2023,Dejounte Murray,murrade01,26.0,ATL,SG,74,74.0,2693.0,612,1319,0.464,133.0,387.0,0.344,479.0,932.0,0.514,0.514,158,190,0.832,53.0,336.0,389.0,448,112.0,19.0,160.0,106.0,1515,1.0
2023,Jamal Murray,murraja01,25.0,DEN,PG,65,65.0,2133.0,473,1041,0.454,172.0,432.0,0.398,301.0,609.0,0.494,0.537,180,216,0.833,48.0,209.0,257.0,400,66.0,16.0,145.0,103.0,1298,1.0
2023,Keegan Murray,murrake02,22.0,SAC,SF,80,78.0,2382.0,354,782,0.453,206.0,501.0,0.411,148.0,281.0,0.527,0.584,62,81,0.765,89.0,282.0,371.0,98,61.0,42.0,60.0,162.0,976,0.0
2023,Mike Muscala,muscami01,31.0,OKC,C,43,5.0,622.0,89,203,0.438,56.0,142.0,0.394,33.0,61.0,0.541,0.576,31,39,0.795,23.0,112.0,135.0,38,11.0,19.0,14.0,70.0,265,0.0
2023,Mike Muscala,muscami01,31.0,BOS,C,20,4.0,323.0,42,89,0.472,25.0,65.0,0.385,17.0,24.0,0.708,0.612,9,13,0.692,14.0,54.0,68.0,12,4.0,5.0,9.0,28.0,118,0.0
2023,Svi Mykhailiuk,mykhasv01,25.0,NYK,SF,13,0.0,40.0,6,12,0.5,6.0,10.0,0.6,0.0,2.0,0.0,0.75,3,5,0.6,0.0,7.0,7.0,1,1.0,0.0,2.0,1.0,21,0.0
2023,Svi Mykhailiuk,mykhasv01,25.0,CHO,SF,19,8.0,428.0,71,161,0.441,36.0,89.0,0.404,35.0,72.0,0.486,0.553,23,34,0.676,15.0,31.0,46.0,52,14.0,4.0,22.0,22.0,201,0.0
2023,Larry Nance Jr.,nancela02,30.0,NOP,C,65,1.0,1381.0,186,305,0.61,14.0,42.0,0.333,172.0,263.0,0.654,0.633,55,79,0.696,106.0,248.0,354.0,119,56.0,37.0,42.0,133.0,441,0.0
2023,Andrew Nembhard,nembhan01,23.0,IND,SG,75,63.0,2073.0,284,644,0.441,92.0,263.0,0.35,192.0,381.0,0.504,0.512,49,62,0.79,35.0,164.0,199.0,341,70.0,13.0,126.0,179.0,709,0.0
2023,Aaron Nesmith,nesmiaa01,23.0,IND,SF,73,60.0,1816.0,252,590,0.427,115.0,314.0,0.366,137.0,276.0,0.496,0.525,119,142,0.838,62.0,215.0,277.0,98,55.0,34.0,75.0,235.0,738,0.0
2023,Raul Neto,netora01,30.0,CLE,PG,48,1.0,505.0,57,110,0.518,12.0,42.0,0.286,45.0,68.0,0.662,0.573,31,34,0.912,10.0,36.0,46.0,79,17.0,4.0,24.0,49.0,157,0.0
2023,Georges Niang,niangge01,29.0,PHI,PF,78,1.0,1512.0,222,502,0.442,154.0,384.0,0.401,68.0,118.0,0.576,0.596,39,45,0.867,19.0,166.0,185.0,77,30.0,14.0,54.0,145.0,637,0.0
2023,Daishen Nix,nixda01,20.0,HOU,PG,57,7.0,914.0,81,237,0.342,40.0,140.0,0.286,41.0,97.0,0.423,0.426,24,36,0.667,18.0,80.0,98.0,132,31.0,7.0,86.0,59.0,226,0.0
2023,Zeke Nnaji,nnajize01,22.0,DEN,PF,53,5.0,728.0,110,196,0.561,17.0,65.0,0.262,93.0,131.0,0.71,0.605,40,62,0.645,65.0,73.0,138.0,18,17.0,23.0,31.0,105.0,277,0.0
2023,Nerlens Noel,noelne01,28.0,DET,C,14,3.0,152.0,12,30,0.4,1.0,2.0,0.5,11.0,28.0,0.393,0.417,7,10,0.7,7.0,30.0,37.0,7,13.0,9.0,8.0,25.0,32,0.0
2023,Nerlens Noel,noelne01,28.0,BRK,C,3,1.0,43.0,1,6,0.167,0.0,0.0,,1.0,6.0,0.167,0.167,1,2,0.5,3.0,6.0,9.0,3,3.0,1.0,5.0,7.0,3,0.0
2023,Jaylen Nowell,nowelja01,23.0,MIN,SG,65,2.0,1252.0,280,625,0.448,67.0,232.0,0.289,213.0,393.0,0.542,0.502,77,99,0.778,36.0,134.0,170.0,132,42.0,5.0,65.0,101.0,704,0.0
2023,Frank Ntilikina,ntilila01,24.0,DAL,SG,47,5.0,607.0,48,132,0.364,17.0,67.0,0.254,31.0,65.0,0.477,0.428,22,33,0.667,7.0,55.0,62.0,58,16.0,7.0,29.0,65.0,135,0.0
2023,Kendrick Nunn,nunnke01,27.0,LAL,SG,39,2.0,528.0,102,251,0.406,41.0,126.0,0.325,61.0,125.0,0.488,0.488,17,21,0.81,5.0,50.0,55.0,34,11.0,3.0,31.0,35.0,262,0.0
2023,Kendrick Nunn,nunnke01,27.0,WAS,SG,31,0.0,436.0,89,199,0.447,38.0,97.0,0.392,51.0,102.0,0.5,0.543,18,20,0.9,10.0,44.0,54.0,56,17.0,4.0,35.0,31.0,234,0.0
2023,Jusuf Nurkić,nurkiju01,28.0,POR,C,52,52.0,1391.0,262,505,0.519,43.0,119.0,0.361,219.0,386.0,0.567,0.561,127,192,0.661,114.0,357.0,471.0,149,43.0,44.0,119.0,185.0,694,0.0
2023,Jordan Nwora,nworajo01,24.0,MIL,SF,38,3.0,597.0,76,197,0.386,40.0,102.0,0.392,36.0,95.0,0.379,0.487,37,43,0.86,29.0,88.0,117.0,38,12.0,7.0,34.0,34.0,229,0.0
2023,Jordan Nwora,nworajo01,24.0,IND,SF,24,11.0,591.0,118,248,0.476,46.0,109.0,0.422,72.0,139.0,0.518,0.569,31,43,0.721,22.0,90.0,112.0,50,12.0,7.0,32.0,40.0,313,0.0
2023,Chuma Okeke,okekech01,24.0,ORL,SF,27,8.0,518.0,43,122,0.352,26.0,86.0,0.302,17.0,36.0,0.472,0.459,16,21,0.762,26.0,70.0,96.0,37,19.0,11.0,17.0,40.0,128,0.0
2023,Josh Okogie,okogijo01,24.0,PHO,SG,72,26.0,1350.0,162,414,0.391,66.0,197.0,0.335,96.0,217.0,0.442,0.471,139,192,0.724,109.0,142.0,251.0,105,56.0,34.0,63.0,114.0,529,0.0
2023,Onyeka Okongwu,okongon01,22.0,ATL,C,80,18.0,1849.0,317,497,0.638,4.0,13.0,0.308,313.0,484.0,0.647,0.642,153,196,0.781,217.0,359.0,576.0,81,56.0,107.0,81.0,251.0,791,0.0
2023,Isaac Okoro,okorois01,22.0,CLE,SF,76,46.0,1652.0,175,354,0.494,62.0,171.0,0.363,113.0,183.0,0.617,0.582,78,103,0.757,52.0,135.0,187.0,87,56.0,30.0,42.0,158.0,490,0.0
2023,KZ Okpala,okpalkz01,23.0,SAC,PF,35,3.0,248.0,16,38,0.421,7.0,21.0,0.333,9.0,17.0,0.529,0.513,7,8,0.875,7.0,27.0,34.0,13,7.0,7.0,7.0,39.0,46,0.0
2023,Victor Oladipo,oladivi01,30.0,MIA,SG,42,2.0,1106.0,160,403,0.397,70.0,212.0,0.33,90.0,191.0,0.471,0.484,59,79,0.747,16.0,112.0,128.0,146,57.0,12.0,87.0,99.0,449,0.0
2023,Kelly Olynyk,olynyke01,31.0,UTA,C,68,68.0,1942.0,278,557,0.499,93.0,236.0,0.394,185.0,321.0,0.576,0.583,198,232,0.853,82.0,338.0,420.0,252,60.0,37.0,168.0,232.0,847,0.0
2023,Eugene Omoruyi,omorueu01,25.0,OKC,SF,23,2.0,272.0,44,94,0.468,8.0,31.0,0.258,36.0,63.0,0.571,0.511,17,28,0.607,22.0,30.0,52.0,11,14.0,0.0,16.0,46.0,113,0.0
2023,Eugene Omoruyi,omorueu01,25.0,DET,SF,17,4.0,373.0,57,134,0.425,17.0,58.0,0.293,40.0,76.0,0.526,0.489,34,47,0.723,21.0,38.0,59.0,17,14.0,3.0,18.0,45.0,165,0.0
2023,Royce O'Neale,onealro01,29.0,BRK,SF,76,53.0,2409.0,229,593,0.386,163.0,419.0,0.389,66.0,174.0,0.379,0.524,50,69,0.725,55.0,329.0,384.0,283,65.0,49.0,114.0,239.0,671,1.0
2023,Cedi Osman,osmande01,27.0,CLE,SF,77,2.0,1548.0,239,530,0.451,116.0,312.0,0.372,123.0,218.0,0.564,0.56,75,108,0.694,25.0,151.0,176.0,115,35.0,11.0,52.0,122.0,669,0.0
2023,Kelly Oubre Jr.,oubreke01,27.0,CHO,SF,48,40.0,1548.0,353,819,0.431,108.0,339.0,0.319,245.0,480.0,0.51,0.497,158,208,0.76,65.0,184.0,249.0,54,68.0,18.0,64.0,141.0,972,0.0
2023,Chris Paul,paulch01,37.0,PHO,PG,59,59.0,1889.0,294,668,0.44,98.0,261.0,0.375,196.0,407.0,0.482,0.513,133,160,0.831,27.0,224.0,251.0,524,91.0,22.0,114.0,126.0,819,0.0
2023,Cameron Payne,payneca01,28.0,PHO,PG,48,15.0,968.0,188,453,0.415,68.0,185.0,0.368,120.0,268.0,0.448,0.49,49,64,0.766,12.0,94.0,106.0,214,33.0,8.0,81.0,88.0,493,0.0
2023,Gary Payton II,paytoga02,30.0,POR,SG,15,1.0,255.0,24,41,0.585,9.0,17.0,0.529,15.0,24.0,0.625,0.695,4,4,1.0,10.0,29.0,39.0,22,16.0,1.0,12.0,29.0,61,0.0
2023,Gary Payton II,paytoga02,30.0,GSW,SG,7,0.0,112.0,17,28,0.607,4.0,9.0,0.444,13.0,19.0,0.684,0.679,2,3,0.667,14.0,16.0,30.0,8,6.0,4.0,4.0,14.0,40,0.0
2023,Theo Pinson,pinsoth01,27.0,DAL,SG,40,1.0,323.0,31,87,0.356,22.0,62.0,0.355,9.0,25.0,0.36,0.483,11,13,0.846,10.0,53.0,63.0,46,6.0,1.0,12.0,34.0,95,1.0
2023,Scotty Pippen Jr.,pippesc02,22.0,LAL,PG,6,0.0,32.0,4,12,0.333,1.0,3.0,0.333,3.0,9.0,0.333,0.375,5,9,0.556,2.0,2.0,4.0,2,2.0,1.0,2.0,3.0,14,0.0
2023,Mason Plumlee,plumlma01,32.0,CHO,C,56,56.0,1597.0,265,396,0.669,0.0,0.0,,265.0,396.0,0.669,0.669,155,256,0.605,187.0,354.0,541.0,205,35.0,35.0,87.0,161.0,685,0.0
2023,Mason Plumlee,plumlma01,32.0,LAC,C,23,4.0,457.0,64,88,0.727,0.0,0.0,,64.0,88.0,0.727,0.727,44,57,0.772,42.0,117.0,159.0,40,11.0,12.0,30.0,56.0,172,0.0
2023,Jakob Poeltl,poeltja01,27.0,SAS,C,46,46.0,1199.0,239,388,0.616,0.0,1.0,0.0,239.0,387.0,0.618,0.616,78,129,0.605,152.0,264.0,416.0,141,36.0,52.0,96.0,118.0,556,0.0
2023,Jakob Poeltl,poeltja01,27.0,TOR,C,26,25.0,707.0,150,230,0.652,0.0,0.0,,150.0,230.0,0.652,0.652,41,72,0.569,84.0,153.0,237.0,56,30.0,34.0,29.0,77.0,341,0.0
2023,Aleksej Pokusevski,pokusal01,21.0,OKC,PF,34,25.0,701.0,108,249,0.434,38.0,104.0,0.365,70.0,145.0,0.483,0.51,22,35,0.629,45.0,114.0,159.0,64,20.0,43.0,43.0,58.0,276,0.0
2023,Jordan Poole,poolejo01,23.0,GSW,PG,82,43.0,2458.0,550,1278,0.43,214.0,637.0,0.336,336.0,641.0,0.524,0.514,361,415,0.87,32.0,193.0,225.0,369,63.0,21.0,252.0,214.0,1675,0.0
2023,Kevin Porter Jr.,porteke02,22.0,HOU,PG,59,59.0,2024.0,391,884,0.442,141.0,385.0,0.366,250.0,499.0,0.501,0.522,207,264,0.784,76.0,238.0,314.0,338,82.0,17.0,188.0,156.0,1130,1.0
2023,Michael Porter Jr.,portemi01,24.0,DEN,SF,62,62.0,1798.0,398,817,0.487,188.0,454.0,0.414,210.0,363.0,0.579,0.602,96,120,0.8,64.0,277.0,341.0,65,37.0,29.0,68.0,119.0,1080,0.0
2023,Otto Porter Jr.,porteot01,29.0,TOR,SF,8,2.0,146.0,15,30,0.5,6.0,17.0,0.353,9.0,13.0,0.692,0.6,8,8,1.0,6.0,13.0,19.0,8,11.0,0.0,4.0,7.0,44,0.0
2023,Bobby Portis,portibo01,27.0,MIL,PF,70,22.0,1818.0,398,803,0.496,95.0,257.0,0.37,303.0,546.0,0.555,0.555,96,125,0.768,154.0,518.0,672.0,105,29.0,16.0,81.0,115.0,987,0.0
2023,Kristaps Porziņģis,porzikr01,27.0,WAS,C,65,65.0,2120.0,507,1018,0.498,137.0,356.0,0.385,370.0,662.0,0.559,0.565,354,416,0.851,114.0,432.0,546.0,174,58.0,100.0,137.0,196.0,1505,0.0
2023,Micah Potter,pottemi01,24.0,UTA,PF,7,0.0,52.0,10,15,0.667,4.0,7.0,0.571,6.0,8.0,0.75,0.8,0,0,,3.0,13.0,16.0,4,1.0,0.0,2.0,5.0,24,0.0
2023,Dwight Powell,poweldw01,31.0,DAL,C,76,64.0,1458.0,197,269,0.732,0.0,5.0,0.0,197.0,264.0,0.746,0.732,112,168,0.667,149.0,165.0,314.0,69,48.0,26.0,65.0,209.0,506,0.0
2023,Norman Powell,powelno01,29.0,LAC,SG,60,8.0,1567.0,340,710,0.479,114.0,287.0,0.397,226.0,423.0,0.534,0.559,225,277,0.812,24.0,151.0,175.0,109,50.0,18.0,101.0,125.0,1019,0.0
2023,Jason Preston,prestja01,23.0,LAC,PG,14,0.0,124.0,18,41,0.439,5.0,18.0,0.278,13.0,23.0,0.565,0.5,0,2,0.0,2.0,20.0,22.0,27,2.0,0.0,10.0,7.0,41,0.0
2023,Joshua Primo,primojo01,20.0,SAS,SG,4,0.0,93.0,9,26,0.346,3.0,12.0,0.25,6.0,14.0,0.429,0.404,7,9,0.778,2.0,11.0,13.0,18,1.0,2.0,11.0,8.0,28,0.0
2023,Taurean Prince,princta02,28.0,MIN,PF,54,4.0,1192.0,177,379,0.467,74.0,194.0,0.381,103.0,185.0,0.557,0.565,65,77,0.844,15.0,117.0,132.0,84,28.0,15.0,69.0,123.0,493,0.0
2023,Payton Pritchard,pritcpa01,25.0,BOS,PG,48,3.0,643.0,101,245,0.412,56.0,154.0,0.364,45.0,91.0,0.495,0.527,12,16,0.75,25.0,63.0,88.0,64,14.0,1.0,40.0,37.0,270,1.0
2023,Trevelin Queen,queentr01,25.0,IND,SG,7,0.0,70.0,7,29,0.241,2.0,15.0,0.133,5.0,14.0,0.357,0.276,5,5,1.0,8.0,9.0,17.0,6,2.0,5.0,7.0,4.0,21,0.0
2023,Neemias Queta,quetane01,23.0,SAC,C,5,0.0,29.0,6,9,0.667,0.0,0.0,,6.0,9.0,0.667,0.667,0,2,0.0,5.0,6.0,11.0,1,0.0,2.0,1.0,7.0,12,0.0
2023,Immanuel Quickley,quickim01,23.0,NYK,SG,81,21.0,2344.0,419,936,0.448,168.0,454.0,0.37,251.0,482.0,0.521,0.537,203,248,0.819,58.0,279.0,337.0,279,80.0,14.0,100.0,166.0,1209,0.0
2023,Lester Quiñones,quinole01,22.0,GSW,SG,4,0.0,18.0,2,5,0.4,2.0,4.0,0.5,0.0,1.0,0.0,0.6,4,6,0.667,1.0,2.0,3.0,2,1.0,0.0,5.0,0.0,10,0.0
2023,Julius Randle,randlju01,28.0,NYK,PF,77,77.0,2737.0,658,1432,0.459,218.0,636.0,0.343,440.0,796.0,0.553,0.536,402,531,0.757,141.0,626.0,767.0,316,49.0,21.0,216.0,233.0,1936,0.0
2023,Austin Reaves,reaveau01,24.0,LAL,SG,64,22.0,1843.0,259,490,0.529,86.0,216.0,0.398,173.0,274.0,0.631,0.616,229,265,0.864,33.0,160.0,193.0,215,33.0,19.0,99.0,108.0,833,0.0
2023,Cam Reddish,reddica01,23.0,NYK,SF,20,8.0,438.0,61,136,0.449,17.0,56.0,0.304,44.0,80.0,0.55,0.511,29,33,0.879,7.0,24.0,31.0,20,15.0,8.0,15.0,32.0,168,0.0
2023,Cam Reddish,reddica01,23.0,POR,SF,20,12.0,552.0,78,176,0.443,28.0,88.0,0.318,50.0,88.0,0.568,0.523,35,42,0.833,11.0,46.0,57.0,37,24.0,6.0,32.0,40.0,219,0.0
2023,Davon Reed,reedda01,27.0,DEN,SG,35,1.0,315.0,25,80,0.313,16.0,44.0,0.364,9.0,36.0,0.25,0.413,15,20,0.75,9.0,46.0,55.0,19,13.0,4.0,20.0,36.0,81,0.0
2023,Davon Reed,reedda01,27.0,LAL,SG,8,0.0,27.0,3,4,0.75,1.0,2.0,0.5,2.0,2.0,1.0,0.875,1,4,0.25,1.0,3.0,4.0,4,2.0,0.0,0.0,3.0,8,0.0
2023,Paul Reed,reedpa01,23.0,PHI,C,69,2.0,755.0,124,209,0.593,1.0,6.0,0.167,123.0,203.0,0.606,0.596,38,51,0.745,112.0,150.0,262.0,27,46.0,51.0,45.0,123.0,287,0.0
2023,Naz Reid,reidna01,23.0,MIN,C,68,11.0,1251.0,310,577,0.537,75.0,217.0,0.346,235.0,360.0,0.653,0.602,86,127,0.677,73.0,260.0,333.0,77,42.0,53.0,92.0,176.0,781,0.0
2023,Jared Rhoden,rhodeja01,23.0,DET,SG,14,0.0,198.0,17,44,0.386,5.0,20.0,0.25,12.0,24.0,0.5,0.443,6,6,1.0,11.0,26.0,37.0,4,4.0,1.0,3.0,23.0,45,0.0
2023,Josh Richardson,richajo01,29.0,SAS,SG,42,6.0,997.0,177,406,0.436,74.0,207.0,0.357,103.0,199.0,0.518,0.527,53,60,0.883,30.0,89.0,119.0,137,40.0,11.0,63.0,70.0,481,0.0
2023,Josh Richardson,richajo01,29.0,NOP,SG,23,4.0,533.0,62,148,0.419,33.0,86.0,0.384,29.0,62.0,0.468,0.53,16,21,0.762,11.0,45.0,56.0,37,29.0,9.0,23.0,47.0,173,0.0
2023,Nick Richards,richani01,25.0,CHO,C,65,9.0,1217.0,197,313,0.629,1.0,1.0,1.0,196.0,312.0,0.628,0.631,137,183,0.749,147.0,269.0,416.0,38,11.0,71.0,59.0,154.0,532,0.0
2023,Austin Rivers,riverau01,30.0,MIN,SG,52,10.0,1016.0,91,209,0.435,43.0,123.0,0.35,48.0,86.0,0.558,0.538,30,39,0.769,5.0,78.0,83.0,75,28.0,4.0,23.0,80.0,255,0.0
2023,Duncan Robinson,robindu01,28.0,MIA,SF,42,1.0,691.0,88,237,0.371,63.0,192.0,0.328,25.0,45.0,0.556,0.504,29,32,0.906,8.0,61.0,69.0,46,14.0,0.0,28.0,77.0,268,0.0
2023,Jeremiah Robinson-Earl,robinje02,22.0,OKC,PF,43,20.0,814.0,110,248,0.444,37.0,111.0,0.333,73.0,137.0,0.533,0.518,35,42,0.833,71.0,109.0,180.0,43,24.0,11.0,19.0,71.0,292,0.0
2023,Mitchell Robinson,robinmi01,24.0,NYK,C,59,58.0,1591.0,188,280,0.671,0.0,0.0,,188.0,280.0,0.671,0.671,59,122,0.484,267.0,288.0,555.0,53,56.0,109.0,41.0,160.0,435,0.0
2023,Orlando Robinson,robinor01,22.0,MIA,C,31,1.0,425.0,47,89,0.528,0.0,6.0,0.0,47.0,83.0,0.566,0.528,22,31,0.71,48.0,78.0,126.0,25,12.0,12.0,16.0,53.0,116,0.0
2023,Isaiah Roby,robyis01,24.0,SAS,PF,42,2.0,474.0,67,155,0.432,18.0,60.0,0.3,49.0,95.0,0.516,0.49,20,41,0.488,21.0,86.0,107.0,38,18.0,7.0,31.0,53.0,172,0.0
2023,David Roddy,roddyda01,21.0,MEM,PF,70,4.0,1258.0,180,420,0.429,65.0,212.0,0.307,115.0,208.0,0.553,0.506,41,65,0.631,50.0,143.0,193.0,59,29.0,19.0,57.0,107.0,466,0.0
2023,Ryan Rollins,rolliry01,20.0,GSW,PG,12,0.0,62.0,7,20,0.35,3.0,9.0,0.333,4.0,11.0,0.364,0.425,6,6,1.0,3.0,9.0,12.0,6,1.0,1.0,16.0,10.0,23,0.0
2023,Derrick Rose,rosede01,34.0,NYK,PG,27,0.0,338.0,61,159,0.384,19.0,63.0,0.302,42.0,96.0,0.438,0.443,11,12,0.917,8.0,32.0,40.0,46,7.0,5.0,22.0,18.0,152,0.0
2023,Terrence Ross,rosste01,31.0,ORL,SG,42,9.0,944.0,129,299,0.431,61.0,160.0,0.381,68.0,139.0,0.489,0.533,15,20,0.75,10.0,75.0,85.0,54,25.0,8.0,37.0,53.0,334,0.0
2023,Terrence Ross,rosste01,31.0,PHO,SG,21,0.0,386.0,71,166,0.428,34.0,98.0,0.347,37.0,68.0,0.544,0.53,12,14,0.857,12.0,57.0,69.0,41,10.0,2.0,6.0,44.0,188,0.0
2023,Terry Rozier,roziete01,28.0,CHO,SG,63,63.0,2221.0,493,1188,0.415,165.0,505.0,0.327,328.0,683.0,0.48,0.484,178,220,0.809,51.0,208.0,259.0,319,74.0,16.0,134.0,119.0,1329,0.0
2023,Ricky Rubio,rubiori01,32.0,CLE,PG,33,2.0,566.0,61,178,0.343,21.0,82.0,0.256,40.0,96.0,0.417,0.402,28,35,0.8,9.0,61.0,70.0,115,26.0,6.0,31.0,51.0,171,0.0
2023,D'Angelo Russell,russeda01,26.0,MIN,PG,54,54.0,1778.0,338,727,0.465,148.0,379.0,0.391,190.0,348.0,0.546,0.567,143,167,0.856,28.0,137.0,165.0,334,60.0,21.0,147.0,117.0,967,0.0
2023,D'Angelo Russell,russeda01,26.0,LAL,PG,17,17.0,526.0,107,221,0.484,46.0,111.0,0.414,61.0,110.0,0.555,0.588,36,49,0.735,7.0,43.0,50.0,103,10.0,8.0,39.0,23.0,296,0.0
2023,Matt Ryan,ryanma01,25.0,LAL,SF,12,0.0,129.0,15,49,0.306,13.0,35.0,0.371,2.0,14.0,0.143,0.439,4,5,0.8,2.0,12.0,14.0,4,2.0,0.0,3.0,14.0,47,0.0
2023,Matt Ryan,ryanma01,25.0,MIN,SF,22,0.0,181.0,25,59,0.424,19.0,49.0,0.388,6.0,10.0,0.6,0.585,6,7,0.857,2.0,10.0,12.0,12,3.0,1.0,4.0,13.0,75,0.0
2023,Domantas Sabonis,sabondo01,26.0,SAC,C,79,79.0,2736.0,577,938,0.615,31.0,83.0,0.373,546.0,855.0,0.639,0.632,325,438,0.742,251.0,722.0,973.0,573,65.0,39.0,230.0,279.0,1510,14.0
2023,Luka Šamanić,samanlu01,23.0,UTA,PF,7,4.0,161.0,26,57,0.456,8.0,31.0,0.258,18.0,26.0,0.692,0.526,9,13,0.692,0.0,30.0,30.0,15,6.0,2.0,10.0,17.0,69,0.0
2023,Dario Šarić,saricda01,28.0,PHO,PF,37,12.0,533.0,76,178,0.427,27.0,69.0,0.391,49.0,109.0,0.45,0.503,36,44,0.818,39.0,103.0,142.0,57,13.0,5.0,36.0,69.0,215,0.0
2023,Dario Šarić,saricda01,28.0,OKC,C,20,0.0,273.0,51,99,0.515,18.0,46.0,0.391,33.0,53.0,0.623,0.606,27,32,0.844,14.0,51.0,65.0,17,7.0,2.0,19.0,30.0,147,0.0
2023,Olivier Sarr,sarrol01,23.0,OKC,C,9,1.0,114.0,15,30,0.5,1.0,8.0,0.125,14.0,22.0,0.636,0.517,5,7,0.714,12.0,19.0,31.0,4,1.0,5.0,4.0,17.0,36,0.0
2023,Jordan Schakel,schakjo01,24.0,WAS,SF,2,0.0,6.0,1,2,0.5,1.0,1.0,1.0,0.0,1.0,0.0,0.75,0,0,,0.0,0.0,0.0,1,1.0,0.0,0.0,1.0,3,0.0
2023,Admiral Schofield,schofad01,25.0,ORL,PF,37,0.0,451.0,55,122,0.451,24.0,74.0,0.324,31.0,48.0,0.646,0.549,21,23,0.913,23.0,39.0,62.0,31,8.0,5.0,16.0,61.0,155,0.0
2023,Dennis Schröder,schrode01,29.0,LAL,PG,66,50.0,1986.0,270,650,0.415,74.0,225.0,0.329,196.0,425.0,0.461,0.472,216,252,0.857,21.0,144.0,165.0,298,50.0,10.0,112.0,145.0,830,0.0
2023,Jay Scrubb,scrubja01,22.0,ORL,SG,2,0.0,30.0,5,7,0.714,2.0,2.0,1.0,3.0,5.0,0.6,0.857,1,2,0.5,0.0,6.0,6.0,1,2.0,0.0,3.0,2.0,13,0.0
2023,Dereon Seabron,seabrde01,22.0,NOP,SG,5,0.0,12.0,2,5,0.4,0.0,0.0,,2.0,5.0,0.4,0.4,0,0,,1.0,0.0,1.0,0,0.0,0.0,0.0,1.0,4,0.0
2023,Alperen Şengün,sengual01,20.0,HOU,C,75,72.0,2171.0,442,799,0.553,19.0,57.0,0.333,423.0,742.0,0.57,0.565,206,288,0.715,242.0,436.0,678.0,291,70.0,70.0,193.0,258.0,1109,2.0
2023,Collin Sexton,sextoco01,24.0,UTA,PG,48,15.0,1145.0,237,468,0.506,48.0,122.0,0.393,189.0,346.0,0.546,0.558,163,199,0.819,37.0,68.0,105.0,138,27.0,6.0,85.0,112.0,685,0.0
2023,Landry Shamet,shamela01,25.0,PHO,SG,40,9.0,807.0,113,300,0.377,75.0,199.0,0.377,38.0,101.0,0.376,0.502,45,51,0.882,11.0,56.0,67.0,93,26.0,5.0,36.0,61.0,346,0.0
2023,Day'Ron Sharpe,sharpda01,21.0,BRK,C,48,3.0,552.0,93,171,0.544,6.0,11.0,0.545,87.0,160.0,0.544,0.561,35,55,0.636,99.0,101.0,200.0,37,15.0,32.0,42.0,89.0,227,0.0
2023,Shaedon Sharpe,sharpsh01,19.0,POR,SG,80,15.0,1779.0,306,648,0.472,102.0,283.0,0.36,204.0,365.0,0.559,0.551,75,105,0.714,63.0,173.0,236.0,94,38.0,24.0,83.0,136.0,789,0.0
2023,Pascal Siakam,siakapa01,28.0,TOR,PF,71,71.0,2652.0,630,1313,0.48,93.0,287.0,0.324,537.0,1026.0,0.523,0.515,367,474,0.774,131.0,425.0,556.0,415,65.0,36.0,169.0,228.0,1720,2.0
2023,Chris Silva,silvach01,26.0,DAL,PF,1,0.0,3.0,1,1,1.0,0.0,0.0,,1.0,1.0,1.0,1.0,0,0,,0.0,0.0,0.0,0,0.0,0.0,1.0,2.0,2,0.0
2023,Ben Simmons,simmobe01,26.0,BRK,PG,42,33.0,1105.0,133,235,0.566,0.0,2.0,0.0,133.0,233.0,0.571,0.566,25,57,0.439,40.0,223.0,263.0,256,54.0,24.0,97.0,139.0,291,1.0
2023,Kobi Simmons,simmoko01,25.0,CHO,SG,5,0.0,28.0,1,6,0.167,1.0,5.0,0.2,0.0,1.0,0.0,0.25,2,2,1.0,1.0,3.0,4.0,5,0.0,2.0,1.0,0.0,5,0.0
2023,Anfernee Simons,simonan01,23.0,POR,SG,62,62.0,2171.0,467,1045,0.447,212.0,562.0,0.377,255.0,483.0,0.528,0.548,160,179,0.894,18.0,143.0,161.0,253,42.0,14.0,128.0,142.0,1306,0.0
2023,Marko Simonovic,simonma01,23.0,CHI,C,7,0.0,20.0,2,7,0.286,1.0,4.0,0.25,1.0,3.0,0.333,0.357,1,2,0.5,1.0,1.0,2.0,0,0.0,0.0,0.0,5.0,6,0.0
2023,Jericho Sims,simsje01,24.0,NYK,C,52,16.0,812.0,83,107,0.776,0.0,1.0,0.0,83.0,106.0,0.783,0.776,12,16,0.75,99.0,143.0,242.0,25,15.0,28.0,27.0,96.0,178,0.0
2023,Marcus Smart,smartma01,28.0,BOS,PG,61,61.0,1957.0,250,602,0.415,115.0,342.0,0.336,135.0,260.0,0.519,0.511,88,118,0.746,46.0,145.0,191.0,382,93.0,23.0,143.0,172.0,703,0.0
2023,Dennis Smith Jr.,smithde03,25.0,CHO,PG,54,15.0,1390.0,186,452,0.412,24.0,111.0,0.216,162.0,341.0,0.475,0.438,78,106,0.736,27.0,140.0,167.0,261,75.0,25.0,82.0,122.0,474,0.0
2023,Dru Smith,smithdr01,25.0,MIA,SG,5,1.0,67.0,5,14,0.357,1.0,6.0,0.167,4.0,8.0,0.5,0.393,0,0,,1.0,8.0,9.0,5,4.0,3.0,1.0,10.0,11,0.0
2023,Dru Smith,smithdr01,25.0,BRK,SG,10,0.0,91.0,13,31,0.419,4.0,13.0,0.308,9.0,18.0,0.5,0.484,3,3,1.0,1.0,14.0,15.0,17,6.0,1.0,2.0,13.0,33,0.0
2023,Ish Smith,smithis01,34.0,DEN,PG,43,0.0,398.0,52,131,0.397,2.0,12.0,0.167,50.0,119.0,0.42,0.405,2,4,0.5,5.0,49.0,54.0,100,8.0,7.0,44.0,33.0,108,0.0
2023,Jalen Smith,smithja04,22.0,IND,C,68,31.0,1279.0,242,508,0.476,54.0,191.0,0.283,188.0,317.0,0.593,0.53,104,137,0.759,129.0,265.0,394.0,66,21.0,60.0,72.0,153.0,642,0.0
2023,Jabari Smith Jr.,smithja05,19.0,HOU,PF,79,79.0,2451.0,364,892,0.408,120.0,391.0,0.307,244.0,501.0,0.487,0.475,162,206,0.786,122.0,447.0,569.0,101,43.0,74.0,104.0,227.0,1010,0.0
2023,Xavier Sneed,sneedxa01,25.0,CHO,SF,4,0.0,48.0,5,10,0.5,3.0,6.0,0.5,2.0,4.0,0.5,0.65,4,4,1.0,0.0,5.0,5.0,5,0.0,1.0,3.0,7.0,17,0.0
2023,Jeremy Sochan,sochaje01,19.0,SAS,PF,56,53.0,1458.0,250,552,0.453,33.0,134.0,0.246,217.0,418.0,0.519,0.483,81,116,0.698,95.0,200.0,295.0,142,43.0,23.0,97.0,138.0,614,0.0
2023,Jaden Springer,sprinja01,20.0,PHI,SG,16,2.0,89.0,17,35,0.486,2.0,5.0,0.4,15.0,30.0,0.5,0.514,6,8,0.75,6.0,8.0,14.0,8,7.0,3.0,3.0,15.0,42,0.0
2023,Lamar Stevens,stevela01,25.0,CLE,SF,62,25.0,1120.0,129,288,0.448,30.0,95.0,0.316,99.0,193.0,0.513,0.5,40,57,0.702,48.0,159.0,207.0,33,27.0,19.0,27.0,79.0,328,0.0
2023,Isaiah Stewart,stewais01,21.0,DET,C,50,47.0,1414.0,195,441,0.442,67.0,205.0,0.327,128.0,236.0,0.542,0.518,110,149,0.738,115.0,288.0,403.0,70,20.0,34.0,68.0,133.0,567,0.0
2023,Max Strus,strusma01,26.0,MIA,SF,80,33.0,2272.0,324,790,0.41,197.0,563.0,0.35,127.0,227.0,0.559,0.535,78,89,0.876,49.0,209.0,258.0,171,42.0,12.0,70.0,166.0,923,0.0
2023,Jalen Suggs,suggsja01,21.0,ORL,SG,53,19.0,1246.0,186,444,0.419,66.0,202.0,0.327,120.0,242.0,0.496,0.493,86,119,0.723,55.0,106.0,161.0,155,67.0,27.0,94.0,120.0,524,0.0
2023,Edmond Sumner,sumneed01,27.0,BRK,SG,53,12.0,736.0,124,269,0.461,31.0,87.0,0.356,93.0,182.0,0.511,0.519,99,108,0.917,13.0,66.0,79.0,68,31.0,10.0,50.0,83.0,378,0.0
2023,Cole Swider,swideco01,23.0,LAL,SF,7,0.0,41.0,3,9,0.333,3.0,8.0,0.375,0.0,1.0,0.0,0.5,0,0,,1.0,6.0,7.0,4,0.0,0.0,0.0,3.0,9,0.0
2023,Jae'Sean Tate,tateja01,27.0,HOU,SF,31,7.0,677.0,110,229,0.48,13.0,46.0,0.283,97.0,183.0,0.53,0.509,50,69,0.725,41.0,77.0,118.0,84,21.0,7.0,47.0,106.0,283,0.0
2023,Jayson Tatum,tatumja01,24.0,BOS,SF,74,74.0,2732.0,727,1559,0.466,240.0,686.0,0.35,487.0,873.0,0.558,0.543,531,622,0.854,78.0,571.0,649.0,342,78.0,51.0,213.0,160.0,2225,1.0
2023,Terry Taylor,taylote01,23.0,IND,PF,26,2.0,228.0,30,65,0.462,4.0,18.0,0.222,26.0,47.0,0.553,0.492,5,7,0.714,22.0,17.0,39.0,10,3.0,5.0,9.0,24.0,69,0.0
2023,Terry Taylor,taylote01,23.0,CHI,PF,5,0.0,36.0,9,10,0.9,1.0,1.0,1.0,8.0,9.0,0.889,0.95,1,4,0.25,5.0,3.0,8.0,0,0.0,1.0,0.0,2.0,20,0.0
2023,Garrett Temple,templga01,36.0,NOP,SG,25,0.0,162.0,18,45,0.4,11.0,26.0,0.423,7.0,19.0,0.368,0.522,3,4,0.75,5.0,12.0,17.0,13,9.0,2.0,4.0,15.0,50,0.0
2023,Dalen Terry,terryda01,20.0,CHI,SG,38,0.0,214.0,32,72,0.444,7.0,27.0,0.259,25.0,45.0,0.556,0.493,14,21,0.667,12.0,25.0,37.0,22,11.0,5.0,8.0,24.0,85,0.0
2023,Daniel Theis,theisda01,30.0,IND,C,7,1.0,109.0,21,44,0.477,2.0,11.0,0.182,19.0,33.0,0.576,0.5,5,12,0.417,7.0,15.0,22.0,9,2.0,6.0,3.0,7.0,49,0.0
2023,Cam Thomas,thomaca02,21.0,BRK,SG,57,4.0,948.0,201,456,0.441,51.0,133.0,0.383,150.0,323.0,0.464,0.497,151,174,0.868,8.0,87.0,95.0,78,20.0,7.0,63.0,55.0,604,0.0
2023,Klay Thompson,thompkl01,32.0,GSW,SF,69,69.0,2279.0,546,1252,0.436,301.0,731.0,0.412,245.0,521.0,0.47,0.556,116,132,0.879,39.0,247.0,286.0,163,49.0,29.0,123.0,130.0,1509,0.0
2023,JT Thor,thorjt01,20.0,CHO,PF,69,8.0,969.0,95,238,0.399,39.0,123.0,0.317,56.0,115.0,0.487,0.481,33,47,0.702,36.0,116.0,152.0,36,22.0,23.0,44.0,66.0,262,0.0
2023,Matisse Thybulle,thybuma01,25.0,PHI,SF,49,6.0,591.0,50,116,0.431,21.0,63.0,0.333,29.0,53.0,0.547,0.522,9,12,0.75,20.0,43.0,63.0,23,45.0,14.0,8.0,65.0,130,0.0
2023,Matisse Thybulle,thybuma01,25.0,POR,SG,22,22.0,609.0,60,137,0.438,33.0,85.0,0.388,27.0,52.0,0.519,0.558,10,16,0.625,20.0,57.0,77.0,30,38.0,18.0,16.0,48.0,163,0.0
2023,Xavier Tillman Sr.,tillmxa01,24.0,MEM,C,61,29.0,1180.0,188,306,0.614,4.0,15.0,0.267,184.0,291.0,0.632,0.621,49,89,0.551,121.0,186.0,307.0,96,58.0,29.0,44.0,97.0,429,0.0
2023,Isaiah Todd,toddis01,21.0,WAS,PF,6,1.0,61.0,3,19,0.158,1.0,10.0,0.1,2.0,9.0,0.222,0.184,2,2,1.0,2.0,10.0,12.0,4,1.0,0.0,2.0,4.0,9,0.0
2023,Obi Toppin,toppiob01,24.0,NYK,PF,67,5.0,1050.0,187,419,0.446,85.0,247.0,0.344,102.0,172.0,0.593,0.548,38,47,0.809,29.0,158.0,187.0,66,23.0,12.0,38.0,68.0,497,0.0
2023,Juan Toscano-Anderson,toscaju01,29.0,LAL,SF,30,7.0,365.0,33,66,0.5,4.0,20.0,0.2,29.0,46.0,0.63,0.53,11,15,0.733,14.0,47.0,61.0,25,10.0,7.0,17.0,46.0,81,0.0
2023,Juan Toscano-Anderson,toscaju01,29.0,UTA,SF,22,2.0,335.0,31,77,0.403,4.0,23.0,0.174,27.0,54.0,0.5,0.429,8,9,0.889,14.0,49.0,63.0,40,6.0,3.0,17.0,34.0,74,0.0
2023,Karl-Anthony Towns,townska01,27.0,MIN,PF,29,29.0,957.0,212,428,0.495,60.0,164.0,0.366,152.0,264.0,0.576,0.565,118,135,0.874,48.0,188.0,236.0,140,20.0,17.0,86.0,111.0,602,0.0
2023,Gary Trent Jr.,trentga02,24.0,TOR,SG,66,44.0,2118.0,405,935,0.433,166.0,450.0,0.369,239.0,485.0,0.493,0.522,172,205,0.839,30.0,143.0,173.0,106,104.0,14.0,55.0,102.0,1148,0.0
2023,P.J. Tucker,tuckepj01,37.0,PHI,PF,75,75.0,1920.0,96,225,0.427,55.0,140.0,0.393,41.0,85.0,0.482,0.549,19,23,0.826,95.0,200.0,295.0,60,39.0,15.0,44.0,180.0,266,0.0
2023,Myles Turner,turnemy01,26.0,IND,C,62,62.0,1825.0,402,733,0.548,93.0,249.0,0.373,309.0,484.0,0.638,0.612,216,276,0.783,88.0,378.0,466.0,89,36.0,140.0,103.0,215.0,1113,0.0
2023,Stanley Umude,umudest01,23.0,DET,SG,1,0.0,2.0,0,1,0.0,0.0,1.0,0.0,0.0,0.0,,0.0,2,2,1.0,0.0,0.0,0.0,0,1.0,1.0,0.0,0.0,2,0.0
2023,Jonas Valančiūnas,valanjo01,30.0,NOP,C,79,79.0,1968.0,446,816,0.547,38.0,109.0,0.349,408.0,707.0,0.577,0.57,185,224,0.826,225.0,579.0,804.0,140,20.0,52.0,159.0,245.0,1115,0.0
2023,Jarred Vanderbilt,vandeja01,23.0,UTA,PF,52,41.0,1254.0,173,311,0.556,19.0,57.0,0.333,154.0,254.0,0.606,0.587,67,102,0.657,121.0,288.0,409.0,142,53.0,15.0,68.0,133.0,432,0.0
2023,Jarred Vanderbilt,vandeja01,23.0,LAL,PF,26,24.0,625.0,74,140,0.529,10.0,33.0,0.303,64.0,107.0,0.598,0.564,29,37,0.784,49.0,124.0,173.0,42,30.0,6.0,29.0,57.0,187,0.0
2023,Fred VanVleet,vanvlfr01,28.0,TOR,PG,69,69.0,2535.0,437,1112,0.393,207.0,606.0,0.342,230.0,506.0,0.455,0.486,254,283,0.898,30.0,250.0,280.0,495,123.0,38.0,140.0,193.0,1335,1.0
2023,Devin Vassell,vassede01,22.0,SAS,SG,38,32.0,1178.0,261,595,0.439,103.0,266.0,0.387,158.0,329.0,0.48,0.525,78,100,0.78,8.0,140.0,148.0,136,43.0,17.0,57.0,57.0,703,0.0
2023,Gabe Vincent,vincega01,26.0,MIA,PG,68,34.0,1759.0,228,567,0.402,117.0,350.0,0.334,111.0,217.0,0.512,0.505,68,78,0.872,27.0,118.0,145.0,167,62.0,5.0,92.0,154.0,641,0.0
2023,Noah Vonleh,vonleno01,27.0,BOS,C,23,1.0,171.0,11,24,0.458,1.0,4.0,0.25,10.0,20.0,0.5,0.479,2,2,1.0,18.0,30.0,48.0,7,2.0,8.0,11.0,35.0,25,0.0
2023,Nikola Vučević,vucevni01,32.0,CHI,C,82,82.0,2746.0,597,1148,0.52,121.0,347.0,0.349,476.0,801.0,0.594,0.573,132,158,0.835,159.0,744.0,903.0,265,60.0,57.0,139.0,179.0,1447,1.0
2023,Dean Wade,wadede01,26.0,CLE,PF,44,13.0,891.0,73,177,0.412,45.0,127.0,0.354,28.0,50.0,0.56,0.54,15,23,0.652,20.0,130.0,150.0,37,28.0,21.0,17.0,89.0,206,0.0
2023,Franz Wagner,wagnefr01,21.0,ORL,SF,80,80.0,2609.0,542,1118,0.485,130.0,360.0,0.361,412.0,758.0,0.544,0.543,271,322,0.842,70.0,259.0,329.0,283,77.0,17.0,167.0,183.0,1485,0.0
2023,Moritz Wagner,wagnemo01,25.0,ORL,C,57,18.0,1109.0,198,396,0.5,51.0,163.0,0.313,147.0,233.0,0.631,0.564,153,182,0.841,69.0,190.0,259.0,84,37.0,13.0,68.0,136.0,600,0.0
2023,Ish Wainright,wainris01,28.0,PHO,SF,60,2.0,915.0,84,227,0.37,57.0,173.0,0.329,27.0,54.0,0.5,0.496,26,31,0.839,45.0,94.0,139.0,53,38.0,22.0,22.0,117.0,251,0.0
2023,Jabari Walker,walkeja01,20.0,POR,SF,56,0.0,619.0,83,198,0.419,16.0,56.0,0.286,67.0,142.0,0.472,0.46,34,45,0.756,48.0,83.0,131.0,34,10.0,13.0,29.0,69.0,216,0.0
2023,Kemba Walker,walkeke02,32.0,DAL,PG,9,1.0,144.0,24,57,0.421,7.0,28.0,0.25,17.0,29.0,0.586,0.482,17,21,0.81,3.0,13.0,16.0,19,2.0,2.0,4.0,11.0,72,0.0
2023,Lonnie Walker IV,walkelo01,24.0,LAL,SG,56,32.0,1297.0,236,527,0.448,91.0,249.0,0.365,145.0,278.0,0.522,0.534,91,106,0.858,14.0,95.0,109.0,64,30.0,17.0,46.0,71.0,654,0.0
2023,John Wall,walljo01,32.0,LAC,PG,34,3.0,755.0,138,338,0.408,33.0,109.0,0.303,105.0,229.0,0.459,0.457,77,113,0.681,14.0,78.0,92.0,178,27.0,12.0,80.0,59.0,386,0.0
2023,T.J. Warren,warretj01,29.0,BRK,PF,26,0.0,490.0,102,200,0.51,16.0,48.0,0.333,86.0,152.0,0.566,0.55,27,33,0.818,13.0,59.0,72.0,29,15.0,7.0,17.0,45.0,247,0.0
2023,T.J. Warren,warretj01,29.0,PHO,SF,16,0.0,197.0,30,70,0.429,6.0,19.0,0.316,24.0,51.0,0.471,0.471,1,2,0.5,13.0,36.0,49.0,11,7.0,5.0,3.0,20.0,67,0.0
2023,Duane Washington Jr.,washidu02,22.0,PHO,SG,31,3.0,394.0,94,256,0.367,40.0,111.0,0.36,54.0,145.0,0.372,0.445,16,24,0.667,2.0,34.0,36.0,63,6.0,4.0,34.0,23.0,244,0.0
2023,P.J. Washington,washipj01,24.0,CHO,PF,73,73.0,2380.0,434,978,0.444,149.0,428.0,0.348,285.0,550.0,0.518,0.52,127,174,0.73,73.0,285.0,358.0,175,66.0,79.0,110.0,193.0,1144,0.0
2023,TyTy Washington Jr.,washity02,21.0,HOU,PG,31,2.0,433.0,58,160,0.363,19.0,80.0,0.238,39.0,80.0,0.488,0.422,10,18,0.556,2.0,43.0,45.0,47,15.0,2.0,14.0,29.0,145,0.0
2023,Yuta Watanabe,watanyu01,28.0,BRK,SF,58,1.0,928.0,114,232,0.491,60.0,135.0,0.444,54.0,97.0,0.557,0.621,34,47,0.723,30.0,111.0,141.0,48,25.0,17.0,22.0,80.0,322,0.0
2023,Lindy Waters III,waterli01,25.0,OKC,SG,41,0.0,531.0,70,178,0.393,58.0,162.0,0.358,12.0,16.0,0.75,0.556,16,20,0.8,16.0,59.0,75.0,28,14.0,11.0,10.0,42.0,214,0.0
2023,Trendon Watford,watfotr01,22.0,POR,PF,62,12.0,1182.0,181,323,0.56,25.0,64.0,0.391,156.0,259.0,0.602,0.599,72,100,0.72,42.0,196.0,238.0,130,32.0,12.0,71.0,118.0,459,0.0
2023,Peyton Watson,watsope01,20.0,DEN,SG,23,2.0,186.0,29,59,0.492,6.0,14.0,0.429,23.0,45.0,0.511,0.542,11,20,0.55,8.0,29.0,37.0,11,2.0,11.0,8.0,14.0,75,0.0
2023,Blake Wesley,weslebl01,19.0,SAS,SG,37,1.0,669.0,69,215,0.321,20.0,52.0,0.385,49.0,163.0,0.301,0.367,26,44,0.591,12.0,69.0,81.0,98,25.0,5.0,65.0,67.0,184,0.0
2023,Russell Westbrook,westbru01,34.0,LAL,PG,52,3.0,1491.0,304,729,0.417,63.0,213.0,0.296,241.0,516.0,0.467,0.46,156,238,0.655,59.0,262.0,321.0,391,53.0,23.0,184.0,121.0,827,4.0
2023,Russell Westbrook,westbru01,34.0,LAC,PG,21,21.0,635.0,128,262,0.489,26.0,73.0,0.356,102.0,189.0,0.54,0.538,50,76,0.658,30.0,72.0,102.0,160,23.0,10.0,71.0,41.0,332,0.0
2023,Coby White,whiteco01,22.0,CHI,SG,74,2.0,1730.0,263,594,0.443,128.0,344.0,0.372,135.0,250.0,0.54,0.551,61,70,0.871,16.0,196.0,212.0,204,54.0,6.0,74.0,122.0,715,0.0
2023,Derrick White,whitede01,28.0,BOS,SG,82,70.0,2319.0,350,758,0.462,149.0,391.0,0.381,201.0,367.0,0.548,0.56,168,192,0.875,52.0,241.0,293.0,321,54.0,76.0,95.0,177.0,1017,0.0
2023,Jack White,whiteja03,25.0,DEN,SF,17,0.0,66.0,8,19,0.421,3.0,9.0,0.333,5.0,10.0,0.5,0.5,2,3,0.667,6.0,11.0,17.0,4,3.0,2.0,2.0,9.0,21,0.0
2023,Joe Wieskamp,wieskjo01,23.0,TOR,SF,9,0.0,50.0,3,14,0.214,3.0,12.0,0.25,0.0,2.0,0.0,0.321,0,0,,0.0,4.0,4.0,3,0.0,0.0,1.0,3.0,9,0.0
2023,Aaron Wiggins,wiggiaa01,24.0,OKC,SG,70,14.0,1297.0,186,363,0.512,48.0,122.0,0.393,138.0,241.0,0.573,0.579,59,71,0.831,68.0,142.0,210.0,80,39.0,15.0,55.0,110.0,479,0.0
2023,Andrew Wiggins,wiggian01,27.0,GSW,SF,37,37.0,1190.0,250,529,0.473,89.0,225.0,0.396,161.0,304.0,0.53,0.557,44,72,0.611,61.0,125.0,186.0,85,45.0,28.0,48.0,107.0,633,0.0
2023,Lindell Wigginton,wiggili01,24.0,MIL,PG,7,1.0,87.0,18,37,0.486,6.0,18.0,0.333,12.0,19.0,0.632,0.568,8,9,0.889,0.0,7.0,7.0,14,0.0,2.0,12.0,7.0,50,0.0
2023,Alondes Williams,willial06,23.0,BRK,SG,1,0.0,5.0,0,0,,0.0,0.0,,0.0,0.0,,,0,0,,0.0,1.0,1.0,0,0.0,0.0,2.0,1.0,0,0.0
2023,Donovan Williams,willido02,21.0,ATL,SG,2,0.0,4.0,2,5,0.4,0.0,2.0,0.0,2.0,3.0,0.667,0.4,0,0,,0.0,2.0,2.0,0,0.0,0.0,0.0,0.0,4,0.0
2023,Grant Williams,willigr01,24.0,BOS,PF,79,23.0,2045.0,216,476,0.454,115.0,291.0,0.395,101.0,185.0,0.546,0.575,94,122,0.77,87.0,276.0,363.0,131,41.0,31.0,82.0,192.0,641,0.0
2023,Jalen Williams,willija06,21.0,OKC,SG,75,62.0,2276.0,414,794,0.521,73.0,205.0,0.356,341.0,589.0,0.579,0.567,155,191,0.812,84.0,253.0,337.0,248,103.0,35.0,123.0,191.0,1056,0.0
2023,Jaylin Williams,willija07,20.0,OKC,C,49,36.0,914.0,102,234,0.436,46.0,113.0,0.407,56.0,121.0,0.463,0.534,38,54,0.704,44.0,197.0,241.0,76,28.0,12.0,37.0,111.0,288,0.0
2023,Jeenathan Williams,willije02,23.0,POR,SG,5,4.0,127.0,24,39,0.615,3.0,8.0,0.375,21.0,31.0,0.677,0.654,2,3,0.667,10.0,5.0,15.0,10,3.0,2.0,4.0,13.0,53,0.0
2023,Kenrich Williams,willike04,28.0,OKC,PF,53,10.0,1206.0,179,346,0.517,50.0,134.0,0.373,129.0,212.0,0.608,0.59,17,39,0.436,97.0,164.0,261.0,105,45.0,14.0,32.0,112.0,425,0.0
2023,Mark Williams,willima07,21.0,CHO,C,43,17.0,828.0,160,251,0.637,0.0,0.0,,160.0,251.0,0.637,0.637,67,97,0.691,93.0,211.0,304.0,18,28.0,45.0,40.0,94.0,387,0.0
2023,Patrick Williams,willipa01,21.0,CHI,PF,82,65.0,2323.0,314,677,0.464,115.0,277.0,0.415,199.0,400.0,0.498,0.549,90,105,0.857,78.0,249.0,327.0,100,72.0,70.0,101.0,147.0,833,0.0
2023,Robert Williams,williro04,25.0,BOS,C,35,20.0,824.0,127,170,0.747,0.0,1.0,0.0,127.0,169.0,0.751,0.747,25,41,0.61,104.0,188.0,292.0,50,22.0,48.0,34.0,68.0,279,0.0
2023,Vince Williams Jr.,willivi01,22.0,MEM,SG,15,1.0,105.0,12,40,0.3,4.0,28.0,0.143,8.0,12.0,0.667,0.35,2,2,1.0,4.0,11.0,15.0,4,6.0,2.0,5.0,12.0,30,0.0
2023,Zion Williamson,willizi01,22.0,NOP,PF,29,29.0,956.0,285,469,0.608,7.0,19.0,0.368,278.0,450.0,0.618,0.615,177,248,0.714,58.0,144.0,202.0,133,32.0,16.0,99.0,65.0,754,0.0
2023,Ziaire Williams,willizi02,21.0,MEM,SF,37,4.0,561.0,84,196,0.429,25.0,97.0,0.258,59.0,99.0,0.596,0.492,17,22,0.773,16.0,63.0,79.0,35,14.0,6.0,37.0,58.0,210,0.0
2023,Dylan Windler,windldy01,26.0,CLE,SF,3,0.0,10.0,2,3,0.667,1.0,2.0,0.5,1.0,1.0,1.0,0.833,0,0,,0.0,0.0,0.0,1,1.0,0.0,1.0,0.0,5,0.0
2023,Justise Winslow,winslju01,26.0,POR,PF,29,11.0,776.0,81,198,0.409,14.0,45.0,0.311,67.0,153.0,0.438,0.444,20,28,0.714,49.0,96.0,145.0,98,30.0,11.0,43.0,89.0,196,0.0
2023,James Wiseman,wisemja01,21.0,GSW,C,21,0.0,262.0,59,94,0.628,1.0,2.0,0.5,58.0,92.0,0.63,0.633,26,38,0.684,18.0,55.0,73.0,14,3.0,7.0,14.0,39.0,145,0.0
2023,James Wiseman,wisemja01,21.0,DET,C,24,22.0,605.0,130,245,0.531,3.0,18.0,0.167,127.0,227.0,0.559,0.537,42,59,0.712,55.0,139.0,194.0,16,4.0,20.0,37.0,69.0,305,0.0
2023,Christian Wood,woodch01,27.0,DAL,C,67,17.0,1738.0,396,769,0.515,105.0,279.0,0.376,291.0,490.0,0.594,0.583,217,281,0.772,87.0,404.0,491.0,121,30.0,72.0,121.0,169.0,1114,0.0
2023,Delon Wright,wrighde01,30.0,WAS,PG,50,14.0,1221.0,138,291,0.474,41.0,119.0,0.345,97.0,172.0,0.564,0.545,52,60,0.867,58.0,122.0,180.0,194,92.0,17.0,44.0,59.0,369,0.0
2023,McKinley Wright IV,wrighmc01,24.0,DAL,PG,27,1.0,335.0,46,98,0.469,9.0,28.0,0.321,37.0,70.0,0.529,0.515,13,19,0.684,9.0,38.0,47.0,58,8.0,5.0,19.0,24.0,114,0.0
2023,Gabe York,yorkga01,29.0,IND,SG,3,0.0,56.0,8,21,0.381,6.0,18.0,0.333,2.0,3.0,0.667,0.524,2,2,1.0,0.0,6.0,6.0,5,2.0,0.0,0.0,5.0,24,0.0
2023,Thaddeus Young,youngth01,34.0,TOR,PF,54,9.0,795.0,108,198,0.545,6.0,34.0,0.176,102.0,164.0,0.622,0.561,18,26,0.692,71.0,95.0,166.0,75,54.0,5.0,42.0,88.0,240,0.0
2023,Trae Young,youngtr01,24.0,ATL,PG,73,73.0,2541.0,597,1390,0.429,154.0,460.0,0.335,443.0,930.0,0.476,0.485,566,639,0.886,56.0,161.0,217.0,741,80.0,9.0,300.0,104.0,1914,0.0
2023,Omer Yurtseven,yurtsom01,24.0,MIA,C,9,0.0,83.0,16,27,0.593,3.0,7.0,0.429,13.0,20.0,0.65,0.648,5,6,0.833,8.0,15.0,23.0,2,2.0,2.0,4.0,16.0,40,0.0
2023,Cody Zeller,zelleco01,30.0,MIA,C,15,2.0,217.0,37,59,0.627,0.0,2.0,0.0,37.0,57.0,0.649,0.627,24,35,0.686,25.0,39.0,64.0,10,3.0,4.0,14.0,33.0,98,0.0
2023,Ivica Zubac,zubaciv01,25.0,LAC,C,76,76.0,2170.0,326,514,0.634,0.0,2.0,0.0,326.0,512.0,0.637,0.634,166,238,0.697,236.0,520.0,756.0,77,29.0,98.0,117.0,219.0,818,0.0
