player_id,year,round,pick,team
aaronar01,1984,4,73,CLE
abdelal01,1990,1,25,POR
abdulka01,1969,1,1,MIL
abdulma01,1964,1,5,LAL
abdulma02,1990,1,3,DEN
abdulta01,1997,1,11,SAC
abdulza01,1968,1,5,CIN
abdursh01,1996,1,3,VAN
abernto01,1976,3,43,LAL
ablefo01,1956,3,21,SYR
abneyph01,1979,6,113,NYK
abrahri01,1969,10,128,PHO
abramwa01,1980,3,55,CLE
abrinal01,2013,2,32,OKC
abromji01,1979,5,95,NJN
acamuwa01,1957,6,42,DET
achiupr01,2020,1,20,MIA
ackeral01,2005,2,60,DET
ackerdo01,1953,2,11,NYK
ackerto01,1952,4,,MNL
acklege01,1991,2,29,MIA
acresje01,1985,7,140,IND
acresma01,1985,2,40,DAL
acyqu01,2012,2,37,TOR
adamsal01,1975,1,4,PHO
adamsbe01,1950,10,111,PHW
adamsbu01,1965,16,108,BAL
adamsda01,1973,11,172,CAP
adamsdo01,1970,8,120,SDR
adamsge01,1972,3,46,MIL
adamsha01,2006,2,54,NJN
adamsja03,1956,7,52,NYK
adamsje01,1986,5,106,POR
adamsjo01,2014,1,22,MEM
adamsll01,1972,12,170,BAL
adamslu01,1971,8,132,LAL
adamsmi01,1985,3,66,SAC
adamspa01,1970,12,188,POR
adamsri01,1978,4,86,SAS
adamsri02,1985,4,81,WSB
adamsst01,2013,1,12,OKC
adamssy01,1968,10,128,NYK
adamsty01,1982,3,53,CHI
adcocbi01,1950,8,92,FTW
addisra01,1986,2,39,PHO
adebaba01,2017,1,14,MIA
adelmri01,1968,7,79,SDR
adelmst01,1968,10,124,BAL
adkinje01,1985,7,149,CHI
adolpmo01,1972,16,193,POR
adolpte01,1981,4,80,GSW
adriabr01,1972,5,77,BOS
adubasc01,1987,7,143,SAC
afflaar01,2007,1,27,DET
agbajoc01,2022,1,14,CLE
agerma01,2006,1,28,DAL
agnewcl01,1976,9,154,WSB
agravdi01,2015,2,59,ATL
aguirma01,1981,1,1,DAL
ahearji01,1955,10,76,BOS
aingeda01,1981,2,31,BOS
aitchma01,1967,13,135,DET
ajincal01,2008,1,20,CHA
ajincme01,2024,2,51,NYK
akinhe01,1966,2,11,NYK
akyolce01,2005,2,59,ATL
alabiso01,2010,2,50,DAL
alamaal01,1961,7,63,LAL
alamobo01,1947,3,,PIT
alarima01,1986,1,18,DEN
alcorga01,1958,13,83,MNL
aldamsa01,2021,1,30,UTA
aldemfu01,2012,2,53,LAC
aldriar01,1978,6,125,WSB
aldrico01,2010,1,11,NOH
aldrila01,2006,1,2,CHI
aleksch01,1982,4,76,CHI
alemebo01,1947,6,,BOS
alexaco01,1995,1,29,SAS
alexaco02,2000,1,13,ORL
alexajo01,2008,1,8,MIL
alexani01,2019,1,17,BRK
alexavi01,1991,1,17,GSW
alexiwe01,1986,3,59,GSW
alforch01,1968,10,129,LAL
alforst01,1987,2,26,DAL
allenal01,1984,5,98,LAC
allenar01,1975,10,172,BUF
allenbi02,1983,6,125,DAL
allenbo01,1968,6,71,SFW
allenbo02,1972,14,183,KCO
allenbr01,1974,7,119,GSW
allenbu01,1958,6,45,PHW
allench01,1972,11,160,ATL
allencl01,1974,8,137,GSW
allengr01,2018,1,21,UTA
allenja01,2017,1,22,BRK
allenje01,1995,2,49,MIN
allenje03,1984,3,56,KCK
allenji01,1979,5,90,BOS
allenjo01,1967,5,47,LAL
allenjo02,1969,4,49,SDR
allenka01,2017,2,53,BOS
allenla01,2011,2,50,PHI
allenle01,1985,3,50,DAL
allenlu01,1969,1,3,SEA
allenra02,1996,1,5,MIN
allenra03,1974,4,58,PHO
allenri01,1979,4,87,SEA
allenro01,1967,9,92,BAL
allenso01,1950,5,57,INO
allento01,2004,1,25,BOS
allenwi01,1971,4,60,BAL
allerte01,1968,16,196,ATL
allisod01,1971,5,76,GSW
allocmi01,1973,6,99,CAP
allumda01,1980,5,103,DAL
almonge01,1985,6,130,NJN
almonmo01,2007,1,25,UTA
aloini01,1966,13,102,STL
alstode01,1994,2,33,PHI
alstoke01,1975,6,95,PHI
alstora01,1998,2,39,MIL
altendo01,1987,6,125,CHI
altenro01,1960,12,80,CIN
amaketo01,1987,3,55,SEA
amblebo01,1951,7,62,TRI
aminual01,2010,1,8,LAC
anchrno01,1982,4,75,NYK
anderan01,1967,8,88,BOS
anderbo01,1959,3,22,NYK
anderbo02,1950,6,64,TRI
anderbr01,1972,7,101,DET
anderca01,1961,9,80,LAL
anderca02,1972,8,128,CHI
andercl01,1967,4,35,LAL
anderco01,1950,10,115,INO
anderda01,1965,12,92,PHI
anderda02,1974,6,92,POR
anderda03,2002,2,37,ATL
anderde01,1997,1,13,CLE
anderdw01,1982,2,41,WSB
anderer02,1975,10,167,CLE
anderga01,1974,5,85,WSB
andergl01,1951,5,45,SYR
andergr01,1987,1,23,SAS
andergr02,1986,6,131,DAL
anderja01,2010,1,20,SAS
anderja03,1985,5,107,POR
anderje01,1975,3,53,BOS
anderjj01,1982,2,36,PHI
anderju01,2015,1,21,DAL
anderke01,1991,1,2,NJN
anderki01,1977,2,28,POR
anderkr01,1981,4,90,MIL
anderky01,2014,1,30,SAS
anderla02,1983,3,56,CLE
anderle01,1978,9,173,BOS
anderma01,1956,8,63,PHW
andermi01,1988,3,73,IND
andermi02,1986,7,148,SAS
anderna01,1970,7,109,CLE
anderni01,1989,1,11,ORL
anderpa01,1980,7,145,SDC
anderqu01,1985,6,137,MIL
anderri01,1982,2,32,SDC
anderro01,1984,2,27,CLE
anderry01,2008,1,21,NJN
andersh01,1996,2,54,UTA
anderto01,1978,10,196,MIL
anderto02,1982,7,151,NJN
anderwa01,1968,6,70,DET
anderwi01,1988,1,10,SAS
andrebi01,1975,6,104,CHI
andrebo01,1965,11,89,LAL
andrehe01,1981,5,107,POR
andreja01,1985,7,159,PHI
andreji01,1973,7,107,SEA
andrelo01,1983,5,106,KCK
andreti01,1983,5,98,CHI
andrima01,2005,2,44,ORL
androji01,1967,11,115,CHI
angervi01,1984,7,157,POR
anhauri01,1970,11,172,DET
anieldo01,1954,3,26,NYK
anigbik01,2017,2,47,IND
anslemi01,1989,2,37,ORL
anstech01,1997,1,18,POR
anstest01,1964,7,59,LAL
antetgi01,2013,1,15,MIL
antetko01,2018,2,60,PHI
antetth01,2014,2,51,NYK
anthoca01,2003,1,3,DEN
anthoco01,2020,1,15,ORL
anthogr01,1991,1,12,NYK
anthoro01,1978,5,97,CHI
anunoog01,2017,1,23,TOR
apkeri01,1978,3,58,WSB
appelch01,1962,3,24,CIN
applebr01,1984,4,88,POR
appleti01,1977,8,163,DET
arapofr01,1987,7,159,ATL
araujra01,2004,1,8,TOR
archiro01,2002,2,32,MEM
architi01,1970,2,19,CIN
ardji01,1970,1,6,SEA
ardonja01,1962,7,55,CHZ
arenagi01,2001,2,31,GSW
argenph01,1969,10,139,LAL
arizatr01,2004,2,43,NYK
arizipa01,1950,1,3,PHW
arkolo01,1950,7,84,SYR
arlaujo01,1987,4,74,SAC
armstbj01,1989,1,18,CHI
armstbo01,1955,6,42,ROC
armstbr01,2001,1,23,HOU
armsthi01,2006,1,12,NOK
armstta01,1977,1,13,CHI
arnelje01,1955,2,15,FTW
arnetja01,1960,2,9,CIN
arniero01,1981,6,131,POR
arnolcl01,1962,7,62,BOS
arnoldo01,1983,4,76,UTA
arnolke01,1982,5,96,DAL
arnolmi01,1984,9,192,GSW
arnolor01,1959,7,55,STL
arnolsh01,1983,9,193,DAL
arnzebo01,1969,8,103,DET
artesro01,1999,1,16,CHI
arthuda01,2008,1,27,NOH
arthujo01,1969,6,73,MIL
ashfoma01,1979,5,108,WSB
ashleca01,1970,9,146,PHO
ashmoji01,1957,4,32,BOS
asikom01,2008,2,36,POR
askewvi01,1987,2,39,PHI
athadi01,1953,3,,NYK
athasal01,1948,5,,ROC
atkinbr01,1982,4,91,PHI
atkindo01,1953,17,,MNL
atkinjo01,1985,4,85,POR
atkinpa01,1983,6,137,BOS
attleal01,1960,5,39,PHW
aubrell01,1956,4,27,MNL
augmost01,1991,1,9,ATL
augusdj01,2008,1,9,CHA
augusgo01,1978,6,111,NJN
augusja01,2006,2,41,ORL
austibo01,1982,7,158,MIL
austicl01,1980,2,44,PHI
austigo01,1983,8,184,PHI
austiis01,1991,2,48,UTA
austijo01,1966,4,38,BOS
austike01,1983,5,101,DET
austima01,2003,2,36,CHI
austito01,1973,19,210,BOS
avdijde01,2020,1,9,WAS
aventan01,1991,1,15,ATL
averibi01,1973,4,55,POR
averywi01,1999,1,14,MIN
awtrede01,1970,3,46,PHI
ayersra01,1978,3,53,CHI
aytonde01,2018,1,1,PHO
azaryjo01,1951,7,67,BOS
azubuud01,2020,1,27,UTA
baackto01,1968,10,126,DET
babbilu01,2010,1,16,MIN
babetha01,1955,6,41,STL
babicmi01,1990,2,50,PHO
bachjo01,1948,2,,BOS
bacondw01,2017,2,40,NOP
baconhe01,1972,6,93,GSW
badiama01,2003,2,44,HOU
baechji01,1952,1,2,BLB
bagarda01,2000,1,24,CHI
baggeve01,1959,12,81,MNL
baglebi01,1955,5,33,STL
bagleda01,1949,6,,NYK
baglejo01,1982,1,12,CLE
baglema01,2018,1,2,SAC
baietma01,1968,8,103,ATL
baileac01,2025,1,5,UTA
baileal01,1953,10,,SYR
baileam01,2023,2,41,CHO
bailebi01,1980,8,172,SAS
baileca01,1980,3,66,SEA
baileda01,1994,2,44,IND
bailede01,1984,10,215,DEN
bailegu01,1974,2,23,HOU
baileha01,1976,10,160,KCK
baileja01,1979,1,6,SEA
bailere01,1984,6,135,DET
bailete01,1987,2,42,ATL
baileth01,1983,1,7,UTA
baileto01,1998,2,45,LAL
bairsca01,2014,2,49,CHI
bakered01,1981,9,185,DET
bakerji01,1975,3,39,PHI
bakerla02,1971,15,217,CLE
bakerto01,1981,3,64,SAS
bakervi01,1993,1,8,MIL
baldwpa01,2022,1,28,GSW
baldwwa01,2016,1,17,MEM
balench01,1985,6,120,SAC
baleswi01,1953,11,,ROC
balkmre01,2006,1,20,NYK
balkust01,1978,7,137,BOS
ballagr01,1977,1,4,WSB
ballla01,2020,1,3,CHO
ballla02,1984,6,134,POR
balllo01,2017,1,2,LAL
ballod01,1979,6,122,DEN
ballte01,1962,8,65,STL
baltile01,1972,12,168,KCO
baltipe01,1961,9,79,DET
bambamo01,2018,1,6,ORL
banchpa01,2022,1,1,ORL
bancrme01,1969,8,107,CIN
banede01,2020,1,30,BOS
bankoka01,1981,6,116,DAL
banksan01,1986,5,112,HOU
banksbi01,1955,5,38,MNL
banksea01,1981,6,122,SEA
banksfr01,1987,2,24,DET
banksge01,1981,2,28,SAS
banksge02,1995,2,46,MIA
banksja01,1984,3,48,PHI
banksma01,2003,1,13,MEM
bankswa01,1970,9,153,NYK
bannike01,1984,7,156,NYK
bantoda01,2021,2,46,TOR
bantomi01,1973,1,8,PHO
bantuke01,1985,7,142,NYK
baracst01,2007,2,39,MIA
barbejo01,1956,7,51,MNL
barbeno01,1987,4,86,POR
barbesa01,1973,16,202,BOS
barbole01,2003,1,28,SAS
bardost01,1990,2,41,ATL
bargnan01,2006,1,1,TOR
barimde01,1983,7,151,NYK
barkecl01,1949,5,,WSC
barketo01,1976,4,53,ATL
barklch01,1984,1,5,PHI
barkler01,2000,1,28,POR
barloje01,1982,7,153,DEN
barloke01,1986,1,23,LAL
barnebo01,1951,4,37,BOS
barnebo02,1965,8,68,PHI
barnech01,1983,5,94,HOU
barnedi01,1959,1,5,SYR
barnedi02,1950,5,55,NYK
barnedu01,1976,6,91,GSW
barneha01,1968,4,37,SDR
barneha02,2012,1,7,GSW
barneji01,1964,1,1,NYK
barneji02,1966,1,8,BOS
barneke01,1966,16,109,BAL
barneke02,1968,6,67,CHI
barnema01,1974,1,2,PHI
barnema02,2002,2,46,MEM
barnena01,1975,7,119,HOU
barnero01,1980,8,173,HOU
barnesc01,2021,1,4,TOR
barnhbr01,2025,2,44,OKC
barnhjo01,1959,11,79,STL
barnhle01,1949,2,14,INJ
barnhno01,1976,8,134,SEA
barnsda01,1950,7,73,BOS
barreer01,1951,1,7,BOS
barrerj01,2019,1,3,NYK
barrmi01,1972,13,180,CHI
barroda01,1989,1,16,SEA
barroro01,1976,7,112,MIL
barrybr01,1995,1,15,DEN
barrydr01,1996,2,57,SEA
barryjo01,1992,1,21,BOS
barryjo02,1947,3,,PRO
barryri01,1965,1,4,SFW
bartefr01,1948,3,,WSC
bartest01,1984,5,101,GSW
barthbo01,1981,8,178,SAS
bartlfr01,1969,10,141,BAL
bartodi01,1969,13,176,ATL
bartovi01,1970,6,87,SFW
bartowi01,2012,2,40,POR
bassbr01,2005,2,33,NOH
bassech01,2021,2,53,PHI
basseti01,1973,7,106,BUF
bastoma01,1998,2,58,CHI
batesbi01,1978,3,47,HOU
batesem01,2023,2,49,CLE
batesjo01,1980,10,204,IND
bateske01,2018,2,48,MIN
batisje01,1987,3,49,NYK
battish01,2001,1,6,MEM
battito01,1997,1,5,DEN
battlan01,1985,3,70,BOS
battljo01,1985,4,84,ATL
battlke01,1989,1,27,DET
battlle01,1974,4,71,BOS
battlmi01,1973,12,181,CAP
battlro01,1973,10,164,MIL
battoda01,1978,3,62,NJN
battsbo01,1976,7,110,NYK
battsll01,1974,4,60,KCO
batumni01,2008,1,25,HOU
baumjo01,1968,15,187,LAL
bavcied01,2006,2,56,TOR
baxteda01,1978,3,61,SEA
baxtelo01,2002,2,44,CHI
baxtero01,1980,4,91,LAL
bayleje01,2008,1,11,IND
baylest01,1978,9,180,CLE
bayloel01,1956,14,91,MNL
bayneho01,1966,15,107,BAL
bazleda01,2019,1,23,UTA
beached01,1950,5,59,MNL
beachte01,1951,7,63,INO
bealal01,1980,3,63,MIL
bealbr01,2012,1,3,WAS
bealdi01,1984,4,81,ATL
beamobo01,1969,15,189,PHO
beardbu01,1969,1,10,ATL
beardcr01,1985,4,80,CHI
beardel01,1984,8,165,CLE
beardra01,1949,1,10,CHS
beaslch01,1967,7,74,CIN
beaslje01,2003,2,33,MIA
beasljo01,1966,5,45,BAL
beaslma01,2016,1,19,DEN
beaslmi01,2008,1,2,MIA
beattar01,1968,3,36,PHO
beatyze01,1962,1,3,STL
beaubro01,2009,1,25,OKC
beaucma01,2022,1,24,MIL
bechtje01,1960,15,92,NYK
becirsa01,2003,2,46,DEN
beckby01,1967,2,15,CHI
beckear01,1964,3,24,STL
becker01,1953,1,1,PHW
beckero01,1970,10,168,BAL
beckje01,1982,4,89,MIL
beckjo01,1955,8,61,NYK
beckmhu01,1963,7,59,CIN
beckst01,1987,4,76,PHO
bedelbo01,1966,10,90,PHI
bedfoda01,1987,4,87,MIL
bedfowi01,1986,1,6,PHO
beechbo01,1986,4,91,SAC
beechea01,1967,15,150,CIN
beesodo01,1970,14,207,SEA
begarju01,2021,2,45,BOS
behagro01,1973,1,7,KCO
behnkel01,1951,4,38,ROC
behnkgu01,1985,5,101,CLE
beinshu01,1953,6,,ROC
belchdo01,1955,8,63,FTW
belchea01,1981,4,87,SAS
belchjo01,1972,11,164,PHO
belinla01,1980,5,102,POR
belinma01,2007,1,18,GSW
bellawa01,1961,1,1,CHP
bellawa02,1963,4,33,STL
bellco01,1968,9,109,CHI
bellde01,1973,5,83,NYK
belliro01,1952,4,,NYK
belljo01,2017,2,38,CHI
bellme01,1970,11,183,BAL
belloje01,1975,10,170,SEA
bellro01,1978,6,123,CLE
bellte01,1996,2,50,HOU
bellti01,1984,10,213,GSW
belltr01,2003,1,16,BOS
belmojo01,1956,5,40,PHW
beloval01,1975,10,161,NOJ
beltoki01,1980,2,42,PHO
beltoro01,1970,11,171,SDR
belzca01,1959,9,64,PHW
bembrde01,2016,1,21,ATL
bemorir01,1953,3,,MLH
benbole01,1974,2,27,CHI
bendebo01,1979,6,119,SDC
bendedr01,2016,1,4,PHO
bendejo01,1999,1,5,TOR
benecpa01,1962,9,73,NYK
benedto01,1968,17,199,CHI
benespa01,1959,11,78,NYK
benfibo01,1967,6,60,NYK
benfoto01,1986,4,93,BOS
benjabe01,1985,1,3,LAC
benjaco01,1998,1,28,CHI
benjaru01,1971,5,75,HOU
benneal01,1948,4,,PRO
bennean01,2013,1,1,CLE
bennebo01,1966,13,101,NYK
bennebu01,1954,5,45,MNL
benneel01,1992,2,38,ATL
benneke01,1983,7,156,NJN
bennema01,1995,1,27,PHO
benneto01,1992,2,35,CHH
bennewi01,1988,3,64,CLE
benniro01,1955,3,24,FTW
bensoke01,1977,1,1,MIL
bensoke02,2011,2,48,ATL
bensona01,1950,8,95,MNL
bensoro01,1981,10,215,IND
bentibe01,2016,2,51,BOS
bentoed01,1962,8,68,CIN
bentote01,1972,6,84,DET
berbejo01,1961,5,48,STL
bercege01,1948,6,,NYK
bergecl01,1968,9,119,MIL
bergega01,1956,2,12,NYK
bergero01,1999,2,52,POR
berghla01,1969,11,146,CHI
bergiwi01,1956,11,81,SYR
bergmjo01,1970,7,104,SFW
bergre01,1948,5,,INJ
berinjo01,2025,1,17,MIN
bermaar01,1972,5,65,BUF
bernami01,1970,7,107,CIN
bernari01,1978,7,142,GSW
berrycu01,1981,3,58,KCK
berryle01,1980,7,147,CLE
berryri01,1988,1,18,SAC
berrysa01,1975,5,88,BUF
berrywa01,1986,1,14,POR
bertada01,2011,2,42,IND
bertrjo01,1954,10,82,MLH
berwala01,1984,5,115,LAL
besdime01,1954,8,69,SYR
beshega01,1953,12,,SYR
bessohu01,2022,2,58,IND
bestjo01,1993,2,36,NJN
besttr01,1995,1,23,IND
bethaja01,1982,6,130,PHO
betheto01,1983,6,127,ATL
bettsan01,1998,2,50,CHH
beuscmi01,1976,10,170,WSB
beverpa01,2009,2,42,LAL
beysa01,2020,1,19,BRK
beyty01,2020,2,36,PHI
bialowe01,1967,4,37,STL
biancal01,1954,2,18,MNL
biasaha01,1947,2,,BOS
biasle01,1986,1,2,BOS
bibbyhe01,1972,4,58,NYK
bibbymi01,1998,1,2,VAN
biberta01,2023,2,56,MEM
biedeed01,1967,9,96,STL
biedran01,2004,1,11,GSW
bielkdo01,1954,8,67,FTW
bigelbo01,1975,1,13,KCK
bilasja01,1986,5,108,DAL
bileswi01,1974,4,65,GSW
billili01,1974,4,72,MIL
billuch01,1997,1,3,BOS
billujo01,1977,5,109,DEN
binelau01,1986,2,40,ATL
bingda01,1966,1,2,DET
bingeda01,1986,4,75,GSW
binghji01,1953,4,,FTW
binioda01,1983,10,221,SEA
biniojo01,1984,3,57,SAS
birdca01,1976,5,86,GSW
birdja01,2017,2,56,BOS
birdje01,1956,3,19,MNL
birdla01,1978,1,6,BOS
birdre01,1972,4,55,ATL
birdsot01,1977,1,2,KCK
bisbaje01,1973,7,111,PHO
bishoch01,1970,6,90,CIN
bishora01,1947,6,,CHS
bishoth01,1952,5,,MNL
bissabo01,1971,16,229,CHI
bitadgo01,2019,1,18,IND
biyombi01,2011,1,7,SAC
bjeline01,2010,2,35,WAS
blabuw01,1985,1,17,DAL
blacede01,1968,16,192,BAL
blackan01,2023,1,6,ORL
blackco01,1984,2,28,SEA
blackde01,1984,9,202,POR
blackja03,1987,5,94,NJN
blackji01,1982,3,59,NJN
blackji02,1948,7,,BLB
blackke01,1983,9,201,NJN
blackna01,1987,2,27,SAS
blackro01,1981,1,9,DAL
blackst01,1985,3,67,PHI
blackto01,1964,9,74,BAL
bladefr01,1975,8,131,PHI
blainke01,1985,5,108,NJN
blairbi01,1964,14,99,STL
blaircu01,1992,2,53,HOU
blairde01,2009,2,37,SAS
blaired01,1958,7,51,DET
blairjo01,1981,6,132,NYK
blairjo02,1996,2,35,SEA
blakest01,2003,2,38,WAS
blaklke01,1980,5,108,KCK
blalowi01,2006,2,60,DET
blandpi01,1982,9,194,ATL
blaneda01,1986,4,92,LAL
blanege01,1961,4,33,NYK
blankji01,1975,2,29,HOU
blankla01,1990,1,26,DET
blantri01,1989,2,46,PHO
blatcan01,2005,2,49,WAS
blautda01,1970,10,164,CHI
blaylmo01,1989,1,12,NJN
bledser01,2010,1,18,OKC
blevejo01,1954,10,89,MNL
bleviha01,1965,2,17,NYK
blevile01,1950,7,81,INO
blockjo01,1966,3,27,LAL
blondhe01,1971,5,71,POR
bloodch01,1970,13,201,CHI
bloomke01,1950,10,112,TRI
blossja01,2017,2,59,SAS
blounco01,1993,1,25,CHI
blounma01,1997,2,55,SEA
blueje01,1964,8,72,BOS
blumera01,1981,2,36,IND
bluntmi01,1982,8,182,LAL
boagnke01,1986,5,107,UTA
bobbne01,1949,3,,PHW
bobikra01,1974,5,76,PHO
bockhbu01,1958,3,18,CIN
boddiod01,1980,6,137,LAL
bodelbo01,1973,10,155,SEA
bodirde01,1995,2,51,SAC
bodkied01,1966,3,30,CHI
bodnami01,1953,5,,FTW
boerwto01,1968,1,4,CHI
bogadru01,1968,13,164,BAL
boganke01,2003,2,43,MIL
bogdabo01,2014,1,27,PHO
bogdabo02,2011,2,31,MIA
boguemu01,1987,1,12,WSB
bogutan01,2005,1,1,MIL
bohnero01,1968,9,114,NYK
boinbr01,1958,8,63,STL
bolbo01,2019,2,44,MIA
boldedo01,1955,8,62,MNL
boldejo01,2017,2,36,PHI
boldije01,1983,8,163,HOU
boldtca01,1957,7,50,DET
bolgebi01,1953,4,,MLH
bolma01,1983,5,97,SDC
bolmale01,2020,1,23,NYK
bolomjo01,2016,2,52,UTA
bolstdo01,1957,8,57,DET
boltobe01,1987,4,83,GSW
bolyaro01,1947,10,,BLB
bolyato01,1963,3,20,BAL
bonaad01,2024,2,41,PHI
bonaed01,1983,6,135,PHO
bonapch01,1969,3,35,SDR
bondja01,1970,15,214,SDR
bondji01,1958,7,49,MNL
bondph01,1977,3,62,HOU
bondro01,1982,3,62,DEN
bonejo01,2019,2,57,NOP
bongais01,2018,2,39,PHI
bonharo01,1964,2,18,BOS
bonnean01,1990,1,23,SAC
bonnema01,2003,2,45,CHI
bonsage01,1957,1,7,SYR
bontero01,1951,3,22,TRI
bookebu01,1968,5,58,NYK
bookede01,2015,1,13,PHO
bookeer01,1984,8,178,UTA
bookefr01,1987,7,140,NJN
bookeke01,1971,14,213,PHO
booketr01,2010,1,23,MIN
booneda01,1987,4,77,DEN
boonegr01,1981,10,208,CLE
boonejo01,2006,1,23,NJN
boonero01,1968,11,147,PHO
boothca01,1999,2,35,WAS
boothji01,1957,12,80,CIN
boothke01,1997,1,28,CHI
boozebo01,1959,1,1,CIN
boozeca01,2002,2,35,CLE
borchcu01,2002,1,18,ORL
bormada01,1977,4,70,ATL
bornbh01,1954,3,22,FTW
borsaik01,1950,5,51,PHW
bosansc01,1981,10,204,DAL
boshaji01,1967,10,104,CHI
boshch01,2003,1,4,TOR
boskost01,1976,8,140,GSW
bostiji01,1975,8,139,KCK
bostiro01,1977,7,134,MIL
bostobr01,2021,2,51,MEM
bostola01,1978,4,81,WSB
bosweal01,1975,7,125,BOS
bosweto01,1975,1,17,BOS
bottspa01,1971,9,146,DET
bouchri01,1980,9,188,POR
bouchst01,1983,4,78,DET
bouiero01,1980,2,34,DAL
bouknja01,2021,1,11,CHO
bouldca01,1961,14,106,CIN
boumtru01,2001,2,50,POR
boundno01,1972,16,194,BUF
boushdi01,1955,3,22,MNL
boutiji01,1964,8,64,NYK
bovendo01,1949,6,,INJ
bowdlca01,1999,1,17,ATL
bowenlc01,1969,7,93,CIN
bowenry01,1998,2,55,DEN
bowerru01,1981,3,59,CLE
bowesbi01,1969,10,135,CIN
bowiean01,1986,3,66,HOU
bowiesa01,1984,1,2,POR
bowleji01,1969,8,112,PHI
bowlior01,1963,11,77,NYK
bowmach01,1961,9,77,NYK
bowmana01,1965,1,9,CIN
boycedo01,1995,2,42,ATL
boycema01,1987,6,122,PHO
boydal01,1970,13,199,POR
boydde01,1977,4,72,NOJ
boyddo01,1970,8,127,POR
boyddw01,1988,3,66,DEN
boyder01,1985,7,141,GSW
boydfr01,1972,1,5,PHI
boydke01,1974,9,154,NOJ
boyerst01,1975,7,123,GSW
boylaji01,1978,4,68,SDC
boylami01,1973,9,148,CAP
boyleke01,1982,6,137,PHI
boynewi01,1978,1,13,NJN
brabewa01,1967,14,145,PHI
bracclo01,1969,11,151,ATL
bracebr01,2001,2,58,SAS
bracest01,1972,2,21,ATL
braceva01,1979,9,170,DET
brackcr01,2010,1,21,OKC
brackde01,1955,5,37,NYK
braddga01,1964,1,3,BAL
braddja01,1983,5,107,DEN
bradlal01,1977,2,29,IND
bradlal02,1981,4,86,NYK
bradlav01,2010,1,19,BOS
bradlbi01,1965,1,2,NYK
bradlch01,1981,1,23,BOS
bradlch02,1985,3,51,SAC
bradldu01,1979,1,13,IND
bradlja01,1979,2,35,ATL
bradlji01,1974,3,48,LAL
bradljo02,1962,7,58,DET
bradlmi01,2001,1,17,TOR
bradlsh01,1993,1,2,PHI
bradlte01,1983,8,167,CHI
bradlto01,2017,1,28,LAL
bradscl01,1981,2,38,ATL
bradybo01,1954,7,57,PHW
bradyke01,1973,4,61,DET
braggdo01,1955,7,54,MNL
braggto01,1998,2,57,UTA
bramlaj01,1999,2,39,CLE
brancad01,1985,2,46,CHI
brandel01,1999,1,1,CHI
brandgr01,1984,10,219,SEA
brandji01,1980,8,163,UTA
brandpa01,1953,9,,MLH
brandte01,1991,1,11,CLE
brangji01,1960,6,47,PHW
branhma01,2022,1,20,SAS
branncl01,1950,3,28,TRI
brannri01,1980,4,78,IND
bransbr01,1980,2,45,DET
bransje01,1965,2,16,PHI
brantda01,1984,7,144,LAC
brantja01,2019,2,50,IND
branyty01,1979,7,146,SAS
brascji01,1952,2,,SYR
bratera01,1971,7,116,PHO
bratzmi01,1977,3,66,PHO
braunch01,2022,1,21,DEN
braxtqu01,1975,9,149,POR
brazdig01,2019,2,47,SAC
breako01,2025,2,41,GSW
bredaji01,1953,3,,FTW
breedbi01,1986,3,63,UTA
breedru01,1972,9,137,BAL
brellga01,1971,3,51,MIL
brennji01,1964,9,75,PHI
brennpe01,1958,1,4,NYK
brennto01,1952,8,,PHW
brennto02,1958,8,61,PHW
brensja01,1964,9,73,NYK
brentda01,1973,6,102,LAL
bresnne01,1980,6,117,GSW
breuera01,1983,1,18,MIL
breweco01,2007,1,7,MIN
breweco02,1998,2,51,MIA
breweja01,2001,2,41,IND
breweji01,1973,1,2,CLE
brewero01,1978,1,7,POR
brewero02,2006,1,14,UTA
brewest01,1981,8,172,HOU
brewevi01,1962,9,76,SYR
brewsga01,1976,3,48,BUF
brewsla01,1978,10,200,SAS
brewspe01,1952,5,,MLH
brezepr01,2000,1,27,IND
brickbi01,1971,6,98,LAL
brickfr01,1981,3,57,NYK
bridgbi01,1961,3,32,CHP
bridgju01,1975,1,8,LAL
bridgmi01,2018,1,10,PHI
bridgmi02,2018,1,12,LAC
bridgpr01,1984,5,103,DEN
briggca01,1986,4,79,SAS
briggwa01,1964,10,82,PHI
brinked01,1958,8,57,MNL
bristal01,1973,2,21,PHI
brittda01,1980,3,57,DAL
brittjo01,1976,7,120,CLE
brittmi01,1985,2,29,SAS
brittmi02,1983,2,32,WSB
brittto01,1982,10,212,CHI
brittwa01,1976,4,60,LAL
brkovmi01,1981,8,181,MIL
brocker01,1964,6,51,STL
brockjo01,2009,2,38,POR
brodyta01,1965,2,15,BAL
brogdma01,2016,2,36,MIL
brokaga01,1974,1,18,MIL
bromwpe01,1987,6,118,NJN
brookaa01,2007,1,26,HOU
brookal01,1981,10,219,SAS
brookba01,1981,10,213,GSW
brookcl01,1968,9,118,PHI
brookdi01,2017,2,45,HOU
brookdo01,1975,9,160,WSB
brookha01,1954,8,64,BLB
brookji01,1970,12,184,SDR
brookke01,1991,1,18,MIL
brookma01,2011,1,25,BOS
brookmi01,1980,1,9,SDC
brookmi02,1985,4,88,HOU
brookre01,1971,11,176,BOS
brookst01,1974,8,131,HOU
brookvi01,1981,6,117,DET
broomjo01,2025,2,35,PHI
brostjg01,1973,8,132,CHI
brottdi01,1957,7,55,BOS
brousca01,1962,9,72,CHZ
brousel01,1974,8,128,POR
browdda01,1983,4,71,HOU
brownal01,2014,2,50,PHO
brownan02,2015,2,34,LAL
brownbi01,1963,7,61,PHI
brownbo03,1970,12,191,CHI
brownbo04,1952,4,,PHW
brownbr01,2018,2,42,DET
brownca02,1976,6,97,PHO
brownca03,1977,7,147,WSB
brownch01,1989,2,43,CLE
brownch04,1959,11,74,CIN
brownda01,1948,3,,BLB
brownda02,2001,2,37,PHI
brownda03,1975,5,89,BOS
brownde01,1990,1,19,BOS
brownde03,2006,2,46,UTA
brownde04,2009,2,40,CHA
brownde05,2006,2,40,SEA
browndi01,1984,6,124,SAS
brownea01,1974,9,157,NYK
browned01,1981,9,193,WSB
browner01,2000,2,52,MIA
brownfr01,1971,1,6,SEA
brownfr02,1983,7,159,PHO
brownfr03,1984,9,195,ATL
brownge01,1957,4,27,MNL
brownge03,1958,5,40,BOS
brownge04,1947,4,,PIT
browngr01,2021,2,43,NOP
brownhe01,1967,9,99,BOS
brownja02,2016,1,3,BOS
brownja03,1973,4,62,ATL
brownja05,1973,9,143,KCO
brownje01,1976,5,81,PHI
brownji02,1957,9,68,SYR
brownjo01,1973,1,10,ATL
brownjo02,1950,9,102,CHS
brownjo03,1951,7,68,ROC
brownjo04,1983,9,187,CLE
brownjo05,1986,4,78,LAC
brownjo06,1986,7,146,LAC
brownke01,2001,1,11,BOS
brownke02,1985,5,112,DEN
brownke03,2022,2,48,MIN
brownko01,2023,1,30,LAC
brownkw01,2001,1,1,WAS
brownla01,1963,7,56,BAL
brownle02,1977,4,69,MIL
brownlo01,2013,2,52,MIN
brownma01,1996,2,46,POR
brownma02,2014,2,44,MIN
brownma03,1972,7,106,BAL
brownma04,1974,7,114,KCO
brownmi01,1985,3,69,CHI
brownmu01,1980,4,77,CLE
brownmy01,1991,2,34,MIN
brownno01,1983,8,182,SAS
brownow01,1975,9,147,PHO
brownpj01,1992,2,29,NJN
brownra02,1991,2,31,SAC
brownri01,1980,1,13,GSW
brownri02,1977,3,63,POR
brownri03,1979,3,59,HOU
brownri04,1987,6,119,SAS
brownro02,1971,4,64,LAL
brownro03,1974,7,125,BOS
brownro04,1984,8,173,ATL
brownse01,1970,6,88,DET
brownsh01,2006,1,25,CLE
brownsk01,1977,3,56,BOS
brownst02,2017,2,46,PHI
brownti02,1979,2,23,UTA
brownto01,1982,4,82,NJN
brownto02,1983,7,141,IND
browntr01,2018,1,15,WAS
browntr02,1995,2,45,ATL
brownwi01,1969,10,129,MIL
brownwi02,1982,5,115,BOS
brownwi03,1948,3,,PHW
broylfr01,1947,3,,TRH
brozopa01,1984,8,169,GSW
bruchja01,1982,6,126,ATL
bruinto01,1983,7,162,PHI
brundst01,1989,2,32,NJN
brunkbr01,1968,6,72,NYK
brunsja01,2018,2,33,DAL
brunsjo01,1970,12,187,SEA
brustch01,1982,6,131,DEN
brutocj01,1997,2,53,VAN
brutokr01,1994,2,49,CHI
bryanbi01,1980,4,85,PHI
bryanca01,2025,1,14,SAS
bryanem01,1964,7,55,NYK
bryange01,1972,4,49,BUF
bryanjo01,1975,1,14,GSW
bryanko01,1996,1,13,CHH
bryanma01,1988,1,21,POR
bryanri01,1976,8,128,NOJ
bryanth01,2017,2,42,UTA
bryanwa01,1982,2,30,CHI
buccige01,1975,3,52,BUF
buchaji01,1952,6,,BOS
buckhjo01,1958,12,82,STL
bucklbr01,1977,6,125,SAS
bucklja01,1964,8,68,LAL
bucklma01,1974,10,172,GSW
buckncl01,1961,6,51,NYK
buckngr01,1998,2,53,DAL
bucknqu01,1976,1,7,MIL
buddda01,1960,2,10,NYK
buddeha01,1953,9,,MNL
budinch01,2009,2,44,DET
budkope01,1981,5,93,DAL
budkowa01,1948,1,6,BLB
buechju01,1990,2,38,SEA
bufkiko01,2023,1,15,ATL
buforma01,1993,2,49,PHO
buforro01,1999,2,53,MIA
bugajbl01,1984,6,122,WSB
bullolo01,1999,2,42,MIN
bullore01,2013,1,25,LAC
bullori01,1976,4,57,NYK
buncela01,1967,4,43,SEA
bunchgr01,1978,2,34,NYK
bundybo01,1969,7,95,ATL
bundyik01,1971,18,235,DET
bungeal01,1960,1,7,PHW
buntdi01,1952,3,,NYK
buntear01,1956,8,60,NYK
buntibi01,1965,1,3,DET
buntibi02,1969,2,26,NYK
burchdu01,1954,5,40,FTW
burdeti01,1975,2,26,NYK
burdial01,1994,2,53,HOU
burfoho01,1971,11,171,POR
burgebo01,1962,5,38,NYK
burgefr01,1961,3,27,LAL
burkebi01,1947,3,,WSC
burkejo01,1951,12,87,BLB
burkera01,1982,10,224,PHI
burkest01,1969,9,118,CHI
burketr01,2013,1,9,MIN
burkhbr01,1983,8,180,MIL
burkhly01,1967,13,134,BAL
burkmro01,1981,6,130,CHI
burksal01,2011,1,12,UTA
burksan01,2004,2,36,ORL
burksjo01,1972,8,126,GSW
burksst01,1982,8,180,SEA
burleto01,1974,1,3,SEA
burmaja01,1948,2,,STB
burnefr01,1983,3,63,SEA
burnsda01,1981,3,49,NJN
burnsev01,1993,2,31,SAC
burnsji01,1967,4,34,CHI
burnsmi01,1982,8,168,CHI
burrebu01,1975,6,94,PHO
burresc01,1993,1,20,CHH
burriar01,1950,3,32,FTW
burritr01,1954,5,41,BOS
burrobo01,1956,2,9,ROC
burrobo02,1969,13,171,SEA
burroju01,1995,2,33,BOS
burrope01,1971,4,57,SEA
burroti01,1992,2,51,MIN
burtoan01,1981,9,191,DEN
burtomc01,1959,11,75,DET
burtowi01,1990,1,9,MIA
burtowi02,1984,6,125,DEN
burttst01,1984,2,30,GSW
burwebi01,1963,3,24,STL
buschhe01,1959,5,38,NYK
busedo01,1972,3,34,PHO
bushge01,1950,8,86,BLB
bushto01,1971,7,103,CLE
buskoji01,1974,9,147,CLE
bustida01,1972,5,68,KCO
bustiso01,1967,7,75,SFW
butchan01,1950,10,117,MNL
butchbr02,1970,18,235,POR
butchdo01,1961,7,60,NYK
butchja01,1957,10,75,BOS
butchst01,1971,10,162,DET
butleal01,1961,2,22,BOS
butlebi01,1968,9,116,BOS
butlebi02,1974,8,133,ATL
butleca01,2002,1,10,MIA
butleda02,1987,5,114,BOS
butleda03,2010,2,42,MIA
butlegr01,1988,2,37,NYK
butleja02,2021,2,40,NOP
butleji01,2011,1,30,CHI
butlela01,1979,2,33,CHI
butlema01,1979,8,155,GSW
butlemi01,1968,10,121,SDR
butlera01,2002,2,53,MIA
buttsal01,1985,5,116,BOS
butzno01,1947,2,,PHW
buzelma01,2024,1,11,CHI
byarsde01,2007,2,42,POR
byersto01,1974,5,81,BUF
bynesjo01,1972,5,69,PHI
bynuman01,2005,1,10,LAL
byrdal01,1979,10,186,BOS
byrdle01,1959,4,25,CIN
byrdle02,1948,8,,NYK
byrdro01,1980,7,142,CHI
byrnema01,1978,1,19,PHO
byrneti01,1982,9,203,LAL
cabarza01,2003,1,17,PHO
cableba01,1958,2,11,DET
cabledi01,1955,10,73,STL
cabocbr01,2014,1,20,TOR
cabrehu01,1976,10,165,MIL
caffeja01,1995,1,20,CHI
caffejo01,1973,6,103,BOS
cagemi01,1984,1,14,LAC
cagerwi01,1968,12,151,BAL
cainbi01,1970,3,42,POR
cainca01,1956,7,49,ROC
calabch01,1970,14,210,PHO
calabge01,1950,2,24,SYR
calatni01,2009,2,45,MIN
caldwch01,1968,16,190,SDR
caldwda01,1982,3,52,NYK
caldwji01,1965,3,28,LAL
caldwjo01,1964,1,2,DET
caldwke01,2013,1,8,DET
caldwpa01,1966,9,83,PHI
calhoco01,1972,1,4,PHO
caligda01,1978,5,95,DET
callada01,1982,8,176,HOU
callajo01,1969,12,161,SFW
callake01,1967,11,118,CIN
calveje01,1957,10,73,PHW
calvewi01,1973,6,91,CLE
calvima01,1969,14,187,LAL
camarto01,2023,2,52,PHO
cambyma01,1996,1,2,TOR
campbbr01,1978,8,153,NJN
campbel01,1990,1,27,LAL
campbja01,1983,9,185,HOU
campbje01,1976,7,122,GSW
campbjo01,1980,3,59,PHO
campbmi01,1980,5,96,CHI
campbpe01,1962,10,81,CHZ
campbri01,1982,8,164,UTA
campbsh01,1985,5,102,PHO
campbte01,1967,11,121,PHI
campbto01,1984,1,20,DET
campbwi01,1967,15,152,SEA
campibi01,1975,4,60,MIL
campro01,1982,5,111,SEA
canaais01,2013,2,34,HOU
canadjo01,1970,15,218,POR
cancavl01,2017,2,49,DEN
caninjo01,1970,5,78,PHO
cannojo01,1970,18,236,CLE
cannola01,1969,1,5,CHI
capelca01,2014,1,25,HOU
caracde01,2010,2,58,LAL
carbyja01,1953,10,,BLB
cardfr01,1967,7,77,PHI
cardibr01,2000,2,44,DET
careyno01,1948,6,,BOS
careyra01,1964,6,52,SFW
careyve01,2020,2,32,CHO
careywi01,1980,5,104,NYK
carfist01,1984,6,139,BOS
carlawa01,1985,5,99,LAC
carlho01,1961,5,50,CHP
carlicl01,1973,12,180,DET
carlido01,1980,5,95,GSW
carliri01,1984,3,70,BOS
carlodo01,1967,8,83,LAL
carlsbi01,1952,3,,FTW
carlsbu01,1952,5,,PHW
carlssp01,1965,10,81,STL
carltje01,1962,13,96,STL
carmiha01,1975,8,127,NOJ
carmino01,1969,15,193,ATL
carnebo01,1954,6,47,MLH
carnero01,2006,1,16,CHI
carpefr01,1970,13,200,PHO
carpege01,1956,11,77,ROC
carrach01,2000,2,41,SAS
carrajo01,1985,6,135,DEN
carran01,1983,1,8,DET
carrau01,1971,1,1,CLE
carrch01,1995,2,56,PHO
carrco01,1998,2,49,ATL
carrda01,1968,14,174,CHI
carrhe01,1987,7,139,LAC
carribo01,1976,2,28,ATL
carrica01,2024,1,14,POR
carrida01,1964,9,76,STL
carrke01,1977,1,6,LAL
carrml01,1973,5,76,KCO
carrode01,2009,1,27,MEM
carrodo01,1983,6,126,WSB
carrojo01,1980,1,1,GSW
carrora01,1980,10,211,PHO
carroro01,1948,8,,BLB
carrro01,1983,10,216,ATL
carrto01,2018,2,51,NOP
carrto02,1982,6,135,MIL
carrve01,1987,5,97,SAC
cartebu01,1980,2,37,LAL
cartecl01,1956,8,57,ROC
cartecu01,1971,15,222,PHO
cartede02,2024,1,13,SAC
cartefr01,1969,3,43,BAL
cartega01,1982,5,94,SDC
cartege01,1967,8,81,DET
carteho01,1983,1,15,DEN
carteja01,1948,4,,BLB
carteje01,2018,2,32,MEM
cartemi01,2013,1,11,PHI
carteol01,1966,14,104,STL
cartere01,1979,2,27,NYK
cartero01,1978,2,26,LAL
carteto01,1970,5,72,BOS
cartevi01,1998,1,5,GSW
cartewe01,2018,1,7,CHI
cartiwa01,1950,6,65,WSC
cartwbi01,1979,1,3,NYK
cartwje01,1964,10,84,SFW
cartyja01,1962,6,48,STL
carvega01,1984,10,207,IND
casech01,1969,18,211,BAL
casefr01,1960,3,20,DET
caseymi01,1970,8,130,CHI
cashco01,1975,2,24,MIL
cashmmi01,1975,8,128,LAL
cashsa01,1972,5,66,CLE
cassesa01,1993,1,24,HOU
casspom01,2009,1,23,SAC
castabo01,1960,9,68,STL
castest01,1979,7,130,BOS
castlst01,2024,1,4,SAS
catched01,1985,7,155,DAL
catchha01,1973,9,138,PHI
catebu01,1950,3,27,PHW
cathcji01,1950,7,77,WSC
catlesi01,1971,4,55,CIN
catlete01,1985,1,21,PHI
catoke01,1997,1,15,DAL
cattabo01,1981,8,165,UTA
caulewi01,2015,1,6,SAC
causwdu01,1990,1,18,SAC
cavengr01,1985,5,95,GSW
cavenjo01,1962,12,93,STL
cebalce01,1990,2,48,PHO
cechal01,1964,15,101,STL
celesjo01,1999,2,30,LAL
cerkvto01,1963,5,43,PHI
cerraha01,1952,4,,FTW
cerviha01,1954,9,74,MLH
cesarma01,1979,4,86,PHO
chalkle01,1971,13,201,BOS
chalmli01,2004,2,33,LAC
chalmma01,2008,2,34,MIN
chambbi01,1972,3,43,GSW
chambbi02,1953,11,,MNL
chambje01,1966,1,7,LAL
chambto01,1981,1,8,SDC
chambwi01,1959,1,3,PHW
champho01,1979,9,183,PHO
chandje01,1968,11,140,SFW
chandke01,2022,2,38,SAS
chandty01,2001,1,2,LAC
chandwi01,2007,1,23,NYK
chanedo01,1968,1,12,BOS
chanela01,1960,14,89,CIN
channto01,1979,3,55,SDC
chapled01,1968,5,54,BAL
chapmbo01,1977,5,97,KCK
chapmbr01,1970,10,156,DET
chapmcl02,1975,6,103,KCK
chapmdi01,1969,10,134,SFW
chapmre01,1988,1,8,CHH
chapmro01,1984,3,54,KCK
chapmwa01,1967,16,156,PHI
chapple01,1962,1,5,SYR
chappto01,1962,11,89,STL
charlke01,1973,3,38,BUF
charlke02,1963,4,32,CIN
charllo01,1985,2,41,ATL
charlro01,1980,4,74,CHI
chatmwi01,1971,15,218,BUF
chaveed01,1978,6,113,HOU
cheanca01,1993,1,6,WSB
cheatla01,1969,9,119,SDR
cheekbo01,1971,9,148,LAL
cheekma01,1978,2,36,PHI
chenoer01,2001,2,43,NYK
chessja01,1977,6,123,CHI
chestma01,1969,13,178,LAL
chevach01,1962,8,71,BOS
chievde01,1988,1,16,HOU
chilcpe01,1991,1,27,SAC
childed01,1973,7,119,MIL
childjo01,2004,1,6,ATL
childmi01,1971,6,86,CLE
childra01,1995,1,19,DET
chiltto01,1961,3,30,STL
chlupbo01,1967,13,141,SDR
chmeljo01,1980,4,82,NYK
chmiebi01,1964,2,17,CIN
choicwa01,1956,11,78,STL
chomcul01,2024,2,57,MEM
choneji01,1973,2,31,LAL
chrisbo01,1969,8,109,ATL
chrisca01,1950,5,52,TRI
chrisca02,2024,2,46,LAC
chrisdo01,1992,1,17,SEA
chrisha01,1953,12,,MNL
chrisji01,1964,10,80,NYK
chrisjo01,2021,1,24,HOU
chrisma01,2016,1,8,SAC
chrisma02,2022,2,35,LAL
chrisra01,2015,2,36,MIN
chrisru01,1983,10,220,POR
chrisse01,2014,2,55,MIA
chrisst01,1950,3,36,SYR
christh01,1987,4,90,ATL
chubist01,1966,3,23,SFW
chudype01,1961,10,88,SYR
churcde01,1965,10,80,PHI
cincejo01,1959,3,21,SYR
cingimi01,1962,9,80,BOS
ciprijo01,1953,5,,MLH
cisseou01,2001,2,47,DEN
cissogr01,1968,10,132,PHI
cissosi01,2023,2,44,SAS
clackje01,1972,8,119,KCO
clackkr01,1999,2,55,BOS
clairde01,1978,5,93,KCK
clancsa01,1981,3,62,PHO
clancsa02,2002,2,45,PHI
clarebr01,1968,8,105,PHO
clariri01,1982,9,187,UTA
clarkar01,1966,4,37,LAL
clarkbo01,1960,7,55,PHW
clarkbr01,2019,1,21,OKC
clarkca01,1983,4,91,BOS
clarkde01,1970,15,215,DET
clarkea01,2009,1,14,PHO
clarkga02,1957,3,21,NYK
clarkja02,2023,2,53,MIN
clarkje01,1982,6,123,IND
clarkjo01,2014,2,46,WAS
clarkjo02,1976,8,139,BOS
clarkke01,1998,1,13,ORL
clarkle01,1966,2,18,BOS
clarkma01,1983,5,100,UTA
clarkma02,1984,10,227,PHI
clarkmi01,1981,5,97,UTA
clarkro01,1956,9,70,PHW
clarkru01,1969,11,145,DET
clasbfr01,1951,6,54,FTW
clavevi01,2009,1,22,POR
claxtch01,1994,2,50,PHO
claxtni01,2019,2,31,BRK
claxtsp01,2000,1,20,PHI
claxtti01,1978,9,181,WSB
claypje01,1969,7,99,BAL
clayttr01,1979,6,111,DET
claytwa01,2025,1,18,WAS
cleamji01,1971,1,13,LAL
cleavma01,2000,1,14,DET
clemeba01,1965,3,22,NYK
clemedo01,1963,7,57,SFW
clemele01,1965,6,54,CIN
clemgl01,1987,5,95,NYK
clemoda01,1982,4,71,SDC
cleplke01,1985,7,161,LAL
clessji01,1972,10,149,ATL
cleusgr01,1972,6,91,NYK
cleuske01,1975,4,67,KCK
clevech01,1975,3,41,PHI
cliffni01,2025,1,24,OKC
cliftbo01,1952,5,,FTW
clingdo01,2024,1,7,POR
clintca01,1966,11,97,CHI
cloudna01,1963,4,28,NYK
clownno01,2023,1,21,BRK
cloydpa01,1947,8,,WSC
clunejo01,1954,10,88,NYK
clydebe01,1974,5,89,BOS
cobber01,1979,6,109,UTA
cobbri01,1970,12,190,PHO
cochrst01,1981,10,217,POR
coenebo01,1982,10,223,MIL
cofiefr01,1985,4,73,NYK
cohenje01,1961,2,23,CHP
cohenle01,1978,10,199,PHO
cohensi01,1960,4,32,BOS
cohenvi01,1957,3,23,SYR
colbeda01,1986,5,116,BOS
colbeke01,1986,3,56,PHI
colbule01,1973,4,58,HOU
coleca01,1960,4,29,SYR
colech01,1980,9,193,KCK
coleed01,1955,4,29,NYK
colely01,1955,9,65,STL
colembe01,1984,2,37,CHI
colemde01,1990,1,1,NJN
colemec01,1973,3,51,HOU
colemja01,1948,3,,PRO
colemja02,1948,7,,INJ
colemke01,1960,2,11,NYK
colemle01,1980,10,201,UTA
colemma01,1975,4,55,NOJ
colemma02,1979,7,134,NYK
colemma03,1986,7,161,LAL
colemme01,1969,6,79,CIN
colemno01,1987,2,38,LAC
colemri01,1975,6,108,BOS
colemro01,1967,9,102,SDR
colemru01,1978,5,103,MIL
colemto01,1970,10,154,SDR
colemvi01,1984,10,216,KCK
coleno01,2011,1,28,CHI
colero01,1967,6,66,SDR
colesbi01,1990,2,40,SAC
colesda01,1980,7,140,UTA
colliar01,1976,6,103,BOS
collibi01,1976,9,156,BOS
collibr01,1980,2,33,POR
collico01,1979,10,197,CHI
collida01,2009,1,21,NOH
collido01,1973,1,1,PHI
collido02,1980,1,18,ATL
collidw01,2010,2,60,PHO
colliga01,1994,2,42,CLE
colliis01,2024,1,29,UTA
collija01,1997,2,37,PHI
collija02,2000,1,15,MIL
collija03,2001,2,53,UTA
collija04,2001,1,18,HOU
collije01,1984,4,82,PHO
colliji01,1970,1,11,CHI
collijo01,2017,1,19,ATL
collijo02,1972,9,131,BUF
collijo03,1986,5,110,DEN
collima01,2006,1,29,NYK
collimi01,1972,6,87,HOU
collini01,2003,1,12,SEA
collipe01,1974,10,173,WSB
colliph01,1982,7,161,BOS
colliru01,1974,2,36,POR
collitr01,1964,6,50,LAL
colliza01,2017,1,10,SAC
coltest01,1984,2,33,POR
columjo01,1983,7,142,CLE
combsgl01,1968,5,51,SDR
combsle01,1983,2,26,IND
comeajo01,1966,7,68,CHI
comegda01,1987,1,21,ATL
comerfr01,1950,7,74,BLB
comlela01,1961,10,91,CHP
commoha01,1971,13,203,PHI
compthu01,1948,4,,PHW
comptte01,1974,5,78,KCO
conansc01,1977,7,132,NJN
conerte01,1987,2,44,ATL
congdje01,1966,4,32,DET
congori01,1984,7,160,PHI
conlege01,1952,10,,BOS
conleje01,1969,14,182,SEA
conleji01,1967,8,89,PHI
conlemi01,2007,1,4,MEM
conlied01,1955,1,7,SYR
connapa01,2015,2,41,BRK
conneji01,1975,2,36,PHO
connele01,1982,1,14,GSW
connobo01,1971,12,188,BAL
connoji01,1969,11,144,SEA
connoni01,1973,10,153,BUF
connost01,1978,10,197,WSB
conolji01,1980,8,175,PHO
contrmi01,1973,9,139,POR
cookan01,1989,1,24,PHO
cookbe01,1952,2,,NYK
cookbi01,1976,3,49,WSB
cookbo01,1948,2,,FTW
cookbr01,2003,1,24,LAL
cookda01,1980,4,70,DET
cookda02,2007,1,21,PHI
cookdo01,1970,2,22,CIN
cookejo01,1970,6,94,CLE
cookela01,1976,3,46,ATL
cookgr01,1981,2,40,NYK
cookje01,1978,3,49,KCK
cookno01,1976,1,16,BOS
cookom01,2001,2,32,ORL
cookski01,1986,7,154,DAL
coonbi01,1984,9,188,HOU
coopebo01,1977,6,119,KCK
coopeca01,1985,6,132,DAL
coopech01,1950,2,13,BOS
coopedo01,1980,6,136,PHI
coopedu01,1992,2,36,LAL
coopeji01,1977,4,74,SEA
coopejo01,1981,5,95,NJN
coopemi01,1978,3,60,LAL
coopesh01,2021,2,48,ATL
coopewa01,1978,2,40,GSW
copebo01,1950,9,97,BOS
copelho01,1978,3,46,DEN
copeljo01,1974,7,118,NOJ
copelma01,1970,7,105,DET
coppst01,1976,3,42,NOJ
coracfr01,1964,4,31,PHI
corane01,1978,8,165,WSB
corbity01,1985,2,35,SAS
corchch01,1991,2,36,ORL
corcoje01,1987,7,160,BOS
cordeto01,1972,8,124,NYK
cordiis01,2016,2,44,ATL
corech01,1968,14,176,CIN
corkele01,1952,6,,FTW
corlebi01,1968,19,208,SDR
corlecl01,1983,10,214,DAL
corlera01,1949,5,,PRO
cornebu01,1969,16,199,ATL
corneda01,1969,16,197,SEA
cornepe01,2016,2,53,DEN
cornero01,1981,3,65,LAL
cornlha01,1984,4,85,NJN
corridu01,1964,10,86,BOS
corsogr01,1972,14,182,BUF
corzida01,1978,1,18,WSB
cosickr01,1972,10,144,POR
costefr01,1973,5,71,POR
costela01,1954,2,12,PHW
costnto01,1984,2,34,WSB
cotleal01,1972,12,174,CHI
cottoja02,1997,2,33,DEN
cottowi01,1965,8,65,SFW
couchse01,1987,3,60,IND
coughjo01,1973,5,74,CLE
coulibi01,2023,1,7,IND
coultda01,1982,10,214,DET
coultle01,1974,8,134,SEA
countbr01,1987,5,99,PHO
countme01,1964,1,9,BOS
courtpa01,1949,2,13,PRO
courtst01,1964,3,26,CIN
couside01,2010,1,5,SAC
cousiis01,2016,2,59,SAC
cousybo01,1950,1,4,TRI
covinaa01,1973,12,176,BUF
covinje01,1978,4,75,NOJ
cowanfr01,1981,6,127,HOU
cowarce01,2025,1,11,POR
cowenda01,1970,1,4,BOS
coxbu01,1984,9,196,PHO
coxch01,1978,8,159,CHI
coxjo01,1958,4,28,NYK
coxro01,1977,6,121,CLE
coxwe01,1977,1,18,GSW
cozenpa01,1978,9,186,POR
crabbal01,2013,2,31,CLE
craftle01,1983,3,66,CLE
craftme01,1980,9,187,CLE
craigst01,1981,5,114,PHI
cramete01,1981,7,155,NYK
crandcl01,1948,7,,MNL
crawfbr01,1984,8,164,CHI
crawfch01,1997,2,51,ATL
crawffr01,1963,8,64,NYK
crawfja01,2000,1,8,CLE
crawfja02,1961,12,101,STL
crawfji01,1973,13,183,PHI
crawfjo01,2008,2,58,LAL
crawfjo02,2010,1,27,NJN
crawfjo03,1958,6,47,STL
crawfjo04,1981,7,160,PHI
craytme01,1980,10,210,MIL
creigji01,1972,3,40,SEA
crensda01,1970,4,63,PHI
crensra01,1984,7,151,PHO
creviro01,1983,4,75,CHI
crewsca01,1977,6,114,ATL
crewsjo01,1968,16,197,PHI
critewi01,1987,3,53,PHO
crittho01,1956,10,74,NYK
crittja01,2007,1,19,LAL
crockje01,1972,6,86,KCO
croftbo01,1970,8,123,BOS
croftwa01,1975,7,121,KCK
cromejo01,1969,5,70,PHI
crompge01,1978,4,70,KCK
cronkra01,1963,9,69,NYK
crookhe01,1988,3,61,IND
crosbge01,1985,6,117,GSW
crosbte01,1979,3,62,KCK
croshau01,1997,1,12,IND
crossch01,1947,1,6,PHW
crossje01,1984,3,61,DAL
crosspe01,1970,2,23,SEA
crossre01,1989,2,44,PHI
crossro01,1971,13,200,BAL
crossru01,1983,1,6,GSW
crostra01,1958,4,27,DET
crowdja01,2012,2,34,CLE
crowebo01,1951,9,79,BLB
crowma01,1977,6,111,NJN
crowtga01,1974,5,73,PHI
cruduje01,1994,2,48,DET
cruzedw01,1965,7,63,LAL
cruzth01,1965,6,55,LAL
cuetoal01,1969,10,130,SEA
cultoal01,1982,10,209,DAL
culveja01,2019,1,6,PHO
cuminbo01,1959,6,48,BOS
cummije01,1977,4,78,BOS
cummipa01,1978,3,59,MIL
cummite01,1982,1,2,SDC
cummivo01,1999,1,26,IND
cunnial01,1978,8,169,PHI
cunnibi01,1965,1,7,PHI
cunnica01,2021,1,1,DET
cunnida01,2009,2,33,POR
cunnidi01,1968,2,21,PHO
cunniga01,1962,7,60,CIN
cunnige01,1976,6,104,GSW
cunnige02,1977,5,89,NJN
cunnija01,2012,1,24,CLE
cunnije01,1970,18,234,SDR
cunniji01,1958,3,24,BOS
cunnike01,1980,6,118,UTA
cunnile01,1982,6,125,POR
cunnist01,1966,6,56,CIN
curetea01,1979,3,58,PHI
curlebi01,1994,1,22,SAS
curnudo01,1970,10,170,NYK
currabo01,1948,7,,BOS
currami01,1984,10,222,UTA
curryaa01,1980,5,98,NJN
curryde01,1986,1,15,UTA
currydo01,1960,8,61,STL
curryed01,2001,1,4,CHI
curryja01,2007,2,51,CHI
curryst01,2009,1,7,GSW
curtibi01,1966,8,77,CHI
curtich01,1959,8,57,DET
curtito01,1974,7,117,BUF
cutrimi01,1989,2,42,DEN
cutteto01,1977,8,160,CLE
czerned01,1972,6,82,BUF
dabicmi01,1966,7,60,NYK
dabnemi01,1976,3,36,LAL
dadiepa01,2024,1,25,NYK
dahleed01,1950,2,15,PHW
dahlmi01,1969,14,185,ATL
dailequ01,1982,1,7,CHI
dalemsa01,2001,1,26,PHI
dallmdi01,1950,6,63,PHW
dalrybr01,1987,2,46,PHO
daltobo01,1959,6,45,SYR
daltojo01,1971,12,189,BOS
daltora01,1986,7,142,CLE
dalzege01,1967,12,125,DET
dambrir01,1950,1,7,NYK
dampier01,1996,1,10,IND
dampilo01,1967,4,38,CIN
dancyke01,1980,6,127,WSB
dandrbo01,1969,4,45,MIL
dangune01,2014,2,54,PHI
danieal01,1979,4,84,SAS
daniean01,1997,1,4,VAN
daniebo01,1957,8,56,CIN
daniede01,2014,2,37,TOR
daniedy01,2022,1,8,NOP
daniega01,1962,5,45,BOS
danieiv01,1985,5,111,IND
danieme01,1967,1,9,CIN
danieme02,1982,6,128,NJN
danieni01,1979,7,145,KCK
daniewa01,1979,3,60,LAL
danilsa01,1992,2,43,GSW
dantlad01,1976,1,6,BUF
dantomi01,1973,2,20,KCO
dardeji01,1947,3,,CHS
dardeol01,1966,3,22,DET
dareyi01,1994,1,14,NJN
darkje01,1974,2,32,NYK
darlich01,1952,1,9,ROC
darrabi01,1957,8,59,STL
darroji01,1960,5,38,STL
dasiltr01,2024,1,18,ORL
daubehe01,1954,3,23,BOS
daughbr01,1986,1,1,CLE
daughma01,1968,9,117,ATL
daukato01,1954,10,85,BOS
daustgr01,1972,12,171,SEA
davened01,1988,3,60,WSB
davenje01,1974,9,159,CHI
daviddo01,1965,5,47,BOS
davidge01,1951,8,77,ROC
davidja01,1954,10,86,SYR
davidja02,1949,9,,STB
davidje01,2007,2,36,GSW
davidst01,1972,7,100,CLE
daviedi01,1960,11,79,STL
davisan01,1990,2,45,IND
davisan02,2012,1,1,NOH
davisar01,1971,14,212,DET
davisaw01,1965,5,46,LAL
davisba01,1999,1,3,CHH
davisba02,1976,7,114,HOU
davisbb01,1981,4,82,KCK
davisbe01,1996,2,43,PHO
davisbe02,1986,5,96,CLE
davisbi02,1968,12,160,PHO
davisbo01,1972,2,14,POR
davisbr01,1977,1,15,LAL
davisbr02,1992,2,48,PHO
davisch01,1971,8,120,CLE
davisch02,1981,2,35,WSB
davisch03,1973,13,187,CAP
davisco01,1979,6,124,HOU
davisda01,1991,1,13,IND
davisda02,1971,7,118,NYK
davisda03,1981,7,139,DAL
davisde01,2016,2,31,BOS
davisdw01,1972,1,3,CLE
davised01,2010,1,13,TOR
davisfr01,1963,9,73,STL
davisfr02,1970,4,65,ATL
davisgl01,2007,2,35,SEA
davisha01,1978,2,33,CLE
davisha02,1976,6,102,CLE
davishu01,1992,1,20,NYK
davisjd01,2022,2,53,BOS
davisje01,1982,5,112,WSB
davisji01,1964,4,29,DET
davisjo01,1976,2,22,POR
davisjo05,1970,4,57,CHI
davisjo06,2022,1,10,WAS
daviske01,1971,11,181,NYK
davisle01,1968,10,133,PHO
davisma01,1985,4,79,CLE
davisma02,1995,2,48,MIN
davisma04,1955,12,90,BOS
davisme01,1973,1,14,NYK
davisme02,1978,4,74,NOJ
davismi01,1969,1,14,BAL
davismi02,1972,7,113,MIL
davismi04,1969,12,162,CIN
davismi05,1976,8,125,KCK
davismi06,1983,2,42,MIL
davismo01,1980,1,21,PHI
davisna01,1977,5,101,CHI
davisni01,1958,9,68,PHW
davispa01,2006,2,34,LAC
davispe01,1975,7,117,NYK
davisra01,1960,3,17,CIN
davisra02,1987,7,142,SAS
davisre01,1954,6,52,ROC
davisri01,1998,1,21,CHH
davisro01,1976,5,70,ATL
davisro02,1981,4,79,WSB
davisru01,1976,6,90,DET
davisso01,1969,19,212,PHO
davisto01,1960,9,65,NYK
davisto02,1985,5,109,DAL
daviswa01,1952,2,,PHW
daviswa02,1965,6,49,NYK
daviswa03,1977,1,5,PHO
daviswi01,1967,10,108,CIN
dawkida01,1975,1,5,PHI
dawkijo01,1986,1,10,SAS
dawkipa01,1979,10,185,UTA
dawsobr01,2015,2,56,NOP
dawsoje01,1973,8,131,GSW
dawsoji01,1967,16,154,CHI
dayeau01,2009,1,15,DET
dayeda01,1983,3,57,WSB
dayji01,1971,6,88,POR
dayto01,1992,1,8,MIL
deanegr01,1979,4,67,UTA
deanemi01,1974,9,161,MIL
deanjo01,1952,1,5,INO
deanri01,1967,9,98,SFW
dearbma01,1982,9,195,POR
deatobo01,1986,5,114,MIL
debarda01,1970,13,203,BAL
deberto01,1976,8,133,PHO
debilro01,1961,10,84,NYK
debispe01,1983,4,86,SEA
debusda01,1962,1,4,DET
deckeha01,1947,10,,CHS
declean01,1995,2,34,GSW
decolna01,2009,2,53,SAS
decri01,1965,10,82,CIN
dedmole01,1971,5,81,LAL
deedo01,1968,3,25,DET
deehage01,1965,7,64,BOS
deesar01,1958,1,2,CIN
deforle01,1966,4,31,NYK
deheebi01,1969,8,105,SDR
deherte01,1993,1,13,LAC
deineji01,1985,4,74,LAC
deitega01,1974,9,158,DET
dekkesa01,2015,1,18,HOU
delanve01,1984,3,67,MIL
delebi01,1991,1,10,ORL
delfica01,2003,1,25,DET
delkto01,1996,1,16,CHH
delnevi01,1988,2,29,SAC
delonna01,1950,9,100,TRI
delphma01,1978,3,65,SDC
dembofe01,1988,2,30,DET
demicla01,1979,1,9,NYK
demilru01,1954,5,39,PHW
demineg01,2025,1,8,BRK
dempsge01,1951,7,69,PHW
denglu01,2004,1,7,PHO
denmoma01,2012,2,59,SAS
denmoma02,1973,3,52,BOS
dennake01,1981,4,78,KCK
dennibl01,1952,4,,BLB
dennyan01,1972,8,115,BUF
dentoda01,1960,6,43,NYK
dentora01,1971,4,61,BOS
dentro01,1994,2,31,ORL
deppbi01,1961,3,31,BOS
deprejo01,1970,2,29,PHO
derliro01,1974,10,169,SEA
derozde01,2009,1,9,TOR
desanjo01,1979,2,44,WSB
deutsda01,1966,12,98,NYK
devaufr01,1973,7,109,HOU
deverjo01,1984,4,78,SAS
devinja01,1955,5,35,PHW
devlico01,1955,2,11,PHW
devonge01,1981,5,94,DET
devriro01,1974,4,67,LAL
deweeji01,1978,7,141,ATL
dewital01,1976,7,109,POR
dewitfr01,1972,12,167,BUF
dewitjo01,1951,10,84,TRI
dewitro01,1958,3,19,DET
dewji01,1958,12,81,DET
diabamo01,2022,2,43,LAC
dialde01,1998,2,52,SAS
diallch01,2016,2,33,LAC
diallha01,2018,2,45,BRK
diawamo01,2025,2,51,LAC
diawbo01,2003,1,21,ATL
diazgu01,2006,2,52,LAC
dibenri01,1982,5,100,IND
dickada01,2002,1,28,SAC
dickecl01,1974,7,112,PHO
dickecl02,1982,5,104,WSB
dickede01,1973,2,29,GSW
dickede02,1970,17,230,SDR
dickedi01,1950,3,26,BLB
dickeho01,1969,17,201,PHO
dickeka01,2000,2,50,UTA
dickemi01,1998,1,14,HOU
dickemi02,1976,10,159,ATL
dickero01,1978,5,102,WSB
dickgr01,2023,1,13,TOR
dicksjo01,1967,3,22,CHI
dicksjo02,1984,9,206,BOS
didrial01,1955,8,59,PHW
diebljo01,2011,2,51,POR
dienetr01,2005,2,38,ORL
dienggo01,2013,1,21,UTA
diengou01,2022,1,11,NYK
diercde01,1953,12,,NYK
dierkco01,1958,1,6,SYR
dietrco01,1970,10,155,SFW
diezda01,2015,2,54,UTA
digbeal01,1997,2,50,ATL
digreer01,1973,1,3,BUF
dilladw01,1972,6,89,BAL
dillami01,1981,3,55,CLE
dillash01,1967,15,151,PHI
dillash02,1978,6,115,IND
dillask01,1982,9,191,CHI
dillcr01,1967,4,42,SDR
dillegl01,1953,11,,SYR
dilliji01,1952,9,,BOS
dilliro01,2024,1,8,SAS
dilloho01,1948,2,,CHS
dilloti01,1984,3,49,CHI
dinkech01,1965,5,42,BAL
dinkija01,1971,9,150,CHI
dinneha01,1963,8,66,SFW
dinwiji01,1971,10,163,PHI
dinwisp01,2014,2,38,DET
dioguik01,2005,1,9,GSW
diopde01,2001,1,8,CLE
diopkh01,2022,2,39,CLE
dischte01,1962,2,10,CHZ
distebo01,1961,5,49,BOS
diutefr01,1951,3,28,ROC
divacvl01,1989,1,26,LAL
divindo01,2018,1,17,MIL
dixonal01,1968,11,138,BAL
dixonda02,1983,5,115,LAL
dixonja01,1987,7,150,WSB
dixonju01,2002,1,17,WAS
dixonle01,1976,8,135,PHI
dixonri01,1971,14,214,CHI
dixonro01,1983,5,103,WSB
djurini01,2024,2,43,MIA
dobbedo01,1960,12,83,DET
dobbsfr01,1984,8,183,PHI
doddbi01,1953,8,,PHW
doddea01,1949,7,,STB
doddmi01,1979,9,176,SDC
doehrll01,1949,,,FTW
dogerji01,1953,12,,BOS
doherma01,1984,6,119,CLE
dolanji01,1986,7,151,NJN
doleami01,1998,1,12,ORL
dolhojo01,1949,,,BLB
domerje01,1954,11,91,MLH
dominti01,1973,8,130,ATL
donalja01,1979,4,73,SEA
doncilu01,2018,1,3,ATL
donhabo01,1950,3,25,BOS
donnebu01,1952,4,,SYR
donovbi01,1987,3,68,UTA
donovha01,1949,3,,NYK
doogajo01,1953,11,,PHW
doolehe01,1955,13,94,BOS
doolene01,1948,8,,BOS
doolike01,2000,1,10,ORL
dopsode01,1951,6,60,MNL
dormeje01,1957,4,25,CIN
dorseja01,1976,2,26,NOJ
dorsejo01,2008,2,33,POR
dorsero01,1971,13,204,PHO
dorsety01,2017,2,41,ATL
doseto01,1964,3,23,LAL
dostyro01,1981,7,148,GSW
dosunay01,2021,2,38,CHI
dotsoda01,2017,2,44,NYK
dotsohe01,1970,7,112,PHO
dotylo01,1950,8,88,TRI
doubyqu01,2006,1,19,SAC
doughdi01,1960,7,51,NYK
douglbr01,1986,3,57,SAC
douglch01,2008,2,40,NJN
douglja01,1971,16,226,BUF
dougljo01,1978,6,118,NOJ
douglle01,1976,1,4,DET
douglsh01,1989,2,28,MIA
douglto01,2009,1,29,LAL
doumbse01,2019,1,15,DET
douthma01,2004,2,56,LAL
doverda01,1971,10,161,BOS
doveso01,1967,1,4,DET
dowelde01,1987,2,37,WSB
downeda01,1963,4,30,SFW
downich01,1972,11,163,NYK
downist01,1973,1,17,BOS
downiwa01,1986,6,138,LAL
downsra01,1957,6,44,STL
doyleda01,1961,5,44,DET
doylege01,1973,6,94,PHO
doyleji01,1950,11,120,INO
doylemi02,1980,5,110,ATL
doyleri01,1984,5,112,DET
doziero01,2009,2,60,MIA
dragigo01,2008,2,45,SAS
dragita01,2008,2,53,UTA
dreiege01,1957,11,77,STL
dreilgr01,1986,2,26,IND
drejech01,2004,2,51,NJN
dreplmi01,1968,15,185,CIN
drewbr01,1998,1,16,HOU
drewjo01,1974,2,25,ATL
drewla01,1980,1,17,DET
drexlcl01,1983,1,14,POR
driscte01,1969,1,4,DET
drobnpr01,1997,2,49,WAS
drollra01,1976,7,121,BOS
dropowa01,1947,1,4,PRO
drosdbi01,1971,10,159,GSW
drumle01,1983,7,150,ATL
drumman01,2012,1,9,DET
drummsa01,1979,4,76,HOU
duartch01,2021,1,13,IND
duartra01,1969,12,160,SDR
dubljbo01,2013,2,59,MIN
duckedi01,1957,2,9,CIN
ducketo01,1985,6,123,ATL
duckhhe01,1954,9,79,NYK
duckwke01,1986,2,33,SAS
duckwla01,1970,9,145,BUF
dudlech01,1972,5,76,GSW
dudlech02,1987,4,75,CLE
dudleja01,2007,1,22,CHA
duenaro01,1997,2,58,CHI
duerote01,1979,3,48,DET
dueybi01,1972,9,141,GSW
dufflch01,1953,12,,PHW
duffto01,1966,5,49,PHI
duffybi01,1982,5,109,DEN
duffybo02,1962,2,12,STL
duffyha01,1958,11,75,MNL
duffyma01,1955,5,39,SYR
duggear01,1977,3,64,PHI
duggigl01,1951,6,51,BLB
duhonch01,2004,2,38,CHI
dukeswa01,1953,1,8,NYK
duklebo01,1970,11,181,LAL
dumarjo01,1985,1,18,DET
dumasri01,1968,7,83,CIN
dumasri02,1991,2,46,PHO
dumasto01,1994,1,19,DAL
dunbalo01,1975,4,59,PHI
duncaan01,1947,6,,NYK
duncaca01,1985,2,30,CLE
duncajo01,1967,10,112,SDR
duncajo02,1971,7,108,SEA
duncalo01,1986,6,128,WSB
duncati01,1997,1,1,SAS
dunhati01,1983,4,85,POR
dunklsp01,1993,2,51,IND
dunlaro01,1968,2,19,CHI
dunlemi01,1976,6,99,PHI
dunlemi02,2002,1,3,GSW
dunnje01,1972,7,107,SEA
dunnkr01,2016,1,5,MIN
dunnpa01,1956,6,44,NYK
dunnra01,1984,10,224,POR
dunnry01,2024,1,28,DEN
dunntr01,1977,2,41,POR
duponbe01,1974,9,152,SEA
duponje01,1958,13,84,CIN
duprite01,1980,9,180,DET
durandw01,1969,6,82,NYK
duranke01,2007,1,2,SEA
durenja01,2022,1,13,CHO
durenjo01,1980,1,19,UTA
durhaja01,1971,4,62,DET
durhapa01,1989,2,35,DAL
durrade01,1984,2,25,IND
durreke01,1971,1,4,CIN
durster01,1963,9,72,DET
dutchal01,1980,8,176,SEA
duvalde01,1974,2,30,WSB
dwyercl01,1955,8,64,SYR
dyerri01,1966,11,92,NYK
dykemcr01,1981,3,66,PHO
dykerge01,1953,4,,MLH
dykseto01,1970,8,134,BAL
dykstjo01,1983,9,204,PHO
dysonwa01,1972,5,75,PHO
eacklle01,1988,2,36,WSB
eakinji01,1968,5,57,SFW
earlac01,1993,1,19,BOS
earlycl01,2014,2,34,NYK
easleke01,1981,10,216,CHI
easonta01,2022,1,17,HOU
eatonma01,1979,5,107,PHO
eatonto01,1967,12,124,BAL
eavesje01,1982,3,55,UTA
ebankde01,2010,2,43,LAL
ebbenbi01,1957,3,18,DET
ebelijo01,1982,5,101,DET
eberhal01,1974,1,15,DET
eberlmi01,1968,16,195,LAL
ebertpa01,1954,5,38,MLH
ebind01,2003,1,26,MIN
ebronro01,1974,4,68,NYK
ebydo01,1953,6,,PHW
eckwost01,1979,9,177,POR
eddledi01,1949,3,,CHS
edelike01,1984,7,140,IND
edeyza01,2024,1,9,MEM
edgech01,1972,6,92,PHO
edgecvj01,2025,1,3,PHI
edmisdo01,1959,9,63,DET
edmonbo01,1964,6,48,BAL
edmonke01,1982,1,10,ATL
edmunda01,1975,7,112,PHO
edmunst01,1978,3,66,POR
edneyty01,1995,2,47,SAC
edwaran01,2020,1,1,MIN
edwarbi02,1953,12,,ROC
edwarbl01,1989,1,21,UTA
edwarbo01,1969,8,100,PHO
edwarca01,2019,2,33,PHI
edwarco01,2002,2,58,SAC
edwardo01,1993,1,15,ATL
edwarfr01,1981,1,22,PHI
edwarja01,1977,3,46,LAL
edwarja02,1989,2,33,LAC
edwarke01,1988,1,20,MIA
edwarke02,2021,2,44,BRK
edwarmi01,1965,6,52,PHI
edwarmi02,1978,5,106,DEN
edwarmi03,1982,10,208,UTA
edwaroz01,1973,3,40,CLE
edwarvi01,2018,2,52,UTA
eganja01,1961,3,29,PHW
eganjo01,1961,2,17,DET
ehlerbu01,1947,1,3,BOS
ehlocr01,1983,3,48,HOU
ehmanfr01,1955,4,32,SYR
eisleho01,1994,2,30,MIN
eisonwi01,1959,4,28,MNL
ekeziob01,1999,2,37,VAN
elamikh01,2000,2,34,CHI
elderph01,1973,17,205,CLE
eldrile01,1971,8,135,NYK
eliema01,1985,7,160,MIL
elismed01,1997,2,41,SEA
eliyali01,2006,2,44,ORL
ellebcj01,2020,2,46,POR
ellenhe01,2016,1,18,DET
ellinji01,1980,8,166,CLE
ellinwa01,2009,1,28,MIN
elliobo01,1977,2,42,PHI
ellioga01,1970,13,202,LAL
elliose01,1989,1,3,SAS
ellisbi01,1961,8,72,LAL
ellisbo01,1958,3,17,MNL
ellisbo02,1977,1,17,WSB
ellisch01,1969,5,62,CHI
ellisda01,1983,1,9,DAL
ellisjo01,1966,2,13,SFW
ellisla01,1992,1,5,DEN
ellisle01,1962,1,8,LAL
ellisle02,1991,1,22,LAC
ellismo01,2005,2,40,GSW
ellisno01,1963,4,29,BAL
ellispe01,1989,1,1,SAC
ellisra01,1979,6,120,POR
ellisro01,1992,2,49,PHO
ellissa01,1980,4,73,DEN
ellzyve01,1971,8,133,PHO
elmorbo01,1977,4,67,NJN
elmorga01,1987,6,133,MIL
elmorge01,1964,4,34,SFW
elmorle01,1974,1,13,WSB
elonuch01,2009,2,59,LAL
elrodri01,1982,8,177,PHO
elsonfr01,1999,2,41,DEN
elstoda01,1974,3,43,ATL
elyme01,2002,1,12,LAC
emanumi01,1984,9,190,WSB
embiijo01,2014,1,3,PHI
embryma01,1986,4,84,UTA
embrywa01,1958,3,23,STL
emmato01,1983,10,210,CHI
emmetan01,2004,2,35,SEA
endicbi01,1975,10,174,BOS
englaji01,1971,6,100,CHI
englama01,1985,6,127,WSB
englech01,1982,3,60,GSW
englejo01,1976,4,66,CLE
engleku01,1957,4,26,DET
engliaj01,1990,2,37,WSB
englial01,1976,2,23,MIL
englibi01,1969,10,131,DET
englicl01,1970,7,110,POR
engliki01,2012,2,44,DET
englima01,1948,9,,BLB
englisc01,1972,3,33,PHO
engrebi01,1961,14,105,NYK
ennisja01,2013,2,50,ATL
ennisty01,2014,1,18,PHO
entzmhe01,1978,7,138,DET
eppsle01,1968,11,135,SDR
eppsra01,1977,5,104,GSW
erdense01,2008,2,60,BOS
erdmana01,1997,2,57,UTA
eriasbo01,1954,5,43,ROC
erickbi01,1950,7,76,TRI
erickda01,1963,4,31,DET
erickke01,1965,3,21,SFW
erickri01,1970,19,237,SDR
erickst01,1974,5,83,GSW
eriksma01,2015,2,50,ATL
ernstvi01,1963,6,54,BOS
errecjo01,1974,6,101,GSW
ervinbu01,1967,10,111,PHI
ervinca01,1980,7,158,SEA
ervinju01,1972,1,12,MIL
eschmev01,1999,2,34,NJN
essenno01,2025,1,12,CHI
esterpa01,1954,7,59,BOS
estesro01,1982,10,210,KCK
evansbi01,1969,13,175,BOS
evansbi02,1955,5,34,ROC
evansbi03,1949,,,BLB
evansbo01,1949,4,,INJ
evansbo02,1984,7,154,UTA
evansbr01,1996,1,27,ORL
evansda01,1983,7,143,SDC
evansea01,1978,8,157,DET
evanshu01,1963,12,80,STL
evansja01,2017,2,39,PHI
evansja02,2018,1,28,GSW
evansja03,1959,11,77,MNL
evansje01,2010,2,55,UTA
evanske02,1980,6,138,BOS
evansla01,1984,6,130,DAL
evansma02,1968,13,161,SDR
evansmi01,1978,1,21,DEN
evansos01,1972,8,121,ATL
evansra01,1947,2,,NYK
evansro01,1972,8,116,CLE
evanste01,1974,9,148,PHO
evansti01,1978,6,131,POR
evansty01,2009,1,4,SAC
evereda01,1976,4,56,POR
evereje01,1985,3,56,PHO
eversch01,1986,6,130,UTA
eversmi01,1979,7,133,CHI
ewingda01,2005,2,32,LAC
ewingdi01,1979,7,136,IND
ewingpa01,1985,1,1,NYK
ewingpa02,2008,2,43,SAC
exumce01,1984,9,194,DEN
exumda01,2014,1,5,UTA
eydtfr01,1952,7,,BOS
eyengch01,2009,1,30,CLE
ezelife01,2012,1,30,GSW
ezersjo01,1947,4,,BOS
fabered01,1948,5,,PRO
faggich01,1982,8,179,SAS
faheymi01,1975,10,173,WSB
fahrbch01,1979,10,193,MIL
fainejo01,1981,7,151,HOU
faircjo01,1965,2,19,LAL
fairspa01,1987,5,106,WSB
fairte01,1983,4,72,IND
falcojo01,1974,9,153,BUF
falkeri01,1967,10,107,STL
falkri01,1964,7,63,BOS
fannojo01,1956,7,56,PHW
farieke01,2011,1,22,DEN
farledi01,1954,2,15,SYR
farlege01,1960,5,34,LAL
farmajo01,2006,1,26,LAL
farmeji01,1987,1,20,DAL
farmela01,1973,7,108,CLE
farmemi01,1958,1,3,NYK
fasoupa01,1986,2,37,POR
faszhto01,1961,10,90,STL
faulkhu01,1951,9,82,PHW
faulkje01,1974,7,116,SEA
favorde01,2010,1,3,NJN
favorpa01,1970,16,225,CIN
fayji01,1955,7,53,NYK
fazekni01,2007,2,34,DAL
fearsje01,2025,1,7,NOP
feathbr01,1974,10,178,MIL
federda01,1984,5,114,PHI
fedorda01,1962,3,25,SFW
feherbu01,1976,2,33,PHO
fehsepe01,2002,2,49,SEA
feickja01,1996,2,48,PHI
feierro01,1953,2,18,MNL
feitlda01,1986,2,43,HOU
feldeka01,2016,2,54,ATL
felixca01,2013,2,33,CLE
felixra01,1953,1,2,BLB
felleed01,1968,15,186,NYK
fellmge01,1948,10,,BLB
feltge01,1947,7,,BOS
feltora01,2005,1,5,CHA
fenderu01,1958,7,56,BOS
fendlja01,1951,3,24,FTW
fergubo01,1968,16,194,NYK
ferguge01,1957,7,51,MNL
fergute01,2017,1,21,OKC
fernabr01,2019,2,34,PHI
fernaru01,2007,1,24,PHO
fernser01,1975,4,62,CLE
ferraal01,1955,3,17,STL
ferrami01,1981,3,48,WSB
ferrero01,1988,2,26,POR
ferriar01,1948,3,,MNL
ferrybo01,1959,1,7,STL
ferrybo02,1985,7,146,ATL
ferryda01,1989,1,2,LAC
fesenky01,2007,2,38,PHI
fetisan01,1994,2,36,BOS
fieldan01,1979,2,40,POR
fieldbo01,1971,4,54,POR
fieldda01,1978,9,178,NYK
fielded01,1973,10,163,NYK
fieldke01,1984,1,21,MIL
fieldla01,2010,2,39,NYK
fieldst01,1975,7,114,POR
fifeda01,1971,10,168,MIL
figarke01,1981,4,75,ATL
filipky01,2024,2,32,UTA
filipro01,1967,9,100,PHI
fillmgr01,1970,8,136,NYK
finchda01,1954,7,63,MNL
finchla01,1973,4,68,LAL
findlbe01,1960,9,67,SYR
finegl01,1979,10,199,SAS
finkeha01,1964,4,32,LAL
finlege01,1961,4,35,DET
finlemi01,1995,1,21,PHO
finnejo01,1970,4,52,SDR
fishech01,1983,9,206,PHI
fishede01,1996,1,24,LAL
fishege01,1966,6,51,NYK
fisheki01,1978,8,156,BOS
fisheri01,1971,2,27,POR
fishma01,1992,2,50,GSW
fittjo01,1955,7,49,STL
fitzgfr01,1971,8,123,CIN
fitzgke01,1974,7,113,HOU
fizerma01,2000,1,4,CHI
flaggco01,2025,1,1,DAL
fleisbo01,1975,4,70,BUF
fleiser01,1979,10,191,NJN
flemial01,1976,2,30,PHO
flemied01,1955,3,18,ROC
flemier01,1971,9,140,ATL
flemija01,1971,15,221,DET
flemira01,2025,2,31,MIN
flemive01,1984,1,18,IND
flemivi01,1984,2,26,POR
fletcro01,1952,6,,MNL
flickgo01,1948,5,,STB
flintst01,1984,8,180,POR
florado01,1958,4,32,BOS
florebo01,1974,8,139,LAL
florelu01,2004,2,55,HOU
flowebr01,1979,2,26,CLE
flowejo01,1986,6,126,SAC
floweke01,1953,4,,MNL
floydch01,1979,3,66,WSB
floydda01,1956,3,18,STL
floyder01,1984,5,113,MIL
floydja01,1973,6,101,MIL
floydji01,1972,8,122,BAL
floydsl01,1982,1,13,NJN
flyebi01,1984,5,105,PHO
flynnjo01,2009,1,6,MIN
flynnma01,2020,1,29,TOR
flynnmi01,1975,7,113,PHI
flynnra01,1963,4,34,PHI
foglela01,1975,2,34,NYK
foleyha01,1950,10,116,ROC
foleyja01,1962,2,18,BOS
foleypa01,1969,7,92,SFW
fontale01,1970,5,70,SFW
fontebb01,1982,6,122,CHI
fonvile01,1987,2,29,POR
fopmaev01,1973,9,146,GSW
forbeji01,1974,4,70,CHI
forbero01,1969,12,163,BOS
forbest01,1960,11,76,LAL
forchto01,1980,7,149,DAL
fordal01,1993,2,32,PHI
fordal02,2001,2,51,PHO
fordbo01,1972,5,74,NYK
fordch01,1972,2,17,DET
fordcu01,1971,7,114,PHI
forddo01,1975,6,92,LAL
fordfr01,1987,6,138,LAL
fordge01,1969,4,57,BAL
fordja01,1969,5,65,CIN
fordph01,1978,1,2,KCK
fordsh01,1995,1,26,SEA
fordtj01,2003,1,8,MIL
foresde01,1977,7,149,PHI
formama01,1950,10,109,BOS
forreba01,1975,3,54,PHO
fortech01,1957,7,49,CIN
fortejo01,2001,1,21,BOS
fortipa01,1986,5,104,WSB
fortje01,1976,3,51,BOS
fortsda01,1997,1,10,MIL
fosnego01,1957,10,71,MNL
fosneje01,1976,4,68,GSW
fostebe01,1968,15,188,ATL
fostebi01,1980,10,203,CHI
fostefr01,1968,3,28,CIN
fostegr01,1990,2,35,WSB
fosteja01,1974,4,57,CLE
fosteje01,1999,1,21,GSW
fosteje02,1962,6,51,CIN
fosteji01,1984,5,102,KCK
fostemi01,1987,7,144,CLE
fostero01,1983,2,28,PHO
fostesh01,2008,2,51,DAL
fostetr01,1987,6,131,PHI
fostety01,1975,10,166,POR
fothema01,1984,8,174,PHO
fotsian01,2001,2,48,MEM
fournev01,2012,1,20,DEN
foustla01,1950,1,6,CHS
foutswa01,1962,8,64,NYK
fowlege01,1978,8,167,PHO
fowlktr01,1998,2,54,DEN
foxda01,1967,12,130,SFW
foxde01,2017,1,5,SAC
foxha01,1972,2,15,BUF
foxji01,1965,8,70,CIN
foxjo01,1987,3,56,CHI
foxmi01,1975,10,169,DET
foxri01,1991,1,24,BOS
foyera01,2006,1,7,BOS
foylead01,1997,1,8,GSW
fralejo01,1973,15,195,BUF
francba01,1984,7,158,DET
francbe01,1956,3,24,PHW
francst01,1999,1,2,VAN
frankal01,1986,4,80,SAC
frankja01,2013,2,41,MEM
frankjo01,1968,5,63,MIL
frankla01,1965,14,103,CIN
frankmi01,1975,7,124,BUF
frankte01,1987,1,14,GSW
frankwa01,1960,4,26,LAL
frankwi01,1972,7,110,GSW
franzro01,1967,4,33,DET
frazime01,2018,2,35,ORL
frazimi02,1981,10,209,ATL
fraziri01,1982,2,26,CHI
fraziro01,1981,4,83,IND
fraziwa01,1967,1,5,NYK
fraziwi01,1965,2,12,SFW
fredean01,1986,6,133,DEN
fredeji01,2011,1,10,MIL
fredrvi01,1970,4,67,MIL
fredrza01,1981,3,51,LAL
freeljo01,2006,1,30,POR
freemdo01,1966,3,29,PHI
freemen01,2024,2,50,IND
freemga01,1970,1,16,MIL
freemro01,1973,11,166,PHI
freemro02,1956,4,26,STL
freeri01,1979,9,173,NJN
freewo01,1975,2,23,PHI
freibma01,1951,1,3,INO
freijma01,2004,2,53,MIA
frencke01,1980,9,196,PHO
freyje01,1977,8,158,SEA
frienla01,1957,2,13,NYK
frinkpa01,1968,3,27,CIN
frinsla01,1969,11,150,BOS
fritsji01,1953,1,9,MNL
fritzvi01,1969,9,116,SEA
fromacu01,1965,11,86,PHI
fronkro01,1981,6,129,IND
frostda01,1976,4,59,MIL
fryech01,2005,1,8,NYK
fryerbe01,1972,7,109,PHO
fullebo01,1973,9,140,BUF
fulleca01,1967,7,73,STL
fullejw01,1948,11,,BLB
fulleto01,1980,5,93,DET
fulleto02,1996,1,11,GSW
fullewa01,1970,4,56,CIN
fulmeji01,1958,5,34,CIN
fultzjo01,1970,5,81,LAL
fultzma01,2017,1,1,PHI
fundela01,1994,2,51,SAC
funkhpa01,1970,14,211,CHI
fuquari01,1973,4,69,BOS
fureydi01,1947,4,,PRO
furlojo01,1951,3,27,BOS
furlote01,1976,1,12,PHI
furphjo01,2024,2,35,SAS
furrydi01,1960,13,86,NYK
gaborbi01,1948,2,,ROC
gabrima01,1970,19,239,POR
gaddyan01,1982,4,85,HOU
gadjufr01,1967,12,129,CIN
gadzuda01,2002,2,34,MIL
gaffoda01,2019,2,38,CHI
gainebi01,1968,15,182,SDR
gaineco01,1988,3,65,SEA
gainedi01,1957,7,54,SYR
gaineel01,1947,8,,BLB
gainejo01,1972,6,81,POR
gainere01,2003,1,15,ORL
gainere02,1980,3,67,PHI
gaithma01,1984,5,108,UTA
galbojo01,1967,10,109,SFW
galemi01,1971,3,47,CHI
galero01,1948,1,7,STB
galisni01,1979,4,68,BOS
gallach01,1991,2,32,PHO
gallaha01,1947,4,,BLB
gallato01,1949,,,BLB
gallida01,2008,1,6,NYK
gallojo01,1960,9,69,PHW
gallori01,1978,3,51,SDC
galloti01,2010,2,47,MIL
galvied01,1955,7,55,SYR
galvijo01,1980,5,100,IND
gambeda01,1958,1,7,STL
gamblke01,1987,3,63,POR
gammecu01,1966,11,93,STL
gannoma01,1983,8,166,SDC
ganttma01,1972,4,59,PHO
garcifr01,2005,1,23,SAC
gardnch01,1966,9,80,BAL
gardnea01,1948,4,,MNL
gardnjo01,1984,7,143,HOU
gardnke01,1971,5,82,PHO
gardnth02,1982,7,141,UTA
gardnve01,1949,1,6,PHW
garibbo01,1964,8,70,SFW
garlada01,2019,1,5,CLE
garlaga01,1979,2,30,DEN
garlawi01,1987,2,40,MIL
garmadi01,1954,9,80,MNL
garnebi01,1962,8,70,LAL
garnebi02,1982,1,4,DAL
garneke01,1995,1,5,MIN
garneri01,1972,10,152,NYK
garrebi02,1951,2,17,BOS
garreca01,1979,3,47,CHI
garrede01,1988,2,38,PHO
garredi01,1969,2,27,LAL
garrejo01,1975,6,107,WSB
garreli01,1979,4,77,SDC
garrero01,1972,5,78,CHI
garreti01,1984,7,145,WSB
garrijo01,1983,2,27,CLE
garripa01,1998,1,19,MIL
garrito01,1988,2,45,LAC
garubus01,2021,1,23,HOU
garviji01,1973,17,204,BUF
garygr01,1971,4,59,GSW
garzaji01,1967,15,149,CHI
garzalu01,2021,2,52,DET
gaskibi01,1970,9,144,POR
gasolma01,2007,2,48,LAL
gasolpa01,2001,1,3,ATL
gaspaga01,1983,9,203,SAS
gatesqu01,1987,6,135,DAL
gatewga01,1984,7,152,SEA
gathege01,1971,7,115,LAL
gatlich01,1991,1,16,GSW
gattike01,1986,3,55,PHO
gattito01,1983,7,155,SEA
gaudipe01,1958,10,72,DET
gavitpe01,1973,18,208,BOS
gayda01,1983,4,80,WSB
gaydaed01,1950,2,16,TRI
gayespe01,1969,9,123,ATL
gayru01,2006,1,8,HOU
gbinimi01,2016,2,49,DET
gearyre01,1996,2,56,CLE
gehrije01,1965,7,62,CIN
geigema01,1992,2,42,MIA
gelabmi01,2005,2,48,SEA
gellebo01,1953,13,,MNL
gembema01,1948,12,,BLB
generbr01,1964,3,19,NYK
gennato01,1964,5,37,NYK
gential01,2014,2,53,MIN
gentpe01,1964,14,98,BAL
georgde01,1999,1,23,LAL
georgja01,1953,13,,PHW
georgke01,2023,1,16,UTA
georgky01,2024,1,24,NYK
georgpa01,2010,1,10,IND
georgta01,1990,1,22,NJN
gerargu01,1975,3,50,POR
gerbeji01,1953,10,,ROC
gerdyjo01,1979,3,51,NJN
gerlaca01,1976,7,106,ATL
gerremi01,1984,5,109,NJN
gervide01,1985,4,90,PHI
gervige01,1974,3,40,PHO
gerwipa01,1951,10,85,PHW
gettyre01,1985,5,103,CHI
gianejo01,1972,2,20,HOU
giannpa01,1982,9,205,BOS
gibblbr01,1976,8,127,POR
gibbojo01,1957,9,69,BOS
gibbsdi01,1971,3,49,CHI
gibsobe01,1952,5,,NYK
gibsoda01,2006,2,42,CLE
gibsode01,1948,5,,MNL
gibsoge01,1977,6,129,PHI
gibsoje01,1957,11,78,PHW
gibsola01,1979,3,52,MIL
gibsome01,1963,2,17,LAL
gibsomi01,1982,2,44,WSB
gibsota01,2009,1,26,CHI
gibsowe01,1982,7,150,WSB
giddejo01,2021,1,6,OKC
giddejr01,2008,1,30,BOS
giddier01,1978,4,79,NYK
giegejo01,1964,8,71,CIN
giermch01,1950,4,46,ROC
gilbeal01,1980,6,132,MIL
gilbeja01,1970,5,69,SDR
gilbeji01,1986,5,98,CHI
gilchja01,1973,15,198,BOS
gilcrle01,1953,9,,BOS
gilesch01,1982,5,105,NJN
gilesha01,2017,1,20,POR
gilesvi01,1985,6,133,DET
gilgesh01,2018,1,11,CHO
gillebi01,1967,10,103,BAL
gilleja01,1969,12,166,LAL
gilliar01,1987,1,2,PHO
gillifr01,1983,6,122,UTA
gillihe01,1968,13,163,CHI
gilliro01,1973,14,190,BUF
gillita01,1960,17,96,NYK
gillke01,1990,1,5,CHH
gilloja01,1978,7,148,DEN
gilmoar01,1971,7,117,CHI
gilmowa01,1970,2,25,POR
gilmowi01,1962,14,98,STL
gilrofr01,1981,8,183,PHI
ginobma01,1999,2,57,SAS
giomimi01,1987,7,147,SEA
gipsoal01,1985,7,145,SAC
giricgo01,1999,2,40,DAL
gishri01,1951,5,47,BOS
gistja01,2008,2,57,SAS
givenja01,1978,1,16,ATL
givenjo01,1950,6,70,ROC
gladnje01,1977,8,164,SAS
gladyse01,2009,2,49,ATL
glasero01,1963,5,38,BAL
glasgge01,1953,2,13,FTW
glasgwa01,1950,6,71,MNL
glassge01,1990,1,20,MIN
glassma01,1984,4,75,LAC
glasswi01,1987,3,69,LAL
glennmi01,1977,2,23,CHI
glinsjo01,1954,12,98,PHW
gloucge01,1985,7,148,PHO
glovecl01,1971,1,10,BOS
glovedi01,1999,1,20,ATL
glovefr01,1964,11,88,BAL
glovege01,1978,6,120,ATL
glovejo01,1972,6,85,PHI
glowast01,1955,11,86,SYR
glurge01,1963,10,74,NYK
glynian01,2003,2,58,DET
gminsmi01,1980,1,7,NJN
gnadha01,1987,3,57,PHI
gneitto01,1987,6,124,SEA
goberru01,2013,1,27,DEN
godboch01,1984,8,184,BOS
godfrjo01,1968,14,178,LAL
godinka01,1980,7,151,WSB
goedejo01,1979,8,160,ATL
goerrro01,1954,9,73,BLB
goetzki01,1979,2,34,NYK
golato01,1955,1,3,PHW
goldbdi01,1961,6,56,PHW
golderu01,1971,8,128,BAL
goldewa01,1977,6,116,NOJ
goldsdo01,1959,2,10,DET
goldwan01,1994,2,52,PHO
golsora01,1972,14,186,PHO
golubed01,1947,3,,NYK
gomesro01,1987,7,146,DEN
gomesry01,2005,2,50,BOS
gondrgl01,1977,2,26,NYK
gondrgr01,1986,4,77,PHO
gonzahu01,2025,1,28,BOS
gonzajo01,1988,3,54,ATL
gonzaro01,1983,7,147,DET
goodabo01,1960,6,42,LAL
goodean01,1985,3,60,DET
goodedr01,2002,1,4,MEM
goodeed01,1971,13,205,CHI
goodnga01,1978,5,91,HOU
goodrga01,1965,1,10,LAL
goodwar01,2013,1,29,OKC
goodwbi01,1983,3,65,MIL
goodwda01,1986,7,147,PHO
goodwlu01,1985,4,71,GSW
goodych01,1977,6,113,MIL
goorjgr01,1983,9,190,GSW
gordoaa01,2014,1,4,ORL
gordobe01,2004,1,3,CHI
gordobi01,1977,5,92,ATL
gordoer01,2008,1,7,LAC
gordola01,1984,1,8,LAC
gordone01,1953,2,17,NYK
gordopa01,1949,3,,BLB
gordowi01,1974,4,62,SEA
gortama01,2005,2,57,PHO
gossbo01,1953,13,,ROC
gossebi01,1951,2,12,TRI
gottfma01,1987,7,157,DET
gottri01,1953,16,,BLB
gottsji01,1970,9,137,SDR
goudean01,2011,2,46,LAL
govandw01,1975,5,84,SEA
govange01,1964,11,90,STL
govedba01,1951,3,25,SYR
grabiwa01,1972,3,44,BOS
graceri01,1988,3,67,UTA
gradybo01,1982,7,142,DAL
gradyji01,1977,5,94,NOJ
grahade01,2018,2,34,ATL
grahaer01,1981,3,68,PHI
grahaga01,1987,6,126,IND
grahagr01,1993,1,17,CHH
grahajo01,2005,1,16,TOR
grahama01,1967,1,11,BOS
grahami01,1956,13,89,SYR
grahami02,1986,4,76,SEA
grahaor01,1988,2,40,MIA
grahawi01,1971,6,99,PHO
gramsge01,1966,11,96,LAL
granafr01,1965,8,66,NYK
grandji01,1984,4,76,WSB
grandro01,1987,5,100,DEN
granemi01,1960,3,24,BOS
grangda01,2005,1,17,IND
grangst01,1983,1,24,CLE
grantal01,1966,9,79,STL
grantbr01,1994,1,8,SAC
grantbu01,1950,4,47,MNL
grantga01,1988,1,15,SEA
grantgr01,1989,2,52,PHO
grantgr02,1986,6,132,DET
grantha01,1988,1,12,WSB
grantha02,1968,18,204,SDR
grantho01,1987,1,10,CHI
grantje01,2014,2,39,PHI
grantje02,2015,1,19,WAS
grantjo01,1993,2,43,DEN
grantpa01,1997,1,20,MIN
grantro01,1974,3,51,DET
grantst01,1978,3,54,ATL
granttr01,1972,1,13,LAL
grauzda01,1978,10,189,DET
gravebu01,1984,3,68,PHI
graveje01,1961,2,11,CHP
grawmph01,1956,10,73,MNL
grayaa01,2007,2,49,CHI
graycje01,1977,6,120,NYK
grayed01,1997,1,22,ATL
grayeje01,1988,1,13,MIL
grayga01,1967,3,26,CIN
grayhe01,1961,9,82,STL
grayke01,1985,7,150,WSB
grayla01,1970,13,196,CIN
grayle01,1973,3,45,ATL
grayra01,2021,2,59,BRK
grayro02,1976,5,80,SEA
grayst01,1984,2,29,IND
grayst03,1963,3,21,SFW
graysy01,1988,2,35,MIA
graziji01,1980,9,184,DEN
greacbo01,1969,2,17,MIL
greenac01,1985,1,23,LAL
greenal01,1979,3,64,PHO
greenar01,1981,10,221,MIL
greenbi01,1963,1,9,BOS
greenca01,1971,12,194,NYK
greenco01,1962,5,37,CHZ
greencu01,1984,3,64,NYK
greenda01,1979,1,2,CHI
greenda02,2009,2,46,CLE
greendo01,2008,1,28,MEM
greendr01,2012,2,35,GSW
greened01,1984,9,204,MIL
greener01,2013,2,46,UTA
greenge01,2005,1,18,BOS
greengl01,1983,6,129,DEN
greengr01,1978,5,100,NYK
greenja03,1972,12,169,ATL
greenja04,1973,7,104,PHI
greenja05,2021,1,2,HOU
greenje01,1963,3,25,PHI
greenje02,2007,1,5,BOS
greenjo01,1959,1,6,NYK
greenjo02,2020,1,18,DAL
greenjo03,1950,8,89,WSC
greenjo04,1962,3,26,LAL
greenjo05,1973,16,200,BUF
greenjo06,1979,5,94,NYK
greenke01,1981,2,34,DEN
greenke02,1985,1,12,WSB
greenla01,1969,3,33,PHO
greenli01,1992,2,39,CHI
greenli02,1979,4,80,HOU
greenlu01,1969,3,41,CIN
greenmi01,1973,1,4,SEA
greenor01,2005,2,53,BOS
greenra01,1971,9,145,BOS
greenri01,1977,1,16,GSW
greense01,1991,2,41,IND
greensi01,1956,1,1,ROC
greensi02,1983,1,5,CHI
greenst01,1975,2,30,CHI
greenta01,2007,2,52,POR
greento01,1978,2,35,NOJ
greenwi01,2003,2,41,SEA
greerha01,1958,2,14,SYR
greerly02,1973,11,170,PHO
greermo01,1980,8,164,CHI
gregged01,1976,8,131,LAL
gregocl01,1981,2,41,WSB
gregodi01,1982,4,81,WSB
gregoga01,1967,3,24,NYK
greigjo01,1982,3,65,SEA
grekino01,1953,3,,PHW
greveke01,1975,1,18,WSB
greyje01,1979,7,139,SDC
griercl01,1987,7,151,HOU
grierto01,1982,4,87,SAS
griffaj01,2022,1,16,ATL
griffan01,1981,5,99,SEA
griffbl01,2009,1,1,LAC
griffda01,1980,1,2,UTA
griffdo01,1969,4,55,ATL
griffed01,2001,1,7,NJN
griffgr01,1977,4,71,PHO
griffja01,1982,4,80,NJN
grifflu01,1980,9,198,PHI
griffpa01,1976,5,74,NOJ
griffra01,1995,2,38,MIL
griffro01,1978,1,17,DEN
griffta01,2009,2,48,PHO
grigsch01,1952,2,,BLB
grimeke01,1948,9,,NYK
grimequ01,2021,1,25,LAC
grimfr01,1958,5,38,SYR
grizzro01,2002,2,39,WAS
groatdi01,1952,1,3,FTW
grochjo01,1975,7,122,CHI
groomtr01,1980,6,131,KCK
grossbo01,1975,2,25,POR
grossca01,1957,9,66,STL
grossdi01,1953,9,,ROC
grossmi01,1969,3,42,PHI
grossyo01,1983,4,83,DEN
grotech01,1959,7,52,MNL
groteje01,1962,4,30,STL
grotest01,1977,3,55,CLE
grovedi01,1969,16,198,SDR
grozaal01,1949,1,2,INJ
grubadi01,1969,6,83,LAL
grundal01,1967,8,90,SDR
grunfer01,1977,1,11,MIL
grunwgl01,1981,5,115,BOS
guarige01,1959,2,16,BOS
gudaiar01,2015,2,47,PHI
gudmupe01,1981,3,61,POR
gueriri01,1954,2,17,NYK
gueyemo02,2023,2,39,CHO
guglito01,1992,1,6,WSB
guiggte01,1971,15,219,HOU
guisnfr01,1952,5,,BLB
guminru01,1966,8,76,BOS
gunthda01,1959,8,58,PHW
guokama02,1966,1,9,PHI
gussnbo01,1953,15,,MNL
guydogu01,1961,4,39,STL
guyegr01,1979,6,117,IND
guyetbo01,1975,3,49,KCK
guyky01,2019,2,55,NYK
guymoji01,1971,5,72,CIN
guyto01,1982,2,46,BOS
guytoaj01,2000,2,32,CHI
guziaro01,1968,6,66,SEA
gwynnto01,1981,10,210,SDC
haagcl01,1952,7,,MNL
haavejo01,1957,8,58,MNL
haberda01,1977,5,96,SEA
hachiru01,2019,1,9,WAS
hackemi01,1982,3,67,LAL
hackeru01,1975,3,37,NOJ
haderji01,1971,8,127,GSW
hadnoji01,1962,3,27,BOS
haeniri01,1984,7,161,LAL
hafercl01,1957,11,76,CIN
haffnsc01,1989,2,45,MIA
hafleto01,1982,9,185,CLE
hagancl01,1953,3,,BOS
hagangl01,1978,2,43,PHI
haganji01,1960,3,18,LAL
haganto01,1969,3,36,SFW
haganwi01,1953,7,,FTW
haggato01,1969,17,206,BAL
haglebi01,1951,4,31,BLB
haiglro01,1975,4,68,CHI
hairsal01,1968,5,52,SEA
hairsha01,1964,4,35,CIN
hairsli01,1975,4,64,DET
hairsma01,2008,2,48,PHO
hairspj02,2014,1,26,MIA
haislma01,2002,1,13,MIL
haitcma01,1949,,,WSC
halbrsw01,1956,4,29,SYR
haldobu01,1955,4,25,STL
halest01,1986,4,81,NJN
haleyja01,1987,4,79,CHI
halibty01,2020,1,12,SAC
halimsh01,1968,1,14,PHI
hallch01,1972,16,196,CHI
hallda01,1972,10,148,KCO
hallde01,2018,2,53,OKC
hallgr01,1985,4,78,PHO
hallha01,1969,12,159,CHI
hallije01,1971,3,39,ATL
hallje01,1986,6,118,IND
hallke01,1969,18,208,MIL
hallma01,1982,5,102,ATL
hallmar01,1980,2,46,BOS
hallra01,1985,5,105,UTA
halpeyo01,2006,2,53,SEA
halsema01,1984,4,77,CHI
halusad02,2007,2,43,NOK
hamerst01,1996,2,38,BOS
hamilda02,2016,2,56,DEN
hamilda03,1969,7,98,PHI
hamilde02,1988,3,52,NJN
hamilfo01,1953,9,,NYK
hamiljo01,1970,9,152,MIL
hamiljo02,2011,1,26,DAL
hamilju01,2012,2,45,PHI
hamilke01,1980,4,92,BOS
hamilri01,1999,1,7,WAS
hamilro01,1979,1,10,DET
hamilsc01,1947,6,,BLB
hamilst01,1957,9,67,PHW
hamilve01,1999,2,50,HOU
hamilvi01,1985,4,72,IND
hammebr01,1975,3,43,MIL
hammibr01,1975,8,143,WSB
hammige01,1993,1,26,ORL
hammoaj01,2016,2,46,DAL
hammoju01,1966,9,82,LAL
hammoto01,1989,1,9,WSB
hammyro01,1978,8,155,KCK
hamptan01,1975,5,73,NOJ
hampthu01,1947,7,,BLB
hamptla01,1985,5,100,ATL
hamptrj01,2020,1,24,MIL
hamptto01,1986,6,129,POR
hancoda01,1994,2,38,CHH
handjo01,1980,10,213,PHI
handlga01,1972,15,191,BAL
handlja01,1952,5,,INO
handsja01,2019,2,56,LAC
haneyda01,1959,7,53,SYR
hangaad01,2011,2,59,SAS
hangech01,1948,1,9,MNL
hankiph01,1973,2,35,BOS
hanlaol01,2015,2,42,UTA
hanlecl01,1986,5,109,DET
hanlejo01,1983,10,208,CLE
hanlemi01,1977,5,90,BUF
hannaji01,1960,14,90,NYK
hannare01,1982,4,70,CLE
hannbi01,1969,4,53,ATL
hannual01,1948,4,,INJ
hansbty01,2009,1,13,IND
hansebo01,1983,3,54,UTA
hansegl01,1975,2,31,KCK
hansela01,1976,3,37,CHI
hansetr01,2003,2,37,ATL
hansevi01,1948,13,,BLB
hansobi01,1962,6,46,CHZ
hansole01,1980,7,160,BOS
hansoto01,1977,3,50,NOJ
hanzlbi01,1980,1,20,SEA
haranlu01,2010,2,52,BOS
hardaan01,1993,1,3,GSW
hardati01,1989,1,14,GSW
hardati02,2013,1,24,NYK
hardeja01,2009,1,3,OKC
hardero01,1986,5,115,LAL
hardibe01,1974,5,74,POR
hardide01,2008,2,50,SEA
hardire01,1962,4,31,DET
hardnch01,1962,3,21,STL
hardyda01,1967,3,21,DET
hardyer01,1970,13,195,DET
hardyja01,1978,1,11,NOJ
hardyja02,2022,2,37,SAC
hargehe01,1951,4,34,FTW
hargeir01,1963,7,58,DET
hargely01,1963,3,26,LAL
harklma01,2012,1,15,PHI
harknje01,1962,8,67,SYR
harlisk01,1968,1,13,ATL
harlojo01,1968,14,177,NYK
harmale01,1959,4,31,STL
harmari01,1950,6,62,BLB
harmoge01,1974,6,107,BOS
harpebi01,1951,8,71,BLB
harpech01,1985,6,128,SAS
harpede01,1983,1,11,DAL
harpedy01,2025,1,2,SAS
harpeje01,1956,3,20,NYK
harpeju01,2011,2,32,CLE
harpema01,1975,10,171,GSW
harpemi01,1980,3,56,POR
harpero01,1986,1,8,CLE
harpeva01,1967,6,57,DET
harprma01,1998,1,15,ORL
harrala01,1975,9,148,PHI
harrebi01,1952,6,,INO
harrejo01,2011,2,45,NOH
harremo01,2015,2,32,HOU
harrial01,1998,1,25,IND
harrian01,2015,2,44,PHO
harriar01,1968,2,16,SEA
harribe01,1974,4,63,BUF
harribi01,1973,7,115,CHI
harribo01,1949,1,3,FTW
harribo02,1949,2,23,MNL
harribr01,1956,7,55,FTW
harribu01,1971,14,208,CLE
harrich02,1984,6,132,UTA
harrich03,1984,7,148,KCK
harricl01,1971,4,52,CLE
harricl02,1973,5,77,PHO
harrida01,2004,1,29,IND
harride01,2004,1,5,WAS
harridi01,1968,16,193,CIN
harrido01,1983,8,169,GSW
harriea01,1984,4,91,PHI
harriga01,2014,1,19,CHI
harrigo01,1967,6,67,SEA
harrihe01,1972,8,120,HOU
harrihe02,1977,2,43,PHI
harrija01,2020,2,59,TOR
harrijo01,2014,2,33,CLE
harrijo02,1967,11,120,BOS
harrijo03,1969,15,194,BAL
harriju02,1973,4,56,SEA
harrila01,1978,4,73,SDC
harrili01,1973,15,194,PHI
harrilu01,1993,2,28,DAL
harrilu02,1977,7,137,NOJ
harrimi02,1955,12,91,NYK
harriot01,1996,2,30,HOU
harripe01,1973,7,113,ATL
harripe02,1981,6,135,PHO
harriph01,1968,12,157,ATL
harriro01,1972,5,79,MIL
harriru01,1980,5,115,BOS
harrist01,1985,1,19,HOU
harrist02,1983,3,60,KCK
harrito02,2011,1,19,CHA
harrito03,1977,8,161,BOS
harriwa01,1978,10,188,BOS
harroto01,1955,7,56,FTW
harteis01,2017,2,43,HOU
harteji01,1966,14,105,BAL
harthe01,1960,12,82,NYK
hartja01,2000,2,49,MIL
hartjo01,2017,1,30,UTA
hartmca01,1955,11,83,BOS
hartnbu01,1978,6,122,GSW
hartsda01,1979,6,123,PHI
harvedi01,1960,10,71,LAL
harvedo01,2000,1,22,NYK
harvesh01,1996,2,34,DAL
harvety01,2015,2,51,ORL
haskiaa01,1983,10,219,KCK
haskicl01,1967,1,3,CHI
haskiha01,1950,2,23,MNL
haskisc01,1993,1,14,IND
hassejo01,1977,3,52,SEA
hassetr01,2001,2,30,CHI
hastied01,1973,11,174,BOS
hastisc01,1982,2,29,NYK
hastoki01,2001,1,16,CHH
hatchmo01,1987,7,149,IND
hathate01,1975,3,45,CLE
hattogo01,1964,7,58,PHI
hattoto01,1962,5,39,STL
hattove01,1958,2,10,CIN
hatzele01,1981,8,174,IND
hauberi01,1972,15,188,POR
hauermi01,1970,9,148,PHI
hauptba01,1976,3,44,HOU
hauptge01,1948,1,3,BOS
hauseja01,1948,9,,BOS
havenle01,1974,9,146,POR
havlijo01,1962,1,9,BOS
hawessp01,2007,1,10,SAC
hawesst01,1972,2,24,CLE
hawkihe01,1988,1,6,LAC
hawkijo01,2023,1,14,NOP
hawkima01,1948,3,,BOS
hawkiro01,1975,3,51,GSW
hawkito01,1959,1,4,MNL
hawsri01,1975,9,155,SEA
hawthna01,1973,7,118,LAL
hayesel01,1968,1,1,SDR
hayesja01,2003,1,10,WAS
hayesja02,2019,1,8,ATL
hayesji01,1970,3,47,DET
hayeski01,2020,1,7,DET
hayesst01,1977,4,76,NYK
haymoma01,1978,5,109,PHI
hayneph01,1984,6,121,LAC
hayneto01,1981,8,168,SDC
haysbu01,1984,7,141,CHI
hayser01,1975,9,150,MIL
haywago01,2010,1,9,UTA
haywala01,2010,1,30,WAS
haywobr01,2001,1,20,CLE
haywosp01,1971,2,30,BUF
headdma01,1981,9,198,NYK
headed01,1951,7,70,MNL
headga01,1947,4,,NYK
headlu01,2005,1,24,HOU
healebo01,1950,8,96,SYR
healeji01,1969,8,110,NYK
heanebo01,1968,10,127,SFW
heanebr01,1969,19,215,BAL
heapve01,1948,6,,PRO
heardga01,1970,3,40,SEA
heardla01,1983,10,225,SAS
heardro01,1978,6,127,DEN
hearnji01,1976,5,72,DET
heathdo01,1950,9,103,NYK
heckmmi01,1969,14,184,SDR
heddehe01,1952,4,,BOS
heddela01,1958,10,73,PHW
heenake01,1979,10,192,GSW
hegwojo01,1982,9,186,SDC
heimbo01,1954,6,46,BLB
heinsto01,1956,1,6,BOS
heisedi01,1957,9,63,CIN
heisejo01,1968,6,68,BAL
heitzke01,1969,5,59,MIL
heitzto01,1984,8,163,IND
hellero01,1961,7,68,CHP
helmsar01,1956,13,86,STL
helmsmi01,1982,7,154,HOU
hemridi01,1955,2,12,BOS
hendeal01,1995,1,16,ATL
hendebr01,1965,4,37,LAL
hendece01,1986,2,32,ATL
hendece02,1997,2,45,CLE
hendeda01,1986,3,58,WSB
hendeda02,1977,3,59,SAS
hendege01,1978,3,64,SAS
hendege02,2009,1,12,CHA
hendejr01,1998,2,56,VAN
hendeke01,1986,3,50,CLE
hendeke02,1980,4,79,POR
hendemi01,1984,10,223,NYK
hendeph01,1990,2,49,DAL
hendero01,1986,7,144,CHI
hendero02,1996,2,55,WSB
hendesc01,2023,1,3,POR
hendeto01,1974,1,7,ATL
hendrma01,1996,2,31,PHI
hendrri02,2008,2,49,GSW
hendrta01,2023,1,9,UTA
henkech01,1961,4,36,LAL
hennela01,1953,2,10,PHW
hennial01,1950,9,104,FTW
hennodo01,1959,6,41,CIN
henryal01,1970,1,12,PHI
henrybl01,1971,11,182,MIL
henryca01,1984,4,80,KCK
henryco01,1986,4,89,HOU
henryji01,1959,6,44,MNL
henryra01,1976,8,126,DET
henryxa01,2010,1,12,MEM
hensojo01,2012,1,14,MIL
hensost01,1990,2,44,MIL
hentzch01,1969,5,63,SDR
hernade01,2019,2,59,TOR
hernaju01,2016,1,15,DEN
hernawi01,2015,2,35,PHI
herndlo01,1970,3,45,CHI
herndma01,1963,5,41,CIN
herreca01,1990,2,30,MIA
herrech01,1999,2,33,DEN
herroke01,1978,2,24,POR
herroty01,2019,1,13,MIA
herrsri01,1958,5,39,STL
herveax01,2005,2,52,DEN
herveke01,2018,2,57,OKC
hervesa01,1974,6,97,ATL
hessdo01,1970,6,92,BUF
hesteda01,1970,2,31,ATL
hesteto01,1953,10,,PHW
hetzefr01,1965,1,1,SFW
hetzewi01,1970,9,151,BAL
heuerpa01,1981,5,112,PHO
hewitbi01,1968,1,11,LAL
hewsoja01,1947,5,,BOS
heymaar01,1963,1,1,NYK
heywoto01,1983,6,123,GSW
hezonma01,2015,1,5,ORL
hibbero01,2008,1,17,TOR
hickaji01,1959,3,19,PHW
hickege01,1968,14,180,ATL
hickepa01,1950,5,60,SYR
hicksan01,1983,7,157,MIL
hicksda01,1965,15,104,BAL
hicksjj01,2008,1,19,CLE
hickske01,1980,6,128,NYK
hicksma01,1977,4,81,SAS
hickspa01,1950,4,40,TRI
hicksph01,1975,4,61,POR
hieldbu01,2016,1,6,NOP
higgibi01,1975,7,109,NOJ
higgicl01,1984,7,147,GSW
higgiea01,1970,3,36,SFW
higgill01,1968,8,95,CHI
higgiro01,1982,2,31,CHI
higgise01,1990,2,54,SAS
higgiti01,1980,10,200,GSW
higgske01,1978,3,57,CLE
highjo01,1979,2,24,PHO
highsa01,1974,7,123,DET
hightch01,1980,7,156,ATL
hightco01,2000,2,54,SAS
hightwa01,1962,1,7,SFW
highwi01,1977,7,150,DEN
hilarne01,2002,1,7,NYK
hillama01,1976,4,65,WSB
hillar01,1976,1,9,ATL
hillate01,1970,11,173,CIN
hillbe01,1983,9,197,KCK
hillcl01,1961,1,8,STL
hillcl02,1972,14,185,SEA
hiller01,1971,7,109,HOU
hiller02,1980,6,119,DEN
hillez01,1984,10,218,PHO
hillga01,1963,2,12,SFW
hillge01,2008,1,26,SAS
hillgr01,1994,1,3,DET
hillhe02,2007,2,55,UTA
hillida01,2015,2,38,DET
hillike01,1982,7,160,PHI
hillja01,1983,7,144,CHI
hilljo01,2009,1,8,NYK
hillky01,2001,2,44,DAL
hillle01,1959,8,59,MNL
hillle02,1961,10,89,PHW
hillmda01,1971,1,8,GSW
hillri01,1999,2,31,LAC
hillsa01,1987,5,112,DAL
hillse01,1970,3,49,BAL
hillsi01,1969,2,16,CHI
hillso01,2013,1,23,IND
hillth01,1993,2,39,IND
hillty01,1990,1,11,GSW
hiltofr01,1971,2,19,BUF
hinchvi01,1984,5,96,CLE
hinesgr01,1983,5,99,GSW
hinriki01,2003,1,7,CHI
hinsoro01,1983,1,20,CLE
hinzgi01,1980,5,107,SAS
hitchle01,1951,2,20,MNL
hittljo01,1954,9,76,FTW
hobarpa01,1968,13,171,PHO
hobbsjo01,1958,9,64,MNL
hobsoda01,2010,2,37,MIL
hockeri01,1974,10,176,CHI
hockske01,1968,14,179,BOS
hodgebo01,1954,8,66,PHW
hodgecr01,1982,3,48,SDC
hodgedo01,1991,2,33,DAL
hodgeje01,1989,2,53,DAL
hodgeju01,2005,1,20,DEN
hodgero01,1970,7,119,NYK
hodgewi01,1976,5,71,KCK
hodgsro01,1956,11,79,MNL
hoffmpa01,1947,5,,TRH
hoffmpa02,1972,15,189,BUF
hoggde01,1971,7,111,BAL
hoguedu01,1962,1,2,NYK
hoguero01,1973,7,116,CAP
hoibefr01,1995,2,52,IND
holcoal01,1993,2,44,SAC
holcoca01,1987,4,80,CLE
holcode01,1981,3,50,POR
holcodo02,1972,6,94,BOS
holcora01,2002,2,57,SAS
holdefr01,1968,16,191,CHI
holdtri01,1973,12,177,POR
holidaa01,2018,1,23,IND
holidjr01,2009,1,17,PHI
hollabr01,1979,1,14,LAL
hollajo01,1948,2,,BLB
hollama01,1960,9,66,DET
hollaro01,2024,1,5,DET
hollato01,1974,8,130,PHO
hollawi01,1975,5,75,ATL
hollefr01,1967,8,86,CIN
holleke01,1972,10,146,DET
hollidw01,1972,9,138,SEA
hollies01,1977,2,44,NOJ
holliha01,1968,5,64,PHO
hollihe01,1979,8,154,NJN
hollija01,1977,7,135,ATL
hollijo01,1981,9,184,DAL
hollila01,1971,9,141,SEA
hollili01,1975,1,6,POR
holliro01,2015,1,23,POR
holliry01,2006,2,50,CHA
hollyla01,1973,7,105,POR
holmbri01,1969,11,148,SFW
holmeba01,1986,3,68,MIL
holmeda01,2024,1,22,PHO
holmega01,1982,6,124,DET
holmeke01,1986,5,113,PHI
holmere01,1987,4,84,UTA
holmeri01,2015,2,37,PHI
holmgch01,2022,1,2,OKC
holstji01,1952,2,,MNL
holtbo01,1952,8,,MNL
holtomi01,1983,3,53,GSW
holubdi01,1947,1,5,NYK
holupjo01,1956,1,5,SYR
holupjo02,1953,5,,BOS
homanje01,1975,8,134,NYK
honeyje01,1997,2,39,MIL
honeyst01,1969,17,203,SEA
honeyty01,2011,2,35,SAC
hoodri01,1971,5,80,PHI
hoodro01,2014,1,23,UTA
hoodsja01,2023,1,17,LAL
hoodst01,1991,2,42,SAC
hookeme01,1980,8,178,LAL
hookera01,1979,9,184,WSB
hookeri01,1983,6,136,SAS
hooleji01,1962,6,54,BOS
hoopebo01,1968,8,100,NYK
hooseca01,1966,6,52,DET
hooveto01,1963,1,7,PHI
hopech01,1950,8,91,NYK
hopfele01,1960,13,88,DET
hopkibo01,1956,10,75,SYR
hopkibo02,1954,8,72,MNL
hopkied01,1978,7,145,WSB
hopkiga01,1979,6,128,WSB
hoppeda01,1986,3,65,ATL
hoppijo01,1948,6,,STB
hopsode01,1987,1,3,NJN
hopsoph01,1983,9,199,POR
horanjo01,1955,1,8,FTW
hordde01,1983,3,67,CLE
hordgce01,1979,3,49,CHI
horfoal01,2007,1,3,ATL
horfoti01,1988,2,39,MIL
hornaje01,1986,2,46,PHO
hornbo01,1971,12,190,DET
hornro01,1961,2,21,STL
hornsbo01,1974,7,126,MIL
hornyal01,1973,2,26,CLE
horrojo01,1984,4,84,DAL
horryro01,1992,1,11,HOU
hortoed01,1989,2,39,WSB
hortole01,1980,5,112,SEA
hortota01,2019,2,46,ORL
hortowi01,1968,21,214,CHI
horvapa01,1951,4,35,SYR
hoskebi01,1968,1,10,NYK
houbrbo01,1953,1,3,MLH
housear01,1981,3,47,DAL
houseed01,2000,2,37,MIA
housest01,1980,3,53,CLE
houstal01,1993,1,11,DET
houstby01,1992,1,27,CHI
houstca01,2022,2,32,ORL
houstha01,1981,5,105,HOU
houstji01,1956,9,69,BOS
houstra01,1972,9,142,CHI
hoverji01,1952,7,,INO
howaraa01,1982,5,98,NYK
howardi01,1955,4,31,FTW
howardo01,1970,11,179,CHI
howardw01,2004,1,1,ORL
howarfr01,1958,3,21,PHW
howargr01,1970,1,10,PHO
howarje01,2023,1,11,ORL
howarjo01,2003,1,29,DAL
howarjo02,1968,17,201,CIN
howarju01,1994,1,5,WSB
howarmi01,1981,8,170,WSB
howarmo01,1976,2,32,CLE
howarot01,1978,4,80,MIL
howarsk01,1975,9,152,CLE
howarwi02,1978,7,139,NOJ
howatri01,1971,9,152,MIL
howelba01,1959,1,2,DET
howelst01,1969,17,204,SDR
hoxiech01,1955,12,88,STL
hrckade01,1968,7,87,LAL
hubanki01,1972,13,176,BUF
hubbabo01,1947,2,,PRO
hubbaha01,1980,4,90,PHI
hubbaph01,1979,1,15,DET
huckewa01,1969,16,195,PHO
hudgeha01,1962,3,22,DET
hudocji01,1962,6,52,SFW
hudsojo01,1976,10,158,CHI
hudsole01,2009,2,58,BOS
hudsolo01,1966,1,4,STL
hudsowe01,1973,2,30,CHI
huertke01,2018,1,19,ATL
huestjo01,2014,1,29,OKC
huggimi01,1979,9,167,UTA
hugheed01,1982,7,140,SDC
hugheed02,1948,4,,WSC
hugheel01,2020,2,39,NOP
hughejo01,1953,8,,SYR
hugheke01,1974,8,129,CLE
hugheke02,1991,2,47,HOU
hugheki01,1974,3,45,BUF
hughela01,1998,1,8,PHI
hughelo01,1966,7,62,SFW
hugheri01,1985,1,14,SAS
hukpoar01,2024,2,58,DAL
huletde01,2000,2,46,TOR
hullbi01,1953,7,,SYR
humblbo01,1978,9,179,GSW
humesla01,1966,5,50,CHI
humeswi01,1971,6,90,ATL
hummeed01,1967,6,64,BOS
hummejo01,1970,1,15,BUF
hummero01,2012,2,58,MIN
humphja01,1984,1,13,PHO
humphji01,1957,6,45,NYK
humphkr01,2004,1,14,UTA
humphry01,2002,1,19,UTA
hundlho01,1957,1,1,CIN
hungede01,1980,4,84,HOU
huntebr01,2003,2,56,BOS
huntech02,1966,6,58,BOS
huntecu01,1987,7,156,DEN
huntede01,2019,1,4,LAL
huntegr01,1979,10,194,SDC
huntejo01,1981,6,136,MIL
huntele01,1964,2,11,DET
hunteli01,1993,1,10,DET
hunterj01,2015,1,28,BOS
huntest01,2001,1,15,ORL
huntho01,1961,11,95,LAL
huntma01,1972,10,154,BOS
huntru01,1973,10,161,CHI
hurlebo01,1993,1,7,SAC
hurleja01,1969,9,121,CIN
hurtbo01,1985,2,42,GSW
hurtch01,1983,6,134,MIL
huseed01,1956,12,82,STL
hustoed01,1971,10,157,SEA
hustoge01,1979,3,50,NYK
hustopa01,1947,1,8,CHS
hutchch01,2018,1,22,CHI
hutchme01,1951,1,2,TRI
hutsoan01,2001,2,52,MIL
huttojo01,1950,7,83,MNL
hydergr01,1970,3,39,CIN
hylanbo01,2021,1,26,DEN
iavarma01,1978,3,55,NYK
ibakase01,2008,1,24,SEA
ighodos01,2024,2,40,POR
iguodan01,2004,1,9,PHI
ihlefr01,1953,4,,PHW
ilgauzy01,1996,1,20,CLE
ilicmi01,2005,2,43,NJN
ilyaser01,2005,2,36,MIL
imhofda01,1960,1,3,NYK
ingelto01,1973,2,27,ATL
inglida01,2014,2,31,MIL
ingrabr01,2016,1,2,LAL
ingraha01,2024,2,48,SAS
inmanst01,1950,6,66,CHS
innisal01,1958,6,41,MNL
irishco01,1984,5,99,WSB
irvinal01,1982,5,106,GSW
irvinby01,1989,1,22,POR
irvinge01,1970,8,125,SEA
irvinji01,1971,4,66,CHI
irvinjo01,1976,9,150,PHO
irvinky01,2011,1,1,CLE
irvinro01,1954,9,78,ROC
isaacjo01,2017,1,6,ORL
isaacwa01,1965,5,45,CIN
isbelde01,1981,5,100,SDC
ishmale01,1951,5,41,BLB
isleyne01,1971,17,230,BUF
israeja01,1959,14,85,NYK
isselda01,1970,8,122,DET
iuzzomi01,1991,2,35,DAL
iversal01,1996,1,1,PHI
iversbo01,1975,5,86,CHI
iversch01,1973,5,73,SEA
iversco01,2013,2,53,IND
iversji01,1952,2,,BOS
ivesdi01,1947,5,,PIT
iveybr01,1952,4,,ROC
iveyja01,2022,1,5,DET
iveyro01,2004,2,37,ATL
iveyto01,1986,7,162,BOS
ivyhe01,1976,4,61,HOU
iwundwe01,2017,2,33,ORL
jabalwa01,1968,4,44,NYK
jackja01,2005,1,22,DEN
jacksal02,1982,6,118,UTA
jacksan01,2023,2,36,ORL
jacksbo01,1997,1,23,SEA
jacksbr01,1981,2,26,POR
jacksca01,1973,8,122,BUF
jacksda01,2008,2,52,MIA
jacksde01,2016,2,45,BOS
jacksde02,1978,4,77,GSW
jacksed01,1965,5,39,SFW
jacksed02,1966,16,108,STL
jacksfo01,1954,11,93,FTW
jacksfr01,2017,2,31,CHO
jacksga01,1976,10,166,PHO
jacksge01,1971,14,216,MIL
jacksgg01,2023,2,45,MEM
jacksgr01,1974,5,86,NYK
jacksis01,2021,1,22,LAL
jacksja02,2018,1,4,MEM
jacksja03,1962,5,43,SFW
jacksja04,1979,9,171,CHI
jacksje02,1964,7,56,DET
jacksji01,1992,1,4,DAL
jacksjo02,2017,1,4,PHO
jacksju01,2017,1,15,POR
jacksju02,2018,2,43,DEN
jacksla01,1970,9,150,ATL
jacksla02,1973,5,85,MIL
jacksla03,1975,6,106,BUF
jacksle01,1971,16,227,HOU
jacksle02,1980,6,126,DAL
jacksle03,1984,3,55,GSW
jackslu01,1964,1,4,PHI
jackslu02,2004,1,10,CLE
jacksma01,1987,1,18,NYK
jacksma02,1997,2,38,GSW
jacksma03,1977,5,95,IND
jacksme01,1968,9,120,PHO
jacksmi01,1972,7,104,HOU
jacksmi02,1986,2,47,NYK
jacksmi03,1977,7,133,BUF
jacksmi04,1983,4,84,KCK
jacksmy01,1986,4,85,DAL
jacksos01,1975,8,129,ATL
jacksot01,1982,8,174,NJN
jacksph01,1967,2,17,NYK
jackspi01,2013,2,42,PHI
jacksra01,1984,4,71,IND
jacksre01,2011,1,24,OKC
jacksro01,1963,9,70,BAL
jacksro02,1983,7,160,BOS
jacksru01,1974,3,50,NYK
jacksru02,1982,5,99,CHI
jacksst02,1997,2,43,PHO
jacksta02,1966,7,66,LAL
jacksto01,1961,3,24,NYK
jacksto02,1980,4,87,LAL
jackstr01,1981,2,25,BOS
jackstr02,2023,2,57,WAS
jackswa01,1974,6,98,SEA
jackswi01,1969,5,71,BAL
jackswi02,1984,4,74,HOU
jacobca01,2002,1,22,PHO
jacobdo01,1961,5,46,SYR
jacobsa01,1998,1,26,LAL
jakebo01,1947,2,,BLB
jakubjo01,1984,7,142,CLE
jakucka01,2025,1,20,MIA
jamerda01,1990,1,15,MIA
jamesaa01,1974,2,28,NOJ
jamesbe01,2012,2,33,CLE
jamesbr02,2024,2,55,LAL
jamesda01,2010,1,24,ATL
jamesde02,1978,10,201,PHI
jamesfr01,1985,7,156,DET
jamesje01,1998,2,36,SAC
jamesju01,2019,2,40,SAC
jamesle01,2003,1,1,CLE
jamesma01,1957,7,53,PHW
jamessi01,2025,2,33,CHO
jamesti01,1999,1,25,MIA
jamisan01,1998,1,4,TOR
jamisph01,1984,10,221,NJN
janicbe01,1954,7,58,FTW
jankabi01,1970,5,71,DET
jankyge01,1970,6,93,POR
janotho01,1949,,,BLB
jaqueja01,2023,1,18,MIA
jaracth01,1968,5,60,BOS
jaramog01,2017,2,58,NYK
jaricma01,2000,2,30,LAC
jarmamu01,1984,3,59,PHO
jarvico01,1954,8,71,NYK
jarviji01,1965,6,48,SFW
jastrke01,1948,6,,MNL
javtoro01,2001,2,56,SAS
jawaina01,2008,2,41,IND
jeancli01,2013,1,28,SAS
jeelaab01,1976,3,50,CLE
jeffeal01,2004,1,15,BOS
jeffech01,2002,1,27,LAL
jeffeco01,2014,2,60,SAS
jeffeev01,1980,6,130,HOU
jeffema01,2001,2,55,SAC
jeffemi01,1972,15,190,KCO
jefferi01,2001,1,13,HOU
jeffrja01,2002,1,11,WAS
jeffrla01,1969,6,75,DET
jeffrmi01,1973,7,110,KCO
jeffrwa01,1973,8,124,SEA
jellima01,1973,8,133,CAP
jemisdo01,1978,7,132,NJN
jenkibi01,1953,6,,SYR
jenkich01,2011,2,44,GSW
jenkied01,1971,13,198,ATL
jenkifr01,1987,6,129,HOU
jenkigr01,1971,19,237,DET
jenkije01,1984,4,83,SEA
jenkijo01,2012,1,23,ATL
jenkile01,1971,17,232,DET
jenkith01,1948,6,,WSC
jennebr01,1977,7,139,KCK
jennian01,1970,14,206,CIN
jennibr01,2009,1,10,MIL
jennibu01,1985,4,86,DAL
jennija01,2002,2,43,POR
jennine01,1961,13,102,NYK
jennist01,1969,9,114,PHO
jenseha01,1987,6,121,CLE
jepsele01,1990,2,28,GSW
jerebjo01,2009,2,39,DET
jergebr01,1984,8,182,MIL
jeromty01,2019,1,24,PHI
jerregr01,2013,2,40,POR
jessuju01,2020,2,51,GSW
jianlyi01,2007,1,6,MIL
jocklto01,1951,8,75,SYR
joeis01,2020,2,49,PHI
john-am01,1960,10,74,STL
johnsaj01,2024,1,23,MIL
johnsal01,2006,2,45,IND
johnsal02,2018,2,50,IND
johnsam01,2005,2,56,DET
johnsan02,1997,2,40,SAC
johnsar02,2010,2,34,POR
johnsar03,1976,10,164,NOJ
johnsar04,1986,5,105,NJN
johnsbe01,1987,6,132,POR
johnsbi01,1954,11,94,BOS
johnsbo01,1976,10,161,DET
johnsbr02,2016,1,25,LAC
johnsbr03,1981,9,200,PHO
johnsbu01,1986,1,20,HOU
johnsca02,2019,1,11,MIN
johnsca03,1970,10,158,CIN
johnsch01,1971,6,93,GSW
johnsch02,1979,3,54,GSW
johnscl01,1978,2,44,POR
johnscl02,1978,5,110,POR
johnsda01,1992,1,26,POR
johnsda02,1987,3,58,GSW
johnsda03,2012,2,55,DAL
johnsda04,2015,2,48,OKC
johnsda05,1980,4,80,DAL
johnsda06,1987,4,89,DAL
johnsda08,2021,2,47,TOR
johnsde01,1976,2,29,SEA
johnsde02,1998,2,38,NYK
johnsde03,2000,1,6,ATL
johnsde04,1973,6,95,DET
johnsdo02,1971,5,77,BAL
johnsdo03,1973,18,207,BUF
johnsdo04,1952,5,,BOS
johnsed01,1968,3,34,SEA
johnsed02,1977,3,49,ATL
johnsed03,1981,2,29,KCK
johnser02,1993,1,23,SEA
johnser03,1971,4,63,PHI
johnser04,1973,14,189,PHI
johnsfl01,1954,9,77,SYR
johnsfl02,1975,7,126,WSB
johnsfr01,1981,1,11,WSB
johnsga01,1982,9,197,NJN
johnsge01,1970,1,9,BAL
johnsge02,1970,5,79,CHI
johnsge03,1978,1,12,MIL
johnsgl01,1970,9,147,CHI
johnsgu01,1963,2,11,BAL
johnsgu02,1975,7,111,ATL
johnshe01,1985,3,55,CLE
johnsja01,2009,1,16,CHI
johnsja02,2011,1,27,NJN
johnsja05,2021,1,20,ATL
johnsje01,1988,3,70,DAL
johnsji01,1982,3,51,KCK
johnsji02,1969,7,94,BOS
johnsjo01,1970,1,7,CLE
johnsjo02,2001,1,10,BOS
johnsjo03,1974,5,90,MIL
johnsjo04,1979,7,144,DEN
johnsjo05,1981,3,69,BOS
johnska01,1987,2,41,CLE
johnske01,1985,2,28,CHI
johnske02,1987,1,7,CLE
johnske03,2001,2,49,MIA
johnske04,2019,1,29,SAS
johnske05,1970,10,162,CLE
johnske06,1985,5,94,IND
johnske07,2021,1,21,NYK
johnske08,2023,2,50,OKC
johnsla01,1977,2,24,BUF
johnsla02,1991,1,1,CHH
johnsla03,1963,4,35,LAL
johnsla04,1974,6,95,HOU
johnsle01,1979,1,17,HOU
johnsle02,1951,5,44,FTW
johnsle03,1975,8,137,HOU
johnsle04,1988,3,72,DET
johnsma01,1977,1,3,MIL
johnsma02,1979,1,1,LAL
johnsma03,1951,6,53,INO
johnsma04,1978,2,31,CHI
johnsme01,1984,4,72,CHI
johnsmi01,1974,4,56,POR
johnsmi02,1971,9,149,PHO
johnsna01,1988,3,59,MIA
johnsna02,1984,10,220,DAL
johnsne02,1966,2,15,BAL
johnsni01,2014,2,42,HOU
johnsol01,1972,2,30,POR
johnsol02,1965,1,11,BOS
johnsor01,2012,2,36,SAC
johnsot01,1975,3,40,GSW
johnspe01,1969,14,188,BAL
johnsra03,1981,7,146,SDC
johnsre01,1980,1,15,SAS
johnsri01,1968,4,46,BOS
johnsri02,1985,3,64,DET
johnsri03,1985,6,125,CLE
johnsro01,1960,2,12,DET
johnsro03,1959,10,71,MNL
johnsro04,1961,5,43,CIN
johnsro05,1971,9,144,BAL
johnsro06,1976,9,151,SEA
johnsro07,1988,3,55,PHO
johnsro08,1952,6,,MLH
johnsru01,1953,12,,BLB
johnsst01,1966,3,21,NYK
johnsst02,1986,5,100,LAC
johnsst03,1981,1,7,KCK
johnsst04,2015,1,8,DET
johnste01,1969,13,174,CIN
johnstr02,1983,8,183,BOS
johnstr03,2025,1,6,WAS
johnsvi01,1979,1,7,SEA
johnswe01,2010,1,4,MIN
johnswi01,1975,6,101,HOU
jokicni01,2014,2,41,DEN
jokubro01,2021,2,34,OKC
jolifho01,1960,7,50,LAL
jonesal01,2001,2,57,PHI
jonesal02,1975,8,142,BUF
jonesal03,1980,5,106,HOU
jonesan01,1986,1,21,WSB
jonesan02,1991,2,52,LAL
jonesar01,1981,9,190,SDC
jonesbi02,1968,7,90,PHI
jonesbi03,1970,4,66,BAL
jonesbo01,1974,1,5,HOU
jonesbo02,2006,2,37,MIN
jonesbo03,1971,13,196,CLE
jonesby01,1973,5,86,BOS
jonesca01,1973,2,32,PHI
jonesch01,1979,8,165,PHO
jonesch02,1984,2,36,PHO
jonesch04,1962,9,77,CIN
jonesch05,1983,5,104,ATL
jonesch06,1983,9,196,NYK
jonesco01,1971,1,17,MIL
jonesco02,2023,2,34,CHO
jonesda02,2003,1,20,BOS
jonesda03,2016,1,30,GSW
jonesda04,1968,4,48,SDR
jonesda05,1969,12,164,ATL
jonesdi01,2024,1,26,WAS
jonesdo01,1996,1,21,NYK
jonesdo02,2010,1,25,MEM
jonesdw01,1973,1,9,ATL
jonesdw03,1983,4,73,CLE
jonesea01,1984,1,23,LAL
jonesed01,1979,2,31,MIL
jonesed02,1994,1,10,LAL
jonesed03,1950,7,80,FTW
joneseu01,1968,10,134,MIL
jonesfr01,2002,1,14,IND
jonesfr02,1964,12,95,CIN
jonesfr03,1976,7,118,BUF
jonesga01,1967,13,137,LAL
jonesgr01,1983,3,49,IND
joneshe01,2021,2,35,NOP
joneshu01,1982,3,54,LAL
jonesja01,1971,6,97,PHI
jonesja02,2003,2,49,IND
jonesja05,1977,4,86,PHI
jonesje02,1982,4,77,IND
jonesji01,1967,2,13,BAL
jonesjo01,1966,5,46,BAL
jonesjo02,1969,6,84,PHI
jonesjo03,1976,6,93,NYK
jonesju01,1999,1,27,ATL
joneska01,2021,1,19,NYK
joneska03,2025,2,38,SAS
joneskc01,1955,11,85,MNL
joneske02,1979,7,132,DET
joneske03,1980,5,109,MIL
joneske04,1984,6,138,LAL
jonesla01,1963,5,44,LAL
jonesma01,1976,2,20,POR
jonesma02,1983,4,82,NYK
jonesme01,1968,8,104,PHI
jonesme02,1977,4,77,CLE
jonesmi01,1988,3,63,MIL
jonesne01,1952,6,,PHW
jonesni01,1967,3,31,SDR
jonesni02,1986,5,111,ATL
jonesol01,1965,13,99,CIN
jonesoz01,1984,4,90,SAS
jonespe01,2012,1,28,OKC
jonespo01,1992,2,41,HOU
jonesri01,1968,4,49,PHO
jonesri02,1975,5,90,WSB
jonesro03,1974,10,163,POR
jonesro04,1980,3,68,CLE
jonessa01,1956,8,59,MNL
jonessh01,1988,2,27,SAS
jonesso01,2006,2,33,ATL
joneste01,2012,1,18,HOU
jonestr01,2020,2,41,SAS
jonesty01,2015,1,24,CLE
joneswa01,1949,1,9,WSC
joneswa02,1964,3,20,DET
joneswa03,1971,8,130,DET
joneswa04,1972,5,72,BAL
joneswa05,1948,14,,BLB
joneswi01,1960,5,36,DET
joneswi02,1969,5,69,LAL
joneswi03,1960,12,81,LAL
jordaad01,1993,2,42,SEA
jordade01,2008,2,35,LAC
jordaed01,1977,2,33,CLE
jordage01,1960,16,93,CIN
jordaja01,2007,2,45,LAC
jordaje01,2010,2,44,MIL
jordalo01,1959,6,42,DET
jordami01,1984,1,3,CHI
jordami02,1971,7,107,ATL
jordamy01,1977,6,128,POR
jordawa01,1978,4,84,NJN
jordoph01,1956,6,43,MNL
jorgeha01,1955,10,74,ROC
josepal01,1977,8,156,PHO
josepco01,2011,1,29,SAS
josepkr01,2012,2,51,BOS
josepyv01,1985,2,36,NJN
joubean01,1987,6,134,DET
jovicni01,2022,1,27,MIA
joycebo01,1947,5,,PRO
joyceke01,1973,1,11,GSW
joyceti01,1979,9,169,CLE
joynebu01,1968,9,111,CIN
joynegr01,1979,5,99,SDC
judgefr01,1969,7,90,CHI
judkije01,1978,2,30,BOS
judsopa01,1956,2,13,SYR
juliabu01,1952,7,,NYK
juliodi01,1956,9,68,SYR
jungbr01,1980,9,199,BOS
jungje01,1955,9,66,ROC
jurach01,1972,3,45,CHI
jurgene01,1973,6,89,POR
justubi01,1969,10,140,PHI
kabaal01,2017,2,60,ATL
kabenmf01,2019,1,27,BRK
kachawh01,1948,3,,CHS
kaediji01,1947,3,,PHW
kaftage01,1949,1,4,BOS
kahleda01,1950,7,82,ROC
kaisero01,1961,4,41,CHP
kalafed01,1954,1,9,MNL
kalaige01,2021,2,60,IND
kalkbry01,2025,2,34,CHO
kamagis01,2022,2,46,DET
kamanch01,2003,1,6,LAC
kaminfr01,2015,1,9,CHO
kaminfr02,1964,12,92,BAL
kaminri01,1964,6,49,PHI
kammefe01,2002,2,51,POR
kammegl01,1951,3,23,INO
kanasku01,1980,8,162,GSW
kanemi01,1958,8,60,NYK
kaniemi01,1982,6,121,NYK
kanteen01,2011,1,3,UTA
kaplabr01,1967,10,106,NYK
kaponja01,2003,2,31,CLE
kapplhu01,1951,8,76,BOS
karamil01,2012,2,57,NJN
karasse01,2013,1,19,CLE
karause01,2004,2,57,SAS
karchma01,2000,2,48,PHI
karlge01,1973,4,66,NYK
karveel01,1954,11,90,BLB
kasunma01,2002,2,41,LAC
katheri01,1971,8,126,HOU
katkale01,1948,5,,WSC
katsito01,1952,9,,MNL
kauffbe01,1960,7,53,SYR
kauffbo01,1968,1,3,SEA
kaufmjo01,1950,9,99,PHW
kaunsa01,2008,2,56,SEA
kazaked01,1959,4,32,BOS
kazanjo01,1983,7,146,UTA
kazemar01,2013,2,54,WAS
keacl01,1980,8,169,DAL
kearnke01,1949,8,,NYK
kearnmi01,1951,5,49,PHW
kearnti01,1984,3,65,POR
kearnto01,1958,4,30,SYR
kearnwa01,1953,10,,MNL
keefead01,1992,1,10,ATL
keeliha01,1985,3,63,DAL
keelstr01,2022,2,42,NYK
keimed01,1948,6,,ROC
kelehda01,1958,6,48,BOS
kelgobi01,1973,9,145,DET
kelleal01,1954,7,56,MLH
kellebi01,1969,7,87,MIL
kellebr01,1983,7,140,HOU
kellebu01,1962,6,53,LAL
kellech01,1964,9,79,BOS
kellede01,1953,8,,FTW
kelleea01,1986,5,102,SAS
kellega01,1967,6,59,LAL
kelleha01,1983,4,81,ATL
kellejo01,1975,8,135,DET
kellepa01,1972,14,181,POR
kelleri01,1975,1,7,NOJ
kellocl01,1982,1,8,IND
kelloro01,1986,2,42,ATL
kellyar01,1967,8,85,STL
kellybo01,1983,10,223,MIL
kellydi01,1973,10,162,CAP
kellyge01,1951,8,73,INO
kellyji01,1974,10,164,CLE
kellyjo01,1947,8,,BOS
kellyry01,2013,2,48,LAL
kellyst01,1971,7,113,DET
kellyto01,1948,4,,BOS
kellyvi01,1975,10,162,ATL
kelsegr01,1979,1,4,DET
kelsobe01,1972,8,117,DET
kemped01,1971,6,102,MIL
kempsh01,1989,1,17,SEA
kemptti01,1986,6,124,LAC
kemptvi01,1961,15,107,NYK
kendadu01,1986,7,140,NYK
kendrfr01,1974,3,47,GSW
kenilst01,1986,7,143,GSW
kennalu01,2017,1,12,DET
kennean01,1987,2,43,PHI
kennebi01,1972,9,140,PHO
kenneda01,1981,8,162,DAL
kenneda02,1987,4,91,BOS
kennego01,1971,9,139,POR
kenneji01,1977,5,102,DET
kenneji02,1952,5,,SYR
kennejo01,1968,10,122,SEA
kennejo02,1960,10,73,DET
kennema01,1991,2,54,POR
kennepi01,1960,2,15,PHW
kennero01,1974,6,96,KCO
kenneto01,1962,13,95,CHZ
kennyar01,1968,18,206,BAL
kenonla01,1973,3,50,DET
kenvibi01,1953,3,,SYR
kenyodi01,1956,12,85,SYR
kepledi01,1961,11,98,STL
kerinse01,1984,7,155,NJN
kerrfl01,1969,3,30,PHO
kerrija01,1949,2,22,CHS
kerrll01,1969,3,39,PHO
kerrre01,1954,1,6,SYR
kerrst01,1988,2,50,PHO
kerrywi01,1971,9,142,HOU
kerseje01,1984,2,46,POR
kerwiji01,1963,6,46,NYK
kerwito01,1966,5,43,SFW
kesslal01,1990,1,12,HOU
kesslbo01,1956,2,15,FTW
kesslch01,1987,5,93,LAC
kesslwa01,2022,1,22,MEM
ketnela01,1999,2,49,CHI
keyeju01,1968,8,102,BOS
keysra01,1988,1,22,CLE
khryavi01,2004,1,22,NJN
kiddgmi01,2012,1,2,CHA
kiddja01,1994,1,2,DAL
kiefeto01,1962,9,78,SFW
kileyja01,1951,2,14,FTW
killewe01,1954,3,19,BLB
killila01,1947,1,10,BLB
killuea01,1970,2,30,LAL
kilpaca01,1978,8,158,NOJ
kimbato01,1965,3,29,BOS
kimblbo01,1990,1,8,LAC
kimbrjo01,1986,6,137,MIL
kinchch01,1980,1,22,CLE
kingal01,1981,1,10,NJN
kingbe01,1977,1,7,NJN
kingbr01,1974,3,46,NOJ
kingbr02,1977,4,80,DET
kingch01,1992,2,45,SEA
kingfr01,1995,2,37,LAL
kingge01,1950,8,90,CHS
kingge03,2018,2,59,PHO
kingje01,1969,5,60,SEA
kingji01,1963,2,14,LAL
kingji02,1995,2,35,TOR
kingji03,1965,4,32,DET
kingjo01,1958,6,44,NYK
kingla01,1973,17,206,BOS
kinglo01,1971,15,224,MIL
kingma01,1957,6,48,BOS
kingma02,1982,8,175,GSW
kingmo01,2023,2,47,LAL
kingre01,1979,1,18,KCK
kingri01,1991,1,14,SEA
kingro01,1973,4,63,GSW
kingst01,1989,1,6,CHI
kingvi01,1979,2,39,LAL
kingwi01,1983,3,52,BOS
kirchha01,1959,5,33,CIN
kirilan01,1999,1,24,UTA
kirkge01,1964,5,44,CIN
kirklch01,1972,8,129,MIL
kirklo01,1961,4,34,CIN
kirkwra01,1951,9,81,SYR
kirvibi01,1962,8,69,SFW
kispeco01,2021,1,15,WAS
kissabo01,1971,5,84,PHO
kissaji01,1968,5,55,CIN
kistldo01,1961,3,26,DET
kitchcu01,1986,6,122,SEA
kitchte01,1983,2,41,MIL
kitegr01,1983,1,21,BOS
kittlke01,1996,1,8,NJN
kladini01,1952,7,,PHW
kleinbi01,1949,5,,NYK
kleindo01,1958,11,78,STL
kleinjo01,1985,1,6,SAC
kleinma01,1976,7,116,SEA
kleinme01,1961,7,67,BOS
kleizli01,2005,1,27,POR
klinege01,1958,4,25,MNL
klintbo01,2024,2,37,MIN
kluehdu01,1949,7,,BOS
kluttlo01,1970,6,96,CHI
knechda01,2024,1,17,LAL
knighbi01,1974,2,21,LAL
knighbr01,1997,1,16,CLE
knighbr03,2011,1,8,DET
knighge01,1962,10,85,CIN
knighke01,1984,9,199,UTA
knighla01,1979,1,20,UTA
knighmo01,1982,8,162,CLE
knighne01,1990,2,31,PHO
knighra01,1985,5,114,MIL
knighro01,1970,5,76,POR
knighte01,1979,6,125,SAS
knighto01,1977,2,32,NYK
knightr01,1996,1,29,CHI
knochhe01,1947,6,,PIT
knollge01,1971,7,105,POR
knopfja01,1947,2,,STB
knostdi01,1953,2,16,SYR
knowlra01,1974,5,88,CHI
knowlro01,1968,6,77,PHO
knoxke01,2018,1,9,NYK
knuckha01,1981,2,39,LAL
knuepko01,2025,1,4,CHO
kochje01,1955,10,75,PHW
kochjr01,1999,2,46,NYK
koehlda01,1976,8,123,CLE
koelzsc01,1973,13,188,BOS
koenike01,1978,5,99,CLE
koffeed01,1947,4,,PHW
kofoeba01,1987,5,107,UTA
kohled01,1953,17,,ROC
kohleno01,1948,8,,INJ
kohlsgr01,1972,7,99,BUF
kojisdo01,1961,2,13,CHP
kokge01,1948,1,2,INJ
kolbedi01,1967,7,78,SEA
kolekty01,2024,2,34,POR
kolokch01,2022,2,33,TOR
komivho01,1964,2,15,NYK
konanya01,2025,1,30,LAC
koncajo01,1985,1,5,ATL
kondlto01,1968,7,91,MIL
kooncdo01,1981,4,89,DET
koperbu01,1964,2,16,SFW
kopicjo01,1982,3,56,ATL
koponpe01,2007,1,30,PHI
koppji01,1972,8,118,PHI
kopriba01,2021,2,57,CHO
korkmfu01,2016,1,26,PHI
kornefr01,1989,2,30,MIL
korolya01,2005,1,12,LAC
korveky01,2003,2,51,NJN
kosmale01,1974,2,24,KCO
kostean01,1948,6,,INJ
kotchwi01,1983,9,195,ATL
koufoko01,2008,1,23,UTA
kovacbo01,1976,9,142,ATL
kowalke01,1971,12,191,PHI
kozelto01,1973,3,48,CAP
kozliro01,1967,4,41,SDR
kraakch01,1954,6,49,FTW
krababo01,1953,13,,BLB
krafsst01,1981,5,98,ATL
kraftri01,1961,11,94,DET
krajige01,1960,18,98,NYK
kramear01,1979,3,45,UTA
krameba01,1964,1,7,SFW
kramejo01,1978,3,63,PHO
kramero01,1957,5,34,DET
krausca01,1950,8,94,ROC
krausda01,1948,5,,BLB
krauthe01,1948,6,,BLB
krawzmi01,1972,13,178,BAL
krebsji01,1957,1,3,MNL
krejcvi01,2020,2,37,WAS
kreklwa01,1979,3,53,BOS
kretzmi01,1970,6,86,SDR
krickro01,1965,9,76,CIN
kriegot01,1954,6,50,BOS
kristch01,1963,3,27,BOS
krivaji01,1978,6,114,KCK
krollje01,1970,6,98,LAL
kronto01,1966,3,24,STL
kroppto01,1975,3,48,WSB
krstine01,2002,1,24,NJN
kruegla01,1961,9,78,CIN
krugeda01,1976,8,132,HOU
krugeha01,1953,3,,MNL
krugelo01,1974,9,151,ATL
krulibo01,1967,8,87,SFW
kruzedo01,1967,10,105,LAL
krystla01,1986,2,28,CHI
kuberst01,1969,4,52,BOS
kubiale01,1948,4,,ROC
kuczebr01,1983,3,59,NJN
kuestjo01,1977,3,53,KCK
kufelda01,1980,10,205,POR
kukocto01,1990,2,29,CHI
kulboar01,2018,2,55,CHO
kuminjo01,2021,1,7,GSW
kunneke01,1973,1,12,CHI
kunzete01,1965,7,61,STL
kupchmi01,1976,1,13,WSB
kupecan01,1983,10,226,BOS
kupeccj01,1975,4,56,LAL
kurlabo01,1947,4,,STB
kurucro01,2018,2,40,BRK
kurzjo01,1953,16,,ROC
kuslebi01,1964,10,81,BAL
kussro01,1953,18,,MNL
kusyner01,1973,10,157,KCO
kuzmaky01,2017,1,27,BRK
kuzmiog01,2012,2,52,GSW
kyleda01,1977,7,142,BOS
kytlewe01,1965,11,87,STL
labeylo01,2014,2,57,IND
labissk01,2016,1,28,PHO
lacefre01,1968,12,155,LAL
laceyed01,1967,7,76,BOS
laceysa01,1970,1,5,CIN
lackebo01,1972,5,71,ATL
lacoufr01,1960,3,22,STL
lacouji01,1968,19,210,BAL
lacyji01,1949,,,WSC
laddga01,1972,5,73,SEA
laettch01,1992,1,3,MIN
lafayle01,1969,4,50,SFW
laflean01,1987,5,104,HOU
lafrera01,1998,1,3,DEN
lagarto01,1977,1,9,DEN
lagodto01,1970,9,143,CLE
lahmmi01,1985,5,110,DET
laimbbi01,1979,3,65,CLE
lalanca01,2015,2,55,SAS
lallejo01,1968,12,150,CHI
lallite01,1953,8,,BOS
lamarbo01,1973,3,44,DET
lambdo01,2012,2,42,MIL
lambege01,1953,18,,ROC
lambejo01,1975,1,15,CLE
lambje01,2012,1,12,HOU
lambri01,1983,5,113,PHO
lambro01,1985,3,53,SEA
lambst01,1980,9,195,ATL
lampema01,2003,2,30,NYK
lampje01,1981,1,15,POR
lamplji01,1983,5,102,DAL
lamplle01,1986,2,38,SEA
lamplse01,2001,2,45,CHI
lancedo01,1954,3,27,MNL
landrca01,2007,2,31,SEA
landsma01,1977,2,35,CHI
lanedo01,1958,5,36,NYK
laneje01,1988,1,23,DEN
lanele01,1955,9,67,PHW
langan01,1988,2,28,PHO
langan02,1994,2,29,PHO
langdtr01,1999,1,11,CLE
langedo01,1954,4,35,NYK
langedo02,1959,5,40,BOS
langfro01,2019,1,14,BOS
langhbi01,1968,12,156,BOS
langhda01,2000,2,31,DAL
langja01,2003,2,48,NOH
langlbi01,1977,5,100,BOS
langmi01,1983,8,174,NYK
langsda01,1973,8,121,PHI
langsla01,1957,14,85,STL
laniebo01,1970,1,1,DET
laniech01,2025,2,37,DET
lantzst01,1968,3,23,SDR
lapharo01,1979,9,174,MIL
laravja01,2022,1,19,MIN
laresyo01,1960,6,46,STL
largemi01,1982,3,58,WSB
larkish01,2013,1,18,ATL
larraji01,1971,6,96,DET
larsoph01,1954,10,84,FTW
larsspe01,2024,2,44,HOU
larusru01,1959,2,12,MNL
laskojo01,1975,2,32,CHI
lasmest01,2007,2,46,GSW
latimle01,1981,7,159,MIL
lattida01,1967,1,10,SFW
laubja01,1950,9,98,BLB
laudepr01,1996,1,28,ATL
laureer01,1967,9,93,CHI
laureri01,1977,1,19,POR
lauribo01,1973,6,97,GSW
lauriha01,1968,8,98,DET
lauvejo01,2013,2,55,MEM
lavelto01,1949,2,16,BOS
lavelto02,1964,6,46,NYK
lavenra01,1971,14,209,BUF
lavinza01,2014,1,13,MIN
lavodan01,1985,3,52,LAC
lavorfr01,1973,10,160,GSW
lavoybo01,1950,1,9,INO
lawac01,2007,1,11,ATL
lawalga01,2010,2,46,PHO
lawleru01,1955,10,80,SYR
lawreda01,1980,2,32,POR
lawreed01,1976,5,84,CLE
lawrere01,1979,8,158,SDC
lawrewa01,1960,5,40,BOS
lawsoja01,1997,2,42,DEN
lawsoow01,1958,7,52,NYK
lawsoty01,2009,1,18,MIN
laymaja01,2016,2,47,ORL
laytomo01,1971,3,48,PHO
lazorbo01,1957,9,64,DET
leabi01,1952,7,,BLB
leachba01,1955,4,28,BOS
leafbr01,1982,7,146,IND
leaftj01,2017,1,18,IND
leaksma01,1968,2,20,DET
learha01,1956,1,8,PHW
leaveal01,1979,5,104,HOU
leavico01,1979,9,180,PHI
leavyea01,1987,7,148,CHI
lechmga01,1967,10,113,SEA
leckner01,1988,1,17,UTA
ledori01,2013,2,43,MIL
leebr01,1974,10,168,ATL
leebu01,1978,1,10,ATL
leecl01,1966,1,3,SFW
leeco01,2008,1,22,ORL
leeda01,1964,7,61,SFW
leeda02,2005,1,30,NYK
leedeed01,1949,2,,PRO
leedo01,1987,2,35,HOU
leeed01,1980,3,48,DEN
leege01,1959,4,26,DET
leegr01,1974,7,115,ATL
leeja01,1978,2,39,SEA
leeji01,1975,5,79,CLE
leejo01,1958,3,20,NYK
leeke01,1985,1,11,CHI
leely01,1957,6,47,SYR
leema01,2011,2,43,CHI
leemi02,1973,11,168,BUF
leeol01,1981,4,84,CHI
leeri01,1978,4,71,IND
leero01,1976,1,10,PHO
leero03,1979,8,150,DET
leeru01,1972,1,6,MIL
leesa01,2020,2,38,UTA
leeto01,1971,9,147,PHI
lefevcl01,1960,9,64,LAL
leflola01,1965,6,51,BAL
leftwsh01,1975,7,116,CLE
leggero01,1987,7,152,GSW
leiboba01,1967,5,48,NYK
leitema01,1976,10,162,POR
leitzpa01,1971,11,179,PHO
lembola01,1965,4,31,NYK
lemelma01,1980,8,177,PHI
lenal01,2013,1,5,PHO
lenarvo01,1994,2,46,MIL
lennobe01,1964,5,39,BAL
leonabr01,1982,8,181,MIL
leonafe01,1975,4,71,WSB
leonaga01,1989,2,34,MIN
leonajo01,1982,10,211,NYK
leonaka01,2011,1,15,IND
leoname01,2012,1,11,POR
leonasl01,1954,2,10,BLB
leschiv01,1968,10,130,BOS
lesji01,1986,3,70,ATL
leslial01,1981,2,37,IND
leslile01,1952,5,,ROC
leslitr01,2011,2,47,LAC
lessoma01,2017,2,50,PHI
lestema01,1978,10,192,ATL
lestero01,1980,1,10,POR
letavi01,1954,9,75,PHW
lettge01,1979,5,96,GSW
leuerjo01,2011,2,40,MIL
leunema01,2008,2,54,HOU
leverca01,2016,1,20,IND
leverfa01,1982,1,11,POR
levetgu01,1954,7,60,SYR
levetme01,1999,2,54,DET
levincl01,1982,1,9,DET
lewinno01,1953,6,,FTW
lewisal01,1957,6,46,PHW
lewisbi01,1978,4,83,SEA
lewisbo01,1967,4,39,SFW
lewisbo02,1968,14,172,SDR
lewisca01,1984,10,208,CHI
lewiscu01,1977,6,112,BUF
lewisda01,1971,1,12,PHI
lewisde01,1988,3,62,CHI
lewisem01,1979,9,179,DEN
lewisfl01,1973,11,169,CLE
lewisfr02,1966,10,88,CIN
lewisju01,1989,2,48,UTA
lewiske01,1986,6,125,SAS
lewiski01,2020,1,13,NOP
lewisla01,1969,9,126,PHI
lewisma01,1995,2,50,GSW
lewisma03,1969,11,152,NYK
lewisma05,2023,2,40,DEN
lewismi01,1968,7,88,BOS
lewisqu01,1999,1,19,UTA
lewisra01,1985,6,139,BOS
lewisra02,1998,2,32,SEA
lewisra03,1973,1,18,PHI
lewisre01,1987,1,22,BOS
lewisri01,1976,10,167,SEA
lewisro01,1977,7,144,DET
lewissc01,2021,2,56,CHO
lewiste01,1983,4,92,LAL
liberma01,1990,2,42,DEN
lichtto01,1989,1,15,DEN
lickebi01,1961,5,45,LAL
liddeej01,2022,2,41,NOP
liebejo01,1956,5,39,FTW
lienhbo01,1970,4,61,PHO
liggide01,2011,2,53,ORL
ligonbi01,1974,10,175,DET
liimbka01,1969,7,97,LAL
lillada01,2012,1,6,POR
lillito01,1953,10,,BOS
lillyla01,1973,6,100,NYK
lindele01,1976,4,67,BOS
lindeto01,1987,4,78,SEA
lindfr01,1969,11,142,PHO
lineji01,1950,4,45,INO
lingest01,1981,2,44,WSB
linkga01,1974,6,99,BUF
linnge01,1956,3,22,BOS
lipscro01,1947,6,,PRO
lipseto01,1976,7,113,LAL
lishcse01,2004,2,49,MEM
listeal01,1981,1,21,MIL
listeja01,1973,3,41,CLE
litchbi01,1949,9,,NYK
littlcl01,1955,5,40,FTW
littlda01,1983,3,61,DEN
littldo01,1973,4,54,BUF
littled01,1949,4,,BOS
littlge01,1969,5,68,NYK
littlna01,2019,1,25,POR
littlpa01,1983,7,154,POR
littlto01,1970,9,140,BOS
livelde01,2023,1,12,OKC
liveris01,2021,2,42,DET
livinch01,2023,2,58,MIL
livinra01,1996,2,42,HOU
livinro01,1947,5,,NYK
livinsh01,2004,1,4,LAC
lloydbo01,1967,7,69,DET
lloydch01,1970,10,159,SEA
lloydda01,1985,6,136,PHI
lloydea01,1950,9,101,WSC
lloydle01,1981,4,76,GSW
lloydsc01,1976,2,24,MIL
lloydth01,1956,10,76,BOS
llullse01,2009,2,34,DEN
lochmbo01,1952,1,8,SYR
lockege01,1971,3,36,CLE
lockeph01,1982,3,66,POR
lockhda01,1983,2,35,SAS
lockhke01,1985,6,119,NYK
lockhos01,1978,6,130,PHI
lockhto01,1976,5,75,MIL
lockro01,1988,3,51,LAC
loderke01,1981,1,17,KCK
lofgrdo01,1950,1,12,SYR
loftiwi01,1972,10,150,BAL
loganbi01,1956,5,38,BOS
loganch01,1983,5,96,CLE
loganda01,1976,9,143,KCK
loganhe01,1968,4,38,SEA
loganst01,2002,2,30,GSW
loggile01,1980,8,161,DET
lohaubr01,1987,2,45,BOS
lojewbo01,1985,5,98,SAC
lombaan01,1957,3,22,PHW
londoda01,1948,7,,STB
lonesro01,1959,10,73,STL
longgr01,1988,2,33,MIA
longjo01,1978,2,29,DET
longllu01,1991,1,7,MIN
longpa01,1966,15,106,STL
longte01,1982,7,149,POR
longwi01,1971,2,35,CLE
looneke01,2015,1,30,GSW
lopesal01,1966,13,103,BAL
lopezbr01,2008,1,10,NJN
lopezfe01,1998,1,24,SAS
lopezra01,2001,1,24,UTA
lopezro01,2008,1,15,PHO
lorbeer01,2005,2,46,IND
loscuji01,1955,1,4,BOS
loterfr01,1970,14,208,POR
lottca01,1987,5,98,CLE
lottpl01,1967,5,54,SEA
loudeja01,1962,4,35,LAL
loughke01,1961,11,92,NYK
louzama01,2019,2,35,ATL
lovebo01,1965,4,36,CIN
lovecr01,1971,8,121,BUF
lovedpa01,1969,6,85,BAL
loveke01,2008,1,5,MEM
lovelcl01,1952,1,10,MNL
loveri01,1977,2,38,GSW
lovest01,1971,1,9,BAL
lowerch01,1971,8,125,SEA
lowergr01,1972,15,192,CHI
lowesi01,1983,2,25,CHI
lowrybi01,1960,6,44,DET
lowryky01,2006,1,24,MEM
lowryth01,1964,11,89,PHI
lowthbo01,1948,8,,MNL
lozonha01,1970,13,194,SDR
lucased01,1999,2,58,UTA
lucasje01,1962,1,6,CIN
lucasjo01,1976,1,1,HOU
lucasma01,1974,1,14,CHI
luchibr01,1968,11,146,MIL
luchijo01,1951,3,26,NYK
luckete01,1961,2,20,PHW
luckewa01,1975,2,27,DET
luckke01,1982,8,173,WSB
luety01,1998,1,23,DEN
luisiji01,1951,6,57,BOS
lumpkph01,1974,2,34,POR
lumppra01,1948,2,,INJ
lundyse01,2023,2,46,ATL
lutzja01,1969,12,157,MIL
luwawti01,2016,1,24,PHI
luykcl01,1962,4,29,NYK
lydonty01,2017,1,24,UTA
lyleske01,1982,9,199,PHO
lylestr01,2015,1,12,UTA
lynamke01,1981,6,118,NJN
lynamrb01,1966,11,95,CIN
lynchbo01,1970,5,74,SEA
lynchde01,1964,11,87,NYK
lynchdo01,1960,8,60,SYR
lynchge01,1993,1,12,LAL
lynchke01,1991,2,28,CHH
lynnbo01,1972,7,98,POR
lynnlo01,1966,12,99,STL
lynnmi01,1967,5,51,SFW
lyonske01,1983,2,47,PHI
maasch01,1949,5,,INJ
mabrybo01,1970,9,141,CIN
macalmi01,1973,6,88,BUF
macaued01,1949,1,5,STB
maccuto01,1999,2,47,PHI
macgiro01,1952,3,,ROC
mackejo01,1972,4,57,SEA
mackema01,1993,1,27,PHO
mackge01,1967,13,139,PHI
macklru01,1981,3,52,ATL
macklve01,2011,2,52,DET
mackngu01,1969,6,81,ATL
macknjo01,1948,3,,ROC
mackol01,1979,2,25,LAL
macksh01,2011,2,34,WAS
mackto01,1989,2,54,PHI
macledo01,1992,1,19,DET
maconma01,1991,1,8,DEN
macvami01,2011,2,54,CLE
macyky01,1979,1,22,PHO
madarya01,2020,2,47,BOS
maddoti01,2002,2,38,HOU
madsema01,2000,1,29,LAL
maduach01,2011,2,56,LAL
mageehe01,1963,7,63,BOS
mageeke01,1982,2,39,PHO
magerno01,1950,5,50,BLB
maggeco01,1999,1,13,SEA
magidbr01,1979,8,157,IND
magleda01,1982,2,28,CLE
maglijo01,1957,6,41,CIN
magloja01,2000,1,19,CHH
maguini01,1953,20,,ROC
magulmi01,1952,8,,BLB
mahafra01,1967,2,16,LAL
mahfoha01,1955,11,87,FTW
mahinia01,2005,1,28,SAS
mahlabo01,1962,14,97,CHZ
mahonbr01,1971,5,69,CLE
mahonjo01,1955,6,44,BOS
mahonmo01,1950,6,61,BOS
mahorri01,1980,2,35,WSB
mailedi01,1965,11,88,CIN
mainobi01,1971,6,101,NYK
majerda01,1988,1,14,PHO
majokat01,2011,2,58,LAL
majorga01,1969,9,127,BAL
majorno01,1962,16,101,CHZ
makerth01,2016,1,10,MIL
malamli01,1948,7,,ROC
malcoer01,1979,3,61,BOS
maledth01,2020,2,34,PHI
malleje01,1957,4,31,SYR
malonga01,1985,7,143,LAC
malongo01,1997,2,44,MIN
malonje01,1983,1,10,WSB
malonka01,1985,1,13,UTA
malovst01,1978,7,149,PHO
maloymi01,1970,10,157,BOS
maluakh01,2025,1,10,HOU
mamuksa01,2021,2,54,IND
manakte01,1973,3,36,ATL
mandijo01,1947,9,,WSC
mangake01,1972,9,133,DET
manghwa01,1960,10,72,NYK
mannbi01,1951,3,21,BLB
manncy01,1975,4,72,BOS
mannida01,1988,1,1,LAC
mannida02,1956,9,64,ROC
mannied01,1967,8,80,BAL
mannigr01,1981,7,147,DEN
mannigu01,1966,10,87,BAL
mannijo01,1951,8,74,FTW
mannijo02,1979,6,112,CLE
mannini01,2020,2,48,GSW
mannipa01,1983,2,43,GSW
manniri01,1993,2,40,ATL
manniro01,1968,12,148,SDR
manniro02,1972,18,198,CHI
mannite01,1965,5,41,DET
mannma01,1996,2,40,GSW
mannte01,2019,2,48,LAC
manntr01,2021,1,18,OKC
mantini01,1959,5,39,STL
mantzbo01,1958,8,58,CIN
maravpe01,1970,1,3,ATL
marblde01,2014,2,56,DEN
marblro01,1989,1,23,ATL
marbuer01,1982,6,117,SDC
marbust01,1996,1,4,MIL
marchdo01,1979,3,57,ATL
marcipa01,1948,15,,BLB
marcisa01,1987,6,127,GSW
marcugl01,1981,8,166,CLE
mariasa01,1947,7,,WSC
marinja01,1966,1,5,BAL
marinva01,2019,2,60,SAC
mariosh01,1999,1,9,PHO
marioty01,1971,5,73,CIN
markeea01,1953,4,,BOS
markkla01,2017,1,7,MIN
markobo01,2025,2,47,MIL
markoda01,2006,2,59,SAS
marksse01,1998,2,44,NYK
marlaha01,1970,16,224,DET
marotma01,1984,9,201,NYK
marqude01,1982,7,147,DET
marqule01,1981,9,199,SAS
marrejo01,1970,4,68,NYK
marrsda01,1976,5,78,HOU
marshar01,1988,3,75,SAS
marshdo01,1994,1,4,MIN
marshdo02,1995,2,39,CLE
marshhu01,1967,12,131,PHI
marshji01,1968,11,136,SEA
marshke01,2012,1,13,PHO
marshle01,1957,5,37,NYK
marshmi01,1986,7,156,DEN
marshri01,1977,8,165,GSW
marshto01,1954,1,7,ROC
marskbo01,1953,7,,PHW
marskha01,1958,9,66,DET
marteke01,1972,10,145,CLE
martera01,1981,7,149,WSB
martevi01,1984,7,150,ATL
martial01,2025,2,39,TOR
martian01,1980,6,123,CLE
martibi01,1985,2,26,IND
martibi02,1976,9,144,DET
martibr01,1984,9,185,IND
martica03,1968,6,69,CIN
marticl01,1987,3,61,UTA
martico01,2019,2,36,CHO
marticu01,1995,2,57,ATL
martide01,1973,10,156,CLE
martiet01,1981,4,74,CLE
martife01,1985,2,38,NJN
martigo01,1963,7,62,LAL
martija01,2015,1,25,MEM
martije01,1989,2,31,LAC
martijo01,1983,4,79,DAL
martike01,2000,1,1,NJN
martike02,2004,1,26,SAC
martike04,2020,2,52,SAC
martila01,1972,1,1,POR
martima01,1986,1,16,DEN
martimi01,1974,4,69,DET
martiph01,1954,4,29,MLH
martiro01,1978,8,161,CLE
martisl01,1949,3,,MNL
martist01,1979,10,202,WSB
martite02,1972,4,62,CHI
martite03,1981,9,197,CHI
martite04,1984,5,104,ATL
martito01,1984,6,123,GSW
martity01,2022,2,51,GSW
martiwa01,1986,4,73,CLE
martiwh01,1961,2,15,NYK
martymi01,1948,5,,CHS
mashaja01,2025,2,59,HOU
mashbja01,1993,1,4,DAL
masonan01,1988,3,53,POR
masonbo01,1959,5,36,MNL
masonde01,2000,1,17,SEA
masondo01,1982,5,114,PHI
masonfl01,1971,12,192,PHO
masonfr01,2017,2,34,SAC
masonlc01,1976,5,83,WSB
masonri01,1968,19,209,CHI
masonro01,2002,2,31,CHI
massele01,1978,2,38,LAL
masseto01,1990,2,43,SAS
masted01,1969,3,40,NYK
masteji01,1984,6,127,ATL
mathebo01,1953,7,,NYK
mathebu01,1978,2,28,HOU
mathefl01,1972,11,159,KCO
mathube01,2022,1,6,IND
matkoka01,2022,2,52,NOP
matsobi01,1962,9,79,LAL
matsool01,1978,7,135,IND
matsora01,1967,11,122,SEA
matthau01,1978,6,117,DET
matthke01,1981,10,222,BOS
matthwe01,1980,1,14,WSB
mattibo01,1954,2,11,MLH
mattiri01,1980,6,121,NJN
matusdo01,1959,8,56,CIN
mavrolo01,2006,2,57,MIN
maxeyma01,1992,2,28,MIN
maxeyty01,2020,1,21,PHI
maxieja01,2005,1,26,DET
maxwece01,1977,1,12,BOS
maxweda01,1983,9,188,SDC
maxweme01,1981,10,205,DET
maxweve01,1988,2,47,DEN
maybele01,1992,1,23,MIL
maydo01,1968,3,30,NYK
mayerro01,1956,4,28,NYK
mayescl01,1975,2,22,MIL
mayesde01,1979,6,116,MIL
mayfike01,1971,3,50,NYK
mayhest01,1977,3,51,IND
mayjo01,1981,4,71,DET
mayke01,1971,7,110,GSW
maynoer01,2009,1,20,UTA
maynoge01,1979,4,72,CHI
mayooj01,2008,1,3,MIN
maysc01,1976,1,2,CHI
mayse01,2005,1,13,CHA
mayssk01,2020,2,50,ATL
maystr01,1990,1,14,SAC
mayto01,1987,4,73,SAS
mazejc01,1952,3,,BOS
mazried01,1962,11,88,NYK
mbahalu01,2008,2,37,MIL
mcadobo01,1972,1,2,BUF
mcadoro01,1982,10,216,ATL
mcandma01,1976,8,136,BUF
mcartga01,1951,4,40,MNL
mcatebo01,1962,7,57,STL
mcbrijo01,1969,13,173,SDR
mcbrike01,1952,3,,SYR
mcbrimi01,2021,2,36,OKC
mccafji01,1986,6,123,PHO
mccaija01,2024,1,16,PHI
mccalra01,2013,2,36,SAC
mccalra02,1983,8,164,IND
mccalti01,1987,3,47,LAC
mccanbo01,1987,2,32,MIL
mccanbr01,1957,1,5,NYK
mccangl01,1986,7,145,SEA
mccanra01,2005,1,14,MIN
mccansa01,1974,8,142,CHI
mccansc01,1972,9,130,POR
mccaran01,1975,8,136,CLE
mccarja01,1958,16,87,CIN
mccarjo01,1956,4,25,ROC
mccarjo02,1958,9,67,NYK
mccarmi02,1968,15,183,CHI
mccarsa01,1972,8,127,BOS
mccarwa01,1996,1,19,NYK
mccarwa02,1955,10,77,NYK
mccarwi01,1969,1,12,LAL
mccasam01,1996,2,49,ORL
mccawpa01,2016,2,38,MIL
mcclaal01,1984,5,97,HOU
mccladw01,1985,2,27,IND
mcclate01,1971,2,22,ATL
mccledo01,1970,11,176,POR
mccleji01,1958,6,42,CIN
mcclibi01,1961,6,54,LAL
mcclida01,2000,2,53,DEN
mcclija01,2009,2,51,SAS
mccloan01,1986,6,136,PHI
mccloge01,1989,1,7,IND
mccolcj01,2013,1,10,POR
mccolle01,1971,13,199,HOU
mccolro01,1965,12,94,CIN
mccolsc01,1984,5,110,GSW
mccomke01,1962,10,86,SFW
mccommi01,1983,8,168,UTA
mcconji01,1955,7,50,ROC
mcconjo01,1951,1,5,SYR
mcconmi02,1977,4,79,CHI
mccorcr01,1982,4,90,LAL
mccorji01,1963,6,50,CIN
mccorke01,1979,10,198,PHI
mccorti01,1984,1,12,CLE
mccoybi01,1973,6,90,SEA
mccoybo01,1957,2,10,DET
mccoyje01,1998,2,33,SEA
mccoyju01,1956,7,50,STL
mccoymi01,1963,3,22,DET
mccracl01,1983,10,218,DEN
mccraer01,1960,17,95,CIN
mccragr01,1981,9,203,BOS
mccrala01,1974,6,100,NOJ
mccrama01,1982,5,108,PHO
mccraro01,1983,1,3,HOU
mccrasc01,1983,2,36,SEA
mcculbo01,1962,4,32,SYR
mcculch01,2015,1,29,BRK
mcculjo01,1979,4,85,KCK
mcculke01,2024,2,56,PHO
mccurbo01,1975,8,132,MIL
mccutri01,1976,8,130,NYK
mcdadjo01,1959,9,62,CIN
mcdadvo01,1991,2,53,NJN
mcdanja01,2019,2,52,CHO
mcdanja02,2020,1,28,LAL
mcdanji01,1971,2,23,SEA
mcdankj01,2014,2,32,PHI
mcdanma01,1983,7,153,DEN
mcdanxa01,1985,1,4,SEA
mcderde01,1974,8,140,NYK
mcderdo01,2014,1,11,DEN
mcderjo01,1963,5,37,NYK
mcdivgr01,1970,3,44,PHO
mcdonbe01,1984,3,50,CLE
mcdonbo01,1961,6,57,STL
mcdonbu01,1959,6,46,NYK
mcdongl01,1974,1,17,BOS
mcdonji01,1960,21,101,CIN
mcdonke01,1978,2,42,SEA
mcdonke02,1979,8,148,UTA
mcdonle01,1978,4,76,SDC
mcdonmi01,1995,2,55,GSW
mcdonro01,1967,9,101,SEA
mcdougr01,1974,3,54,MIL
mcdowar01,1980,7,154,KCK
mcdoweu01,1985,3,68,MIL
mcdowha01,1981,5,102,GSW
mcdowje01,1952,6,,ROC
mcdyean01,1995,1,2,LAC
mcelrji01,1975,3,38,NOJ
mcfargo01,1963,13,82,STL
mcfarpa01,1973,2,28,NYK
mcgahme01,1948,3,,NYK
mcgarmi01,2014,1,21,OKC
mcgeeja01,2008,1,18,WAS
mcgeemi01,1981,1,19,LAL
mcgilbe01,1969,6,74,SEA
mcgilbi01,1962,1,1,CHZ
mcgiljo01,1976,3,41,NYK
mcginge01,1973,2,22,PHI
mcglojo01,1965,3,27,CIN
mcgonji01,1968,11,137,CHI
mcgovde01,1965,13,95,NYK
mcgowan01,1953,4,,SYR
mcgowbr01,2022,2,40,MIN
mcgratr01,1997,1,9,TOR
mcgrawa01,1973,8,135,MIL
mcgregi01,1971,6,89,CIN
mcgriel01,1965,12,93,STL
mcguial01,1951,6,56,NYK
mcguial02,1973,3,49,NYK
mcguico01,1963,4,36,BOS
mcguidi01,1949,1,8,NYK
mcguido01,2007,2,47,WAS
mchalke01,1980,1,3,BOS
mcharma01,1964,7,60,STL
mcilvji01,1994,2,32,WSB
mcinnje01,1996,2,37,DEN
mcintbo01,1966,4,34,STL
mcintji01,1949,,,ROC
mcintke01,1971,1,15,CHI
mcintke02,1965,3,26,STL
mcintro01,1970,6,89,BOS
mckaist01,1969,20,218,BAL
mckaymi01,1982,5,95,UTA
mckeaji01,1968,7,80,SEA
mckeebo01,1955,4,26,ROC
mckeeje01,1969,11,155,BAL
mckenfo01,1986,3,48,SAS
mckenke01,1981,4,88,LAL
mckenke02,1975,8,138,SEA
mckenpa01,1962,15,99,CHZ
mckenst01,1966,11,94,BAL
mckeyde01,1987,1,9,SEA
mckieaa01,1994,1,17,POR
mckinbi01,1977,6,115,PHO
mckinjo01,1970,4,55,BOS
mckinla01,1981,7,152,IND
mckinlo01,1976,5,85,BOS
mckinpa01,1977,8,166,WSB
mckoywa01,1981,3,63,NYK
mclaiga01,1985,7,154,NJN
mclaima01,1983,9,192,DET
mclando01,1954,4,33,SYR
mclaufr01,1969,10,138,NYK
mclauji01,1956,6,45,SYR
mclaume01,1983,6,119,CLE
mclembe01,2013,1,7,SAC
mclemmc01,1964,3,25,SFW
mcleoba01,1976,7,105,CHI
mcleoed01,1979,9,182,SAS
mcleoge01,1952,4,,MLH
mcleoro01,1998,1,20,ATL
mclouji01,1984,8,167,LAC
mcmahja01,1952,2,,ROC
mcmahst01,1972,9,134,KCO
mcmanal01,1970,13,197,SEA
mcmilch01,1978,7,136,KCK
mcmilja01,1967,9,94,LAL
mcmilje01,1984,8,175,SEA
mcmilji01,1970,1,13,LAL
mcmilll01,1977,3,54,NYK
mcmilna01,1986,2,30,SEA
mcmilsh01,1958,6,43,DET
mcmilto01,1974,1,9,BUF
mcmulji01,1949,,,BLB
mcmurch01,1973,12,178,CLE
mcnamjo01,1950,1,10,ROC
mcnamma01,1982,1,22,PHI
mcneach01,1983,2,38,KCK
mcneecl01,1947,1,1,PIT
mcneeli01,2025,1,29,PHO
mcneibo01,1960,3,19,NYK
mcneich01,1960,5,35,NYK
mcneige01,1966,8,70,DET
mcneiho01,1982,5,113,LAL
mcneila01,1973,2,25,KCO
mcnulca01,1952,3,,MNL
mcphehe01,1967,5,55,SDR
mcphera01,1982,9,188,DAL
mcpipca01,1979,5,103,PHI
mcpipro01,1973,8,136,LAL
mcqueco01,1985,4,91,MIL
mcraeco01,1993,2,38,WSB
mcraejo01,2014,2,58,SAS
mcreyth01,1965,11,85,BAL
mcrobcl01,1961,13,103,CIN
mcrobjo01,2007,2,37,POR
mcsweel01,1976,10,171,CLE
mcwiler01,1972,3,37,HOU
meachda01,1967,17,158,CIN
meaghda01,1985,6,126,CHI
mealybo01,1960,3,23,PHW
meansdi01,1952,10,,MNL
medlety01,1974,5,79,ATL
medskdo01,1958,12,80,CIN
meeda01,1993,2,34,GSW
meeker01,1995,2,41,HOU
meeksjo01,2009,2,41,MIL
meelycl01,1971,1,7,HOU
meentsc01,1986,4,74,CHI
meierca01,1974,9,155,GSW
meinemo01,1952,2,,FTW
mejiasa01,2007,2,57,DET
melchbi01,1966,2,19,PHI
melchga01,1973,2,33,PHO
melchge01,1951,1,1,BLB
melofa01,2012,1,22,BOS
meltode01,2018,2,46,HOU
meltoge01,1982,9,204,PHI
meminde01,1971,1,16,NYK
mencech01,1955,2,14,MNL
mendemi01,1959,3,17,CIN
menegdi01,1970,11,182,ATL
mengejo01,1971,2,21,CIN
mercela01,1980,3,60,SAS
mercero01,1997,1,6,BOS
merchpa01,1950,4,48,SYR
meredji01,1971,10,153,CLE
meriwjo01,1975,1,11,HOU
meriwpo01,1962,3,23,SYR
merkima01,1967,11,117,NYK
merrihe01,1958,11,77,DET
merrisa01,2020,2,60,NOP
merriwi01,1959,8,61,STL
mertejo01,1981,10,207,UTA
meschto01,1961,1,7,PHW
metcabo01,1950,6,68,FTW
metuch01,2018,2,49,SAS
meyerbi01,1965,11,84,NYK
meyerda01,1975,1,2,LAL
meyerjo01,1971,18,233,BUF
meyerlo01,1995,1,24,DAL
mianidi01,1956,11,80,NYK
michela01,1983,2,29,CHI
michida01,2016,2,39,NOP
micicva01,2014,2,52,PHI
mickejo01,2015,2,33,BOS
mickepa01,1967,14,142,BAL
mickepe01,2000,2,58,DAL
middlda01,1988,3,68,ATL
middlkh01,2012,2,39,DET
migueni01,1985,3,62,NJN
mihmch01,2000,1,7,CHI
mikaned01,1948,1,5,CHS
mikanla01,1970,4,64,LAL
mikante01,1974,6,104,NYK
mikeltr01,1983,5,105,NYK
mikkeve01,1949,1,11,MNL
milescj01,2005,2,34,UTA
milesda01,2000,1,3,LAC
milesed01,1963,1,4,DET
milhojo01,1960,13,85,CIN
milhoju01,1951,4,39,PHW
milicda01,2003,1,2,DET
milicma01,1997,2,34,PHI
millaru01,1996,2,39,PHO
millean01,1994,2,39,GSW
millean02,1999,1,8,CLE
millebo01,1978,4,85,PHO
millebo02,1969,12,156,PHO
millebr02,2023,1,2,CHO
milleda01,2012,2,46,NOH
milleda02,1968,12,159,MIL
milleda03,1968,17,198,SDR
milleda04,1947,8,,NYK
milledi01,1980,2,40,IND
milledi02,1956,9,67,NYK
milleed01,1952,2,,MLH
milleel01,1967,7,79,SDR
milleho01,1975,7,120,SEA
milleji01,1985,6,129,UTA
millejo01,1955,4,30,MNL
millejo02,2023,2,48,LAC
millela01,1968,5,62,PHI
millele01,2023,2,33,SAS
millemi01,2000,1,5,ORL
milleol01,1992,1,22,PHO
millepa01,1976,4,62,PHO
millepu01,1981,3,60,IND
millequ01,2012,2,38,DEN
millere01,1987,1,11,IND
millero01,1964,7,57,BAL
millimi01,1983,5,116,PHI
millimi02,1987,5,103,IND
millsbo01,1957,10,72,STL
millsch01,1993,1,22,CLE
millsda01,1961,8,73,SYR
millsda02,1966,7,64,BAL
millsdo01,1960,18,97,CIN
millsdo02,1984,10,217,ATL
millsed01,1948,6,,CHS
millsjo03,1947,7,,PRO
millspa01,2006,2,47,UTA
millspa02,2009,2,55,POR
millssh01,1993,2,29,MIN
millste01,1990,1,16,MIL
miltosh01,2018,2,54,DAL
milutni01,2015,1,26,SAS
mimitja01,1958,6,46,SYR
minarri01,2004,2,48,SAC
minceje01,1986,5,94,NYK
mindema01,1981,7,156,SAS
minerha01,1992,1,12,MIA
minesba01,1983,4,87,NJN
mingya01,2002,1,1,HOU
minnida01,1973,4,53,PHI
minnidi01,1983,2,33,DAL
minorgr01,1994,1,25,LAC
minorma01,1972,11,165,BOS
minorry01,1996,2,32,PHI
minotjo01,2022,2,45,CHO
minsoro01,1951,2,16,NYK
miralal01,2004,2,39,TOR
miransa01,1952,7,,ROC
mirkope01,1980,6,125,POR
mirotni01,2011,1,23,HOU
misakwa01,1947,7,,NYK
miscebo01,1978,6,112,SDC
missiyv01,2024,1,21,NOP
mitchaj01,2024,2,38,NYK
mitchbe01,1981,8,175,CHI
mitchch01,1973,14,191,CLE
mitchda01,2021,1,9,SAC
mitchdo01,2017,1,13,DEN
mitchji01,1979,6,118,GSW
mitchle01,1963,2,15,STL
mitchle02,1984,3,60,CLE
mitchly01,1983,9,186,IND
mitchma01,1986,7,153,UTA
mitchmi01,1978,1,15,CLE
mitchmi02,1969,5,67,ATL
mitchmi03,1984,9,205,PHI
mitchmu01,1948,5,,BOS
mitchsa01,1985,3,54,HOU
mitchst01,1973,3,43,PHO
mitchst02,1986,2,36,WSB
mitchto01,1988,2,43,DEN
mitchto02,2013,2,37,DET
mitrolu01,2015,2,60,PHI
mixonri01,1983,7,161,LAL
mixonto01,1955,9,72,FTW
mixst01,1969,5,61,DET
mlkvybi01,1952,1,4,PHW
moatejo01,1967,13,138,CIN
moblecu01,1998,2,41,HOU
mobleer01,1994,1,18,MIL
mobleev01,2021,1,3,CLE
mobleis01,2022,2,49,CLE
mockto01,1955,10,79,FTW
moedo01,1960,7,52,DET
moeje01,1988,2,42,UTA
moffela01,1977,2,34,HOU
mogbojo01,2024,2,31,TOR
mohamna01,1998,1,29,UTA
moisoje01,2000,1,11,BOS
mokespa01,1979,2,42,HOU
molinja01,1953,1,4,FTW
moliswa01,1965,10,78,NYK
mollero01,1969,8,104,CHI
molodvi01,1956,8,62,BOS
moncrsi01,1979,1,5,MIL
moneyer01,1974,2,33,DET
moniase01,2004,1,23,POR
monkma01,2017,1,11,CHO
monrobe01,1967,12,127,LAL
monroea01,1967,1,2,BAL
monroga01,1983,5,108,POR
monrogr01,2010,1,7,DET
monroro01,1991,2,30,ATL
monsowa01,1961,10,86,DET
montaru01,1973,9,147,CHI
montehe01,1988,3,57,PHI
montejo01,1987,5,113,ATL
montged01,1950,12,121,PHW
montgge01,1985,2,39,POR
montgho01,1962,7,61,SFW
montrer01,1994,1,9,BOS
moodyli01,1962,5,40,DET
moodymo01,2021,1,14,GSW
moondo01,1964,13,96,BAL
moonmi01,1975,10,163,PHO
moorean01,1987,2,31,DEN
moorecu01,1985,6,131,POR
mooreda01,1959,7,49,CIN
moorede01,1960,11,75,CIN
mooreet01,2011,2,55,BOS
moorege01,1968,2,22,MIL
mooregl01,1962,10,84,DET
mooreha01,1952,6,,SYR
mooreja03,1982,9,189,KCK
mooreje01,1988,3,58,CHH
mooreji01,1975,4,66,SEA
moorejo01,1979,2,43,SEA
moorejo02,1955,7,52,BOS
moorejo03,1980,3,64,DET
moorelo01,1980,3,52,NJN
mooremi02,1973,7,117,NYK
mooreot01,1968,1,6,DET
mooreri01,1965,5,43,PHI
moorero01,1987,2,25,NYK
moorero02,1970,5,77,BUF
moorero03,1971,12,186,ATL
mooreve01,1985,3,58,WSB
moorewe01,2022,1,26,DAL
moranha01,1958,5,35,DET
moranja01,2019,1,2,MEM
moranmi01,1959,6,47,STL
moranri01,1987,6,136,ATL
morehke01,1968,13,166,NYK
morelja01,1960,1,4,DET
morelri01,1983,9,194,WSB
moremje01,1956,10,71,ROC
morgabi01,1967,11,119,SFW
morgagu01,1982,2,40,IND
morgaha01,1978,6,129,SAS
morgaja01,1970,7,108,SEA
morgaji01,1957,2,15,SYR
morgaju02,1956,14,90,STL
morgami01,1987,4,71,NYK
morgare01,1970,2,21,BOS
morgato01,1980,10,206,DAL
morgeja01,1965,14,101,PHI
moriapa01,1968,12,154,NYK
morkeni01,1982,9,198,GSW
morlepa01,2003,2,50,PHI
mornida01,1992,2,47,BOS
morniro01,1975,8,144,BOS
moroczi01,1953,5,,MNL
morreja01,1971,15,220,BAL
morriad01,2006,1,3,CHA
morribi01,1974,6,103,LAL
morrich01,1988,1,4,NJN
morrida01,2011,2,41,LAL
morridw01,1952,11,,MNL
morrigr01,1968,17,200,BAL
morriis01,1992,2,37,MIA
morrijo01,1967,6,61,STL
morrike01,1986,5,103,SAC
morrila01,1972,13,175,POR
morrima02,2011,1,13,PHO
morrima03,2011,1,14,HOU
morrimi01,1989,2,51,PHO
morrimo01,2017,2,51,DEN
morrire01,1954,2,14,BOS
morrite01,2001,2,34,ATL
morroge01,1981,8,182,BOS
morropa01,1954,8,70,ROC
morsebo01,1972,3,32,BUF
mortodw01,1994,2,45,GSW
mortojo01,1989,1,25,CLE
mortole01,1954,3,25,ROC
moselcl01,1971,10,164,LAL
moslegl01,1977,1,20,PHI
moslesa01,1983,4,89,PHO
mossda01,1987,5,109,POR
mossed01,1981,4,70,DAL
mosspe01,1982,3,69,BOS
mosteod01,1983,10,211,UTA
motenan01,1987,4,72,NJN
motenla01,1995,2,36,VAN
motiedo01,2011,1,20,MIN
mottoha01,2000,2,40,ATL
moultar01,2012,1,27,MIA
mountri01,1970,8,132,LAL
mournal01,1992,1,2,CHH
mrazoch01,1950,3,33,INO
muddji01,1959,9,65,MNL
mudiaem01,2015,1,7,DEN
mueller01,1966,2,20,CHI
muffmi01,1978,10,193,GSW
muhamsh01,2013,1,14,UTA
mullajo01,1949,3,,BOS
mulleby01,2009,1,24,DAL
mulleje01,1955,2,13,NYK
mullepe01,1981,10,223,PHI
mullich01,1985,1,7,GSW
mullije01,1964,1,6,STL
mullike01,1984,4,93,BOS
mulqumi01,1983,8,181,PHO
mumfoge01,1971,12,195,MIL
mumfoha01,1968,13,167,LAL
mummadi01,1984,10,211,LAC
mungaba01,1986,4,82,WSB
mungigo01,1952,8,,BOS
murdoer01,1991,1,21,UTA
muresgh01,1993,2,30,WSB
murphal01,1975,2,35,PHO
murphca01,1970,2,18,SDR
murphde01,1953,9,,BLB
murphed01,1978,8,160,ATL
murpher01,2013,2,49,CHI
murphja01,1984,2,31,GSW
murphji01,1965,8,67,BAL
murphjo03,1975,8,140,CHI
murphke01,2012,2,47,UTA
murphro01,1987,1,17,POR
murphto01,1986,3,53,SEA
murphto02,1980,3,62,KCK
murphtr01,2001,1,14,GSW
murphtr02,2021,1,17,MEM
murraan01,1978,7,151,PHI
murraco01,2025,1,9,TOR
murrade01,2016,1,29,SAS
murraja01,2016,1,7,DEN
murrake01,1950,4,42,CHS
murrake02,2022,1,4,SAC
murrakr01,2023,1,23,POR
murrala01,1994,1,7,LAC
murraro01,2002,2,42,MIL
murraro02,1972,9,135,PHI
murrast01,1957,5,33,CIN
murratr01,1992,1,18,SAS
murredo01,1966,2,12,DET
murredo02,1981,9,192,GSW
murreph01,1957,6,43,MNL
murrewi01,1964,4,33,STL
musadz01,2018,1,29,BRK
muscami01,2013,2,44,DAL
mustaje01,1990,1,17,NYK
mutomdi01,1991,1,4,DEN
muursma01,1996,1,25,UTA
myersed01,1971,10,160,BAL
myersjo01,1983,8,179,NJN
myersju01,1964,12,93,PHI
myerspe01,1986,6,120,CHI
myersv01,1987,3,51,SAC
mykhasv01,2018,2,47,LAL
myricgl01,1984,10,212,WSB
nachabo01,1954,2,16,ROC
nachbbo01,2002,1,15,HOU
nacinjo01,1958,3,22,SYR
naddach01,1980,7,146,IND
naderab01,2016,2,58,BOS
naegeti01,1987,6,137,BOS
nagelje01,1949,4,,FTW
nagyfr01,1947,2,,PIT
nailole01,1999,2,43,CHH
najered01,2000,2,38,HOU
nancegr01,1981,7,140,DET
nancela01,1981,1,20,PHO
nancela02,2015,1,27,LAL
nancely01,1965,4,35,STL
napiesh01,2014,1,24,CHO
napolpa01,1947,6,,STB
nappyge01,1953,9,,SYR
nashau01,1972,14,184,BAL
nashbo01,1972,1,9,DET
nashco01,1964,2,14,LAL
nashda01,1969,4,48,CHI
nashjo01,1981,5,108,CHI
nashst01,1996,1,15,PHO
natersw01,1973,1,16,MIL
nattca01,1979,1,8,NJN
nattke01,1980,2,30,IND
naullty01,1983,5,110,NJN
naullwi01,1956,2,10,STL
navarju01,2002,2,40,WAS
naviama01,1967,12,132,SDR
ndiayha01,2010,2,56,MIN
ndiayma02,2000,1,26,DEN
nealch01,1975,8,133,POR
nealcr01,1988,3,71,POR
nealdi01,1957,11,79,BOS
nealeal01,1960,9,63,CIN
nealji01,1953,1,7,SYR
nealll01,1972,3,31,POR
nealto01,1985,6,138,LAL
nealyed01,1982,8,166,KCK
nearyja01,1965,9,72,NYK
neciami01,1971,6,91,SEA
nedovne01,2013,1,30,PHO
neelda01,1965,7,58,NYK
neermi01,1970,15,216,CIN
neffst01,1978,3,56,GSW
nehlsjo01,1980,7,152,HOU
neimeto01,1968,11,143,BOS
nelsoba01,1971,5,85,MIL
nelsobi01,1962,9,75,DET
nelsoch01,1978,9,175,NOJ
nelsoda01,1978,4,72,BOS
nelsodo01,1962,3,19,CHZ
nelsoga01,1971,5,70,BUF
nelsogr01,1971,5,78,HOU
nelsoja01,2004,1,20,DEN
nelsojo01,1948,5,,PHW
nelsoko01,1979,10,201,PHO
nelsolo01,1973,2,19,CAP
nelsoro01,1968,3,26,BAL
nembhan01,2022,2,31,IND
nemeldi01,1966,5,44,STL
nesmiaa01,2020,1,14,BOS
nesslma01,1987,6,116,LAC
nestera01,1998,1,17,MIN
netolbo01,1967,2,18,SDR
netora01,2013,2,47,ATL
neumabo01,1964,10,85,CIN
neumajo01,1973,6,98,CHI
neumapa01,1959,4,29,SYR
neumapr01,1983,8,176,KCK
neverca01,1981,3,56,GSW
nevitch01,1982,3,63,HOU
newbola01,1968,7,84,DET
newcoji01,1958,14,85,CIN
newelas01,2025,1,23,IND
newelto01,1971,10,165,PHO
newlebr01,2007,2,54,HOU
newlimi01,1971,2,24,HOU
newmada01,1968,3,31,CHI
newmado01,1979,4,74,IND
newmagr01,1974,8,141,DET
newmaje01,1966,6,55,BAL
newmajo01,1986,2,29,CLE
newmajo02,1974,5,87,DET
newmaro01,1960,6,48,BOS
newsoje01,1968,6,74,BOS
newsost01,1973,3,47,CHI
newtojo01,1965,3,24,BAL
newtotr01,2024,2,49,IND
ngombta01,2011,2,57,DAL
niangge01,2016,2,50,IND
niangsa01,2025,2,58,CLE
nichoab01,1952,7,,MLH
nichoal01,1947,8,,PRO
nichoan01,2012,1,19,ORL
nichode01,2007,2,53,POR
nichoja01,1948,1,12,WSC
nichoja02,1957,10,74,SYR
nickega01,1994,2,34,ATL
nickeje01,1969,15,192,SDR
nickema01,1983,4,88,MIL
nicksca01,1980,1,23,DEN
nicoljo01,1959,13,84,NYK
nicolma01,1993,2,50,HOU
niegojo01,1987,4,82,HOU
niemari01,1968,4,42,DET
nilesmi01,1979,4,83,PHI
nilesst01,1971,4,67,NYK
nimmofr01,1957,5,39,SYR
nimphku01,1980,3,47,DEN
nisenst01,1965,5,40,NYK
nivinah01,2009,2,56,DAL
nixdy01,1989,2,29,CHH
nixonno01,1977,1,22,LAL
njokuwi01,1994,2,41,IND
nnajija01,2023,2,31,DET
nnajize01,2020,1,22,DEN
noahjo01,2007,1,9,CHI
noblech01,1954,4,30,PHW
noblehe01,1977,6,124,DET
noech01,1953,2,15,BOS
noeed01,1962,6,49,DET
noelda01,2006,2,39,MIL
noelne01,2013,1,6,NOH
noertjo01,1950,10,113,WSC
noguelu01,2013,1,16,BOS
nolanji01,1949,2,18,PHW
nolanjo01,1980,10,214,BOS
nolenpa01,1953,4,,BLB
nollra01,1972,6,88,ATL
nordgje01,1996,2,53,MIL
nordmbe01,1961,3,25,CIN
norelhe01,2009,2,47,MIN
normaco01,1974,3,37,PHI
normaja01,1958,7,53,PHW
normake01,1987,1,19,LAC
norriau01,1982,2,37,POR
norrimo01,1996,2,33,MIL
norrisy01,1979,3,63,SAS
northch01,1950,7,75,PHW
northgr01,1971,2,34,NYK
northme01,1965,13,98,STL
norworo01,1976,3,47,PHI
norwowi01,1969,2,19,DET
novakga01,1974,5,75,CLE
novakst01,2006,2,32,HOU
noveyjo01,1971,6,94,BAL
nowakha01,1957,4,28,STL
nowelja01,2019,2,43,MIN
nowelme01,1962,12,92,CHZ
nowitdi01,1998,1,9,MIL
ntilila01,2017,1,8,NYK
nunesal01,1969,18,207,PHO
nunezju01,2024,2,36,IND
nunnedi01,1954,8,65,MLH
nurkiju01,2014,1,16,CHI
nworajo01,2020,2,45,MIL
nyenhbr01,1982,8,170,DET
nzosaya01,2022,2,54,WAS
oaklech01,1985,1,9,CLE
oatiscl01,1970,14,204,SDR
obannch01,1997,2,32,DET
obanned01,1995,1,9,NJN
obravda01,1969,6,78,SFW
obriebu01,1977,6,118,SEA
obrieed01,1953,7,,MLH
obrieha01,1982,9,201,SAS
obrieji01,1971,4,53,BUF
obrieji02,1973,3,37,CLE
obriejo01,1953,6,,MLH
obriemi01,1971,9,151,NYK
obriera01,1950,6,69,INO
obryajo01,2014,2,36,MIL
obryapa01,2006,1,9,GSW
ockelje01,1968,3,24,SEA
oconnbi01,1963,3,19,NYK
oconnbr01,1981,8,177,NYK
oconned01,1955,11,81,STL
oconnja01,1971,14,215,NYK
oconnjo01,1974,10,174,NYK
oconnla01,1953,11,,NYK
oconnri01,1974,8,132,KCO
oconnto01,1973,16,201,CLE
odemsmi01,1975,5,82,CLE
odengr01,2007,1,1,POR
odomda01,1984,8,168,WSB
odomed01,1980,4,76,SDC
odomla01,1999,1,4,LAC
odumsda01,1976,6,100,BUF
oftrifr01,1950,8,85,BOS
ogdenbu01,1968,13,162,SEA
ogdenra01,1970,4,53,SFW
ogletdo01,1970,12,185,DET
ogoredo01,1960,5,33,CIN
ohallji01,1949,7,,INJ
ohanlfr01,1970,8,131,PHI
oharafr01,1954,11,92,PHW
ohldo01,1958,5,37,PHW
ojelese01,2017,2,37,BOS
okafoem01,2004,1,2,CHA
okafoja01,2015,1,3,PHI
okayaya01,1981,8,171,GSW
okeefdi01,1947,1,9,WSC
okeefha01,1948,8,,ROC
okeefto01,1950,4,41,WSC
okekech01,2019,1,16,ORL
okoboel01,2018,2,31,PHO
okogijo01,2018,1,20,MIN
okongon01,2020,1,6,ATL
okoremi01,1980,1,6,NJN
okorois01,2020,1,5,CLE
okpalkz01,2019,2,32,PHO
okurme01,2001,2,38,DET
oladivi01,2013,1,2,ORL
olajuha01,1984,1,1,HOU
olbrila01,2025,2,55,LAL
oldhaja01,1980,2,41,DEN
oldhajo01,1949,2,15,FTW
oleynfr01,1975,1,12,SEA
olivebr01,1990,2,32,PHI
oliveca02,1971,10,158,HOU
olivece01,1979,9,178,ATL
olivehe01,1978,7,150,SAS
oliveis01,1970,10,161,POR
oliveji01,1991,2,39,CLE
olivejo01,1977,8,168,PHI
olivesu01,1970,3,41,CLE
olivicl01,1985,5,106,SAS
ollieke02,1981,9,188,UTA
ollivmi01,1981,2,32,CHI
olmstll01,1953,7,,MNL
olofsde01,1970,16,223,SDR
olowomi01,1998,1,1,LAC
olowsch01,1971,11,175,BAL
olsenbu01,1962,2,15,CIN
olsonri01,1986,7,158,HOU
olynyke01,2013,1,13,DAL
omallgr01,1969,19,214,ATL
onealdi01,1957,2,16,BOS
onealje01,1996,1,17,POR
onealsh01,1992,1,1,ORL
onimi01,2019,2,58,GSW
onuakch01,2016,2,37,HOU
oquinky01,2012,2,49,ORL
orangra01,1983,9,189,CHI
oriakal01,2013,2,57,PHO
orlanto01,1984,5,116,BOS
ormsba01,1968,8,96,BAL
orourbi01,1969,12,165,NYK
orrjo01,1948,2,,MNL
orrlo01,1980,2,29,IND
ortizjo01,1987,1,15,UTA
ortonda01,2010,1,29,ORL
osborch01,1961,3,28,SYR
osbyro01,2013,2,51,ORL
osgoole01,1969,13,170,MIL
osheake01,1950,1,11,MNL
osmande01,2015,2,31,MIN
ossoljo01,1950,4,43,NYK
ostergr01,1995,1,28,UTA
osterwa01,1950,2,18,CHS
oteybi01,1970,15,220,CHI
ottenma01,1949,3,,INJ
oturuda01,2020,2,33,MIN
oubreke01,2015,1,15,ATL
outlatr01,2003,1,23,POR
oveji01,1951,6,58,ROC
overtbo01,1983,10,224,PHO
overtcl01,1950,5,53,WSC
overtdo01,1991,2,40,DET
owenma01,1985,7,153,POR
owensan02,1970,11,174,SEA
owensbi01,1991,1,3,SAC
owensch01,2002,2,48,MIL
owensed01,1977,2,31,KCK
owensho01,1983,2,44,NJN
owensji01,1973,8,128,PHO
owenske02,1982,4,88,SEA
owensra01,1980,6,124,IND
owensre01,1949,2,21,WSC
owensto01,1971,4,58,HOU
oxleyji01,1970,5,85,NYK
oyedeol01,2000,2,42,SEA
pacecl01,1948,6,,PHW
pacejo01,1975,5,76,PHO
pacero01,1977,6,122,BOS
pachuza01,2003,2,42,ORL
paddige01,1988,3,74,BOS
padgepe01,1976,6,88,ATL
padgesc01,1999,1,28,UTA
pageke01,1981,5,96,CLE
pagetda01,1971,11,178,PHI
pagete01,1965,14,102,STL
paigela01,1978,7,147,LAL
paigema01,2016,2,55,BRK
paigero01,1976,6,96,HOU
palamra01,1974,8,144,MIL
palazto01,1954,1,5,BOS
palmeji01,1957,2,12,STL
palmewa01,1990,2,33,UTA
palomda01,1986,7,159,PHI
palubed01,1974,4,61,ATL
papagge01,2016,1,13,PHO
papanko01,2012,2,48,NYK
parched01,1954,10,87,ROC
parhaea01,1948,3,,STB
parisro01,1976,1,8,GSW
parkean01,1997,1,21,NJN
parkean02,1979,3,46,WSB
parkect01,1948,7,,WSC
parkeda01,1970,6,99,ATL
parkeeu01,1978,5,108,SAS
parkeja01,2014,1,2,MIL
parkeru01,1968,5,61,ATL
parkeso01,1976,1,17,GSW
parketo01,2001,1,28,SAS
parketo02,1972,6,83,CLE
parkhba01,1973,1,15,POR
parkibr01,1976,9,155,CLE
parkija01,1948,2,,WSC
parksbo01,1984,3,58,ATL
parksch01,1968,7,92,PHO
parksch02,1995,1,12,DAL
parksjl01,1949,8,,INJ
parksri01,1966,5,47,CIN
parksri02,1965,13,97,PHI
parrja01,1958,10,71,CIN
parrwi01,1976,4,63,SEA
parslch01,1949,,,FTW
parsoch01,2011,2,38,HOU
parsocl01,1969,18,210,ATL
parsode01,1955,8,60,BOS
parsodo01,1950,6,67,NYK
pascher01,2019,2,41,GSW
pasecan01,2017,1,25,ORL
pasquel01,1984,5,106,SEA
paterbi01,1977,3,45,KCK
patrija01,1980,5,97,DEN
patrole01,1961,6,53,DET
pattean01,1998,2,46,MIN
pattebo01,1955,5,36,BOS
patteer01,1983,6,121,CHI
pattege01,1961,12,100,CIN
patteke01,1985,3,48,IND
pattela01,2014,2,48,MIL
pattepa01,2010,1,14,HOU
patteru01,1998,2,31,LAL
pattesh01,1958,10,70,MNL
pattest01,1970,8,129,PHO
patteto01,1972,2,25,BAL
pattoju01,2017,1,16,CHI
patzwjo01,1956,13,87,MNL
paulch01,2005,1,4,NOH
pauldri01,2004,2,54,DET
paulito01,1976,6,87,CHI
paulkch01,1967,17,159,PHI
paulle01,1973,11,171,DET
paulsje01,1957,3,17,CIN
paultbi01,1970,7,103,SDR
pavilcl01,1951,11,86,BLB
pavloal01,2003,1,19,UTA
paxsoji01,1954,11,95,ROC
paxsoji02,1979,1,12,POR
paxsojo01,1983,1,19,SAS
paxtobo01,1948,9,,INJ
payakjo01,1949,,,PHW
paynead01,2014,1,15,ATL
paynebo01,1951,3,30,MNL
payneca01,2015,1,14,OKC
paynedo01,1955,9,69,NYK
payneed01,1973,11,167,POR
payneke01,1989,1,19,PHI
paynemi01,1985,3,57,HOU
payneul01,1978,9,174,DET
paytoel01,2014,1,10,PHI
paytoga01,1990,1,2,SEA
paytome01,1951,2,19,PHW
pearsda01,1987,3,59,WSB
peavymi01,2025,2,40,WAS
peavyte01,1979,10,188,CLE
pecheol01,2006,1,18,WAS
peckto01,1973,6,92,HOU
peckwi01,1979,1,19,SAS
pederhe01,1956,10,72,STL
peekri01,1967,15,148,BAL
peelean01,1992,1,15,LAL
peeleru01,1971,14,211,BAL
peeplge01,1966,4,35,BAL
pehanjo01,1954,7,55,BLB
pehlje01,1983,5,112,SAS
pekovni01,2008,2,31,MIN
pelekda01,1984,10,225,DET
pelkibo01,1964,8,67,PHI
pellean01,1995,2,44,DEN
pembega01,1978,7,144,NYK
penaja01,1982,6,133,SAS
pendano01,2025,2,32,BOS
pendeje01,1972,7,112,CHI
pendeje02,2009,2,31,SAC
pendlge01,1977,4,73,IND
penixji01,1970,4,59,POR
pennejo01,1973,13,185,CLE
pennsc01,2000,2,57,ATL
penwebu01,1952,9,,BLB
peplomi01,1993,2,52,SAC
peppebe01,1997,2,56,BOS
peppemi01,1981,6,123,SDC
pequeju01,1958,4,31,STL
perduwi01,1988,1,11,CHI
peretro01,1969,11,153,LAL
perkike01,2003,1,27,MEM
perkisa01,1984,1,4,DAL
perkiwa01,1949,4,,PRO
perovko01,2006,2,38,GSW
perrybe01,1983,8,172,WSB
perrycu01,1970,3,35,SDR
perryde01,1983,6,124,DET
perryel01,1991,2,37,LAC
perryje01,1971,11,173,SEA
perryjo01,1973,2,34,LAL
perryke01,1985,3,65,WSB
perrymi01,1981,9,194,KCK
perryre01,2020,2,57,LAC
perryro01,1967,7,68,BAL
perryro02,1954,4,32,BOS
perryro03,1980,3,54,BOS
perryti01,1988,1,7,PHO
perrywo01,1979,5,89,UTA
persoch01,1986,1,4,IND
persoik01,1983,10,213,DET
persowe01,1994,1,23,PHO
pervach01,1966,17,110,BAL
peteral01,2017,2,54,PHO
peterbe01,1954,3,21,PHW
peterbo01,1952,11,,BLB
peterbo02,1970,17,231,CLE
peterbu01,1985,7,147,CLE
petercu01,1976,7,108,DET
peterda01,1976,6,98,SEA
petered01,1948,4,,NYK
peterge01,1981,5,106,IND
peterji01,1984,3,51,HOU
peterke01,1982,8,165,DAL
peterlo01,1967,17,157,BAL
peterme01,1960,11,78,DET
petermi01,1972,16,195,KCO
petermo01,2000,1,21,TOR
peterta01,2025,2,54,IND
petried01,1956,12,84,NYK
petrige01,1970,1,8,POR
petrodr01,1986,3,60,POR
petroge01,1947,9,,BOS
petrojo01,2005,1,25,SEA
petrufi01,2021,2,50,PHI
petruri01,1993,2,46,HOU
pettean01,1972,14,187,CHI
pettema01,1983,5,111,MIL
pettibo01,1954,1,2,MLH
pettier01,1972,5,67,DET
pettwje01,1967,14,144,CIN
pettyla01,1981,7,157,LAL
pheglro01,1978,1,14,WSB
phelaja01,1949,,,PRO
phelaja02,1951,8,78,PHW
phelaja03,1977,6,126,GSW
phelpmi01,1985,7,144,SEA
phillan01,1947,5,,CHS
phillbo01,1991,2,45,MIL
philled01,1982,1,21,NJN
phillga01,1961,1,9,BOS
phillge01,1971,7,119,MIL
phillgu01,1948,10,,BOS
phillju01,2023,2,35,BOS
phillla01,1964,6,47,DET
phillly01,1969,17,202,MIL
phillmi01,1978,3,45,NJN
phillmi02,1982,10,220,DEN
phillor01,1983,3,69,LAL
phoenja01,1948,10,,INJ
piatker01,1994,1,15,IND
piatkwa01,1968,8,99,SFW
piccoja01,1974,8,136,NOJ
pickaji01,1969,10,136,BOS
pickeda01,1976,9,149,LAL
pickeja02,2023,2,32,IND
pickero01,1963,15,84,NYK
picketi02,2004,2,44,NOH
pickewi01,1966,5,42,DET
piercbo01,1951,5,43,INO
piercca01,1980,7,139,DET
piercca02,1984,9,186,CHI
piercpa01,1998,1,10,BOS
piercri01,1982,1,18,DET
piercsc01,1964,9,78,CIN
pietkst01,1978,7,133,SDC
pietrmi01,2003,1,11,GSW
pikesla01,1977,8,154,MIL
pilchjo01,1950,2,14,BLB
pinchfr01,1962,11,90,CIN
pincked01,1985,1,10,PHO
pindeti01,1979,5,101,ATL
pinnojr01,2006,2,58,DAL
pinoni01,1967,11,116,LAL
pinonjo01,1983,3,58,ATL
piontda01,1956,3,17,ROC
piorkjo01,1953,14,,BLB
piotrto01,1983,3,62,POR
pippesc01,1987,1,5,SEA
pittmch01,1982,3,61,PHO
pittmde01,2010,2,32,MIA
pittsja01,1965,15,105,PHI
pittsji01,1966,6,53,SFW
pittsmi01,1984,7,146,SAS
plaistr01,2008,2,46,SEA
planizo01,2003,1,22,NJN
plattst01,1974,8,138,WSB
pleasbi01,1972,7,105,ATL
pleisti01,2010,2,31,NJN
plumlma01,2013,1,22,BRK
plumlmi01,2012,1,26,IND
plummga01,1984,2,45,GSW
plumpji01,1969,20,216,PHO
plunkda01,1956,6,42,STL
podkopa01,2004,1,21,UTA
podzibr01,2023,1,19,GSW
poeltja01,2016,1,9,TOR
poepa01,1979,7,129,UTA
pointsi01,2015,2,53,CLE
pokusal01,2020,1,17,MIN
polecla01,1986,7,155,DET
poleedw01,1986,3,54,LAC
polkwi01,1979,10,187,DET
pollaji01,1947,7,,CHS
pollasc01,1997,1,19,DET
polnier01,1970,4,58,BUF
polnima01,1970,6,100,BAL
polsora01,1952,1,6,NYK
polynol01,1987,1,8,CHI
pomeyge01,1965,15,106,STL
pondecl01,1974,1,16,CHI
pondequ01,2010,1,26,OKC
pondero01,1974,3,53,BOS
ponsejo01,1978,9,176,CHI
pooleca01,1970,7,114,PHI
poolejo01,2019,1,28,GSW
popaco01,1995,2,53,LAC
popeda01,1984,3,62,UTA
popede01,1983,6,131,POR
popema01,1996,2,52,IND
popema02,1957,7,52,STL
popsoda01,1987,4,88,DET
poquebe01,1977,2,36,DET
portech01,2000,2,55,GSW
porteda01,1982,8,171,POR
porteho01,1971,2,32,CHI
porteke01,1972,3,39,BAL
porteke02,2019,1,30,MIL
portemi01,2018,1,14,DEN
porteot01,2013,1,3,WAS
portete01,1985,1,24,POR
portewi01,1965,16,111,CIN
portibo01,2015,1,22,CHI
portmbo01,1969,1,7,SFW
porzikr01,2015,1,4,NYK
poseyja01,1999,1,18,DEN
postela01,2000,2,39,NYK
postqu01,2024,2,52,GSW
potapvi01,1996,1,12,CLE
pottech01,1978,5,98,ATL
pottedu01,1960,15,91,CIN
pottepa01,1954,5,42,SYR
pottesa01,1985,6,134,HOU
pottno01,1954,6,51,SYR
pottsbo01,1982,6,134,SEA
poundla01,1975,5,87,GSW
poundwi01,1979,8,159,POR
powelci01,1965,8,69,STL
poweldr01,2025,1,22,ATL
poweldw01,2014,2,45,CHO
powele01,2006,2,49,DEN
poweler01,1969,15,191,SEA
powelji01,1974,8,127,PHI
poweljo02,1958,17,88,CIN
powelno01,2015,2,46,MIL
powerti01,1967,6,65,PHI
praddma01,1965,9,77,LAL
prateri01,1953,10,,NYK
prattcl01,1975,5,81,DET
preecaa01,1951,8,72,TRI
preldem01,2009,2,57,PHO
preslbo01,1969,11,143,MIL
preslma01,1975,5,78,POR
pressar01,1952,10,,BLB
pressdo01,1986,5,99,SEA
pressha01,1986,1,17,SAC
presspa01,1982,1,20,MIL
prestja01,2021,2,33,ORL
prestpa01,2010,2,45,MIN
previst01,1972,7,111,BOS
prewibo01,1949,7,,NYK
priceaj01,2009,2,52,IND
pricebi01,1961,6,55,SYR
pricebr01,1992,2,32,WSB
pricebu01,1961,7,62,DET
pricece01,1957,8,61,SYR
pricece02,1961,8,69,NYK
pricege01,1960,8,58,NYK
pricegl01,1974,8,135,BUF
priceji01,1972,2,16,LAL
pricejo01,1986,7,150,WSB
pricema01,1986,2,25,DAL
pricemi01,1970,1,17,NYK
pricera01,1974,4,64,NOJ
priceto01,1979,2,29,DET
priddbo01,1952,6,,BLB
pridgjo01,1969,18,209,SDR
primojo01,2021,1,12,SAS
primust01,1985,6,118,IND
princta01,2002,1,23,DET
princta02,2016,1,12,UTA
princto01,1973,17,203,PHI
printgi01,2007,2,58,SAS
priscje01,1954,5,44,NYK
pritccu01,1972,7,103,PHI
pritcjo01,1949,,,STB
pritcke01,1990,2,34,GSW
pritcpa01,2020,1,26,BOS
prociga01,2022,2,36,POR
proctty01,2025,2,49,CLE
profila01,1999,2,38,ORL
prokeji01,1972,11,158,BUF
prospol01,2023,1,24,SAC
prosscr01,1976,7,107,KCK
prudhjo01,1955,12,89,ROC
pruetdi01,1967,5,46,CHI
pruitcl01,1983,6,118,IND
pruitga01,2007,2,32,BOS
przybjo01,2000,1,9,HOU
pucillo01,1959,9,67,STL
pughro01,1948,2,,PHW
puidost01,1977,3,57,WSB
pullido01,1969,6,80,BOS
purcebe01,1952,12,,BLB
purceja01,1958,10,74,STL
purneol01,1975,6,96,MIL
pursila01,1962,8,63,CHZ
qizh01,2016,2,43,HOU
queende01,2025,1,13,ATL
quetane01,2021,2,39,SAC
quickbo01,1968,2,18,BAL
quickim01,2020,1,25,OKC
quickmi01,1973,6,93,KCO
quiggja01,1958,8,59,DET
quiggjo01,1958,2,12,NYK
quimbar01,1955,11,82,ROC
quinnbr01,1989,2,50,NYK
quinnwi01,1947,4,,TRH
quintca01,1971,18,234,HOU
rabbiv01,2017,2,35,ORL
rackllu01,1969,3,37,CIN
radclji01,1957,5,38,PHW
raddagi01,1967,8,84,NYK
radfoma01,1981,3,53,SEA
radfowa01,1978,2,27,IND
radicni01,2015,2,57,DEN
radjadi01,1989,2,40,BOS
radmavl01,2001,1,12,SEA
radojal01,1999,1,12,TOR
radovfr01,1960,2,14,STL
radovmo01,1952,3,,PHW
radzira01,1957,4,30,PHW
raedo01,1965,10,83,LAL
raffela01,1965,16,109,PHI
raftebi01,1963,14,83,NYK
ragama01,1970,10,167,ATL
ragelra01,1951,2,18,ROC
rahilbr01,1987,4,85,PHI
rainsed01,1981,2,30,SAS
raiviri01,1979,8,163,PHI
rakerle01,1981,4,77,SDC
rakocig01,2000,2,51,MIN
rakovmi01,2007,2,60,DAL
rambiku01,1980,3,58,NYK
rambojo01,1965,6,53,STL
ramired01,1952,12,,MNL
ramospe01,2004,2,32,WAS
ramseca01,1959,2,15,STL
ramsecl01,1976,4,54,KCK
ramsefr01,1953,1,6,BOS
ramseja01,2020,2,43,SAC
ramsejo01,1965,13,96,BAL
ramsejo02,1975,3,46,NYK
ramstji01,1951,7,64,FTW
randama01,1991,1,26,CHI
randlju01,2014,1,7,LAL
randoan01,2008,1,14,GSW
randobe01,1983,10,217,NYK
randoza01,2001,1,19,POR
randte01,1956,2,11,MNL
rangepe01,1982,7,143,KCK
rankiro01,1986,7,149,SAC
rankwa01,1980,5,99,SDC
ranseke01,1980,1,4,CHI
ransoge01,1979,9,175,GSW
ranzisa01,1951,1,8,ROC
rappija01,1976,5,77,MIL
rascobo01,1962,3,20,NYK
rasmubl01,1985,1,15,DEN
raterma01,1974,9,156,WSB
rathedo01,1970,16,229,BAL
ratifja01,1982,8,172,ATL
ratleed01,1973,1,6,HOU
ratlimi01,1972,2,28,KCO
ratlith01,1995,1,18,DET
rautian01,2010,2,38,NYK
rautige01,1975,9,158,BUF
rautile01,1983,1,17,PHI
ravelge01,1960,8,62,PHW
raycl01,1971,3,40,CHI
raydo01,1948,1,11,PHW
rayhoal01,1982,7,157,SEA
rayja01,1980,1,5,DEN
rayji01,1956,5,37,SYR
raylji01,1963,3,23,CIN
raymocr01,1967,1,12,PHI
raynama01,2025,2,42,SAC
raynech01,1985,6,124,PHO
raynoch01,1947,5,,BLB
rayst01,1979,7,138,MIL
razutal01,1967,11,123,SDR
reaco01,1953,8,,BLB
reagado01,1948,7,,CHS
reardro01,1951,7,65,SYR
reasoda01,1968,7,85,SFW
reasowa01,1978,7,152,POR
reavejo01,1973,3,42,PHO
reavida01,1977,4,83,WSB
rebraze01,1994,2,54,SEA
reddbo01,1968,11,141,NYK
reddedo01,1986,3,64,DEN
reddewi01,1982,3,64,SAS
reddica01,2019,1,10,ATL
reddicu01,1981,8,169,DEN
reddiga01,1976,5,73,POR
reddimi01,1984,6,136,MIL
reddmi01,2000,2,43,MIL
reddmi02,1967,5,52,BOS
reddofr01,1953,3,,ROC
redicjj01,2006,1,11,ORL
redmobo01,1965,10,79,BAL
redmoma01,1977,3,60,GSW
reedan01,1993,2,41,CHI
reedda01,2017,2,32,PHO
reedgr01,1969,9,120,SFW
reedhu01,1958,2,15,STL
reedje01,1950,4,38,BLB
reedji01,1956,9,65,STL
reedju01,2004,2,40,BOS
reedpa01,2020,2,58,PHI
reedra01,1982,7,139,CLE
reedri01,1975,10,164,PHI
reedri02,1979,4,81,LAL
reedro01,1965,3,23,DET
reedse01,1974,5,84,LAL
reedus01,1981,5,104,KCK
reedwi01,1964,2,10,NYK
reesedo01,1982,8,169,IND
reevean01,2024,2,47,ORL
reevebr01,1995,1,6,VAN
reeveke01,1950,4,37,BOS
reevekh01,1994,1,12,MIA
reffoja01,1968,19,211,CIN
reganri01,1953,1,5,ROC
regenji01,1972,9,143,MIL
rehfedo01,1950,1,2,BLB
reichca01,1947,9,,NYK
reichgi01,1953,11,,BOS
reidbi01,1979,5,98,IND
reiddo01,1995,2,58,DET
reidji01,1967,5,53,PHI
reidjr01,1989,1,5,CHH
reidla01,1979,4,88,WSB
reidmi01,1972,5,64,POR
reidro01,1977,2,40,HOU
reidry01,2010,2,57,IND
reigebi01,1955,8,57,STL
reillji01,1950,9,107,MNL
reisech01,1947,9,,BLB
reistga01,1971,6,92,HOU
reitebo01,1955,6,47,FTW
reitzbo01,1983,5,114,BOS
rellfce01,1977,5,93,PHO
rellfri01,1986,5,95,IND
remleke01,1960,4,28,DET
remlych01,1985,7,162,BOS
renchbe01,1980,6,120,CHI
renchte01,1995,2,32,WSB
renfrpa01,1980,9,181,UTA
rennijo01,1951,6,52,TRI
rentzef01,1996,1,23,DEN
respesh01,1995,1,8,POR
ressole01,1973,8,123,POR
restake01,1974,3,39,CLE
rethebo01,1949,5,,STB
rethedi01,1952,8,,MLH
retseji01,1973,3,46,GSW
reveljo01,1984,4,92,LAL
revonni01,1954,6,54,MNL
rexdo01,1971,11,174,HOU
reynobi01,1977,7,138,SEA
reynofr01,1984,2,44,WSB
reynoge01,1969,9,117,DET
reynoja01,1978,7,140,CHI
reynoje01,1985,1,22,MIL
reynoji01,1964,11,91,CIN
reynovi01,1982,6,116,CLE
rhineke01,1964,8,69,STL
rhoadga01,1973,5,75,HOU
rhodege01,1952,4,,INO
rhodeha01,1977,8,167,POR
rhodemi01,1981,5,110,SAS
rhoderi01,1977,8,162,CHI
rhodero01,1997,1,24,HOU
rhodero02,1975,9,159,BOS
rhonech01,1982,5,103,POR
riachto01,1951,7,61,BLB
ribocjo01,1971,8,129,BOS
riccabr01,1950,8,87,PHW
ricegl01,1989,1,4,MIA
ricegl02,2013,2,35,PHI
ricejo01,1983,9,205,BOS
ricemi01,1962,8,66,DET
ricerda01,1962,15,100,STL
richach01,2007,2,41,MIN
richacl01,1979,2,36,PHI
richado01,1974,7,110,POR
richaer01,1984,5,100,SAS
richaja01,2001,1,5,GSW
richaja02,2025,1,25,ORL
richajo01,2015,2,40,MIA
richama01,2016,1,22,CHO
richami01,1978,1,4,NYK
richani01,2020,2,42,NOP
richapo01,1989,1,10,MIN
richaqu01,2000,1,18,LAC
richara01,1962,10,82,NYK
richary01,2010,2,49,SAS
richawi02,2025,2,56,MEM
richejo01,1953,8,,MNL
richmli01,1948,4,,FTW
richmmi01,1988,1,5,GSW
richmmi02,1987,3,66,DAL
richtjo01,1959,1,8,BOS
rickedi01,1955,1,1,STL
rickeri01,2003,2,55,MIN
riddlbo01,1977,7,141,CLE
rideris01,1993,1,5,MIN
ridglja01,1971,3,41,CLE
ridnolu01,2003,1,14,SEA
riedybo01,1967,6,56,BAL
riesbdi01,1963,8,65,BAL
riffeji01,1950,2,20,FTW
riggier01,1987,3,62,PHI
rikerto01,1972,1,8,NYK
rileybo01,1970,5,82,ATL
rileych01,1961,7,66,STL
rileycl01,1983,3,64,PHI
rileyer01,1993,2,33,DAL
rileyke01,1971,12,193,CHI
rileypa01,1967,1,7,SDR
rileyro01,1972,3,38,KCO
rileyro02,1996,2,47,SEA
rileywi01,2025,1,21,UTA
rillegr01,2020,2,56,CHO
rimolan01,1974,10,170,BUF
rinalri01,1971,3,43,BAL
rinkajo01,1970,7,118,MIL
riordmi01,1967,12,128,NYK
riplero01,1979,4,75,GSW
rippest01,1969,8,106,SFW
rippiro01,1971,10,156,ATL
rirkeri01,1968,20,212,CHI
risacza01,2024,1,1,ATL
rislest01,1981,8,180,PHO
ritteca01,1963,10,76,STL
rittejo01,1973,8,125,CLE
rittete01,1948,7,,NYK
riverau01,2012,1,10,NOH
riverda01,1988,1,25,LAL
riverdo01,1983,2,31,ATL
rivermo01,1975,10,168,NYK
riverro01,1954,6,53,NYK
rixeyep01,1949,,,BLB
roachre01,1970,12,186,CIN
robapa01,1981,9,187,CLE
robbire01,1966,6,59,PHI
roberal01,1984,1,7,SAS
roberan01,1977,1,21,DEN
roberan03,2013,1,26,MIN
roberbr02,1992,2,54,SAC
roberca01,1980,4,83,SAS
roberda01,1984,8,181,DET
roberfr01,1982,2,27,MIL
roberge01,1971,14,210,HOU
roberge02,1974,7,124,CHI
roberha01,1978,4,82,LAL
roberjo01,1960,3,21,SYR
roberla01,2005,2,55,SEA
roberma01,1971,3,45,DET
roberos01,1960,1,1,CIN
roberri01,1969,1,15,LAL
roberro02,1981,7,141,NJN
roberry01,1999,2,45,SAC
roberst01,1991,1,23,ORL
roberto01,1977,4,88,LAL
roberwa01,1970,8,128,CLE
roberwi01,1971,13,202,DET
robeyri01,1978,1,3,IND
robinbe01,2004,2,45,CHA
robinbi01,1975,1,10,KCK
robinca01,1976,9,148,NOJ
robinch01,1996,2,51,VAN
robinch02,1986,4,86,DET
robincl01,1979,1,11,NJN
robincl02,1989,2,36,POR
robincr01,1983,3,68,BOS
robincr02,1983,4,93,PHI
robinda01,1987,1,1,SAS
robinda02,1979,4,78,POR
robinda03,1996,2,58,DAL
robineu01,1979,4,69,MIL
robinfl01,1965,2,18,CIN
robingl01,1994,1,1,MIL
robingl02,2014,2,40,MIN
robinja01,1978,4,67,HOU
robinja02,1993,1,21,POR
robinja04,1968,11,139,CIN
robinje01,2018,1,13,LAC
robinje02,2021,2,32,NYK
robinjo01,1977,5,110,LAL
robinla02,1973,16,199,PHI
robinla03,1974,4,59,HOU
robinla04,1984,5,95,CHI
robinma01,1978,9,177,ATL
robinmi01,2018,2,36,NYK
robinmi02,1974,7,111,CLE
robinmi03,1981,7,143,UTA
robinna01,2005,1,21,PHO
robinol01,1982,2,24,SAS
robinri01,1977,7,145,SAS
robinro01,1973,4,60,PHO
robinru01,1990,1,10,ATL
robinru02,1959,7,54,NYK
robinsa01,1970,6,91,SEA
robinst01,2010,2,59,ORL
robinth01,2012,1,5,SAC
robintr01,1974,2,22,WSB
robinwa01,1980,2,31,LAL
robinwi01,1972,4,54,HOU
robisda01,1971,3,44,BOS
robitto01,1959,2,9,DET
robyis01,2019,2,45,DET
rochare01,1947,2,,TRH
rocheal01,1957,5,36,STL
rochebo01,1952,7,,SYR
rochejo01,1971,1,14,PHO
roddyda01,2022,1,23,PHI
rodgegu01,1958,1,5,PHW
rodmade01,1986,2,27,DET
rodriab01,1947,4,,WSC
rodrifr01,1984,10,214,SAS
rodrise01,2006,1,27,PHO
rodweca01,1969,20,217,ATL
roelo01,1995,2,30,DET
rogeral01,1983,6,130,KCK
rogerca01,1994,1,11,SEA
rogerha01,1973,4,67,MIL
rogerjo01,1986,2,34,SAC
rogerke01,1981,10,218,NYK
rogerla01,1979,4,71,NYK
rogerma01,1976,2,34,GSW
rogerpa01,1997,2,54,LAL
rogerph01,1974,10,177,BOS
rogerro01,1993,1,9,DEN
rogerro02,1996,1,22,VAN
rogersc01,1980,9,186,IND
rogerst01,1992,2,40,NJN
rogerwi01,1968,8,94,SEA
roggega01,1962,4,34,SFW
rohje01,1956,7,53,SYR
rohloke01,1963,7,60,STL
rollech01,1956,14,92,SYR
rolleel01,1981,2,42,LAL
rollema01,2010,2,51,OKC
rollike01,1948,3,,FTW
rollina01,1984,8,172,KCK
rolliph01,1956,2,16,PHW
rolliry01,2022,2,44,ATL
rollitr01,1977,1,14,ATL
romabo01,1979,6,126,KCK
romaned01,1957,13,84,STL
romanni01,1955,9,68,BOS
romarlo01,1980,7,141,GSW
romest01,1978,4,78,CLE
romneje01,1952,8,,ROC
rondora01,2006,1,21,PHO
rookje01,1965,14,100,BAL
rooksse01,1992,2,30,DAL
roonemi01,1966,10,89,LAL
roperbo01,1950,3,34,ROC
rosebme01,1984,9,191,SAS
rosece01,1978,5,89,NJN
rosede01,2008,1,1,CHI
roseja01,1994,1,13,DEN
roseji01,1971,2,28,BOS
rosely01,1982,6,136,LAL
rosema01,1996,2,44,CHH
rosendi01,1954,1,4,FTW
rosenga01,1978,9,182,MIL
rosenle01,1957,1,6,PHW
rosete01,1970,15,222,BAL
rosiero01,1974,6,106,CHI
rossfr01,1987,5,108,PHI
rossge01,1980,10,208,NYK
rossri01,1984,3,53,WSB
rosste01,2012,1,8,TOR
rothdo01,1989,2,41,WSB
rotheir01,1947,6,,WSC
rothsc01,1985,4,82,SAS
roundda01,1975,2,28,CLE
roundwa01,1962,16,102,STL
rousebo01,1953,10,,MLH
rousevi01,1964,7,62,CIN
rowanro01,1986,3,67,PHI
rowecu01,1971,1,11,DET
rowelst01,1973,8,134,NYK
rowinji01,1984,4,86,UTA
rowlade01,1981,10,211,DEN
rowsobr01,1987,2,34,IND
royaldo01,1987,3,52,CLE
royalre01,1973,5,70,PHI
roybato01,1956,13,88,NYK
roybr01,2006,1,6,MIN
roycera01,1952,9,,ROC
royerbl01,1969,19,213,SDR
royerbo01,1949,8,,PRO
royto01,1975,3,42,POR
rozenmi01,1975,8,141,GSW
roziecl01,1994,1,16,GSW
roziete01,2015,1,16,BOS
rozycbo01,1976,9,153,BUF
rubiori01,2009,1,5,MIN
ruckech01,1981,9,201,MIL
ruddde01,1985,4,83,UTA
ruddjo01,1978,2,32,NYK
rudomjo01,1962,2,11,NYK
ruffimi01,1999,2,32,CHI
ruffnpa01,1970,2,28,CHI
ruklijo01,1959,2,11,PHW
rulanda01,1983,3,70,PHI
rulanje01,1980,2,25,GSW
rulebo01,1967,2,19,SEA
ruperra01,2023,2,43,POR
ruscost01,1990,2,52,CLE
rushbr01,2008,1,13,POR
rushka01,2002,1,20,TOR
rusinjo01,1947,3,,BLB
russebi01,1956,1,2,STL
russebr01,1993,2,45,UTA
russeca01,1966,1,1,NYK
russeca02,1974,1,8,CLE
russech01,1975,5,74,LAL
russeda01,2015,1,2,LAL
russeda02,1983,2,37,DEN
russefr01,1972,3,35,CHI
russemi01,1978,3,52,KCK
russepi01,1971,13,207,MIL
russeru01,1967,12,133,SEA
russewa01,1982,4,78,DET
rustawa01,1965,4,30,SFW
ryanbi01,1984,9,200,NJN
ryanjo01,1959,7,51,PHW
ryensi01,1951,7,66,NYK
rzewsle01,1950,4,44,FTW
saareti01,1985,5,115,LAL
sabbar01,1987,6,130,UTA
sabonar01,1985,4,77,ATL
sabondo01,2016,1,11,ORL
sacrero01,2012,2,60,LAL
sadlebi01,1983,8,171,DAL
sadlida01,1969,6,72,PHO
sahmwa01,1965,12,91,BAL
sakelbo01,1951,5,42,TRI
saladwa01,1963,6,53,LAL
salauti01,2024,1,6,CHO
salingi01,1981,8,167,ATL
salisda01,1979,2,28,GSW
salleja01,1955,3,23,SYR
sallejo01,1986,1,11,DET
salmojo01,2002,1,26,SAS
salteja01,1980,8,171,NYK
salvaal01,1967,4,32,BAL
samakso01,2000,2,36,NJN
samanlu01,2019,1,19,SAS
sambch01,2006,2,51,LAL
sammodi01,1961,11,96,SYR
sammoem01,1977,8,153,BUF
samoji01,1970,8,135,MIL
sampsja01,2002,2,47,UTA
sampsra01,1983,1,1,HOU
sanchri01,2005,2,35,POR
sandeal01,1972,4,56,BAL
sandefr01,1978,1,20,SAS
sandegr01,1978,8,162,NYK
sandeje01,1989,1,20,CHI
sandeko01,2025,2,50,NYK
sandela01,2010,1,15,MIL
sandemi01,1982,4,74,KCK
sandeto01,1960,1,8,BOS
sandsbo01,1970,9,149,LAL
sandsll01,1951,4,36,NYK
sanfoma01,1997,2,31,MIA
sanforo01,1969,4,51,CIN
sangoea01,1980,10,202,DEN
sangoyo01,1984,3,63,NJN
sanikvi01,2004,2,42,ATL
sanonis01,2018,2,44,WAS
santial01,1963,6,51,STL
santibo01,1953,5,,NYK
santier01,1983,3,55,DET
santogu01,2022,2,55,GSW
santomi01,1978,3,48,SDC
sapplwa01,1982,2,38,GSW
sarafbe01,2025,1,26,BRK
saricda01,2014,1,12,ORL
sarkaka01,1973,13,186,PHO
sarral01,2024,1,2,WAS
sasseja01,1996,2,41,SAC
sasseje01,2001,1,22,ORL
sassema01,2023,1,25,MEM
sassobo01,1953,9,,PHW
satalji01,1969,9,115,MIL
satalma01,1955,9,71,SYR
satoro01,2004,2,52,SAS
satorto01,2012,2,32,WAS
satteke01,2001,2,54,DAL
sauldwo01,1957,8,60,PHW
saulpe01,1949,1,12,ROC
saultgl01,1968,12,152,CIN
saundfr01,1974,2,31,PHO
saundla01,1971,11,177,DET
saundle01,1977,8,169,DEN
saundru01,1979,10,200,KCK
savagbo01,1950,9,108,SYR
savagdo01,1951,2,15,SYR
savagjo01,1964,5,41,LAL
sawyeal01,1950,3,29,WSC
sawyefr01,1961,2,18,LAL
sayloke01,1963,2,18,STL
scalabr01,2001,2,35,NJN
scalede01,1980,2,36,NYK
scanldo01,1952,9,,PHW
scarbke01,1987,6,123,DEN
scearmi01,1982,9,192,IND
schadbe01,1947,2,,CHS
schadfr01,1972,4,53,KCO
schaebi01,1973,2,23,LAL
schaebu01,1950,10,114,CHS
schafbo01,1955,3,19,PHW
schafto01,1987,3,54,DEN
schalst01,1979,5,106,SAS
scharro01,1965,15,107,CIN
schatma01,1949,3,,STB
schaufr01,1949,3,,FTW
schayda01,1981,1,13,UTA
schaydo01,1948,1,4,NYK
schefst01,1990,2,39,CHH
schefto01,1977,6,117,IND
scheiba01,2024,1,30,BOS
schelda01,1966,1,10,CHI
schelje01,1977,3,61,WSB
scheljo01,1969,8,101,MIL
scherhe01,1950,2,19,NYK
schetjo01,1968,9,107,SDR
schifra01,1986,7,152,POR
schindw01,1990,1,24,SAS
schleda01,1975,9,146,ATL
schlemi01,1985,5,96,NYK
schlijo01,1956,6,47,FTW
schlobo01,1951,3,29,PHW
schluda01,1967,6,63,SFW
schludo01,1955,2,16,SYR
schlute01,1983,7,148,DAL
schmach01,1966,4,36,CIN
schmige01,1950,9,105,INO
schmiha01,1957,2,11,MNL
schmima01,1969,14,180,PHO
schmios01,1984,6,131,NJN
schmiri01,1975,6,91,NOJ
schneda01,1970,11,175,CLE
schnedo01,1952,13,,MNL
schnega01,1971,19,236,HOU
schneje01,1982,5,107,HOU
schneot01,1948,7,,PRO
schneto01,1978,9,183,DEN
schnidi01,1950,1,5,WSC
schoejo01,1981,8,163,DET
schoeru01,1982,2,45,PHI
schofad01,2019,2,42,PHI
schofje01,1960,16,94,NYK
scholda01,1969,4,56,PHI
scholdw01,1987,6,128,WSB
schorso01,2003,2,34,LAC
schrach01,1957,3,24,BOS
schraja01,1975,8,130,PHO
schrede01,1985,1,8,DAL
schrege01,1970,10,163,PHO
schroch01,1971,12,187,HOU
schrode01,2013,1,17,ATL
schrojo01,1967,13,140,SEA
schulda01,1964,8,66,BAL
schulda02,1984,9,189,LAC
schulga01,1966,7,65,CIN
schutal01,1953,8,,NYK
schweed01,1976,6,95,LAL
schwejo01,1982,6,138,BOS
schwige01,1954,4,36,MNL
schymbi01,1953,5,,BLB
scolalu01,2002,2,56,SAS
scottal01,1977,7,136,PHO
scottby01,1983,1,4,SDC
scottca02,1981,6,126,GSW
scottch01,1970,7,106,BOS
scottde01,1990,1,4,ORL
scottji01,1955,10,78,MNL
scottji02,1953,8,,ROC
scottke01,1972,13,177,KCO
scottle01,1977,4,87,GSW
scottlo01,1954,5,37,BLB
scottme01,1982,9,190,NYK
scottmi01,2012,2,43,ATL
scottra01,1961,1,4,DET
scottro01,1980,4,71,GSW
scottsh01,1994,2,43,POR
scottwi01,1969,2,29,BAL
scrubja01,2020,2,55,BRK
scuddbo01,1955,14,95,BOS
scurrca01,1985,2,37,UTA
sealefe01,1981,10,220,PHO
sealsbr01,1975,2,21,SEA
sealsdo01,1982,8,183,PHI
sealyma01,1992,1,14,IND
seamato01,1981,7,161,BOS
searced01,1974,5,82,NOJ
searcto01,1978,8,163,GSW
searsde01,1982,9,200,DEN
searske01,1953,15,,ROC
sechldo01,1971,12,185,POR
seemebo01,1970,10,169,MIL
sefolth01,2006,1,13,PHI
seibure01,2007,2,50,DAL
seideal01,1959,2,14,STL
seikaro01,1988,1,9,MIA
seitzbo01,1957,12,81,STL
sekulml01,2002,2,55,DAL
selbogl01,1947,1,2,TRH
selbyjo01,2011,2,49,MEM
sellato01,1959,10,70,PHW
selleaa01,1968,8,93,SDR
sellebr01,1986,1,9,CHI
selleph01,1976,3,38,DET
sellsch01,1962,10,83,STL
selvyfr01,1954,1,1,BLB
semiser01,1987,7,154,PHI
senesa01,2006,1,10,SEA
sengual01,2021,1,16,OKC
sensabr01,2023,1,28,UTA
senskpa01,1950,4,39,PHW
sepicro01,1967,9,97,CIN
serapke01,2010,1,17,CHI
servijo01,1976,4,58,NOJ
sesarjo01,2000,2,47,SEA
sesayan01,1998,2,30,DAL
sessira01,2007,2,56,MIL
sessuho01,1955,6,45,NYK
seungha01,2004,2,46,POR
sewelje01,1970,8,121,SFW
sewelto01,1984,1,22,PHI
sextoco01,2018,1,8,CLE
sextojo01,1956,5,36,NYK
seyfeea01,1968,13,170,PHI
seymoph01,1982,7,144,NYK
shackch01,1988,2,32,NJN
shackda01,1979,6,127,PHO
shackly01,1969,7,91,SDR
shackwa01,1953,5,,SYR
shaefca01,1949,,,PRO
shafejo01,1948,8,,CHS
shaffda01,1986,4,83,POR
shaffde01,1985,5,104,WSB
shaffle01,1960,1,5,SYR
shamela01,2018,1,26,PHI
shammgo01,1997,2,46,WAS
shamsab01,1990,2,53,SEA
shannho01,1949,1,1,PRO
shannol01,1971,7,106,CIN
shannte01,2024,1,27,MIN
sharech01,1950,1,1,BOS
sharmbi01,1950,2,17,WSC
sharpbo01,1962,7,59,SYR
sharpch01,1960,4,31,PHW
sharpda01,2021,1,29,PHO
sharpsh01,2022,1,7,POR
sharpwa01,2008,2,32,SEA
sharrla01,1958,2,13,PHW
shaskjo01,1986,3,61,UTA
shaveno01,1981,6,133,SAS
shavlro01,1956,1,4,NYK
shawbe01,1976,9,146,MIL
shawbr01,1988,1,24,BOS
shawca01,1998,2,37,PHI
shayoma01,2019,2,54,PHI
sheadja01,2024,2,45,SAC
sheddne01,1967,4,40,BOS
sheehto01,1987,4,70,BOS
sheetke01,1953,7,,ROC
sheffdo01,1996,2,36,LAC
shegocl01,1970,7,111,BUF
sheliwa01,2016,2,57,MEM
sheltcr01,1980,2,28,ATL
sheltja01,1950,5,49,BOS
sheltlo01,1976,2,25,NYK
shengto01,2012,2,54,PHI
shephlo01,1968,5,59,LAL
sheppbe01,2023,1,26,IND
sheppre01,2024,1,3,HOU
sheppst01,1977,2,30,CHI
sheroed01,1981,4,72,NJN
sherrau01,1985,2,34,CHI
sherrcl01,1971,8,134,CHI
shidlja01,1980,9,183,CHI
shielge01,1963,6,48,SFW
shimkjo01,1984,9,187,CLE
shinajo01,1970,7,116,ATL
shippje01,1959,9,66,NYK
shivega01,1954,10,81,BLB
shoemjo01,1978,6,119,CHI
shortar01,1954,2,13,FTW
shortca01,1961,11,93,CIN
shortge01,1975,1,9,NYK
shortpu01,1978,1,5,GSW
shortto01,1948,7,,PHW
shousde01,1985,4,92,LAL
showada01,1960,4,25,CIN
shriddi01,1948,5,,NYK
shuege01,1954,1,3,PHW
shulgma01,2025,2,57,ORL
shultea01,1961,12,99,NYK
shumajo01,1974,1,4,PHO
shumpim01,2011,1,17,NYK
shyeu01,1976,10,163,NYK
siakapa01,2016,1,27,TOR
sibersa01,1972,2,19,KCO
siblema01,1973,4,64,CHI
sichtje01,1979,4,82,GSW
sidledo01,1968,3,29,SFW
sidleke01,1958,7,55,STL
siebeke01,1963,6,47,BAL
siegfla01,1961,1,3,CIN
siemiha01,1972,4,50,CLE
sienkto01,1981,7,145,SEA
signoji01,1970,6,102,NYK
sikmaja01,1977,1,8,SEA
silasja01,1972,5,70,HOU
silaspa01,1964,2,12,STL
silaspe01,1953,6,,MNL
silcga01,1963,8,67,DET
silcoha01,1955,7,51,PHW
sillimi01,1966,8,69,NYK
silvete01,1953,19,,ROC
simiewa01,2005,1,29,MIA
simkuri01,1983,10,222,NJN
simmobe01,2016,1,1,PHI
simmobo01,2001,2,42,SEA
simmoce01,2006,1,15,NOK
simmoga01,1958,12,79,MNL
simmogr01,1966,12,100,BAL
simmoli01,1990,1,7,SAC
simmosa01,1972,6,97,LAL
simmosh01,1973,15,197,CAP
simmowi01,1985,4,76,SAC
simmsto01,1983,6,128,NYK
simonan01,2018,1,24,POR
simoner01,1978,10,195,NYK
simonle01,1967,8,82,CHI
simonma01,2020,2,44,CHI
simonmi01,1998,2,42,ORL
simonwa02,1968,12,149,SEA
simpkdi01,1994,1,21,CHI
simpkma01,1979,5,91,CLE
simpsji01,1949,5,,BOS
simpske01,1982,5,97,KCK
simpskj01,2024,2,42,CHO
simpsma01,1984,7,149,DEN
simpsra01,1972,1,11,CHI
simpsra02,1973,5,81,CHI
simsbo01,1960,7,54,STL
simser01,1968,14,175,BAL
simsgi01,1980,7,148,POR
simsje01,2021,2,58,NYK
simsle01,1969,10,133,SDR
simssc01,1977,5,103,SAS
simsst01,1971,17,231,HOU
simswi01,1981,5,101,DEN
sinanne01,2003,2,54,POR
sincldo01,1982,10,217,WSB
singhsa01,2015,2,52,DAL
singlch01,2011,1,18,WAS
singlge01,1984,3,69,LAL
singlha01,1968,11,142,LAL
singlis01,1983,10,215,WSB
singlke01,1981,6,134,LAL
singlky01,2011,2,33,DET
singlmc01,1984,6,120,MIL
singlro01,1987,7,145,PHO
singlsa01,1967,3,30,SEA
singlse01,2008,2,42,SAC
sinicze01,1951,1,4,FTW
sinneke01,1979,9,168,BOS
sirvyde01,2019,2,37,DAL
sisneti01,1976,8,138,CLE
sisonvi01,1981,10,206,NJN
sittoch01,1984,2,38,DAL
siudeed01,1969,2,22,SFW
sivape01,2013,2,56,DET
sizemlo01,1960,10,70,CIN
skaggst01,1979,7,131,CLE
skilesc01,1986,1,22,MIL
skinnal01,1974,9,160,BOS
skinnbr01,1998,1,22,LAC
skinnda01,1978,3,50,BOS
skinnta01,1974,3,44,SEA
skoglju01,1948,9,,MNL
skoogwh01,1951,1,10,MNL
skurclo01,1964,5,40,PHI
slackch01,1956,4,31,FTW
sladeje01,1962,11,87,CHZ
slappke01,1977,8,159,NYK
slaugji01,1951,4,32,TRI
slaugjo01,1982,2,43,IND
slawsja01,2023,2,54,SAC
slayta01,2002,2,54,NJN
sledzhe01,1953,7,,BLB
sloanbr01,1969,11,154,PHI
sloanje01,1964,3,21,BAL
slobobo01,1961,6,52,CIN
slokaur01,2005,2,58,TOR
slubyto01,1984,2,41,DAL
smaagpa01,1953,14,,ROC
smailal01,2019,2,39,NOP
smallbi01,1963,5,40,DET
smalled01,1960,13,87,STL
smallja01,2025,2,48,MEM
smallke01,1979,10,195,POR
smalllo01,1970,9,138,SFW
smartdo01,1959,7,50,DET
smartke01,1988,2,41,GSW
smartma01,2014,1,6,BOS
smedma01,1983,10,207,IND
smilefr01,1971,16,228,DET
smithad01,1958,15,86,CIN
smithal01,1969,10,132,CHI
smithal02,1977,5,99,CLE
smithan02,1981,7,142,CLE
smithan03,1999,2,51,VAN
smithar01,1952,10,,ROC
smithba01,1965,6,50,DET
smithbe01,1976,5,76,NYK
smithbi01,1961,5,42,NYK
smithbi02,1969,1,6,SDR
smithbi03,1966,9,81,CIN
smithbi04,1974,7,122,NYK
smithbo01,1959,3,20,MNL
smithbu01,1967,11,114,BAL
smithch01,1988,1,3,PHI
smithch03,1992,2,34,MIN
smithch04,1997,1,26,MIA
smithch06,1961,2,19,SYR
smithcl01,1986,5,97,GSW
smithcl02,1971,9,143,GSW
smithcr01,2006,2,36,MIN
smithda01,1976,3,35,CHI
smithde02,1982,2,35,GSW
smithde03,2017,1,9,DAL
smithdo01,1947,8,,CHS
smithdo02,1974,2,19,PHI
smithdo03,1991,1,6,DAL
smithdo04,2004,2,34,ATL
smithdo05,1977,7,148,POR
smithdw01,1959,13,83,MNL
smithdw02,1967,3,23,LAL
smithed01,1951,1,6,NYK
smithed02,1985,7,158,DEN
smithel01,1971,1,3,BUF
smither01,1982,4,79,POR
smithfr01,1968,6,78,MIL
smithfr02,1983,8,177,POR
smithga01,1968,3,32,BOS
smithge01,1984,5,94,IND
smithge02,1952,14,,MNL
smithge03,1952,15,,MNL
smithgl01,1952,10,,PHW
smithgo01,1969,9,122,BOS
smithgr01,1968,4,50,MIL
smithhe01,1971,4,68,MIL
smithho01,1976,9,157,GSW
smithja01,2000,2,45,SAC
smithja02,2007,1,20,MIA
smithja04,2020,1,10,PHO
smithja05,2022,1,3,HOU
smithje02,1963,2,13,DET
smithje03,1971,5,74,SEA
smithji01,1981,3,54,SDC
smithji02,1958,2,16,BOS
smithji03,1968,9,108,SEA
smithji04,1969,9,125,LAL
smithji05,1971,8,124,ATL
smithjo01,1968,8,101,LAL
smithjo02,1995,1,1,GSW
smithjo03,2004,1,17,ATL
smithjo05,1969,8,111,LAL
smithjo06,1969,12,158,SEA
smithjo07,1981,8,176,POR
smithjr01,2004,1,18,NOH
smithju01,1986,3,49,POR
smithke01,1987,1,6,SAC
smithke02,1975,4,65,HOU
smithke03,1986,2,45,MIL
smithke04,1976,10,173,GSW
smithke05,1982,9,193,DET
smithke06,1983,10,209,SDC
smithla01,1980,2,24,GSW
smithla02,1991,1,19,WSB
smithla03,1975,6,102,SEA
smithle01,1999,1,29,SAS
smithma01,1981,3,67,MIL
smithmi01,1989,1,13,BOS
smithmi02,1994,2,35,SAC
smithmi03,2000,2,35,WAS
smithmi04,1977,7,143,CHI
smithni01,2023,1,27,CHO
smithno01,2011,1,21,POR
smithos01,1968,7,89,ATL
smithot01,1986,2,41,DEN
smithpe01,1971,13,197,BUF
smithph01,1974,2,29,GSW
smithph02,1984,4,89,DET
smithra01,1970,14,205,DET
smithra02,1967,9,95,NYK
smithra03,1981,8,173,KCK
smithra04,1983,8,178,SEA
smithre01,1992,2,31,POR
smithri01,1980,7,159,PHI
smithro01,1977,3,65,DEN
smithro03,1977,4,82,GSW
smithro04,1977,4,84,HOU
smithru01,2014,2,47,PHI
smithsa01,1967,3,28,CIN
smithsa02,1977,3,48,ATL
smithsa03,1973,9,144,PHO
smithst01,1991,1,5,MIA
smithst04,1973,7,114,GSW
smithst05,1979,6,114,CHI
smithto01,1951,5,46,NYK
smithto02,1990,2,51,LAL
smithto03,2003,2,53,CHI
smithto04,1978,7,143,CLE
smithty02,2024,2,33,MIL
smithve01,1981,2,46,PHI
smithwa01,1978,4,88,PHO
smithwi01,1971,3,42,POR
smithwi02,1976,2,18,CHI
smithzh01,2018,1,16,PHO
smitsri01,1988,1,2,IND
smrekmi01,1985,2,25,POR
smythjo01,1953,6,,NYK
smythjo02,1957,3,20,STL
sneedmi01,1972,7,102,KCO
sneejo01,1952,9,,MLH
snellto01,2013,1,20,CHI
snower01,1995,2,43,MIL
snydedi01,1966,2,14,STL
snydeki01,2004,1,16,UTA
soberri01,1975,1,16,PHO
sobiero01,1956,1,7,FTW
sobrefr01,1960,7,49,CIN
sochaje01,2022,1,9,SAS
soderma01,1972,12,172,PHO
soensbi01,1968,11,145,PHI
sojoumi01,1974,1,10,ATL
sojouwi01,1971,2,20,CHI
sokolwa01,1970,5,75,CLE
solombo01,1973,10,159,DET
solomda01,1982,3,68,PHI
solomed01,1953,5,,PHW
solomwi01,2001,2,33,MEM
somerwi01,1965,7,59,BAL
songada01,2002,2,50,BOS
sonnera01,1952,11,,ROC
sorbeth01,2025,1,15,OKC
sorenda01,1970,2,26,CLE
southje01,1967,18,160,BAL
sowinfr01,1978,9,171,NJN
sowpa01,2004,2,47,MIA
spaceda01,1984,10,209,CLE
spagnma01,2022,2,50,MIN
spainho01,1952,16,,MNL
spainke01,1969,2,20,CHI
spaldra01,2018,2,56,PHI
spanaji01,1979,1,16,PHI
spanova01,2004,2,50,DAL
sparkda01,1968,4,41,CIN
sparrgu01,1955,3,21,NYK
sparrja01,1978,5,92,IND
sparrro01,1980,4,75,NJN
spearod01,1948,4,,CHS
speerdo01,1982,8,178,DEN
speicda01,1977,8,157,NOJ
speicem01,1949,8,,BOS
speigbo01,1953,2,12,BLB
speigma01,2008,1,16,PHI
spellom01,2018,1,30,ATL
spencca01,2024,2,53,DET
spencel01,1992,1,25,LAC
spencfe01,1990,1,6,MIN
spencge01,1967,19,161,BAL
spencph01,1976,6,92,MIL
spicebu01,1954,4,28,BLB
spicela01,1979,8,156,MIL
spighjo01,1972,10,156,MIL
spiveji01,1957,3,19,MNL
splitti01,2007,1,28,SAS
spodepe01,1964,4,30,BAL
spoelar01,1954,4,34,ROC
spragbr01,1961,5,47,PHW
spratjo01,1959,6,43,PHW
sprewke01,1981,6,119,UTA
sprewla01,1992,1,24,GSW
spriged01,1982,8,184,BOS
sprigla01,1981,4,81,HOU
springa01,1984,6,137,PHI
sprinja01,2021,1,28,PHI
sprinji02,1956,9,66,MNL
sprinke01,1984,3,66,DET
sprinto01,1980,7,143,DEN
spruial01,1975,6,98,DET
spurlgr01,1986,5,101,PHO
stackje01,1995,1,3,PHI
stackji01,1983,6,117,HOU
stackry01,1998,2,48,CLE
stacoke01,1973,2,24,CHI
stacyho01,1961,13,104,STL
stahled01,1975,5,85,KCK
stallbu01,1972,1,7,SEA
stallda01,1965,1,5,NYK
stallke01,1974,9,149,HOU
stallwe01,1986,4,90,PHI
stample01,1980,4,88,PHO
stancke01,1982,4,83,GSW
standfr01,1968,13,169,ATL
stanige01,1950,2,22,ROC
stanijo01,1948,10,,NYK
stanlca01,2020,2,54,IND
stanlke01,1962,6,47,NYK
stanste01,1984,1,15,DAL
starrgr01,1971,10,155,POR
starrke01,1976,4,52,CHI
staufbo01,1952,1,7,BOS
staufgo01,1952,8,,INO
stausni01,2014,1,8,SAC
stavela01,1958,9,65,CIN
steagsc01,1951,2,13,INO
steella01,1971,3,37,POR
steelma01,1983,6,138,LAL
stefaed01,1976,10,168,PHI
stefalo01,1985,5,97,SEA
steigma01,1992,2,52,CHI
steinha01,1959,3,23,STL
steinra01,1952,12,,ROC
stemmdo01,1953,11,,BLB
stepavl01,1998,1,27,SEA
stephar01,1968,13,168,BOS
stephev01,1988,2,31,PHI
stephfr01,1964,10,83,STL
stephja01,1955,2,9,STL
stephki01,1970,10,166,LAL
stephla01,2010,2,40,IND
stephna01,1972,4,61,BOS
stephph01,1972,12,173,BOS
steppbl01,2004,2,58,MIN
steppbr01,1982,1,17,KCK
steveba01,1985,2,43,DEN
stevede01,2000,1,23,UTA
stevema01,1980,5,111,PHO
stevero01,1959,4,27,PHW
stevewa01,1958,7,50,CIN
stewaab01,1973,10,152,PHI
stewaar01,1973,4,65,CAP
stewabe01,1952,11,,PHW
stewada01,1972,10,151,SEA
stewade01,1969,4,44,PHO
stewadi01,1969,10,137,ATL
stewaga01,1971,9,138,BUF
stewagr01,1982,4,92,BOS
stewais01,2020,1,16,POR
stewake01,1997,2,36,PHI
stewaki01,1978,6,126,LAL
stewala02,1969,14,181,MIL
stewama01,1971,2,33,PHI
stewami02,1972,6,95,CHI
stewano01,1956,5,34,STL
stewast01,1978,7,134,HOU
stickbi01,1954,12,99,NYK
stickch01,1955,11,84,NYK
stickwa01,1948,9,,ROC
stiegro01,1983,5,95,IND
stielst01,1980,8,167,IND
stilego01,1970,10,165,PHI
stinnph01,1988,3,69,NYK
stinsqu01,1948,10,,MNL
stipast01,1983,1,2,IND
stithbr01,1992,1,13,DEN
stithsa01,1960,8,56,CIN
stithto01,1961,1,2,NYK
stivral01,1985,4,75,SEA
stockjo01,1984,1,16,UTA
stoczda01,1974,7,109,PHI
stojape01,1996,1,14,SAC
stokeed01,1993,2,35,MIA
stokefr01,1975,9,145,NOJ
stokegr01,1985,2,33,PHI
stokeja01,2014,2,35,UTA
stokema01,1955,1,2,ROC
stokena01,1978,9,184,PHO
stoketi01,1976,10,169,BUF
stokeve01,1953,6,,BOS
stonedi01,2016,2,40,NOP
stonege01,1968,9,115,LAL
stoneja01,1951,2,11,BLB
stoneja02,1947,9,,CHS
stoneke01,1987,7,155,POR
stormto01,1967,13,136,CHI
stortst01,1975,9,154,HOU
stottte01,1980,2,38,HOU
stoudam01,2002,1,9,PHO
stoudda01,1995,1,7,TOR
stoudsa01,2005,2,31,ATL
stoudwi01,1972,8,123,SEA
stovada01,1982,10,207,SDC
stovapa01,1972,2,22,LAL
stovare01,1973,15,196,CLE
stpiebo01,1970,3,37,DET
stranbi01,1947,5,,STB
stranst01,1961,9,83,CHP
strawdj01,2007,2,59,PHO
strawjo01,1964,4,36,BOS
strawju01,2023,1,29,IND
strawma01,1963,11,78,STL
strayaa01,1981,6,120,CLE
stricbi01,1970,4,54,BAL
stricda01,1980,5,105,WSB
stricji01,1979,7,135,NJN
stricro01,1962,4,36,BOS
stricro02,1988,1,19,NYK
stroejo01,1980,8,168,POR
stronde01,1990,2,47,PHI
stronfr01,1967,6,62,CIN
stronje01,1986,7,160,MIL
stronma01,1967,3,20,BAL
stroodo01,1950,5,54,CHS
strotha01,1963,8,68,STL
strotla01,1991,2,43,GSW
stroujo01,1980,2,27,HOU
stroure01,1963,5,45,BOS
strozla01,1972,9,136,ATL
stuckro01,2007,1,15,DET
stumpge01,1947,3,,BOS
stuteje01,1950,8,93,INO
styleto01,1975,6,105,GSW
sudhogl01,1979,8,149,BOS
suggsja01,2021,1,5,ORL
sullibi01,1954,10,83,PHW
sullija01,2012,1,21,BOS
sullija02,1957,2,14,PHW
sullipa02,1952,8,,NYK
sulliqu01,1958,5,33,MNL
sullist01,1967,2,14,DET
sullito01,1972,9,139,NYK
summecr01,1982,10,213,IND
summeda01,2009,2,35,DET
summege01,1966,9,84,CHI
summogl01,1971,6,87,BUF
sumneed01,2017,2,52,NOP
sumptba01,1988,3,56,SAS
sundedo01,1951,1,9,PHW
sundobr01,1998,2,35,DAL
sundvjo01,1983,1,16,SEA
supplji01,1969,11,149,CIN
supruma01,1950,6,72,SYR
surabo01,1995,1,17,CLE
surhodi01,1952,6,,NYK
sutheji01,1967,14,147,SEA
sutongo01,2009,2,50,UTA
suttejo01,1971,8,122,POR
suttlda01,1983,7,152,KCK
suttlri01,1975,7,110,LAL
suttnro01,1964,5,43,SFW
suttogr01,1991,2,49,SAS
suttoji01,1957,9,65,MNL
suttole01,1984,8,176,DAL
suttowa01,1964,12,94,STL
swageke01,1967,4,36,NYK
swailbo01,1951,6,59,PHW
swainbe01,1958,1,8,BOS
swaneji01,1980,5,113,PHI
swanica01,2017,1,26,POR
swanncl01,1982,5,110,SAS
swansdo01,1966,10,91,CHI
swansno01,1953,2,14,ROC
swartda01,1956,4,30,BOS
swartri01,1962,7,56,NYK
sweetbi01,1969,7,86,PHO
sweetmi01,2003,1,9,NYK
swiftla01,1961,8,74,PHW
swiftro01,2004,1,12,SEA
swiftsk01,1969,3,31,MIL
swiftst01,2000,1,2,VAN
swingri01,1979,4,70,CLE
switzwa01,1950,9,106,ROC
swyerge01,1955,6,43,PHW
sykeste01,1978,2,37,WSB
sylvemi01,1974,6,105,DET
sypa01,2010,2,53,ATL
szachje01,1963,13,81,NYK
szczewa01,1971,4,65,PHO
szczewa02,1999,1,6,MIN
szewcsz01,2003,2,35,MIL
tabakza01,1991,2,51,HOU
tackeji01,1952,10,,MLH
taftch01,2005,2,42,GSW
taftmo01,1956,8,58,STL
taitmi01,1987,5,101,SEA
tallear01,1976,9,147,NYK
tallebo01,1969,6,77,SDR
tallepa01,1976,6,101,WSB
tallyra01,1987,4,92,LAL
tanzlbi01,1949,,,PRO
taoso01,1987,3,67,ATL
tarkada01,1984,8,170,SAS
tarladr01,1995,2,31,CHI
tarplro01,1986,1,7,DAL
tarrari01,1965,4,38,BOS
tartafr01,1958,11,76,CIN
tartle01,1964,6,54,BOS
tatero01,1982,9,202,MIL
tatumea01,1976,2,21,LAL
tatumja01,2017,1,3,BOS
tavarwa01,2014,2,43,ATL
tayloal01,1980,4,72,UTA
tayloan01,1988,2,44,ATL
taylobi01,1975,4,69,GSW
taylobr01,1972,2,23,SEA
taylobu01,1974,4,55,PHI
tayloch01,1972,10,155,CHI
tayloco01,1973,9,151,BOS
taylode01,1982,7,156,SAS
taylode02,1986,4,72,IND
taylofa01,1969,12,167,PHI
taylofr01,1970,2,27,PHO
taylogr01,1982,10,215,POR
taylohe01,1978,8,168,SAS
tayloje01,1982,2,42,HOU
tayloje02,2009,2,32,WAS
tayloje03,2012,2,31,CHA
taylojo01,1997,1,17,ORL
taylojo03,1970,10,160,BUF
taylole02,1973,9,142,CLE
tayloma01,1997,1,14,LAC
tayloma03,2002,2,52,MIN
taylomi01,2008,2,55,POR
taylool01,1970,12,189,CLE
tayloos01,1983,6,133,NJN
tayloph01,1978,10,198,DEN
taylori01,1978,9,185,SAS
tayloro01,1969,2,18,SEA
tayloro02,1959,5,37,SYR
tayloty01,2012,2,41,POR
taylovi01,1982,2,34,NYK
taylowi01,1969,2,28,PHI
teachan01,1984,2,40,DAL
teaglte01,1982,1,16,HOU
teaguje01,2009,1,19,ATL
teaguma01,2012,1,29,CHI
teaguwi01,1970,15,221,LAL
teahama01,1979,8,162,DEN
teheral01,1991,2,44,PHI
telasbi01,1959,5,35,PHW
telfase01,2004,1,13,POR
telkera01,1964,8,65,DET
templco01,1974,6,94,PHO
terreir01,1976,3,45,PHO
terrile01,1952,7,,FTW
terrybi01,1977,5,98,NYK
terryca01,1978,5,104,LAL
terrych01,1972,2,29,MIL
terrycl01,1972,3,42,PHO
terryda01,2022,1,18,CHI
terrydo01,1976,8,124,ATL
terryja01,1999,1,10,ATL
terryja02,1982,9,196,WSB
terryll01,1980,8,165,NJN
terryma01,1973,3,39,CHI
terryre01,2007,2,44,ORL
terryty01,2020,2,31,DAL
terwida01,1982,8,167,NYK
thabeha01,2009,1,2,MEM
thackto01,1963,1,5,CIN
thamexa01,2014,2,59,TOR
tharpch01,1972,3,36,PHI
thatebo01,1970,17,232,LAL
theleje01,1961,8,70,CIN
theuslo01,1980,6,122,SDC
theusre01,1978,1,9,CHI
thibepe01,1983,4,77,GSW
thiebbi01,1956,3,23,FTW
thierad01,2025,2,36,BRK
thigpju01,1969,11,147,SDR
thirdda01,1982,1,15,PHO
thobeja01,1962,4,33,CIN
thomaam01,1971,2,26,BUF
thomaca02,2021,1,27,BRK
thomada01,1987,6,120,SAC
thomade01,2013,2,58,SAS
thomade02,1994,2,28,DAL
thomaet01,2000,1,12,DAL
thomage01,1983,8,173,ATL
thomago01,1979,10,189,NYK
thomais01,1981,1,2,DET
thomais02,2011,2,60,SAC
thomaji01,1983,2,40,IND
thomajo01,1970,6,95,PHO
thomajo02,1997,1,25,NYK
thomajo03,1973,8,126,HOU
thomajo04,1976,9,141,CHI
thomake01,1999,1,22,HOU
thomake02,1956,6,41,ROC
thomake03,1966,6,57,LAL
thomakh01,2018,2,38,PHI
thomaku01,1995,1,10,MIA
thomali01,1971,15,223,CHI
thomama03,1985,6,121,LAC
thomami01,1981,6,138,PHI
thomaro01,1972,6,90,SEA
thomaro02,1975,10,165,MIL
thomate01,1975,9,151,DET
thomati01,1997,1,7,NJN
thomaty01,2006,1,4,POR
thomawi02,1975,7,115,MIL
thomfch01,1969,7,96,NYK
thompam01,2023,1,4,HOU
thompau01,2023,1,5,DET
thompbe01,1984,1,19,POR
thompbi01,1986,1,19,ATL
thompbi02,1969,13,179,BAL
thompbr01,1994,1,27,ORL
thompca01,1986,4,71,NYK
thompch01,1978,6,128,PHO
thompco01,1982,3,50,DAL
thompda01,1975,1,1,ATL
thompda02,1978,5,90,SDC
thompdi01,2005,2,54,NYK
thomped01,1950,5,56,FTW
thomped02,1977,5,106,HOU
thompga01,1957,5,35,MNL
thompge01,1969,5,66,BOS
thompho02,1981,9,189,ATL
thompja01,1968,3,33,BAL
thompja02,2008,1,12,SAC
thompja03,1967,7,71,LAL
thompjo01,1964,3,27,BOS
thompjo02,1978,4,69,HOU
thompke01,1993,2,48,POR
thompkl01,2011,1,11,GSW
thompla01,1982,1,5,KCK
thompmc01,1963,10,75,BAL
thompme01,1954,4,31,FTW
thompmy01,1978,1,1,POR
thomppa01,1983,3,50,CLE
thompsc01,1976,4,55,DET
thompsc02,1987,4,81,WSB
thomptr01,2011,1,4,CLE
thomptr02,2011,2,37,LAC
thompul01,1970,5,73,CIN
thompve01,1977,8,155,ATL
thomsma01,1979,10,190,CHI
thoresk01,1965,4,33,BAL
thorgll01,1953,14,,MNL
thorjt01,2021,2,37,DET
thornal01,2007,1,14,LAC
thornbo01,1984,4,87,NYK
thornda01,1968,4,40,BAL
thornjo01,1972,17,197,CHI
thornma01,2009,2,43,MIA
thornma02,2015,2,45,BOS
thornro01,1963,1,2,BAL
thornsi01,2017,2,48,MIL
thorpot01,1984,1,9,KCK
thorsro01,1973,19,209,BUF
threase01,1983,6,139,PHI
thresal01,1964,6,53,CIN
thurmna01,1963,1,3,SFW
thursfe01,1971,8,136,MIL
thursje01,1977,7,146,GSW
thybuma01,2019,1,20,BOS
tidwejo01,1961,4,38,PHW
tikhova01,1986,7,157,ATL
tilleka01,1984,4,79,DEN
tillida01,1982,1,23,BOS
tillmji01,1968,5,53,CHI
tillmji02,1979,5,97,MIL
tillmxa01,2020,2,35,SAC
tillope01,1958,7,54,SYR
timmaja01,2013,2,60,MEM
tindabi01,1968,13,165,CIN
tinglja01,1947,2,,WSC
tinslge01,1969,6,76,CHI
tinslja01,2001,1,27,MEM
tippire01,1961,9,81,SYR
tiptoje01,1984,6,118,CHI
tisdawa01,1985,1,2,IND
tisonha01,1965,6,56,BOS
tobinda01,1957,12,83,BOS
toddis01,2021,2,31,MIL
toddru01,1983,6,120,MIL
todorma01,2013,2,45,POR
toftda01,1952,9,,INO
tokotjp01,2015,2,58,PHI
tolanbo01,1965,16,110,STL
tolbejo01,1967,14,146,SDR
tolbera01,1981,1,18,NJN
tolbeto01,1988,2,34,CHH
tolleph01,1973,20,211,BUF
tolmijo01,1969,17,205,ATL
tolsode01,1974,5,80,SEA
tolsoel01,1953,6,,BLB
tomasga01,1975,9,156,CHI
tombi01,1949,3,,BOS
tomican01,2008,2,44,UTA
tomjaru01,1970,1,2,SDR
tomliba01,1976,6,94,NOJ
tomlido01,1970,14,209,CLE
tomlito01,1947,10,,NYK
tomsiro01,1955,6,48,SYR
toneyan01,1980,1,8,PHI
toneyse01,1985,3,59,ATL
tonjejo01,2025,2,53,UTA
tonkoan01,1948,1,1,PRO
tooheal01,2025,2,52,PHO
toomemi01,1984,10,226,MIL
toonebe01,1979,2,37,PHI
topicni01,2024,1,12,OKC
toppiob01,2020,1,8,NYK
tormobu01,1959,2,13,SYR
torreda01,1951,10,83,BLB
torrege01,1981,4,73,UTA
torrero01,1976,9,145,POR
torrewa01,1959,8,60,NYK
toshebi01,1951,4,33,INO
tothan01,1971,10,167,NYK
towemo01,1975,4,57,ATL
towerbe01,1984,9,203,DET
towneli01,1982,2,33,POR
townji01,1977,6,130,DEN
townska01,2015,1,1,MIN
townsra01,1978,1,22,GSW
trantda01,1984,10,228,BOS
traorno01,2025,1,19,BRK
trappge01,1971,1,5,ATL
trappjo01,1968,2,15,SDR
travelu01,2022,2,56,CLE
travike01,1987,6,115,LAL
traviri01,1969,14,186,NYK
traylda01,1973,5,82,CAP
traylro01,1998,1,6,DAL
trentga01,1995,1,11,MIL
trentga02,2018,2,37,SAC
trepaje01,2001,2,36,CLE
tresvjo01,1964,5,42,STL
trgovpe01,1975,3,44,DET
trianja01,1981,8,179,LAL
tribucl01,1983,8,175,DEN
triceje01,1966,18,111,BAL
trichho01,1987,6,117,NYK
tripuke01,1981,1,12,DET
triputr01,1972,7,108,NYK
trobbsc01,1975,9,157,GSW
tropfje01,1979,7,140,POR
troscwi01,1960,2,13,SYR
trotmma01,1962,9,74,STL
troyke01,1981,5,113,MIL
truedo01,1980,3,65,PHO
truitan01,1972,3,41,NYK
trumbst01,1982,3,49,UTA
trupibo01,1965,12,90,NYK
tsakaja01,2000,1,25,PHO
tschojo01,1972,4,60,GSW
tsiorlo01,1953,7,,BOS
tskitni01,2002,1,5,DEN
tuckeal01,1967,1,6,SEA
tuckeal02,2007,1,29,PHO
tuckebi01,1979,8,152,NYK
tuckecr01,1982,3,57,NYK
tuckeda01,1953,8,,MLH
tuckeji01,1954,3,24,SYR
tuckela01,1983,8,165,CLE
tuckema01,1978,10,191,CHI
tuckeot01,1976,10,172,BOS
tuckepj01,2006,2,35,TOR
tuckeru01,1958,8,62,SYR
tuckete01,1958,4,29,PHW
tucketr01,1982,1,6,NYK
tuckewa01,1951,9,80,TRI
tudorjo01,1984,9,198,DAL
tunstri01,1984,8,179,NYK
tuohyse01,1982,10,218,NJN
turiaro01,2005,2,37,LAL
turkcmi01,1998,1,18,HOU
turkohe01,2000,1,16,SAC
turkyiz01,2012,2,50,DEN
turneal01,1982,4,84,DEN
turnean01,1986,3,69,LAL
turnebi01,1966,9,78,NYK
turnebo01,1980,7,150,NYK
turnecl01,1973,4,59,MIL
turnedo01,1963,5,39,SFW
turnedo02,1985,7,157,IND
turneed01,1981,2,45,HOU
turneel01,1981,2,43,DAL
turneer01,1984,2,32,DET
turneev01,2010,1,2,PHI
turnega01,1966,3,28,BOS
turnege01,1984,7,153,DAL
turnegr01,1984,9,193,KCK
turnehe01,1960,6,45,SYR
turneja01,1954,1,8,NYK
turneja02,1961,2,10,CHP
turneje01,1984,1,17,NJN
turnejo01,1991,1,20,HOU
turnela01,1982,10,225,BOS
turnemy01,2015,1,11,IND
turnere01,1989,2,47,DEN
turnero01,1984,10,210,HOU
turnest01,1972,11,162,SEA
turneto01,1974,7,121,WSB
turneto02,1980,6,116,DET
turpime01,1984,1,6,WSB
tuttlce01,1964,13,97,STL
tuzja01,1982,8,163,SDC
twardda01,1972,2,26,POR
twymaja01,1955,2,10,ROC
twymane01,1961,6,58,BOS
tylerbj01,1994,1,20,PHI
tylerje01,2011,2,39,CHA
tylerke01,1975,5,77,PHI
tylerte01,1978,2,23,DET
tynesgr01,1978,5,94,BOS
tyrach01,1957,1,2,DET
tyreeva01,1971,16,225,CLE
tysonhu01,2023,2,37,OKC
tysonja01,2024,1,20,CLE
tysonje01,1976,3,39,POR
udohek01,2010,1,6,GSW
udrihbe01,2004,1,28,SAS
ugboaej01,2006,2,55,CLE
uhlbi01,1956,5,33,ROC
ukicro01,2005,2,41,TOR
ulisty01,2016,2,34,PHO
underja01,1947,1,7,STB
unruhpa01,1950,2,21,INO
unselge01,1965,8,71,LAL
unselwe01,1968,1,2,BAL
uthofde01,1980,6,129,SAS
utleyke01,1972,13,179,PHO
utleyme01,1975,2,33,CLE
vaccabo01,1973,9,150,MIL
vacenst01,1966,4,33,SFW
vaculla01,1978,8,166,DEN
vadenro01,2009,2,54,CHA
valanjo01,2011,1,5,TOR
valavri01,1979,7,143,HOU
valenda01,1981,1,16,POR
valende01,2016,1,14,CHI
valenke01,1980,8,174,MIL
valenro01,1980,3,51,DEN
vallejo01,1970,1,14,ATL
vallora01,1976,7,119,WSB
vanardi01,1965,2,13,NYK
vanarto01,1965,2,14,DET
vanblti01,1975,9,153,NYK
vanbrja01,1974,2,20,POR
vanceco01,1952,11,,MLH
vancege01,1947,4,,CHS
vanceru01,1972,8,114,POR
vandebi01,1949,6,,BOS
vandeer01,1949,4,,NYK
vandeja01,2018,2,41,ORL
vandeki01,1980,1,11,DAL
vandele01,1951,5,50,MNL
vandera01,2003,2,52,TOR
vandero01,1987,7,161,LAL
vandest01,1969,7,89,DET
vandish01,1991,1,25,GSW
vanemla01,1962,6,50,SYR
vanexni01,1993,2,37,LAL
vanhoke01,1997,1,2,PHI
vanlebr01,1984,6,126,KCK
vanlino01,1969,3,34,CHI
vannda01,1982,6,129,GSW
vannobo01,1983,9,198,DEN
vannto01,1979,8,164,KCK
vanosni01,1985,2,32,PHO
vanpati01,1958,9,69,STL
vanvama01,1984,7,162,BOS
vanzade01,1974,7,120,LAL
vanzaed01,1949,8,,STB
varejan01,2004,2,30,ORL
vargajo01,1988,2,49,DAL
varnaja01,2010,2,41,MIA
varnebi01,1983,9,202,MIL
varnede01,1970,12,192,LAL
vartabo01,1973,13,184,BUF
vasqugr01,2010,1,28,MEM
vassede01,2020,1,11,SAS
vaughbr01,1987,5,110,MIL
vaughch01,1962,4,28,STL
vaughcl01,1984,6,117,IND
vaughda01,1975,4,63,NYK
vaughda02,1995,1,25,ORL
vaughja01,1997,1,27,UTA
vaughlo01,1990,1,13,LAC
vaughra01,2015,1,17,MIL
vauleju01,2015,2,39,CHO
vazqufr01,2005,1,11,ORL
vealhe01,1984,6,128,PHO
velloge01,1961,8,75,STL
venabje01,1970,6,97,PHI
verdech01,1982,7,145,CHI
veremvl01,2006,2,48,WAS
vergabo01,1967,3,25,STL
verhope01,1981,4,85,POR
vermejo01,1967,16,155,CIN
veselja01,2011,1,6,WAS
veseyke01,1981,7,144,ATL
vezenal01,2017,2,57,BRK
vicenmi01,1978,10,187,NJN
vidnogl01,1970,4,60,CLE
vilchal01,1972,10,153,PHO
villach01,2005,1,7,TOR
vinceja01,1981,2,24,DAL
vincesa01,1985,1,20,BOS
vincima01,2006,2,43,NOK
virdecl01,1970,9,142,SEA
virgijo01,1980,3,49,GSW
visscge01,1966,19,112,BAL
viviajo01,1959,10,68,CIN
vlastto01,1955,8,58,ROC
vogeljo01,1996,2,45,SEA
voigtbi01,1969,14,183,CHI
volkoal01,1986,6,134,ATL
vonleno01,2014,1,9,CHO
vonwebi01,1957,8,62,BOS
voskuja01,2000,2,33,CHI
vossda01,1961,6,59,CHP
vraneda01,1981,1,5,SEA
vranesl01,2003,2,39,NYK
vromabr01,1978,4,87,PHI
vromaja01,2004,2,31,CHI
vucevni01,2011,1,16,PHI
vujacsa01,2004,1,27,LAL
vujanmi01,2002,2,36,NYK
vukcetr01,2023,2,42,WAS
wackemi01,1985,7,151,UTA
wadebu01,1967,7,72,NYK
wadebu02,1986,6,117,NYK
wadedw01,2003,1,5,MIA
wafervo01,2005,2,39,LAL
waggowa01,1982,6,119,DAL
wagneda02,2002,1,6,CLE
wagnefr01,2021,1,8,ORL
wagnemi01,1986,2,35,DAL
wagnemo01,2018,1,25,LAL
wagneph01,1968,6,75,ATL
wagnoda01,1966,3,25,BAL
wahljo01,1948,8,,PHW
wailca01,1964,9,77,SFW
waitedi01,2012,1,4,CLE
waitegr01,1983,2,39,POR
waitest01,1981,6,137,BOS
wakefan01,1978,5,107,PHO
walasro01,1969,9,124,NYK
waldabo01,1968,7,86,NYK
waldrma01,1982,7,152,GSW
walkean01,1976,7,111,NOJ
walkean02,1996,1,6,BOS
walkebi01,2008,2,47,WAS
walkebr01,1948,2,,PRO
walkebr02,1981,6,128,KCK
walkech01,1962,2,14,SYR
walkeda01,1983,1,12,NYK
walkedi01,1970,11,177,BUF
walkedo01,1948,8,,WSC
walkedu01,1982,10,206,CLE
walkeea01,1985,6,122,SEA
walkefo01,1974,3,38,CLE
walkeho01,1960,4,30,STL
walkeja01,2022,2,57,POR
walkeja02,2023,1,8,WAS
walkeji01,1967,1,1,DET
walkeke01,1986,1,5,NYK
walkeke02,2011,1,9,CHA
walkele01,1965,9,75,STL
walkelo01,2018,1,18,SAS
walkeph01,1976,7,117,PHI
walkera01,1976,5,79,PHO
walkeri01,1971,9,137,CLE
walkesa01,1996,1,9,DAL
walkeso01,1954,7,62,NYK
walkewa01,1976,1,5,POR
walkne01,1969,1,2,PHO
wallaca01,2023,1,10,DAL
wallach01,1970,7,117,BAL
wallage01,2001,1,25,SAC
wallagr01,1957,5,40,BOS
wallajo01,1996,1,18,NYK
wallape01,1970,5,80,PHI
wallara01,1995,1,4,WSB
wallari01,1974,8,143,BOS
wallath01,1969,8,102,SEA
wallaty01,2016,2,60,UTA
walleal01,1970,19,238,CLE
walledw01,1968,10,131,ATL
walleja01,1987,3,48,NJN
wallejo01,1952,17,,MNL
walljo01,2010,1,1,WAS
wallsja01,2000,2,56,IND
wallsji01,1970,11,178,PHO
wallswi01,1953,5,,ROC
walowwa01,1954,3,20,MLH
walshdo01,1962,11,91,SFW
walshed01,1953,15,,BLB
walshji01,1952,3,,BLB
walshjo01,2023,2,38,SAC
waltebo01,1954,11,96,NYK
waltebo02,1963,12,79,NYK
walteja01,2024,1,19,TOR
waltejo01,1979,8,166,WSB
waltere01,1993,1,16,NJN
walthpa01,1949,4,,MNL
walthpe01,1970,16,228,LAL
waltobi01,1974,1,1,POR
waltoja01,1947,7,,PIT
waltoll01,1976,3,40,MIL
waltolu01,2003,2,32,LAL
wanamri01,1970,15,217,CLE
wansler01,1977,6,127,WSB
wanzebo01,1948,1,10,ROC
warbipe01,1974,9,145,PHI
warblbr01,1976,7,115,PHO
wardch01,1994,1,26,NYK
warddo01,1971,10,154,BUF
wardebi01,1955,9,70,MNL
wardge01,1963,1,6,STL
wardhe01,1975,6,99,CLE
wardje01,1966,7,67,BOS
wardjo01,1986,2,31,PHO
wardph01,1982,7,155,PHO
wardpr01,1949,4,,STB
wardwa01,1961,8,71,DET
wareji01,1966,3,26,CIN
wareke01,2024,1,15,MIA
warena01,1968,17,203,PHI
warlebe01,1960,4,27,LAL
warnebi01,1971,11,170,BUF
warnebo01,1976,8,129,MIL
warneco01,1970,2,24,BUF
warnegr01,1984,6,129,SEA
warrebo01,1968,4,47,ATL
warrech01,1962,12,94,SFW
warreco01,1973,12,175,PHI
warreed01,1978,6,121,NYK
warrejo01,1969,1,11,NYK
warremi01,1968,14,173,SEA
warreph01,1959,11,76,PHW
warrera01,1955,12,92,FTW
warretj01,2014,1,14,PHO
warreto01,1979,8,153,CHI
warrewi01,2010,2,54,LAC
warribr01,1982,2,25,WSB
warriha01,2005,1,19,MEM
warwida01,1981,6,121,ATL
warzyke01,1970,2,32,DET
washbch01,1986,1,3,GSW
washbru01,1949,10,,BOS
washibo02,1969,12,168,BAL
washide02,2008,2,59,DET
washido01,1975,5,80,NYK
washidu01,1987,2,36,WSB
washier01,1997,2,47,ORL
washiji01,1965,1,8,STL
washike01,1973,1,5,LAL
washike02,1966,8,71,SFW
washila01,1979,5,93,CHI
washima01,1974,10,166,HOU
washipe01,1986,1,13,NJN
washipj01,2019,1,12,CHO
washiri01,1976,1,3,KCK
washist01,1974,4,66,WSB
washist02,1966,5,48,LAL
washito01,1983,9,200,SEA
washitr01,1967,5,50,CIN
washity01,1999,2,44,HOU
washity02,2022,1,29,MEM
washiwi01,1977,2,25,PHI
waslema01,1974,10,165,PHO
waterja01,1961,10,85,CIN
waterti01,1979,7,141,ATL
watertr01,2019,2,51,BOS
watkicu01,1979,5,105,KCK
watkihe01,1968,11,144,ATL
watkija01,2025,2,43,UTA
watkima01,1972,11,161,BAL
watkime01,1977,4,68,BUF
watsoan01,1986,4,87,DEN
watsoan02,2024,2,54,BOS
watsobo01,1952,3,,MLH
watsobr01,1983,5,109,SEA
watsode01,1979,8,161,HOU
watsoea01,2001,2,40,SEA
watsoga01,1972,10,147,PHI
watsoja01,1994,2,47,UTA
watsolo01,1950,3,30,CHS
watsope01,2022,1,30,OKC
watsore01,1979,7,137,GSW
watsowi01,1970,6,101,MIL
wattscr01,1981,5,111,LAL
wattsro01,1965,2,20,BOS
wayneju01,1981,7,153,POR
wayra01,1981,10,212,WSB
weadoto01,1977,7,140,NYK
weathal01,1981,6,124,DEN
weathcl01,1992,1,9,PHI
weathla01,1971,5,83,CHI
weathni01,1973,1,13,CAP
weathqu01,2019,2,49,SAS
weaveky01,2008,2,38,CHA
weavemi01,1968,10,123,CHI
weaveon01,1955,6,46,MNL
webbch01,1956,8,61,SYR
webbech01,1993,1,1,ORL
webbel01,1968,6,65,SDR
webbke01,1981,8,164,NJN
webbro01,1983,9,191,UTA
webbsp01,1985,4,87,DET
webercl01,1985,4,93,BOS
weberfr01,1948,9,,CHS
weberjj01,1987,3,64,MIL
weberst01,1950,3,31,NYK
weberth01,1971,6,95,BOS
webstbu01,1971,12,184,BUF
webstel01,1969,4,54,NYK
webstje01,1994,2,40,MIA
webstke01,1987,7,153,UTA
webstma01,1975,1,3,ATL
webstma02,2005,1,6,POR
websttr01,1986,6,127,NJN
wedmasc01,1974,1,6,KCO
weeksji01,1957,12,82,SYR
weemsso01,2008,2,39,CHI
wehdera01,1948,11,,BOS
wehrdi01,1948,3,,INJ
weidnbr01,1983,4,90,SAS
weighjo01,1949,9,,BOS
weisfr01,1999,1,15,NYK
weisnro01,1954,12,97,MLH
weissbo01,1965,3,25,PHI
weitzri01,1967,10,110,BOS
welchan01,1986,3,62,DAL
welchji01,1971,4,56,ATL
wellsbo01,1998,1,11,DET
wellsbu01,1997,2,35,DAL
wellsja01,2024,2,39,MEM
wellsje01,1966,2,16,CIN
wellska01,1983,4,74,PHI
wellsow01,1974,5,77,HOU
wellsra02,1957,4,29,NYK
welpch01,1987,1,16,PHI
welscji01,2002,1,16,PHI
welshdi01,1955,13,93,STL
welshth01,2018,2,58,DEN
wembavi01,2023,1,1,SAS
wendejo01,1965,9,73,BAL
wendero01,1959,12,80,CIN
wendlbi01,1984,8,171,DEN
wendtgr01,1986,6,139,BOS
wennibi01,1985,1,16,DAL
wenzege01,1983,8,170,DET
werdaro01,1992,2,46,DEN
werhajo01,1960,8,57,LAL
werkmni01,1964,5,45,BOS
werneth01,1965,5,44,STL
weslebl01,2022,1,25,SAS
weslewa01,1966,1,6,CIN
wessejo01,1961,8,76,CHP
westbde01,1967,5,44,BAL
westbru01,2008,1,4,SEA
westda01,2003,1,18,NOH
westde01,2004,1,24,BOS
westdo01,1989,2,38,MIN
westge01,1965,9,74,PHI
westhe01,1963,2,16,PHI
westje01,1960,1,2,LAL
westlo01,1970,7,113,CHI
westma01,1983,2,30,DAL
westppa01,1972,1,10,BOS
westrma01,1974,6,91,PHI
westro01,1966,8,73,BAL
westwa01,1980,5,94,UTA
wetzejo01,1966,8,75,LAL
whalero01,2005,2,51,UTA
whatlen01,1983,1,13,KCK
wheatde01,1997,2,52,LAL
wheelbo01,1951,6,55,SYR
wheelcl01,1981,7,150,KCK
wheelph01,1956,4,32,PHW
wheelty01,1998,2,47,TOR
whielra01,1982,10,219,GSW
whisnar01,1962,5,44,LAL
whitask01,1952,3,,INO
whiteaa01,2015,2,49,WAS
whitean02,1969,13,169,PHO
whitear01,1972,4,63,MIL
whiteba01,1969,8,113,BAL
whitebo01,1978,9,172,SDC
whitech01,1963,9,71,SFW
whitecl01,1973,10,158,PHO
whiteco01,2019,1,7,CHI
whiteco02,1976,5,82,ATL
whiteda01,2023,1,22,BRK
whitede01,2017,1,29,SAS
whitede02,1974,10,167,KCO
whitedi01,1953,9,,FTW
whitedj01,2008,1,29,DET
whitedo02,1967,14,143,CHI
whiteer01,1987,3,65,DET
whitege01,1987,7,158,DAL
whitegr01,1977,4,85,POR
whiteha01,2010,2,33,SAC
whitehe01,1970,8,133,ATL
whiteho01,1973,14,192,CAP
whitehu01,1962,2,16,SFW
whiteis01,2016,2,42,UTA
whiteja01,1998,2,43,WAS
whiteja02,2006,2,31,POR
whiteje01,1978,2,41,SDC
whitejo01,1969,1,9,BOS
whiteke01,1982,10,222,SAS
whitele01,1993,2,53,LAC
whitema01,1979,5,100,POR
whitemi01,1950,7,78,CHS
whitera01,1989,1,8,DAL
whitera02,1979,4,79,LAL
whitero01,1982,4,86,PHO
whitero02,2001,1,9,DET
whitero03,2012,1,16,HOU
whitero04,1973,8,137,BOS
whitero05,1980,7,155,MIL
whiteru01,1975,3,47,HOU
whitesa01,1973,10,154,POR
whitete01,2010,2,36,DET
whitete02,1982,5,93,CLE
whiteto01,1987,2,33,CHI
whitevi01,1971,5,79,DET
whitewi01,1984,2,42,DEN
whitfdw01,1995,2,40,GSW
whitlda01,1970,11,180,PHI
whitlri01,1975,5,83,HOU
whitlsc01,1981,9,195,IND
whitmbo01,1969,8,108,BOS
whitmbo02,1952,13,,ROC
whitmca01,2023,1,20,HOU
whitmmi01,1984,5,111,POR
whitnch01,1993,2,47,SAS
whitnha01,1961,4,37,SYR
whitnha02,1980,1,16,KCK
whitrco01,1961,11,97,PHW
whittde01,1983,3,51,PHO
wickmma01,1978,8,170,POR
wickssi01,1971,1,2,POR
widbyro01,1967,12,126,CHI
widseca01,1956,12,83,MNL
wieneed01,1955,4,27,PHW
wiermte01,1969,4,47,DET
wiermu01,1948,5,,FTW
wiesebo01,1961,2,16,CIN
wieskjo01,2021,2,41,SAS
wiggiaa01,2021,2,55,OKC
wiggian01,2014,1,1,CLE
wiggimi01,1983,1,23,IND
wilbedo01,1977,5,107,POR
wilbugi01,1986,6,119,CLE
wilbuke01,1966,4,39,PHI
wilcoch01,2002,1,8,LAC
wilcocj01,2014,1,28,LAC
wilcopa01,1959,10,72,NYK
wilcoto01,1960,20,100,CIN
wilcudc01,1948,4,,STB
wileydo01,1980,9,190,NYK
wileyge01,1962,2,17,LAL
wileymi01,1980,2,39,SAS
wileymo01,1988,2,46,DAL
wileyro01,1949,2,19,BLB
wilfowi01,1957,1,4,STL
wilkebo01,1976,1,11,SEA
wilkegl01,1950,10,118,SYR
wilkeja01,1974,1,11,GSW
wilkeja02,1980,3,50,CHI
wilkele01,1960,1,6,STL
wilkibo01,1960,12,84,STL
wilkibu01,1955,3,20,BOS
wilkida01,1982,10,221,PHO
wilkido01,1982,1,3,UTA
wilkied01,1984,6,133,NYK
wilkige01,1985,2,47,NYK
wilkihe01,1947,3,,STB
wilkije01,1977,2,37,SAS
wilkiji01,1972,11,157,POR
willege01,1975,6,97,POR
willela01,1960,19,99,CIN
willial01,1970,3,51,NYK
willial02,1997,2,48,POR
willial04,1980,9,192,SAS
willial05,1948,9,,WSC
william01,2025,2,46,ORL
willibe01,1969,2,21,SDR
willibi01,1980,2,43,HOU
willibo02,1979,7,142,PHI
willibr02,1966,8,72,STL
willibu01,1981,1,3,NJN
williby01,1982,6,127,WSB
willich02,1968,6,76,PHI
willich03,1976,1,15,CLE
willico01,1992,2,33,CHI
willico02,1995,1,13,SAC
willico04,2024,1,10,UTA
willida01,1968,8,97,CIN
willida02,1975,6,93,ATL
willida03,1981,7,158,PHO
willida04,1984,5,107,DAL
willide01,2005,1,3,UTA
willide02,2011,1,2,MIN
willide05,1987,5,96,SAS
willido01,1970,16,226,POR
willidu01,1978,5,96,NOJ
willidw01,1979,6,121,ATL
williea01,1974,3,49,PHO
williel01,2010,1,22,POR
willier01,1995,1,14,BOS
willifl01,1976,9,152,PHI
willifl02,1979,5,92,DET
willifr01,1978,1,8,BOS
willifr02,2002,1,25,DEN
williga01,1967,16,153,BAL
willige01,1969,2,24,PHO
willigl01,1977,2,27,MIL
willigr01,2019,1,22,BOS
willigr02,1973,9,141,SEA
willigu01,1975,2,20,GSW
willigu02,1983,2,34,WSB
williha01,1975,6,100,NYK
willihe01,1981,1,14,IND
willihe02,1992,2,44,SAS
williho01,1985,2,45,CLE
williho02,1950,3,35,MNL
williho03,1960,11,77,NYK
williik01,1975,7,118,DET
willija01,1990,1,21,PHO
willija02,1998,1,7,SAC
willija03,2002,1,2,CHI
willija06,2022,1,12,OKC
willija07,2022,2,34,OKC
willije01,1996,1,26,DET
williji01,1966,4,40,CHI
willijo01,1973,6,96,ATL
willijo02,1986,1,12,WSB
willijo03,2011,2,36,NJN
willike01,1983,2,46,SAS
willike02,1984,1,11,ATL
willike03,1990,2,46,IND
willike06,1980,9,189,DAL
willike07,1980,10,212,SEA
willike08,1983,7,158,SAS
willila01,2010,2,48,MIA
willila02,1974,6,108,MIL
willila03,1977,4,75,KCK
willila04,1979,5,102,DEN
willila05,1980,5,101,CLE
willilo02,2005,2,45,PHI
willily01,1973,12,179,PHO
willima01,2003,2,47,UTA
willima02,2005,1,2,ATL
willima03,2006,1,22,NJN
willima04,2007,2,33,SAS
willima06,1982,7,159,LAL
willima07,2022,1,15,CHO
willimi01,1968,17,202,NYK
willimi02,1988,2,48,DET
willimi03,1986,3,51,GSW
willimi04,1970,14,213,BAL
willimi05,1973,8,127,KCO
willimi06,1984,9,197,SEA
willimo01,1994,1,24,NYK
willina02,1976,5,69,CHI
willini01,2017,2,55,UTA
willipa01,2020,1,4,CHI
willipa02,1983,2,45,PHO
willipe01,1985,4,89,DEN
willipe02,1983,7,145,GSW
willira01,1977,1,10,NYK
willire01,1987,1,4,LAC
williri01,1978,10,190,NOJ
williri02,1973,14,193,BOS
williro01,1968,1,9,SFW
williro02,1982,1,19,DEN
williro04,2018,1,27,BOS
williro05,1961,10,87,LAL
williro06,1980,7,157,PHO
williro07,1981,6,125,WSB
williro08,1984,2,47,BOS
williru01,1981,9,186,NJN
willisa01,1968,3,35,MIL
willisa02,1981,2,33,GSW
willisa03,1964,15,100,BAL
willisc02,1981,7,154,CHI
willise01,2007,1,17,NJN
willish01,1998,2,34,CHI
willish02,2006,1,5,ATL
willish03,2006,1,17,IND
willisi01,1981,9,196,POR
willisl01,1979,1,21,NYK
willist01,1981,4,91,BOS
willite01,2009,1,11,NJN
willite02,1984,3,52,SEA
willite03,1987,5,105,GSW
willito01,1984,7,159,MIL
williva01,1970,3,48,PHO
willivi01,2022,2,47,MEM
williwa01,1948,1,8,FTW
williwa02,1992,1,7,SAC
williwa03,1970,15,219,PHO
williwa04,1987,7,141,NYK
williwi01,1970,3,38,BOS
willizi01,2019,1,1,NOP
willizi02,2021,1,10,NOP
willobi01,1975,2,19,ATL
wilmoar01,1968,9,113,SFW
wilmohe01,1973,5,78,DET
wilsoan01,1987,5,102,CHI
wilsobo03,1974,3,52,CHI
wilsobu01,1978,5,101,GSW
wilsoby01,1993,2,54,PHO
wilsodj01,2017,1,17,MIL
wilsodo01,1982,6,132,HOU
wilsoga01,1979,9,181,KCK
wilsoge01,1964,1,8,CIN
wilsois01,1971,2,29,DET
wilsoja01,1968,7,82,BAL
wilsoja03,2023,2,51,BRK
wilsoji01,1970,4,62,CHI
wilsoke01,1970,13,198,CLE
wilsola01,1979,2,38,ATL
wilsoma01,1981,10,214,KCK
wilsome01,1976,8,137,WSB
wilsomi01,1982,3,47,CLE
wilsoni01,1987,2,30,POR
wilsoot01,1984,2,35,GSW
wilsori01,1978,2,25,ATL
wilsori02,1986,3,52,CHI
wilsoro01,1974,3,41,HOU
wilsost01,1970,16,227,CLE
wilsoto01,1983,6,132,SEA
wilsotr01,1990,2,36,ATL
wiltjgr01,1984,2,43,CHI
winanch01,1984,8,177,NJN
windito01,1959,5,34,DET
windldy01,2019,1,26,CLE
windsjo01,1962,5,41,SYR
wineyda01,1978,6,116,BOS
winfida01,1973,5,79,ATL
winfile01,1969,3,32,SEA
wingada01,1986,2,44,PHI
wingama01,1972,4,52,PHI
wingfdo01,1994,2,37,SEA
winklbr01,1973,12,182,BOS
winklma01,1970,3,50,MIL
winogle01,1954,6,48,PHW
winogmi01,1956,6,48,PHW
winslju01,2015,1,10,MIA
winslri01,1987,2,28,CHI
winstca01,2020,2,53,OKC
winstga01,1978,10,194,CLE
wintebr01,1974,1,12,LAL
winteef01,1986,4,88,ATL
wintevo01,1985,2,44,PHI
wisefr01,1980,4,81,WSB
wisejo01,1973,9,149,NYK
wisemja01,2020,1,2,GSW
wisewi01,1969,5,64,SFW
wistero01,1981,9,202,PHI
witheda01,1971,10,166,CHI
witheje01,2013,2,39,POR
withela01,1974,10,162,PHI
wittelu01,1973,4,57,CLE
wittmgr01,1969,7,88,SEA
wittmmi01,1967,5,49,STL
wittmra01,1983,1,22,WSB
wittsga01,1981,5,103,WSB
wlodast01,1969,15,190,MIL
wohlda01,1971,3,46,PHI
wolfbo01,1967,7,70,CHI
wolfda01,2025,1,27,BRK
wolfean01,1948,9,,PHW
wolfebo01,1968,12,153,SFW
wolfech01,1953,16,,MNL
wolfele01,1950,11,119,PHW
wolffgr01,1984,8,166,HOU
wolfje01,1980,4,86,MIL
wolfjo01,1987,1,13,LAC
wolfora01,1964,5,38,DET
wolteda01,1965,7,57,SFW
woltena01,2013,2,38,WAS
woltewi01,1967,8,91,SEA
womacda01,1983,7,149,WSB
wongis01,2023,2,55,IND
woodal01,1981,1,4,ATL
woodaro01,2020,2,40,MEM
woodho01,1981,2,27,UTA
woodle01,1984,1,10,PHI
woodrro01,1968,20,213,BAL
woodsla01,1970,8,126,BUF
woodslo01,2001,2,46,MIN
woodsmi01,1980,1,12,NYK
woodsqy01,2002,1,21,POR
woodsra01,1992,1,16,LAC
woodsru01,1982,4,73,DAL
woodsst01,1986,7,141,IND
woodswi01,1970,7,115,LAL
woolagr01,1977,6,131,LAL
woollbo01,1963,7,55,NYK
woolror01,1981,1,6,CHI
workiti01,1978,10,202,POR
workmha01,1989,2,49,ATL
workmma01,1952,1,1,MLH
workmto01,1967,1,8,STL
worthja01,1982,1,1,LAL
worthro01,1986,6,135,HOU
worthsa01,1980,2,26,CHI
wrighan01,2005,1,15,NJN
wrighbr01,1985,3,49,GSW
wrighbr02,2005,2,47,MIN
wrighbr03,2007,1,8,CHA
wrighca01,1985,5,113,PHI
wrighde01,2015,1,20,TOR
wrighdo01,2004,1,19,MIA
wrighge01,1987,5,111,DET
wrighho01,1970,2,34,NYK
wrighji01,1981,5,109,NYK
wrighjo01,1972,2,18,SEA
wrighjo02,1991,2,50,PHO
wrighju01,2007,1,13,NOK
wrighju02,2019,2,53,UTA
wrighla01,1976,1,14,WSB
wrighle01,1960,2,16,BOS
wrighlo01,1966,6,54,STL
wrighlo02,1996,1,7,LAC
wrighlu01,1993,1,18,UTA
wrighme01,1957,10,70,CIN
wrighmi01,2001,2,39,NYK
wrighpo01,1982,6,120,KCK
wrighra01,2004,2,59,IND
wrighry01,1981,4,92,PHI
wrighsh01,1994,1,6,PHI
wrighst01,1973,6,87,PHI
wrighst02,1980,8,179,BOS
wrighwa01,1972,6,96,BOS
wroblmi01,1962,5,42,CIN
wroteto01,2012,1,25,MEM
wuycide01,1972,2,27,BOS
wyattbr01,1979,9,172,NYK
wyattcl01,1980,9,191,WSB
wyattho01,1982,7,148,ATL
wyattja01,1969,13,177,NYK
wyattle01,1971,11,172,ATL
wyendro01,1968,10,125,CIN
wyliejo01,1991,2,38,LAC
wyndete01,1977,5,108,PHI
wynnal01,1970,9,139,DET
yabusgu01,2016,1,16,BOS
yangha01,2025,1,16,MEM
yarbrde01,1980,9,194,MIL
yarbrvi01,2002,2,33,DEN
yardlge01,1950,1,8,FTW
yatesba01,1971,8,131,PHI
yatesdo01,1966,10,86,STL
yatesto01,1963,5,42,STL
yateswa01,1961,1,5,LAL
yelvech01,1971,2,25,POR
yesavpa01,1948,10,,ROC
yoderga01,1977,3,47,MIL
yonakri01,1980,3,61,SAS
youmado01,1980,10,207,WSB
youngal02,1985,7,152,SAS
youngba01,1980,9,185,NJN
youngda01,1984,2,39,SEA
youngda02,2004,2,41,SEA
youngfe01,1978,8,154,SDC
youngga01,1999,2,48,MIL
youngja01,2014,1,17,BOS
youngja02,1972,11,166,CHI
youngji01,1954,8,68,BOS
youngjo01,2015,2,43,IND
youngjo02,1965,7,60,PHI
youngko01,1998,2,40,DET
youngma01,1979,2,41,LAL
youngmi01,1984,1,24,BOS
youngni01,2007,1,16,WAS
youngpe01,1985,3,61,POR
youngsa01,2009,2,36,MEM
youngsk01,1971,7,112,BOS
youngth01,2007,1,12,PHI
youngti01,1999,2,56,GSW
youngto01,1968,14,181,PHI
youngtr01,2018,1,5,DAL
yuesu01,2007,2,40,LAL
yugovmi01,1960,8,59,DET
yunkuri01,1971,3,38,CIN
yuyanxu01,2003,2,57,DAL
zagarmi01,1980,6,133,ATL
zagorra01,2016,2,35,BOS
zahnal01,1980,7,153,SAS
zaligto01,1978,8,164,MIL
zawolze01,1952,2,,INO
zedalmi01,1950,10,110,BLB
zegarma01,2021,2,49,BRK
zelleco01,2013,1,4,CHA
zelleda01,1961,7,61,CIN
zellega01,1970,5,83,BAL
zellety01,2012,1,17,DAL
zenomi01,1983,10,212,GSW
zenoto01,1979,2,32,IND
zevenph01,1987,3,50,SAS
zhizhwa01,1999,2,36,DAL
zidekge01,1995,1,22,CHH
zikarro01,2025,2,45,CHI
zimmede01,2003,2,40,GSW
zimmest01,2016,2,41,ORL
zipplbi01,1949,,,BLB
zipsepa01,2016,2,48,CHI
zizican01,2016,1,23,BOS
zopfbi01,1970,2,33,MIL
zoretbo01,1968,18,205,CHI
zubaciv01,2016,2,32,LAL
zubcito01,2012,2,56,TOR
zuberda01,1949,5,,FTW
zukauau01,1995,2,54,SEA
zunicma01,1947,5,,WSC
zwikkse01,1997,2,30,HOU
