player_id,player_display_name,position,recent_team,season,def_sacks,tackles,def_interceptions
archive-22,Clifton Abraham,CB,TB,1995,0.0,0.0,0.0
archive-22,Clifton Abraham,DB,CHI,1996,0.0,0.0,0.0
archive-22,Clifton Abraham,DB,CAR,1997,0.0,0.0,0.0
archive-23,Donnie Abraham,CB,TB,1996,0.0,0.0,5.0
archive-23,Donnie Abraham,CB,TB,1997,0.0,0.0,7.0
archive-23,Donnie Abraham,CB,TB,1998,0.0,0.0,1.0
archive-25,Robert Abraham,LB,TEN,1982,0.0,0,0
archive-25,Robert Abraham,LB,TEN,1983,1.0,0,0
archive-25,Robert Abraham,LB,TEN,1984,0.0,0,0
archive-25,Robert Abraham,LB,TEN,1985,1.0,0,0
archive-25,Robert Abraham,LB,TEN,1986,2.0,0,0
archive-25,Robert Abraham,LB,TEN,1987,0.0,0,0
archive-28,Bobby Abrams,LB,NYG,1990,0.0,0,0
archive-28,Bobby Abrams,LB,NYG,1991,0.0,0,0
archive-28,Bobby Abrams,LB,CLE,1992,0.0,0,0
archive-28,Bobby Abrams,LB,DAL,1992,0.0,0,0
archive-28,Bobby Abrams,LB,NYG,1992,0.0,0,0
archive-28,Bobby Abrams,LB,DAL,1993,0.0,0,0
archive-28,Bobby Abrams,LB,MIN,1993,0.0,0,0
archive-28,Bobby Abrams,LB,MIN,1994,0.0,0.0,0.0
archive-28,Bobby Abrams,LB,NE,1995,0.0,0.0,0.0
archive-29,Kevin Abrams,CB,DET,1997,2.0,0.0,1.0
archive-29,Kevin Abrams,CB,DET,1998,3.0,0.0,0.0
archive-36,Steve Ache,LB,MIN,1987,0.0,0,0
archive-37,George Achica,DT,IND,1985,0.0,0,0
archive-41,Bill Acker,NT,KC,1982,0.0,0,0
archive-41,Bill Acker,NT,BUF,1983,0.0,0,0
archive-41,Bill Acker,NT,BUF,1984,0.0,0,0
archive-41,Bill Acker,NT,KC,1987,0.0,0,0
archive-43,Rick Ackerman,NT,LAC,1982,3.0,0,0
archive-43,Rick Ackerman,NT,LAC,1983,1.5,0,0
archive-43,Rick Ackerman,NT,LAC,1984,1.0,0,0
archive-43,Rick Ackerman,NT,LV,1984,1.0,0,0
archive-43,Rick Ackerman,NT,LV,1987,1.0,0,0
archive-46,Fred Acorn,CB,TB,1984,0.0,0,0
archive-63,Earnest Adams,LB,DET,1987,0.0,0,0
archive-76,Julius Adams,DE,NE,1982,2.0,0,0
archive-76,Julius Adams,DE,NE,1983,8.0,0,0
archive-76,Julius Adams,DE,NE,1984,4.0,0,0
archive-76,Julius Adams,DE,NE,1985,5.0,0,0
archive-76,Julius Adams,DE,NE,1987,0.0,0,0
archive-81,Michael Adams,DB,NO,1987,0.0,0,0
archive-81,Michael Adams,DB,NO,1988,0.0,0,0
archive-81,Michael Adams,DB,ARI,1989,0.0,0,0
archive-92,Sam Adams,DT,SEA,1994,4.0,0.0,0.0
archive-92,Sam Adams,DT,SEA,1995,3.5,0.0,0.0
archive-92,Sam Adams,DT,SEA,1996,5.5,0.0,0.0
archive-92,Sam Adams,DT,NYJ,1997,0.0,0.0,0.0
archive-92,Sam Adams,DT,SEA,1997,7.0,0.0,0.0
archive-92,Sam Adams,DT,SEA,1998,2.0,0.0,1.0
archive-94,Stan Adams,LB,LV,1984,0.0,0,0
archive-95,Stefon Adams,DB,LV,1986,0.0,0,0
archive-95,Stefon Adams,DB,LV,1987,0.0,0,0
archive-95,Stefon Adams,DB,LV,1988,0.0,0,0
archive-95,Stefon Adams,DB,LV,1989,0.0,0,0
archive-95,Stefon Adams,DB,CLE,1990,0.0,0,0
archive-95,Stefon Adams,DB,MIA,1990,0.0,0,0
archive-101,Vashone Adams,FS,CLE,1995,0.0,0.0,0.0
archive-101,Vashone Adams,DB,BAL,1996,0.0,0.0,1.0
archive-101,Vashone Adams,FS,NO,1997,0.0,0.0,0.0
archive-121,Kevin Adkins,DB,KC,1987,0.0,0,0
archive-134,Mel Agee,DE,IND,1991,0.0,0,0
archive-134,Mel Agee,DE,IND,1992,0.0,0,0
archive-134,Mel Agee,DE,ATL,1993,2.5,0,0
archive-134,Mel Agee,DE,ATL,1994,0.0,0.0,0.0
archive-134,Mel Agee,DE,ATL,1995,0.0,0.0,0.0
archive-140,Ray Agnew,DT,NE,1990,2.5,0,0
archive-140,Ray Agnew,DT,NE,1991,2.0,0,0
archive-140,Ray Agnew,DT,NE,1992,1.0,0,0
archive-140,Ray Agnew,DT,NE,1993,1.5,0,0
archive-140,Ray Agnew,DT,NE,1994,0.5,0.0,0.0
archive-140,Ray Agnew,DT,NYG,1995,1.0,0.0,0.0
archive-140,Ray Agnew,DT,NYG,1996,0.5,0.0,1.0
archive-140,Ray Agnew,DT,NYG,1997,2.0,0.0,0.0
archive-140,Ray Agnew,DT,SEA,1997,0.0,0.0,0.0
archive-140,Ray Agnew,DT,LAR,1998,5.0,0.0,1.0
archive-147,Chidi Ahanotu,DE,TB,1993,1.5,0,0
archive-147,Chidi Ahanotu,DE,TB,1994,1.0,0.0,0.0
archive-147,Chidi Ahanotu,DE,TB,1995,3.0,0.0,0.0
archive-147,Chidi Ahanotu,DE,TB,1996,5.5,0.0,0.0
archive-147,Chidi Ahanotu,DE,TB,1997,11.0,0.0,0.0
archive-147,Chidi Ahanotu,DE,TB,1998,0.0,0.0,0.0
archive-149,Dave Ahrens,LB,ARI,1982,0.0,0,0
archive-149,Dave Ahrens,LB,ARI,1983,0.0,0,0
archive-149,Dave Ahrens,LB,ARI,1984,0.0,0,0
archive-149,Dave Ahrens,LB,IND,1985,0.0,0,0
archive-149,Dave Ahrens,LB,IND,1986,2.0,0,0
archive-149,Dave Ahrens,LB,IND,1987,0.0,0,0
archive-149,Dave Ahrens,LB,DET,1988,0.0,0,0
archive-149,Dave Ahrens,LB,MIA,1989,1.0,0,0
archive-149,Dave Ahrens,LB,SEA,1990,0.0,0,0
archive-179,Trev Alberts ,LB,IND,1994,2.0,0.0,0.0
archive-179,Trev Alberts ,LB,IND,1995,2.0,0.0,0.0
archive-179,Trev Alberts ,LB,IND,1996,0.0,0.0,1.0
archive-186,Ira Albright,NT,BUF,1987,0.0,0,0
archive-187,Vince Albritton,DB,DAL,1984,1.0,0,0
archive-187,Vince Albritton,DB,DAL,1985,0.0,0,0
archive-187,Vince Albritton,DB,DAL,1986,0.0,0,0
archive-187,Vince Albritton,DB,DAL,1987,0.0,0,0
archive-187,Vince Albritton,DB,DAL,1988,2.0,0,0
archive-187,Vince Albritton,DB,DAL,1989,0.0,0,0
archive-187,Vince Albritton,S,DAL,1990,0.0,0,0
archive-187,Vince Albritton,DB,DAL,1991,0.0,0,0
archive-193,Allen Aldridge ,LB,DEN,1994,0.0,0.0,0.0
archive-193,Allen Aldridge ,LB,DEN,1995,1.5,0.0,0.0
archive-193,Allen Aldridge ,LB,DEN,1996,1.0,0.0,0.0
archive-193,Allen Aldridge ,LB,NE,1996,0.0,0.0,0.0
archive-193,Allen Aldridge ,LB,DEN,1997,0.0,0.0,1.0
archive-193,Allen Aldridge ,LB,DET,1998,3.0,0.0,0.0
archive-198,Melvin Aldridge ,DB,TEN,1993,0.0,0,0
archive-198,Melvin Aldridge ,DB,ARI,1995,0.0,0.0,0.0
archive-199,Arnold Ale,LB,KC,1994,0.0,0.0,0.0
archive-199,Arnold Ale,LB,LAC,1996,0.0,0.0,0.0
archive-200,Ink Aleaga,LB,NO,1997,0.0,0.0,0.0
archive-200,Ink Aleaga,LB,NO,1998,1.0,0.0,0.0
archive-205,Brent Alexander,CB,ARI,1994,0.0,0.0,0.0
archive-205,Brent Alexander,FS,ARI,1995,0.5,0.0,2.0
archive-205,Brent Alexander,FS,ARI,1996,0.0,0.0,2.0
archive-205,Brent Alexander,FS,ARI,1997,0.0,0.0,0.0
archive-205,Brent Alexander,DB,DET,1997,0.0,0.0,0.0
archive-205,Brent Alexander,FS,CAR,1998,0.0,0.0,0.0
archive-206,Bruce Alexander,DB,DET,1989,0.0,0,0
archive-206,Bruce Alexander,DB,DET,1990,0.0,0,0
archive-206,Bruce Alexander,DB,DET,1991,0.0,0,0
archive-206,Bruce Alexander,DB,MIA,1992,0.0,0,0
archive-206,Bruce Alexander,DB,MIA,1993,1.0,0,0
archive-214,Derrick Alexander,DE,MIN,1995,2.0,0.0,0.0
archive-214,Derrick Alexander,DE,MIN,1996,4.5,0.0,0.0
archive-214,Derrick Alexander,DE,MIN,1997,4.5,0.0,0.0
archive-214,Derrick Alexander,DE,CIN,1998,0.0,0.0,0.0
archive-214,Derrick Alexander,DE,MIN,1998,7.5,0.0,0.0
archive-217,Elijah Alexander,LB,TB,1992,0.0,0,0
archive-217,Elijah Alexander,LB,DEN,1993,0.0,0,0
archive-217,Elijah Alexander,LB,DEN,1994,1.0,0.0,1.0
archive-217,Elijah Alexander,LB,DEN,1995,0.5,0.0,2.0
archive-217,Elijah Alexander,LB,BAL,1996,0.0,0.0,0.0
archive-217,Elijah Alexander,LB,IND,1996,1.0,0.0,0.0
archive-217,Elijah Alexander,LB,IND,1997,1.0,0.0,1.0
archive-217,Elijah Alexander,LB,IND,1998,0.0,0.0,1.0
archive-236,Patrise Alexander,LB,WAS,1996,0.0,0.0,0.0
archive-236,Patrise Alexander,LB,LAC,1997,0.0,0.0,0.0
archive-236,Patrise Alexander,LB,WAS,1997,0.0,0.0,0.0
archive-236,Patrise Alexander,LB,WAS,1998,0.0,0.0,0.0
archive-240,Rogers Alexander,LB,NYJ,1986,0.0,0,0
archive-240,Rogers Alexander,LB,NE,1987,0.0,0,0
archive-258,Lynwood Alford,LB,NYJ,1987,0.0,0,0
archive-264,Tuineau Alipate,LB,NYJ,1994,0.0,0.0,0.0
archive-264,Tuineau Alipate,LB,MIN,1995,0.0,0.0,0.0
archive-279,Carl Allen,CB,ARI,1982,0.0,0,0
archive-290,Earl Allen,DB,TEN,1987,0.0,0,0
archive-293,Egypt Allen,DB,CHI,1987,0.0,0,0
archive-294,Eric Allen,CB,PHI,1988,0.0,0,0
archive-294,Eric Allen,CB,PHI,1989,0.0,0,0
archive-294,Eric Allen,CB,PHI,1990,0.0,0,0
archive-294,Eric Allen,CB,PHI,1991,0.0,0,0
archive-294,Eric Allen,CB,PHI,1992,0.0,0,0
archive-294,Eric Allen,CB,PHI,1993,2.0,0,0
archive-294,Eric Allen,CB,PHI,1994,0.0,0.0,3.0
archive-294,Eric Allen,CB,NO,1995,0.0,0.0,2.0
archive-294,Eric Allen,CB,NO,1996,0.0,0.0,1.0
archive-294,Eric Allen,CB,NO,1997,0.0,0.0,2.0
archive-294,Eric Allen,CB,LV,1998,0.0,0.0,5.0
archive-301,Harvey Allen,DB,SEA,1987,0.0,0,0
archive-311,Jeff Allen,DB,LAC,1982,0.0,0,0
archive-328,Patrick Allen,DB,TEN,1984,0.0,0,0
archive-328,Patrick Allen,CB,TEN,1985,0.0,0,0
archive-328,Patrick Allen,DB,TEN,1986,0.0,0,0
archive-328,Patrick Allen,DB,TEN,1987,0.0,0,0
archive-328,Patrick Allen,CB,TEN,1988,0.0,0,0
archive-328,Patrick Allen,CB,TEN,1989,0.0,0,0
archive-328,Patrick Allen,DB,TEN,1990,0.0,0,0
archive-334,Taje Allen,DB,LAR,1997,0.0,0.0,0.0
archive-334,Taje Allen,DB,LAR,1998,0.0,0.0,0.0
archive-339,Kurt Allerman,LB,ARI,1982,0.0,0,0
archive-339,Kurt Allerman,LB,ARI,1983,0.0,0,0
archive-339,Kurt Allerman,LB,ARI,1984,0.0,0,0
archive-339,Kurt Allerman,LB,DET,1985,0.0,0,0
archive-340,Ty Allert,LB,LAC,1986,0.0,0,0
archive-340,Ty Allert,LB,LAC,1987,0.0,0,0
archive-340,Ty Allert,LB,PHI,1987,0.0,0,0
archive-340,Ty Allert,LB,PHI,1988,0.0,0,0
archive-340,Ty Allert,LB,PHI,1989,0.0,0,0
archive-340,Ty Allert,LB,DEN,1990,0.0,0,0
archive-340,Ty Allert,LB,SEA,1990,0.0,0,0
archive-349,Brian Allred,DB,SEA,1993,0.0,0,0
archive-353,Jeff Alm,DT,TEN,1990,0.5,0,0
archive-353,Jeff Alm,DT,TEN,1991,1.0,0,0
archive-353,Jeff Alm,DT,TEN,1992,1.0,0,0
archive-353,Jeff Alm,DT,TEN,1993,0.0,0,0
archive-360,O'Brien Alston,LB,IND,1988,3.0,0,0
archive-360,O'Brien Alston,LB,IND,1989,1.0,0,0
archive-364,Jim Althoff,DT,CHI,1987,3.5,0,0
archive-368,Steve Alvord,DT,ARI,1987,1.5,0,0
archive-368,Steve Alvord,DT,ARI,1988,2.0,0,0
archive-371,Lyle Alzado,DE,LV,1982,8.0,0,0
archive-371,Lyle Alzado,DE,LV,1983,9.5,0,0
archive-371,Lyle Alzado,DE,LV,1984,8.0,0,0
archive-371,Lyle Alzado,DE,LV,1985,3.0,0,0
archive-377,Ashley Ambrose,DB,IND,1992,0.0,0,0
archive-377,Ashley Ambrose,CB,IND,1993,0.0,0,0
archive-377,Ashley Ambrose,CB,IND,1994,0.0,0.0,2.0
archive-377,Ashley Ambrose,DB,IND,1995,0.0,0.0,4.0
archive-377,Ashley Ambrose,CB,CIN,1996,0.0,0.0,8.0
archive-377,Ashley Ambrose,DB,LAC,1996,0.0,0.0,0.0
archive-377,Ashley Ambrose,CB,CIN,1997,1.0,0.0,3.0
archive-377,Ashley Ambrose,DB,MIN,1997,0.0,0.0,0.0
archive-377,Ashley Ambrose,DB,NE,1997,0.0,0.0,0.0
archive-377,Ashley Ambrose,CB,CIN,1998,0.0,0.0,2.0
archive-378,Dick Ambrose,LB,CLE,1982,0.0,0,0
archive-378,Dick Ambrose,LB,CLE,1983,0.0,0,0
archive-387,Vincent Amey,DE,LV,1998,0.0,0.0,0.0
archive-406,Anthony Anderson ,DB,LAC,1987,0.5,0,0
archive-407,Antonio Anderson ,DT,DAL,1997,2.0,0.0,0.0
archive-407,Antonio Anderson ,DT,DAL,1998,0.0,0.0,0.0
archive-408,Aric Anderson ,LB,GB,1987,0.0,0,0
archive-429,Curtis Anderson ,DB,JAX,1997,0.0,0.0,0.0
archive-429,Curtis Anderson ,DB,NE,1997,0.0,0.0,0.0
archive-431,Darren Anderson ,DB,NE,1992,0.0,0,0
archive-431,Darren Anderson ,DB,TB,1992,0.0,0,0
archive-431,Darren Anderson ,DB,TB,1993,0.0,0,0
archive-431,Darren Anderson ,DB,KC,1994,0.0,0.0,0.0
archive-431,Darren Anderson ,DB,KC,1995,0.0,0.0,0.0
archive-431,Darren Anderson ,DB,KC,1996,0.0,0.0,0.0
archive-431,Darren Anderson ,DB,KC,1997,2.0,0.0,1.0
archive-431,Darren Anderson ,DB,ATL,1998,0.0,0.0,0.0
archive-437,Don Anderson ,DB,IND,1985,0.0,0,0
archive-437,Don Anderson ,DB,TB,1987,0.0,0,0
archive-439,Dunstan Anderson ,DE,ATL,1994,0.0,0.0,0.0
archive-439,Dunstan Anderson ,DE,MIA,1997,0.0,0.0,0.0
archive-440,Dwayne Anderson ,DB,ARI,1987,0.0,0,0
archive-443,Eddie Anderson ,DB,SEA,1986,0.0,0,0
archive-443,Eddie Anderson ,DB,LV,1987,0.0,0,0
archive-443,Eddie Anderson ,DB,LV,1988,0.0,0,0
archive-443,Eddie Anderson ,DB,LV,1989,0.0,0,0
archive-443,Eddie Anderson ,DB,LV,1990,0.0,0,0
archive-443,Eddie Anderson ,DB,LV,1991,0.0,0,0
archive-443,Eddie Anderson ,DB,LV,1992,1.0,0,0
archive-443,Eddie Anderson ,DB,LV,1993,1.0,0,0
archive-443,Eddie Anderson ,DB,LV,1994,2.0,0.0,0.0
archive-443,Eddie Anderson ,DB,LV,1995,0.0,0.0,1.0
archive-443,Eddie Anderson ,DB,ARI,1996,0.0,0.0,0.0
archive-443,Eddie Anderson ,DB,LV,1996,0.0,0.0,0.0
archive-443,Eddie Anderson ,DB,LV,1997,0.0,0.0,0.0
archive-446,Fred Anderson ,DE,SEA,1982,0.0,0,0
archive-451,Herbie Anderson ,DB,TEN,1991,0.0,0,0
archive-460,John Anderson ,LB,GB,1982,1.0,0,0
archive-460,John Anderson ,LB,GB,1983,4.5,0,0
archive-460,John Anderson ,LB,GB,1984,3.5,0,0
archive-460,John Anderson ,LB,GB,1985,6.0,0,0
archive-460,John Anderson ,LB,GB,1986,0.0,0,0
archive-460,John Anderson ,LB,GB,1987,4.0,0,0
archive-460,John Anderson ,LB,GB,1988,1.0,0,0
archive-460,John Anderson ,LB,GB,1989,0.0,0,0
archive-466,Kim Anderson ,DB,IND,1982,0.0,0,0
archive-466,Kim Anderson ,DB,IND,1983,0.5,0,0
archive-466,Kim Anderson ,DB,IND,1984,0.0,0,0
archive-467,Larry Anderson ,DB,IND,1982,0.0,0,0
archive-467,Larry Anderson ,DB,IND,1983,0.0,0,0
archive-467,Larry Anderson ,DB,IND,1984,0.0,0,0
archive-492,Stuart Anderson ,LB,WAS,1982,0.0,0,0
archive-492,Stuart Anderson ,LB,WAS,1983,0.0,0,0
archive-492,Stuart Anderson ,LB,CLE,1984,0.0,0,0
archive-492,Stuart Anderson ,LB,WAS,1984,0.0,0,0
archive-492,Stuart Anderson ,LB,WAS,1985,0.0,0,0
archive-512,George Andrews,LB,LAR,1982,3.0,0,0
archive-512,George Andrews,LB,LAR,1983,3.0,0,0
archive-512,George Andrews,LB,LAR,1984,6.0,0,0
archive-518,Ricky Andrews,LB,SEA,1990,0.0,0,0
archive-530,Sheldon Andrus,DT,NO,1986,0.0,0,0
archive-530,Sheldon Andrus,DT,NO,1987,0.0,0,0
archive-547,Sam Anno,LB,LAR,1987,0.0,0,0
archive-547,Sam Anno,LB,MIN,1987,0.0,0,0
archive-547,Sam Anno,LB,MIN,1988,0.0,0,0
archive-547,Sam Anno,LB,TB,1989,0.0,0,0
archive-547,Sam Anno,LB,TB,1990,0.0,0,0
archive-547,Sam Anno,LB,TB,1991,0.0,0,0
archive-547,Sam Anno,LB,LAC,1992,0.0,0,0
archive-547,Sam Anno,LB,LAC,1993,0.0,0,0
archive-553,Terrence Anthony,DB,ARI,1987,0.0,0,0
archive-562,Steve Apke,LB,PIT,1987,0.0,0,0
archive-575,Hasson Arbubakrr,DE,TB,1983,1.0,0,0
archive-575,Hasson Arbubakrr,DE,MIN,1984,0.5,0,0
archive-578,Lester Archambeau,DE,GB,1990,0.0,0,0
archive-578,Lester Archambeau,DE,GB,1991,4.5,0,0
archive-578,Lester Archambeau,DE,GB,1992,1.0,0,0
archive-578,Lester Archambeau,DE,ATL,1993,0.0,0,0
archive-578,Lester Archambeau,DE,ATL,1994,2.0,0.0,0.0
archive-578,Lester Archambeau,DE,ATL,1995,3.0,0.0,0.0
archive-578,Lester Archambeau,DE,ATL,1996,2.0,0.0,0.0
archive-578,Lester Archambeau,DE,ATL,1997,8.5,0.0,1.0
archive-578,Lester Archambeau,DE,ATL,1998,11.0,0.0,0.0
archive-607,Jessie Armstead,LB,NYG,1993,0.0,0,0
archive-607,Jessie Armstead,LB,NYG,1994,3.0,0.0,1.0
archive-607,Jessie Armstead,LB,NYG,1995,0.5,0.0,1.0
archive-607,Jessie Armstead,LB,NYG,1996,3.0,0.0,2.0
archive-607,Jessie Armstead,LB,NYG,1997,3.5,0.0,2.0
archive-607,Jessie Armstead,LB,SEA,1997,0.0,0.0,0.0
archive-607,Jessie Armstead,LB,NYG,1998,5.0,0.0,2.0
archive-611,Antonio Armstrong ,LB,MIA,1995,0.0,0.0,0.0
archive-618,Harvey Armstrong ,NT,PHI,1982,0.0,0,0
archive-618,Harvey Armstrong ,NT,PHI,1983,3.5,0,0
archive-618,Harvey Armstrong ,NT,PHI,1984,3.0,0,0
archive-618,Harvey Armstrong ,NT,IND,1986,3.5,0,0
archive-618,Harvey Armstrong ,NT,IND,1987,0.0,0,0
archive-618,Harvey Armstrong ,NT,IND,1988,2.0,0,0
archive-618,Harvey Armstrong ,NT,IND,1989,1.0,0,0
archive-618,Harvey Armstrong ,NT,IND,1990,0.0,0,0
archive-619,Jimmy Armstrong ,DB,DAL,1987,0.0,0,0
archive-621,John Armstrong ,DB,BUF,1987,2.0,0,0
archive-628,Trace Armstrong ,DE,CHI,1989,5.0,0,0
archive-628,Trace Armstrong ,DE,CHI,1990,12.0,0,0
archive-628,Trace Armstrong ,DE,CHI,1991,1.5,0,0
archive-628,Trace Armstrong ,DE,CHI,1992,6.5,0,0
archive-628,Trace Armstrong ,DE,CHI,1993,11.5,0,0
archive-628,Trace Armstrong ,DE,CHI,1994,9.5,0.0,0.0
archive-628,Trace Armstrong ,DE,MIA,1995,4.5,0.0,0.0
archive-628,Trace Armstrong ,DE,MIA,1996,12.0,0.0,0.0
archive-628,Trace Armstrong ,DE,MIA,1997,6.5,0.0,0.0
archive-628,Trace Armstrong ,DE,MIA,1998,11.5,0.0,0.0
archive-636,David Arnold,DB,PIT,1989,0.0,0,0
archive-674,Walker Lee Ashley,LB,MIN,1983,0.0,0,0
archive-674,Walker Lee Ashley,LB,MIN,1984,0.0,0,0
archive-674,Walker Lee Ashley,LB,MIN,1986,0.0,0,0
archive-674,Walker Lee Ashley,LB,MIN,1987,0.0,0,0
archive-674,Walker Lee Ashley,LB,MIN,1988,0.0,0,0
archive-674,Walker Lee Ashley,LB,KC,1989,0.0,0,0
archive-674,Walker Lee Ashley,LB,MIN,1990,0.0,0,0
archive-704,Gene Atkins,DB,NO,1987,0.0,0,0
archive-704,Gene Atkins,S,NO,1988,0.0,0,0
archive-704,Gene Atkins,DB,NO,1989,0.0,0,0
archive-704,Gene Atkins,FS,NO,1990,3.0,0,0
archive-704,Gene Atkins,FS,NO,1991,3.0,0,0
archive-704,Gene Atkins,FS,NO,1992,0.0,0,0
archive-704,Gene Atkins,FS,NO,1993,1.0,0,0
archive-704,Gene Atkins,FS,MIA,1994,1.0,0.0,3.0
archive-704,Gene Atkins,FS,MIA,1995,0.0,0.0,2.0
archive-704,Gene Atkins,FS,MIA,1996,0.0,0.0,0.0
archive-709,Kelvin Atkins,LB,CHI,1983,0.0,0,0
archive-718,Ricky Atkinson,DB,NE,1987,0.0,0,0
archive-723,Steve Atwater,FS,DEN,1989,0.0,0,0
archive-723,Steve Atwater,FS,DEN,1990,1.0,0,0
archive-723,Steve Atwater,FS,DEN,1991,1.0,0,0
archive-723,Steve Atwater,FS,DEN,1992,1.0,0,0
archive-723,Steve Atwater,FS,DEN,1993,1.0,0,0
archive-723,Steve Atwater,S,DEN,1994,0.0,0.0,1.0
archive-723,Steve Atwater,FS,DEN,1995,0.0,0.0,3.0
archive-723,Steve Atwater,FS,DEN,1996,0.0,0.0,3.0
archive-723,Steve Atwater,DB,NE,1996,0.0,0.0,0.0
archive-723,Steve Atwater,FS,DEN,1997,2.0,0.0,2.0
archive-723,Steve Atwater,FS,DEN,1998,0.0,0.0,1.0
archive-730,Jim Auer,DE,PHI,1987,0.5,0,0
archive-733,Todd Auer,LB,GB,1987,0.0,0,0
archive-734,Dowe Aughtman,DT,DAL,1984,0.0,0,0
archive-740,David Aupiu,LB,LAR,1987,0.0,0,0
archive-743,Billy Austin,DB,IND,1998,0.0,0.0,0.0
archive-746,Eric Austin,DB,TB,1996,0.0,0.0,0.0
archive-787,Marvin Ayers,DE,PHI,1987,0.0,0,0
archive-792,Joe Azelby,LB,BUF,1984,0.0,0,0
archive-795,Steve Baack,NT,DET,1984,0.0,0,0
archive-795,Steve Baack,NT,DET,1985,2.0,0,0
archive-795,Steve Baack,NT,DET,1986,0.0,0,0
archive-795,Steve Baack,NT,DET,1987,0.0,0,0
archive-832,Curt Baham,DB,SEA,1987,0.0,0,0
archive-843,Carlton Bailey,LB,BUF,1988,0.0,0,0
archive-843,Carlton Bailey,LB,BUF,1989,0.0,0,0
archive-843,Carlton Bailey,LB,BUF,1990,2.0,0,0
archive-843,Carlton Bailey,LB,BUF,1991,0.0,0,0
archive-843,Carlton Bailey,LB,BUF,1992,1.0,0,0
archive-843,Carlton Bailey,LB,NYG,1993,1.5,0,0
archive-843,Carlton Bailey,LB,NYG,1994,0.0,0.0,0.0
archive-843,Carlton Bailey,LB,CAR,1995,3.0,0.0,0.0
archive-843,Carlton Bailey,LB,CAR,1996,2.5,0.0,0.0
archive-843,Carlton Bailey,LB,KC,1996,0.0,0.0,0.0
archive-843,Carlton Bailey,LB,CAR,1997,0.0,0.0,0.0
archive-847,David Bailey,DE,PHI,1990,0.0,0,0
archive-864,Robert Bailey,CB,LAR,1991,0.0,0,0
archive-864,Robert Bailey,CB,LAR,1992,0.0,0,0
archive-864,Robert Bailey,CB,LAR,1993,0.0,0,0
archive-864,Robert Bailey,CB,LAR,1994,0.0,0.0,0.0
archive-864,Robert Bailey,CB,DAL,1995,0.0,0.0,0.0
archive-864,Robert Bailey,CB,WAS,1995,0.0,0.0,0.0
archive-864,Robert Bailey,CB,MIA,1996,1.0,0.0,0.0
archive-864,Robert Bailey,DB,DET,1997,2.0,0.0,1.0
archive-864,Robert Bailey,DB,DET,1998,0.0,0.0,0.0
archive-878,Al Baker,DE,DET,1982,8.5,0,0
archive-878,Al Baker,DE,ARI,1983,13.0,0,0
archive-878,Al Baker,DE,ARI,1984,10.0,0,0
archive-878,Al Baker,DE,ARI,1985,4.0,0,0
archive-878,Al Baker,DE,ARI,1986,10.5,0,0
archive-878,Al Baker,DE,CLE,1987,5.5,0,0
archive-878,Al Baker,DE,MIN,1988,5.5,0,0
archive-878,Al Baker,DE,CLE,1989,7.5,0,0
archive-878,Al Baker,DE,CLE,1990,3.0,0,0
archive-882,Charles Baker,LB,ARI,1982,0.0,0,0
archive-882,Charles Baker,LB,ARI,1983,0.0,0,0
archive-882,Charles Baker,LB,ARI,1984,0.0,0,0
archive-882,Charles Baker,LB,ARI,1985,0.0,0,0
archive-882,Charles Baker,LB,ARI,1986,3.5,0,0
archive-882,Charles Baker,LB,ARI,1987,0.0,0,0
archive-894,Jerry Baker,NT,DEN,1983,0.0,0,0
archive-895,Jesse Baker,DE,TEN,1982,7.5,0,0
archive-895,Jesse Baker,DE,TEN,1983,5.5,0,0
archive-895,Jesse Baker,DE,TEN,1984,11.0,0,0
archive-895,Jesse Baker,DE,TEN,1985,5.5,0,0
archive-895,Jesse Baker,DE,DAL,1986,1.0,0,0
archive-895,Jesse Baker,DE,TEN,1986,2.0,0,0
archive-895,Jesse Baker,DE,TEN,1987,2.5,0,0
archive-906,Myron Baker,LB,CHI,1993,0.0,0,0
archive-906,Myron Baker,LB,CHI,1994,0.0,0.0,0.0
archive-906,Myron Baker,LB,CHI,1995,0.0,0.0,0.0
archive-906,Myron Baker,LB,CAR,1996,0.0,0.0,0.0
archive-906,Myron Baker,LB,CAR,1997,0.0,0.0,0.0
archive-931,Gary Baldinger,DE,KC,1986,0.0,0,0
archive-931,Gary Baldinger,DE,KC,1987,0.0,0,0
archive-931,Gary Baldinger,DE,KC,1988,0.0,0,0
archive-931,Gary Baldinger,DE,BUF,1990,0.0,0,0
archive-931,Gary Baldinger,DE,IND,1990,0.0,0,0
archive-931,Gary Baldinger,DE,BUF,1991,0.0,0,0
archive-931,Gary Baldinger,DE,BUF,1992,0.0,0,0
archive-940,Don Baldwin,DE,NYJ,1987,0.0,0,0
archive-947,Keith Baldwin,DE,CLE,1982,1.0,0,0
archive-947,Keith Baldwin,DE,CLE,1983,1.0,0,0
archive-947,Keith Baldwin,DE,CLE,1984,4.5,0,0
archive-947,Keith Baldwin,DE,CLE,1985,1.0,0,0
archive-947,Keith Baldwin,DE,LAC,1987,0.0,0,0
archive-947,Keith Baldwin,DE,LAC,1988,0.0,0,0
archive-949,Tom Baldwin,NT,NYJ,1984,1.5,0,0
archive-949,Tom Baldwin,NT,NYJ,1985,1.0,0,0
archive-949,Tom Baldwin,NT,NYJ,1986,1.5,0,0
archive-949,Tom Baldwin,NT,NYJ,1988,1.0,0,0
archive-954,Jerry Ball,NT,DET,1987,1.0,0,0
archive-954,Jerry Ball,NT,DET,1988,2.0,0,0
archive-954,Jerry Ball,NT,DET,1989,9.0,0,0
archive-954,Jerry Ball,NT,DET,1990,2.0,0,0
archive-954,Jerry Ball,NT,DET,1991,2.0,0,0
archive-954,Jerry Ball,NT,DET,1992,2.5,0,0
archive-954,Jerry Ball,NT,CLE,1993,3.0,0,0
archive-954,Jerry Ball,NT,LV,1994,3.0,0.0,0.0
archive-954,Jerry Ball,NT,LV,1995,3.0,0.0,0.0
archive-954,Jerry Ball,NT,ARI,1996,0.0,0.0,0.0
archive-954,Jerry Ball,NT,LV,1996,3.0,0.0,1.0
archive-954,Jerry Ball,NT,MIN,1997,0.0,0.0,0.0
archive-954,Jerry Ball,NT,MIN,1998,0.0,0.0,0.0
archive-958,Michael Ball,DB,IND,1988,0.0,0,0
archive-958,Michael Ball,S,IND,1989,0.0,0,0
archive-958,Michael Ball,DB,IND,1990,0.0,0,0
archive-958,Michael Ball,S,IND,1991,1.0,0,0
archive-958,Michael Ball,DB,IND,1992,0.0,0,0
archive-958,Michael Ball,DB,IND,1993,0.0,0,0
archive-962,Pat Ballage,DB,IND,1986,0.0,0,0
archive-962,Pat Ballage,DB,IND,1987,0.0,0,0
archive-966,Quinton Ballard,DT,IND,1983,2.0,0,0
archive-980,Romeo Bandison,DT,WAS,1995,0.0,0.0,0.0
archive-980,Romeo Bandison,DT,WAS,1996,0.0,0.0,0.0
archive-991,Antonio Banks,DB,MIN,1998,0.0,0.0,0.0
archive-994,Carl Banks,LB,NYG,1984,3.0,0,0
archive-994,Carl Banks,LB,NYG,1985,3.0,0,0
archive-994,Carl Banks,LB,NYG,1986,6.5,0,0
archive-994,Carl Banks,LB,NYG,1987,9.0,0,0
archive-994,Carl Banks,LB,NYG,1988,1.5,0,0
archive-994,Carl Banks,LB,NYG,1989,4.0,0,0
archive-994,Carl Banks,LB,NYG,1990,1.0,0,0
archive-994,Carl Banks,LB,NYG,1991,4.0,0,0
archive-994,Carl Banks,LB,NYG,1992,4.0,0,0
archive-994,Carl Banks,LB,WAS,1993,1.0,0,0
archive-994,Carl Banks,LB,CLE,1994,1.5,0.0,0.0
archive-994,Carl Banks,LB,CLE,1995,1.0,0.0,0.0
archive-995,Chip Banks,LB,CLE,1982,5.5,0,0
archive-995,Chip Banks,LB,CLE,1983,4.0,0,0
archive-995,Chip Banks,LB,CLE,1984,2.5,0,0
archive-995,Chip Banks,LB,CLE,1985,11.0,0,0
archive-995,Chip Banks,LB,CLE,1986,6.0,0,0
archive-995,Chip Banks,LB,LAC,1987,3.0,0,0
archive-995,Chip Banks,LB,IND,1989,1.0,0,0
archive-995,Chip Banks,LB,IND,1990,4.5,0,0
archive-995,Chip Banks,LB,IND,1991,1.0,0,0
archive-995,Chip Banks,LB,IND,1992,9.0,0,0
archive-1005,Robert Banks,DE,TEN,1988,0.0,0,0
archive-1005,Robert Banks,DE,CLE,1989,4.0,0,0
archive-1005,Robert Banks,DE,CLE,1990,0.0,0,0
archive-1011,Michael Bankston,DE,ARI,1992,2.0,0,0
archive-1011,Michael Bankston,DE,ARI,1993,3.0,0,0
archive-1011,Michael Bankston,DE,ARI,1994,7.0,0.0,0.0
archive-1011,Michael Bankston,DE,ARI,1995,2.0,0.0,1.0
archive-1011,Michael Bankston,DE,ARI,1996,0.5,0.0,0.0
archive-1011,Michael Bankston,DE,ARI,1997,2.0,0.0,0.0
archive-1011,Michael Bankston,DE,DET,1997,0.0,0.0,0.0
archive-1011,Michael Bankston,DE,CIN,1998,4.5,0.0,0.0
archive-1023,Gary Barbaro,FS,KC,1982,0.0,0,0
archive-1024,Roland Barbay,NT,SEA,1987,0.0,0,0
archive-1028,Chris Barber,DB,CIN,1987,0.0,0,0
archive-1028,Chris Barber,DB,CIN,1989,0.0,0,0
archive-1028,Chris Barber,DB,TB,1992,0.0,0,0
archive-1033,Kurt Barber,LB,NYJ,1992,0.5,0,0
archive-1033,Kurt Barber,LB,NYJ,1993,0.0,0,0
archive-1033,Kurt Barber,LB,NYJ,1994,1.0,0.0,0.0
archive-1033,Kurt Barber,LB,NYJ,1995,2.0,0.0,0.0
archive-1039,Mike Barber,LB,SEA,1995,0.0,0.0,0.0
archive-1039,Mike Barber,LB,SEA,1996,0.0,0.0,0.0
archive-1039,Mike Barber,LB,NYJ,1997,0.0,0.0,0.0
archive-1039,Mike Barber,LB,SEA,1997,0.0,0.0,0.0
archive-1039,Mike Barber,LB,IND,1998,2.0,0.0,1.0
archive-1041,Ronde Barber,CB,TB,1997,0.0,0.0,0.0
archive-1041,Ronde Barber,CB,TB,1998,3.0,0.0,2.0
archive-1043,Shawn Barber,LB,WAS,1998,0.0,0.0,1.0
archive-1063,Leo Barker,LB,CIN,1984,0.0,0,0
archive-1063,Leo Barker,LB,CIN,1985,0.0,0,0
archive-1063,Leo Barker,LB,CIN,1986,0.0,0,0
archive-1063,Leo Barker,LB,CIN,1987,0.0,0,0
archive-1063,Leo Barker,LB,CIN,1988,3.0,0,0
archive-1063,Leo Barker,LB,CIN,1989,0.0,0,0
archive-1063,Leo Barker,LB,CIN,1990,0.0,0,0
archive-1063,Leo Barker,LB,CIN,1991,0.0,0,0
archive-1064,Roy Barker,DE,MIN,1992,0.0,0,0
archive-1064,Roy Barker,DE,MIN,1993,6.0,0,0
archive-1064,Roy Barker,DE,MIN,1994,3.5,0.0,0.0
archive-1064,Roy Barker,DE,MIN,1995,3.0,0.0,1.0
archive-1064,Roy Barker,DE,NYJ,1996,0.0,0.0,0.0
archive-1064,Roy Barker,DE,SF,1996,12.5,0.0,1.0
archive-1064,Roy Barker,DE,SF,1997,6.5,0.0,0.0
archive-1064,Roy Barker,DE,SF,1998,12.0,0.0,1.0
archive-1065,Tony Barker,LB,WAS,1992,0.0,0,0
archive-1080,Tom Barndt,DT,KC,1996,0.0,0.0,0.0
archive-1080,Tom Barndt,DT,KC,1997,2.0,0.0,0.0
archive-1080,Tom Barndt,DT,KC,1998,3.5,0.0,0.0
archive-1085,Benny Barnes,S,DAL,1982,1.0,0,0
archive-1091,Derrick Barnes,LB,NO,1997,0.0,0.0,0.0
archive-1092,Earnest Barnes,DE,IND,1983,0.0,0,0
archive-1097,Jeff Barnes,LB,LV,1982,1.5,0,0
archive-1097,Jeff Barnes,LB,LV,1983,2.0,0,0
archive-1097,Jeff Barnes,LB,LV,1984,1.0,0,0
archive-1097,Jeff Barnes,LB,LV,1985,2.0,0,0
archive-1097,Jeff Barnes,LB,LV,1986,2.0,0,0
archive-1097,Jeff Barnes,LB,LV,1987,0.0,0,0
archive-1112,Reggie Barnes,LB,PIT,1993,0.0,0,0
archive-1112,Reggie Barnes,LB,DAL,1995,0.0,0.0,0.0
archive-1114,Roosevelt Barnes,LB,DET,1982,0.0,0,0
archive-1114,Roosevelt Barnes,LB,DET,1983,1.0,0,0
archive-1114,Roosevelt Barnes,LB,DET,1984,0.0,0,0
archive-1114,Roosevelt Barnes,LB,DET,1985,0.0,0,0
archive-1118,Tomur Barnes,DB,TEN,1994,0.0,0.0,0.0
archive-1118,Tomur Barnes,CB,TEN,1995,0.0,0.0,2.0
archive-1118,Tomur Barnes,DB,DAL,1996,0.0,0.0,0.0
archive-1118,Tomur Barnes,DB,MIN,1996,0.0,0.0,0.0
archive-1118,Tomur Barnes,DB,TEN,1996,0.0,0.0,0.0
archive-1118,Tomur Barnes,DB,WAS,1996,0.0,0.0,0.0
archive-1118,Tomur Barnes,DB,BUF,1997,0.0,0.0,0.0
archive-1118,Tomur Barnes,DB,TEN,1997,0.0,0.0,0.0
archive-1121,Bill Barnett,DE,MIA,1982,0.5,0,0
archive-1121,Bill Barnett,DE,MIA,1983,0.0,0,0
archive-1121,Bill Barnett,DE,MIA,1984,2.0,0,0
archive-1121,Bill Barnett,DE,MIA,1985,0.0,0,0
archive-1125,Doug Barnett,DE,LAR,1982,0.0,0,0
archive-1125,Doug Barnett,DE,LAR,1983,0.0,0,0
archive-1125,Doug Barnett,DE,WAS,1985,0.0,0,0
archive-1125,Doug Barnett,DE,ATL,1987,0.0,0,0
archive-1127,Harlon Barnett,DB,CLE,1990,0.0,0,0
archive-1127,Harlon Barnett,FS,CLE,1991,1.0,0,0
archive-1127,Harlon Barnett,DB,CLE,1992,0.0,0,0
archive-1127,Harlon Barnett,FS,NE,1993,0.0,0,0
archive-1127,Harlon Barnett,S,NE,1994,0.0,0.0,3.0
archive-1127,Harlon Barnett,S,MIN,1995,0.0,0.0,0.0
archive-1127,Harlon Barnett,DB,MIN,1996,1.0,0.0,0.0
archive-1129,Oliver Barnett,DE,ATL,1990,0.0,0,0
archive-1129,Oliver Barnett,DE,ATL,1991,1.0,0,0
archive-1129,Oliver Barnett,DE,ATL,1992,0.0,0,0
archive-1129,Oliver Barnett,DE,BUF,1993,2.0,0,0
archive-1129,Oliver Barnett,DE,BUF,1994,1.0,0.0,0.0
archive-1129,Oliver Barnett,DE,SF,1995,1.0,0.0,0.0
archive-1134,Troy Barnett,DE,NE,1994,1.0,0.0,0.0
archive-1134,Troy Barnett,DE,NE,1995,2.0,0.0,0.0
archive-1134,Troy Barnett,DE,NE,1996,0.0,0.0,0.0
archive-1134,Troy Barnett,DE,WAS,1996,0.0,0.0,0.0
archive-1135,Vincent Barnett,DB,CLE,1987,0.0,0,0
archive-1168,Sebastian Barrie,DE,GB,1992,0.0,0,0
archive-1168,Sebastian Barrie,DE,ARI,1994,0.0,0.0,0.0
archive-1168,Sebastian Barrie,DE,LAC,1995,0.0,0.0,0.0
archive-1175,Micheal Barrow,LB,TEN,1993,1.0,0,0
archive-1175,Micheal Barrow,LB,TEN,1994,2.5,0.0,0.0
archive-1175,Micheal Barrow,LB,TEN,1995,3.0,0.0,0.0
archive-1175,Micheal Barrow,LB,CIN,1996,0.0,0.0,0.0
archive-1175,Micheal Barrow,LB,DAL,1996,0.0,0.0,0.0
archive-1175,Micheal Barrow,LB,TEN,1996,6.0,0.0,0.0
archive-1175,Micheal Barrow,LB,CAR,1997,8.5,0.0,0.0
archive-1175,Micheal Barrow,LB,CAR,1998,4.0,0.0,1.0
archive-1193,Doug Bartlett,DT,PHI,1988,1.0,0,0
archive-1196,Ephesians Bartley,LB,PHI,1992,0.0,0,0
archive-1223,Anthony Bass,DB,MIN,1998,0.0,0.0,0.0
archive-1232,Robert Bass,LB,CHI,1995,0.0,0.0,0.0
archive-1243,Bill Bates,S,DAL,1983,5.0,0,0
archive-1243,Bill Bates,DB,DAL,1984,5.0,0,0
archive-1243,Bill Bates,DB,DAL,1985,1.0,0,0
archive-1243,Bill Bates,DB,DAL,1986,2.5,0,0
archive-1243,Bill Bates,DB,DAL,1987,3.0,0,0
archive-1243,Bill Bates,S,DAL,1988,0.5,0,0
archive-1243,Bill Bates,DB,DAL,1989,0.0,0,0
archive-1243,Bill Bates,DB,DAL,1990,0.0,0,0
archive-1243,Bill Bates,DB,DAL,1991,0.0,0,0
archive-1243,Bill Bates,DB,DAL,1992,0.0,0,0
archive-1243,Bill Bates,DB,DAL,1993,0.0,0,0
archive-1243,Bill Bates,SAF,DAL,1994,1.0,0.0,0.0
archive-1243,Bill Bates,SAF,DAL,1995,0.0,0.0,0.0
archive-1243,Bill Bates,DB,DAL,1996,0.0,0.0,0.0
archive-1243,Bill Bates,DB,DAL,1997,1.0,0.0,0.0
archive-1250,Patrick Bates,DB,LV,1993,0.0,0,0
archive-1250,Patrick Bates,S,LV,1994,0.0,0.0,0.0
archive-1250,Patrick Bates,FS,ATL,1996,0.0,0.0,0.0
archive-1260,Matt Battaglia,LB,PHI,1987,1.0,0,0
archive-1270,Ralph Battle,DB,CIN,1984,0.0,0,0
archive-1292,Bob Baumhower,NT,MIA,1982,6.5,0,0
archive-1292,Bob Baumhower,NT,MIA,1983,9.0,0,0
archive-1292,Bob Baumhower,NT,MIA,1984,2.0,0,0
archive-1292,Bob Baumhower,NT,MIA,1986,1.0,0,0
archive-1296,David Bavaro,LB,ARI,1990,0.0,0,0
archive-1296,David Bavaro,LB,BUF,1991,0.0,0,0
archive-1296,David Bavaro,LB,MIN,1992,0.0,0,0
archive-1296,David Bavaro,LB,NE,1993,0.0,0,0
archive-1296,David Bavaro,LB,NE,1994,0.0,0.0,0.0
archive-1309,Martin Bayless,DB,ARI,1984,0.0,0,0
archive-1309,Martin Bayless,S,BUF,1984,0.0,0,0
archive-1309,Martin Bayless,FS,BUF,1985,0.0,0,0
archive-1309,Martin Bayless,S,BUF,1986,1.0,0,0
archive-1309,Martin Bayless,DB,LAC,1987,2.5,0,0
archive-1309,Martin Bayless,DB,LAC,1988,1.0,0,0
archive-1309,Martin Bayless,DB,LAC,1989,1.0,0,0
archive-1309,Martin Bayless,DB,LAC,1990,3.0,0,0
archive-1309,Martin Bayless,DB,LAC,1991,0.0,0,0
archive-1309,Martin Bayless,S,KC,1992,1.0,0,0
archive-1309,Martin Bayless,S,KC,1993,2.0,0,0
archive-1309,Martin Bayless,S,WAS,1994,0.0,0.0,3.0
archive-1309,Martin Bayless,DB,KC,1995,1.0,0.0,0.0
archive-1309,Martin Bayless,DB,KC,1996,1.0,0.0,0.0
archive-1314,John Baylor,CB,IND,1989,0.0,0,0
archive-1314,John Baylor,DB,IND,1990,0.0,0,0
archive-1314,John Baylor,DB,IND,1991,1.0,0,0
archive-1314,John Baylor,S,IND,1992,3.0,0,0
archive-1314,John Baylor,S,IND,1993,0.0,0,0
archive-1317,Chris Bayne,DB,ATL,1997,0.0,0.0,0.0
archive-1317,Chris Bayne,DB,ATL,1998,0.0,0.0,0.0
archive-1334,Willie Beamon,DB,NYG,1993,0.0,0,0
archive-1334,Willie Beamon,DB,NYG,1994,1.0,0.0,0.0
archive-1334,Willie Beamon,CB,NYG,1995,0.0,0.0,0.0
archive-1334,Willie Beamon,DB,NYG,1996,0.0,0.0,1.0
archive-1340,Aaron Beasley,CB,JAX,1996,1.0,0.0,2.0
archive-1340,Aaron Beasley,DB,MIA,1996,0.0,0.0,0.0
archive-1340,Aaron Beasley,DB,NE,1996,0.0,0.0,0.0
archive-1340,Aaron Beasley,CB,JAX,1997,0.0,0.0,1.0
archive-1340,Aaron Beasley,DB,MIA,1997,0.0,0.0,0.0
archive-1340,Aaron Beasley,DB,NE,1997,0.0,0.0,0.0
archive-1340,Aaron Beasley,CB,JAX,1998,0.0,0.0,3.0
archive-1347,Tom Beasley,DE,PIT,1982,6.0,0,0
archive-1347,Tom Beasley,DE,PIT,1983,2.5,0,0
archive-1347,Tom Beasley,DE,WAS,1984,2.0,0,0
archive-1347,Tom Beasley,DE,WAS,1985,1.0,0,0
archive-1347,Tom Beasley,DE,WAS,1986,0.0,0,0
archive-1360,Aubrey Beavers,LB,MIA,1994,0.0,0.0,2.0
archive-1360,Aubrey Beavers,LB,MIA,1995,0.0,0.0,1.0
archive-1360,Aubrey Beavers,LB,NYJ,1996,0.0,0.0,0.0
archive-1410,Bob Beemer,DE,DET,1987,0.0,0,0
archive-1412,Tom Beer,LB,DET,1994,0.0,0.0,0.0
archive-1412,Tom Beer,LB,DET,1995,0.0,0.0,0.0
archive-1412,Tom Beer,LB,DET,1996,0.0,0.0,0.0
archive-1413,Terry Beeson,LB,SF,1982,0.0,0,0
archive-1436,Anthony Bell,LB,ARI,1986,4.0,0,0
archive-1436,Anthony Bell,LB,ARI,1987,1.0,0,0
archive-1436,Anthony Bell,LB,ARI,1988,1.0,0,0
archive-1436,Anthony Bell,LB,ARI,1989,2.0,0,0
archive-1436,Anthony Bell,LB,ARI,1990,3.0,0,0
archive-1436,Anthony Bell,LB,DET,1991,0.0,0,0
archive-1436,Anthony Bell,LB,LV,1992,0.0,0,0
archive-1439,Billy Bell,DB,TEN,1989,0.0,0,0
archive-1439,Billy Bell,DB,KC,1991,0.0,0,0
archive-1443,Bobby Bell,LB,NYJ,1984,0.0,0,0
archive-1443,Bobby Bell,LB,CHI,1987,3.5,0,0
archive-1466,Len Bell,DB,CIN,1987,0.0,0,0
archive-1469,Mark Bell,DE,SEA,1982,1.0,0,0
archive-1469,Mark Bell,DE,IND,1983,0.0,0,0
archive-1469,Mark Bell,DE,IND,1984,0.0,0,0
archive-1471,Mike Bell,DE,KC,1982,0.0,0,0
archive-1471,Mike Bell,DE,KC,1983,10.0,0,0
archive-1471,Mike Bell,DE,KC,1984,13.5,0,0
archive-1471,Mike Bell,DE,KC,1985,6.0,0,0
archive-1471,Mike Bell,DE,KC,1987,6.5,0,0
archive-1471,Mike Bell,DE,KC,1988,2.0,0,0
archive-1471,Mike Bell,DE,KC,1989,1.0,0,0
archive-1471,Mike Bell,DE,KC,1990,1.0,0,0
archive-1471,Mike Bell,DE,KC,1991,0.0,0,0
archive-1473,Myron Bell,SAF,PIT,1994,0.0,0.0,0.0
archive-1473,Myron Bell,S,PIT,1995,0.0,0.0,2.0
archive-1473,Myron Bell,DB,BUF,1996,0.0,0.0,0.0
archive-1473,Myron Bell,DB,NYJ,1996,0.0,0.0,0.0
archive-1473,Myron Bell,S,PIT,1996,2.0,0.0,0.0
archive-1473,Myron Bell,DB,CIN,1997,0.0,0.0,0.0
archive-1473,Myron Bell,DB,NYJ,1997,0.0,0.0,0.0
archive-1473,Myron Bell,S,PIT,1997,2.5,0.0,1.0
archive-1473,Myron Bell,DB,CIN,1998,1.0,0.0,0.0
archive-1478,Ricky Bell,DB,JAX,1996,0.0,0.0,0.0
archive-1478,Ricky Bell,DB,CHI,1997,0.0,0.0,0.0
archive-1478,Ricky Bell,DB,CHI,1998,0.0,0.0,0.0
archive-1482,Todd Bell,DB,CHI,1982,1.0,0,0
archive-1482,Todd Bell,DB,CHI,1983,3.0,0,0
archive-1482,Todd Bell,DB,CHI,1984,4.5,0,0
archive-1482,Todd Bell,DB,CHI,1986,0.0,0,0
archive-1482,Todd Bell,DB,CHI,1987,1.0,0,0
archive-1482,Todd Bell,DB,PHI,1988,0.5,0,0
archive-1482,Todd Bell,DB,PHI,1989,0.0,0,0
archive-1487,Jay Bellamy,SAF,SEA,1994,0.0,0.0,0.0
archive-1487,Jay Bellamy,SAF,SEA,1995,0.0,0.0,0.0
archive-1487,Jay Bellamy,SAF,SEA,1996,0.0,0.0,3.0
archive-1487,Jay Bellamy,DB,NYJ,1997,0.0,0.0,0.0
archive-1487,Jay Bellamy,S,SEA,1997,2.0,0.0,1.0
archive-1487,Jay Bellamy,S,SEA,1998,1.0,0.0,3.0
archive-1491,Vic Bellamy,DB,PHI,1987,0.0,0,0
archive-1493,Rodney Bellinger,CB,BUF,1984,0.0,0,0
archive-1493,Rodney Bellinger,DB,BUF,1985,0.0,0,0
archive-1493,Rodney Bellinger,CB,BUF,1986,0.0,0,0
archive-1496,Greg Bellisari,LB,TB,1997,0.0,0.0,0.0
archive-1496,Greg Bellisari,LB,TB,1998,0.0,0.0,0.0
archive-1501,Jason Belser,DB,IND,1992,0.0,0,0
archive-1501,Jason Belser,FS,IND,1993,0.0,0,0
archive-1501,Jason Belser,S,IND,1994,0.0,0.0,1.0
archive-1501,Jason Belser,FS,IND,1995,0.0,0.0,3.0
archive-1501,Jason Belser,DB,BAL,1996,0.0,0.0,0.0
archive-1501,Jason Belser,FS,IND,1996,1.0,0.0,4.0
archive-1501,Jason Belser,FS,IND,1997,1.0,0.0,2.0
archive-1501,Jason Belser,FS,IND,1998,1.0,0.0,1.0
archive-1504,Brian Belway,DE,LV,1987,0.0,0,0
archive-1511,Daved Benefield,LB,NYJ,1996,0.0,0.0,0.0
archive-1511,Daved Benefield,LB,SF,1996,0.0,0.0,0.0
archive-1513,Lou Benfatti,DT,NYJ,1994,0.0,0.0,0.0
archive-1513,Lou Benfatti,DT,NYJ,1995,0.0,0.0,0.0
archive-1517,Dan Benish,DT,ATL,1983,1.0,0,0
archive-1517,Dan Benish,DT,ATL,1984,1.0,0,0
archive-1517,Dan Benish,DT,ATL,1985,3.5,0,0
archive-1517,Dan Benish,DT,ATL,1986,0.0,0,0
archive-1517,Dan Benish,DT,WAS,1987,2.0,0,0
archive-1518,Bill Benjamin,LB,IND,1987,1.0,0,0
archive-1528,Antoine Bennett,CB,CIN,1991,0.0,0,0
archive-1528,Antoine Bennett,CB,CIN,1992,0.0,0,0
archive-1529,Barry Bennett,DT,NYJ,1982,1.0,0,0
archive-1529,Barry Bennett,DT,NYJ,1983,1.0,0,0
archive-1529,Barry Bennett,DT,NYJ,1984,4.0,0,0
archive-1529,Barry Bennett,DT,NYJ,1985,7.5,0,0
archive-1529,Barry Bennett,DT,NYJ,1986,3.5,0,0
archive-1529,Barry Bennett,DT,NYJ,1987,1.5,0,0
archive-1529,Barry Bennett,DT,MIN,1988,0.0,0,0
archive-1529,Barry Bennett,DT,NYJ,1988,0.0,0,0
archive-1532,Charles Bennett,DE,MIA,1987,0.0,0,0
archive-1535,Cornelius Bennett,LB,BUF,1987,8.5,0,0
archive-1535,Cornelius Bennett,LB,BUF,1988,9.5,0,0
archive-1535,Cornelius Bennett,LB,BUF,1989,5.5,0,0
archive-1535,Cornelius Bennett,LB,BUF,1990,4.0,0,0
archive-1535,Cornelius Bennett,LB,BUF,1991,9.5,0,0
archive-1535,Cornelius Bennett,LB,BUF,1992,5.0,0,0
archive-1535,Cornelius Bennett,LB,BUF,1993,5.0,0,0
archive-1535,Cornelius Bennett,LB,BUF,1994,5.0,0.0,0.0
archive-1535,Cornelius Bennett,LB,BUF,1995,2.0,0.0,1.0
archive-1535,Cornelius Bennett,LB,ATL,1996,3.0,0.0,1.0
archive-1535,Cornelius Bennett,LB,ATL,1997,7.0,0.0,0.0
archive-1535,Cornelius Bennett,LB,ATL,1998,1.0,0.0,0.0
archive-1548,Monte Bennett,NT,LAC,1987,0.0,0,0
archive-1550,Roy Bennett,DB,LAC,1988,0.0,0,0
archive-1550,Roy Bennett,DB,LAC,1989,0.0,0,0
archive-1553,Tommy Bennett,DB,ARI,1996,0.0,0.0,0.0
archive-1553,Tommy Bennett,S,ARI,1997,0.0,0.0,1.0
archive-1553,Tommy Bennett,S,ARI,1998,0.0,0.0,3.0
archive-1554,Tony Bennett ,DE,GB,1990,3.0,0,0
archive-1554,Tony Bennett ,DE,GB,1991,13.0,0,0
archive-1554,Tony Bennett ,DE,GB,1992,13.5,0,0
archive-1554,Tony Bennett ,DE,GB,1993,9.5,0,0
archive-1554,Tony Bennett ,DE,IND,1994,9.0,0.0,0.0
archive-1554,Tony Bennett ,DE,IND,1995,10.5,0.0,0.0
archive-1554,Tony Bennett ,DE,BAL,1996,0.0,0.0,0.0
archive-1554,Tony Bennett ,DE,IND,1996,6.0,0.0,0.0
archive-1554,Tony Bennett ,DE,IND,1997,3.0,0.0,0.0
archive-1558,Charles Benson,DE,MIA,1983,0.0,0,0
archive-1558,Charles Benson,DE,MIA,1984,1.0,0,0
archive-1558,Charles Benson,DE,IND,1985,0.0,0,0
archive-1558,Charles Benson,DE,DET,1987,1.0,0,0
archive-1560,Darren Benson,DT,DAL,1995,0.0,0.0,0.0
archive-1560,Darren Benson,DT,DAL,1997,0.0,0.0,0.0
archive-1564,Mitchell Benson,NT,IND,1989,0.0,0,0
archive-1564,Mitchell Benson,NT,IND,1990,0.0,0,0
archive-1564,Mitchell Benson,NT,LAC,1991,1.0,0,0
archive-1565,Thomas Benson,LB,ATL,1984,2.0,0,0
archive-1565,Thomas Benson,LB,ATL,1985,1.5,0,0
archive-1565,Thomas Benson,LB,LAC,1986,5.0,0,0
archive-1565,Thomas Benson,LB,LAC,1987,1.0,0,0
archive-1565,Thomas Benson,LB,NE,1988,0.0,0,0
archive-1565,Thomas Benson,LB,LV,1989,2.0,0,0
archive-1565,Thomas Benson,LB,LV,1990,0.0,0,0
archive-1565,Thomas Benson,LB,LV,1991,1.0,0,0
archive-1565,Thomas Benson,LB,LV,1992,0.0,0,0
archive-1566,Troy Benson,LB,NYJ,1986,0.0,0,0
archive-1566,Troy Benson,LB,NYJ,1987,0.0,0,0
archive-1566,Troy Benson,LB,NYJ,1988,2.0,0,0
archive-1566,Troy Benson,LB,NYJ,1989,0.0,0,0
archive-1571,Ray Bentley,LB,BUF,1986,0.0,0,0
archive-1571,Ray Bentley,LB,BUF,1987,1.0,0,0
archive-1571,Ray Bentley,LB,BUF,1988,1.0,0,0
archive-1571,Ray Bentley,LB,BUF,1989,0.0,0,0
archive-1571,Ray Bentley,LB,BUF,1990,0.0,0,0
archive-1571,Ray Bentley,LB,BUF,1991,0.0,0,0
archive-1571,Ray Bentley,LB,CIN,1992,0.0,0,0
archive-1583,Pete Bercich,LB,MIN,1995,0.0,0.0,0.0
archive-1583,Pete Bercich,LB,MIN,1996,0.0,0.0,0.0
archive-1583,Pete Bercich,LB,MIN,1997,0.0,0.0,0.0
archive-1583,Pete Bercich,LB,MIN,1998,0.0,0.0,0.0
archive-1591,Eric Bergeson,DB,ATL,1990,0.0,0,0
archive-1626,Bertrand Berry ,DE,IND,1997,0.0,0.0,0.0
archive-1626,Bertrand Berry ,DE,IND,1998,4.0,0.0,0.0
archive-1631,Ed Berry ,DB,GB,1986,0.0,0,0
archive-1631,Ed Berry ,DB,LAC,1987,0.0,0,0
archive-1638,Latin Berry ,DB,LAR,1990,0.0,0,0
archive-1638,Latin Berry ,DB,CLE,1991,0.0,0,0
archive-1638,Latin Berry ,DB,CLE,1992,0.0,0,0
archive-1640,Ray Berry ,LB,MIN,1987,0.0,0,0
archive-1640,Ray Berry ,LB,MIN,1988,0.0,0,0
archive-1640,Ray Berry ,LB,MIN,1989,3.0,0,0
archive-1640,Ray Berry ,LB,MIN,1990,0.0,0,0
archive-1640,Ray Berry ,LB,MIN,1991,1.0,0,0
archive-1640,Ray Berry ,LB,MIN,1992,0.0,0,0
archive-1640,Ray Berry ,LB,SEA,1993,0.0,0,0
archive-1651,Bill Berthusen,NT,CIN,1987,2.5,0,0
archive-1651,Bill Berthusen,NT,NYG,1987,0.0,0,0
archive-1660,Gerald Bess,CB,BUF,1987,0.0,0,0
archive-1661,Rufus Bess,DB,MIN,1982,0.5,0,0
archive-1661,Rufus Bess,CB,MIN,1983,0.0,0,0
archive-1661,Rufus Bess,CB,MIN,1984,1.0,0,0
archive-1661,Rufus Bess,CB,MIN,1985,1.0,0,0
archive-1661,Rufus Bess,DB,MIN,1986,0.0,0,0
archive-1661,Rufus Bess,DB,MIN,1987,0.0,0,0
archive-1662,Don Bessillieu,DB,ARI,1982,0.0,0,0
archive-1662,Don Bessillieu,DB,LV,1983,0.0,0,0
archive-1662,Don Bessillieu,DB,LV,1985,0.0,0,0
archive-1664,Greg Best,DB,PIT,1983,0.0,0,0
archive-1664,Greg Best,DB,CLE,1984,0.0,0,0
archive-1669,Elvin Bethea,DE,TEN,1982,1.0,0,0
archive-1669,Elvin Bethea,DE,TEN,1983,0.0,0,0
archive-1670,Larry Bethea,DT,DAL,1982,2.0,0,0
archive-1670,Larry Bethea,DT,DAL,1983,3.0,0,0
archive-1674,George Bethune,LB,LAR,1989,2.0,0,0
archive-1674,George Bethune,LB,LAR,1990,2.0,0,0
archive-1676,Doug Betters,DE,MIA,1982,4.0,0,0
archive-1676,Doug Betters,DE,MIA,1983,16.0,0,0
archive-1676,Doug Betters,DE,MIA,1984,16.0,0,0
archive-1676,Doug Betters,DE,MIA,1985,5.5,0,0
archive-1676,Doug Betters,DE,MIA,1986,4.0,0,0
archive-1676,Doug Betters,DE,MIA,1987,0.0,0,0
archive-1701,Duane Bickett,LB,IND,1985,6.0,0,0
archive-1701,Duane Bickett,LB,IND,1986,5.0,0,0
archive-1701,Duane Bickett,LB,IND,1987,8.0,0,0
archive-1701,Duane Bickett,LB,IND,1988,3.5,0,0
archive-1701,Duane Bickett,LB,IND,1989,8.0,0,0
archive-1701,Duane Bickett,LB,IND,1990,4.5,0,0
archive-1701,Duane Bickett,LB,IND,1991,5.0,0,0
archive-1701,Duane Bickett,LB,IND,1992,6.5,0,0
archive-1701,Duane Bickett,LB,IND,1993,3.5,0,0
archive-1701,Duane Bickett,LB,SEA,1994,0.0,0.0,0.0
archive-1701,Duane Bickett,LB,SEA,1995,1.0,0.0,0.0
archive-1701,Duane Bickett,LB,CAR,1996,2.0,0.0,0.0
archive-1707,Greg Biekert,LB,LV,1993,0.0,0,0
archive-1707,Greg Biekert,LB,LV,1994,1.5,0.0,1.0
archive-1707,Greg Biekert,LB,LV,1995,1.0,0.0,0.0
archive-1707,Greg Biekert,LB,ARI,1996,0.0,0.0,0.0
archive-1707,Greg Biekert,LB,LV,1996,0.0,0.0,0.0
archive-1707,Greg Biekert,LB,LV,1997,2.5,0.0,0.0
archive-1707,Greg Biekert,LB,LV,1998,3.0,0.0,0.0
archive-1731,Lewis Billups,DB,CIN,1986,1.0,0,0
archive-1731,Lewis Billups,DB,CIN,1987,0.0,0,0
archive-1731,Lewis Billups,CB,CIN,1988,0.0,0,0
archive-1731,Lewis Billups,CB,CIN,1989,0.0,0,0
archive-1731,Lewis Billups,CB,CIN,1990,0.0,0,0
archive-1731,Lewis Billups,CB,CIN,1991,1.0,0,0
archive-1731,Lewis Billups,CB,GB,1992,0.0,0,0
archive-1732,Terry Billups,CB,DAL,1998,0.0,0.0,0.0
archive-1737,Craig Bingham,LB,PIT,1982,0.0,0,0
archive-1737,Craig Bingham,LB,PIT,1983,0.0,0,0
archive-1737,Craig Bingham,LB,PIT,1984,0.0,0,0
archive-1737,Craig Bingham,LB,LAC,1985,0.0,0,0
archive-1737,Craig Bingham,LB,PIT,1987,0.0,0,0
archive-1739,Dwight Bingham,DE,ATL,1987,0.0,0,0
archive-1740,Gregg Bingham,LB,TEN,1982,3.0,0,0
archive-1740,Gregg Bingham,LB,TEN,1983,0.0,0,0
archive-1740,Gregg Bingham,LB,TEN,1984,2.0,0,0
archive-1754,Craig Birdsong,DB,TEN,1987,0.0,0,0
archive-1762,Blaine Bishop,CB,TEN,1993,1.0,0,0
archive-1762,Blaine Bishop,S,TEN,1994,1.5,0.0,1.0
archive-1762,Blaine Bishop,S,TEN,1995,1.5,0.0,1.0
archive-1762,Blaine Bishop,DB,CIN,1996,0.0,0.0,0.0
archive-1762,Blaine Bishop,DB,DAL,1996,0.0,0.0,0.0
archive-1762,Blaine Bishop,S,TEN,1996,0.0,0.0,1.0
archive-1762,Blaine Bishop,DB,MIA,1997,0.0,0.0,0.0
archive-1762,Blaine Bishop,S,TEN,1997,1.5,0.0,0.0
archive-1762,Blaine Bishop,S,TEN,1998,3.0,0.0,1.0
archive-1771,Richard Bishop ,DE,MIA,1982,0.0,0,0
archive-1771,Richard Bishop ,DE,LAR,1983,0.0,0,0
archive-1789,James Black,DE,KC,1987,0.0,0,0
archive-1791,Mel Black,LB,NE,1986,0.0,0,0
archive-1791,Mel Black,LB,NE,1987,0.0,0,0
archive-1806,Don Blackmon,LB,NE,1982,4.5,0,0
archive-1806,Don Blackmon,LB,NE,1983,3.5,0,0
archive-1806,Don Blackmon,LB,NE,1984,5.0,0,0
archive-1806,Don Blackmon,LB,NE,1985,11.0,0,0
archive-1806,Don Blackmon,LB,NE,1986,8.5,0,0
archive-1806,Don Blackmon,LB,NE,1987,1.0,0,0
archive-1809,Robert Blackmon,S,SEA,1990,0.0,0,0
archive-1809,Robert Blackmon,S,SEA,1991,1.0,0,0
archive-1809,Robert Blackmon,S,SEA,1992,3.5,0,0
archive-1809,Robert Blackmon,S,SEA,1993,0.0,0,0
archive-1809,Robert Blackmon,S,SEA,1994,0.0,0.0,1.0
archive-1809,Robert Blackmon,S,SEA,1995,1.0,0.0,5.0
archive-1809,Robert Blackmon,S,SEA,1996,1.0,0.0,3.0
archive-1809,Robert Blackmon,S,IND,1997,3.0,0.0,1.0
archive-1809,Robert Blackmon,S,IND,1998,1.0,0.0,1.0
archive-1810,Roosevelt Blackmon,CB,CIN,1998,0.0,0.0,0.0
archive-1810,Roosevelt Blackmon,CB,GB,1998,0.0,0.0,0.0
archive-1812,Richard Blackmore,DB,PHI,1982,0.0,0,0
archive-1812,Richard Blackmore,DB,SF,1983,0.0,0,0
archive-1819,Kory Blackwell,CB,NYG,1998,0.0,0.0,0.0
archive-1821,Glenn Blackwood,S,MIA,1982,2.0,0,0
archive-1821,Glenn Blackwood,S,MIA,1983,1.0,0,0
archive-1821,Glenn Blackwood,S,MIA,1984,0.0,0,0
archive-1821,Glenn Blackwood,S,MIA,1985,0.0,0,0
archive-1821,Glenn Blackwood,DB,MIA,1986,0.0,0,0
archive-1821,Glenn Blackwood,DB,MIA,1987,0.0,0,0
archive-1822,Lyle Blackwood,FS,MIA,1982,1.0,0,0
archive-1822,Lyle Blackwood,FS,MIA,1983,0.0,0,0
archive-1822,Lyle Blackwood,FS,MIA,1984,0.0,0,0
archive-1822,Lyle Blackwood,DB,MIA,1985,0.0,0,0
archive-1822,Lyle Blackwood,DB,MIA,1986,0.0,0,0
archive-1824,Bennie Blades,S,DET,1988,1.0,0,0
archive-1824,Bennie Blades,DB,DET,1989,0.0,0,0
archive-1824,Bennie Blades,FS,DET,1990,1.0,0,0
archive-1824,Bennie Blades,FS,DET,1991,0.0,0,0
archive-1824,Bennie Blades,FS,DET,1992,0.0,0,0
archive-1824,Bennie Blades,FS,DET,1993,0.0,0,0
archive-1824,Bennie Blades,FS,DET,1994,1.0,0.0,1.0
archive-1824,Bennie Blades,S,DET,1995,1.0,0.0,1.0
archive-1824,Bennie Blades,S,DET,1996,0.0,0.0,2.0
archive-1824,Bennie Blades,S,SEA,1997,1.0,0.0,2.0
archive-1832,Matt Blair,LB,MIN,1982,2.5,0,0
archive-1832,Matt Blair,LB,MIN,1983,4.5,0,0
archive-1832,Matt Blair,LB,MIN,1984,1.0,0,0
archive-1832,Matt Blair,LB,MIN,1985,1.0,0,0
archive-1836,Stanley Blair,DB,ARI,1990,0.0,0,0
archive-1858,Jerry Blanton,LB,KC,1982,1.0,0,0
archive-1858,Jerry Blanton,LB,KC,1983,0.0,0,0
archive-1858,Jerry Blanton,LB,KC,1984,0.5,0,0
archive-1858,Jerry Blanton,LB,KC,1985,0.5,0,0
archive-1861,Anthony Blaylock,DB,CLE,1988,0.0,0,0
archive-1861,Anthony Blaylock,FS,CLE,1989,4.0,0,0
archive-1861,Anthony Blaylock,CB,CLE,1990,1.0,0,0
archive-1861,Anthony Blaylock,DB,CLE,1991,0.0,0,0
archive-1861,Anthony Blaylock,DB,LAC,1991,0.0,0,0
archive-1861,Anthony Blaylock,DB,LAC,1992,0.0,0,0
archive-1861,Anthony Blaylock,CB,CHI,1993,0.0,0,0
archive-1876,Tony Blevins,DB,IND,1998,0.0,0.0,0.0
archive-1876,Tony Blevins,DB,SF,1998,0.0,0.0,0.0
archive-1878,Stan Blinka,LB,NYJ,1982,0.0,0,0
archive-1878,Stan Blinka,LB,NYJ,1983,0.0,0,0
archive-1891,Mel Blount,CB,PIT,1982,0.0,0,0
archive-1891,Mel Blount,CB,PIT,1983,0.0,0,0
archive-1898,Tony Blue,DB,SEA,1987,0.0,0,0
archive-1905,Steve Boadway,LB,DET,1987,0.0,0,0
archive-1906,Dwaine Board,DE,SF,1982,0.5,0,0
archive-1906,Dwaine Board,DE,SF,1983,15.0,0,0
archive-1906,Dwaine Board,DE,SF,1984,14.5,0,0
archive-1906,Dwaine Board,DE,SF,1985,11.5,0,0
archive-1906,Dwaine Board,DE,SF,1986,8.0,0,0
archive-1906,Dwaine Board,DE,SF,1987,2.0,0,0
archive-1906,Dwaine Board,DE,NO,1988,0.0,0,0
archive-1906,Dwaine Board,DE,SF,1988,0.0,0,0
archive-1911,Adam Bob,LB,NYJ,1989,0.0,0,0
archive-1941,Fred Bohannon,CB,PIT,1982,0.0,0,0
archive-1946,Ron Bohm,DT,ARI,1987,0.0,0,0
archive-1951,Kim Bokamper,DE,MIA,1982,7.5,0,0
archive-1951,Kim Bokamper,DE,MIA,1983,2.0,0,0
archive-1951,Kim Bokamper,DE,MIA,1984,4.0,0,0
archive-1951,Kim Bokamper,DE,MIA,1985,2.5,0,0
archive-1953,Ned Bolcar,LB,SEA,1990,0.0,0,0
archive-1953,Ned Bolcar,LB,MIA,1991,0.0,0,0
archive-1955,Gary Bolden,DT,PHI,1987,0.0,0,0
archive-1956,Juran Bolden,DB,ATL,1996,0.0,0.0,0.0
archive-1956,Juran Bolden,DB,ATL,1997,0.0,0.0,0.0
archive-1956,Juran Bolden,DB,ATL,1998,0.0,0.0,0.0
archive-1956,Juran Bolden,DB,CAR,1998,0.0,0.0,0.0
archive-1956,Juran Bolden,DB,GB,1998,0.0,0.0,0.0
archive-1978,Ron Bolton,CB,CLE,1982,0.0,0,0
archive-1989,Warren Bone,DE,GB,1987,0.0,0,0
archive-1991,Shane Bonham,DT,DET,1994,0.0,0.0,0.0
archive-1991,Shane Bonham,DT,DET,1995,1.0,0.0,0.0
archive-1991,Shane Bonham,DT,DET,1996,2.0,0.0,0.0
archive-1991,Shane Bonham,DT,DET,1997,1.0,0.0,0.0
archive-1991,Shane Bonham,DT,SF,1998,1.0,0.0,0.0
archive-1993,Brian Bonner,LB,WAS,1989,0.0,0,0
archive-2003,Michael Booker,CB,ATL,1997,0.0,0.0,3.0
archive-2003,Michael Booker,CB,ATL,1998,0.0,0.0,1.0
archive-2004,Vaughn Booker,DE,KC,1994,0.0,0.0,0.0
archive-2004,Vaughn Booker,DE,KC,1995,2.5,0.0,0.0
archive-2004,Vaughn Booker,DE,KC,1996,1.0,0.0,0.0
archive-2004,Vaughn Booker,DE,KC,1997,4.0,0.0,0.0
archive-2004,Vaughn Booker,DE,GB,1998,3.0,0.0,0.0
archive-2014,Dorian Boose ,DE,NYJ,1998,0.0,0.0,0.0
archive-2017,Issac Booth,DB,CLE,1994,0.0,0.0,1.0
archive-2017,Issac Booth,DB,CLE,1995,0.0,0.0,1.0
archive-2017,Issac Booth,DB,BAL,1996,0.0,0.0,0.0
archive-2019,John Booty,DB,NYJ,1988,0.0,0,0
archive-2019,John Booty,S,NYJ,1989,0.0,0,0
archive-2019,John Booty,S,NYJ,1990,0.0,0,0
archive-2019,John Booty,DB,PHI,1991,1.0,0,0
archive-2019,John Booty,CB,PHI,1992,0.0,0,0
archive-2019,John Booty,S,ARI,1993,3.0,0,0
archive-2019,John Booty,FS,NYG,1994,0.0,0.0,3.0
archive-2019,John Booty,SAF,TB,1995,0.0,0.0,1.0
archive-2023,Dennis Borcky,NT,NYG,1987,0.0,0,0
archive-2024,Chris Bordano,LB,NO,1998,1.0,0.0,0.0
archive-2026,Ken Bordelon,LB,NO,1982,1.0,0,0
archive-2029,Nate Borders,DB,CIN,1987,0.0,0,0
archive-2033,Jocelyn Borgella,DB,DET,1994,0.0,0.0,0.0
archive-2033,Jocelyn Borgella,DB,DET,1996,0.0,0.0,0.0
archive-2036,Kyle Borland,LB,LAR,1987,2.0,0,0
archive-2044,John Bosa,DE,MIA,1987,3.0,0,0
archive-2044,John Bosa,DE,MIA,1988,2.0,0,0
archive-2044,John Bosa,DE,MIA,1989,2.0,0,0
archive-2060,John Bostic,DB,DET,1985,0.0,0,0
archive-2060,John Bostic,DB,DET,1986,0.0,0,0
archive-2060,John Bostic,DB,DET,1987,0.0,0,0
archive-2062,Keith Bostic,S,TEN,1983,3.0,0,0
archive-2062,Keith Bostic,S,TEN,1984,2.0,0,0
archive-2062,Keith Bostic,S,TEN,1985,5.0,0,0
archive-2062,Keith Bostic,DB,TEN,1986,2.0,0,0
archive-2062,Keith Bostic,DB,TEN,1987,3.0,0,0
archive-2062,Keith Bostic,S,TEN,1988,2.0,0,0
archive-2062,Keith Bostic,DB,CLE,1990,0.0,0,0
archive-2070,Brian Bosworth,LB,SEA,1987,4.0,0,0
archive-2070,Brian Bosworth,LB,SEA,1988,0.0,0,0
archive-2070,Brian Bosworth,LB,SEA,1989,0.0,0,0
archive-2078,Tony Bouie,DB,TB,1995,0.0,0.0,1.0
archive-2078,Tony Bouie,DB,TB,1996,0.0,0.0,0.0
archive-2078,Tony Bouie,SAF,TB,1997,0.0,0.0,0.0
archive-2078,Tony Bouie,DB,TB,1998,0.0,0.0,0.0
archive-2081,Peter Boulware,LB,BAL,1997,11.5,0.0,0.0
archive-2081,Peter Boulware,LB,BAL,1998,8.5,0.0,0.0
archive-2085,Marc Boutte,DT,LAR,1992,1.0,0,0
archive-2085,Marc Boutte,DT,LAR,1993,1.0,0,0
archive-2085,Marc Boutte,DT,WAS,1994,0.0,0.0,0.0
archive-2085,Marc Boutte,DT,WAS,1995,2.0,0.0,0.0
archive-2085,Marc Boutte,DT,WAS,1996,0.0,0.0,1.0
archive-2085,Marc Boutte,DT,LAC,1997,0.0,0.0,0.0
archive-2085,Marc Boutte,DT,WAS,1997,2.0,0.0,1.0
archive-2085,Marc Boutte,DT,WAS,1998,2.0,0.0,0.0
archive-2096,Joe Bowden,LB,TEN,1992,0.0,0,0
archive-2096,Joe Bowden,LB,TEN,1993,1.0,0,0
archive-2096,Joe Bowden,LB,TEN,1994,0.0,0.0,0.0
archive-2096,Joe Bowden,LB,TEN,1995,1.0,0.0,0.0
archive-2096,Joe Bowden,LB,CIN,1996,0.0,0.0,0.0
archive-2096,Joe Bowden,LB,DAL,1996,0.0,0.0,0.0
archive-2096,Joe Bowden,LB,TEN,1996,3.0,0.0,0.0
archive-2096,Joe Bowden,LB,BUF,1997,0.0,0.0,0.0
archive-2096,Joe Bowden,LB,MIA,1997,0.0,0.0,0.0
archive-2096,Joe Bowden,LB,TEN,1997,2.5,0.0,1.0
archive-2096,Joe Bowden,LB,TEN,1998,1.5,0.0,1.0
archive-2100,Ken Bowen,LB,ATL,1987,0.0,0,0
archive-2104,Tim Bowens,DT,MIA,1994,3.0,0.0,0.0
archive-2104,Tim Bowens,DT,MIA,1995,2.0,0.0,0.0
archive-2104,Tim Bowens,DT,MIA,1996,3.0,0.0,0.0
archive-2104,Tim Bowens,DT,MIA,1997,5.0,0.0,0.0
archive-2104,Tim Bowens,DT,MIA,1998,0.0,0.0,0.0
archive-2112,Tony Bowick,NT,ATL,1989,0.0,0,0
archive-2117,Todd Bowles,DB,WAS,1986,0.0,0,0
archive-2117,Todd Bowles,DB,WAS,1987,0.0,0,0
archive-2117,Todd Bowles,FS,WAS,1988,0.0,0,0
archive-2117,Todd Bowles,DB,WAS,1989,1.0,0,0
archive-2117,Todd Bowles,FS,WAS,1990,1.0,0,0
archive-2117,Todd Bowles,FS,SF,1991,0.0,0,0
archive-2117,Todd Bowles,S,WAS,1992,0.0,0,0
archive-2117,Todd Bowles,DB,WAS,1993,0.0,0,0
archive-2122,Jim Bowman,DB,NE,1985,0.0,0,0
archive-2122,Jim Bowman,DB,NE,1986,0.0,0,0
archive-2122,Jim Bowman,DB,NE,1987,0.5,0,0
archive-2122,Jim Bowman,DB,NE,1988,0.0,0,0
archive-2122,Jim Bowman,S,NE,1989,0.0,0,0
archive-2130,Charles Bowser,LB,MIA,1982,2.0,0,0
archive-2130,Charles Bowser,LB,MIA,1983,6.5,0,0
archive-2130,Charles Bowser,LB,MIA,1984,9.0,0,0
archive-2130,Charles Bowser,LB,MIA,1985,2.5,0,0
archive-2132,Walt Bowyer,DE,DEN,1983,2.0,0,0
archive-2132,Walt Bowyer,DE,DEN,1984,3.0,0,0
archive-2132,Walt Bowyer,DE,DEN,1987,0.5,0,0
archive-2132,Walt Bowyer,DE,DEN,1988,1.0,0,0
archive-2134,Jerry Boyarsky,NT,CIN,1982,0.0,0,0
archive-2134,Jerry Boyarsky,NT,CIN,1983,1.5,0,0
archive-2134,Jerry Boyarsky,NT,CIN,1984,0.0,0,0
archive-2134,Jerry Boyarsky,NT,CIN,1985,1.0,0,0
archive-2134,Jerry Boyarsky,NT,BUF,1986,0.0,0,0
archive-2134,Jerry Boyarsky,NT,GB,1986,0.0,0,0
archive-2134,Jerry Boyarsky,NT,GB,1987,2.0,0,0
archive-2134,Jerry Boyarsky,NT,GB,1988,0.5,0,0
archive-2134,Jerry Boyarsky,NT,GB,1989,0.0,0,0
archive-2143,Dennis Boyd,DT,SEA,1982,0.0,0,0
archive-2146,Greg Boyd,DE,DEN,1982,0.0,0,0
archive-2146,Greg Boyd,DE,GB,1983,2.0,0,0
archive-2146,Greg Boyd,DE,LV,1984,0.0,0,0
archive-2146,Greg Boyd,DE,SF,1984,0.0,0,0
archive-2148,Jerome Boyd,LB,SEA,1983,0.0,0,0
archive-2152,Malik Boyd,CB,MIN,1994,0.0,0.0,1.0
archive-2154,Sean Boyd,DB,ATL,1996,0.0,0.0,0.0
archive-2155,Stephen Boyd,LB,DET,1995,1.0,0.0,0.0
archive-2155,Stephen Boyd,LB,DET,1996,0.0,0.0,0.0
archive-2155,Stephen Boyd,LB,DET,1997,0.0,0.0,1.0
archive-2155,Stephen Boyd,LB,DET,1998,4.0,0.0,0.0
archive-2156,Thomas Boyd,LB,DET,1987,1.0,0,0
archive-2161,Brant Boyer,LB,MIA,1994,0.0,0.0,0.0
archive-2161,Brant Boyer,LB,JAX,1995,0.0,0.0,0.0
archive-2161,Brant Boyer,LB,JAX,1996,0.0,0.0,0.0
archive-2161,Brant Boyer,LB,MIA,1996,0.0,0.0,0.0
archive-2161,Brant Boyer,LB,NE,1996,0.0,0.0,0.0
archive-2161,Brant Boyer,LB,JAX,1997,1.5,0.0,0.0
archive-2161,Brant Boyer,LB,MIA,1997,0.0,0.0,0.0
archive-2161,Brant Boyer,LB,NE,1997,0.0,0.0,0.0
archive-2161,Brant Boyer,LB,JAX,1998,1.0,0.0,0.0
archive-2167,Deral Boykin,DB,LAR,1993,0.0,0,0
archive-2167,Deral Boykin,DB,WAS,1994,0.0,0.0,0.0
archive-2167,Deral Boykin,DB,JAX,1995,0.0,0.0,0.0
archive-2167,Deral Boykin,DB,PHI,1996,0.0,0.0,0.0
archive-2181,Cary Brabham,SAF,LV,1994,0.0,0.0,0.0
archive-2185,Greg Bracelin,LB,IND,1982,2.0,0,0
archive-2185,Greg Bracelin,LB,IND,1983,5.5,0,0
archive-2185,Greg Bracelin,LB,IND,1984,2.0,0,0
archive-2188,Tony Brackens,DE,JAX,1996,8.0,0.0,1.0
archive-2188,Tony Brackens,DE,MIA,1996,0.0,0.0,0.0
archive-2188,Tony Brackens,DE,NE,1996,0.0,0.0,0.0
archive-2188,Tony Brackens,DE,JAX,1997,7.0,0.0,0.0
archive-2188,Tony Brackens,DE,MIA,1997,0.0,0.0,0.0
archive-2188,Tony Brackens,DE,NE,1997,0.0,0.0,0.0
archive-2188,Tony Brackens,DE,JAX,1998,4.5,0.0,0.0
archive-2199,Paul Bradford,DB,LAC,1997,0.0,0.0,2.0
archive-2200,Ronnie Bradford,CB,DEN,1993,0.0,0,0
archive-2200,Ronnie Bradford,CB,DEN,1994,1.0,0.0,0.0
archive-2200,Ronnie Bradford,CB,DEN,1995,0.0,0.0,0.0
archive-2200,Ronnie Bradford,CB,ARI,1996,0.0,0.0,1.0
archive-2200,Ronnie Bradford,CB,ATL,1997,0.0,0.0,4.0
archive-2200,Ronnie Bradford,CB,ATL,1998,0.0,0.0,4.0
archive-2206,Carlos Bradley,LB,LAC,1982,0.0,0,0
archive-2206,Carlos Bradley,LB,LAC,1983,0.5,0,0
archive-2206,Carlos Bradley,LB,LAC,1984,0.0,0,0
archive-2206,Carlos Bradley,LB,LAC,1985,2.0,0,0
archive-2206,Carlos Bradley,LB,PHI,1987,0.0,0,0
archive-2217,Henry Bradley,NT,CLE,1982,0.0,0,0
archive-2232,Donny Brady,DB,CLE,1995,0.0,0.0,0.0
archive-2232,Donny Brady,CB,BAL,1996,0.5,0.0,0.0
archive-2232,Donny Brady,CB,BAL,1997,0.0,0.0,0.0
archive-2232,Donny Brady,DB,BAL,1998,1.0,0.0,0.0
archive-2233,Ed Brady,LB,LAR,1984,0.0,0,0
archive-2233,Ed Brady,LB,LAR,1985,0.0,0,0
archive-2233,Ed Brady,LB,CIN,1986,0.0,0,0
archive-2233,Ed Brady,LB,CIN,1987,0.0,0,0
archive-2233,Ed Brady,LB,CIN,1988,0.0,0,0
archive-2233,Ed Brady,LB,CIN,1989,0.0,0,0
archive-2233,Ed Brady,LB,CIN,1990,0.0,0,0
archive-2233,Ed Brady,LB,CIN,1991,0.0,0,0
archive-2233,Ed Brady,LB,TB,1992,0.0,0,0
archive-2233,Ed Brady,LB,TB,1993,0.0,0,0
archive-2233,Ed Brady,LB,TB,1994,0.0,0.0,0.0
archive-2233,Ed Brady,LB,TB,1995,0.0,0.0,0.0
archive-2234,Jeff Brady,LB,PIT,1991,0.0,0,0
archive-2234,Jeff Brady,LB,GB,1992,0.0,0,0
archive-2234,Jeff Brady,LB,LAC,1993,0.0,0,0
archive-2234,Jeff Brady,LB,LAR,1993,0.0,0,0
archive-2234,Jeff Brady,LB,TB,1994,0.0,0.0,0.0
archive-2234,Jeff Brady,LB,MIN,1995,3.0,0.0,2.0
archive-2234,Jeff Brady,LB,MIN,1996,1.5,0.0,3.0
archive-2234,Jeff Brady,LB,MIN,1997,0.0,0.0,0.0
archive-2234,Jeff Brady,LB,CAR,1998,4.0,0.0,4.0
archive-2243,Byron Braggs,DE,GB,1982,0.0,0,0
archive-2243,Byron Braggs,DE,GB,1983,5.5,0,0
archive-2243,Byron Braggs,DE,TB,1984,0.0,0,0
archive-2244,Stephen Braggs,DB,CLE,1987,0.0,0,0
archive-2244,Stephen Braggs,DB,CLE,1988,0.0,0,0
archive-2244,Stephen Braggs,DB,CLE,1989,0.0,0,0
archive-2244,Stephen Braggs,DB,CLE,1990,2.5,0,0
archive-2244,Stephen Braggs,CB,CLE,1991,1.0,0,0
archive-2244,Stephen Braggs,DB,MIA,1992,1.0,0,0
archive-2244,Stephen Braggs,FS,MIA,1993,0.0,0,0
archive-2252,Don Bramlett,DT,MIN,1987,0.0,0,0
archive-2259,Calvin Branch,CB,LV,1997,0.0,0.0,0.0
archive-2259,Calvin Branch,DB,LV,1998,0.0,0.0,0.0
archive-2269,Dan Brandenburg,LB,BUF,1997,0.0,0.0,0.0
archive-2269,Dan Brandenburg,LB,BUF,1998,0.0,0.0,0.0
archive-2272,David Brandon,LB,LAC,1987,0.0,0,0
archive-2272,David Brandon,LB,LAC,1988,0.0,0,0
archive-2272,David Brandon,LB,LAC,1989,0.0,0,0
archive-2272,David Brandon,LB,CLE,1991,3.0,0,0
archive-2272,David Brandon,LB,CLE,1992,1.0,0,0
archive-2272,David Brandon,LB,CLE,1993,0.0,0,0
archive-2272,David Brandon,LB,SEA,1993,0.0,0,0
archive-2272,David Brandon,LB,SEA,1994,0.0,0.0,0.0
archive-2272,David Brandon,LB,LAC,1995,1.0,0.0,0.0
archive-2272,David Brandon,LB,ATL,1996,1.0,0.0,0.0
archive-2272,David Brandon,LB,ATL,1997,1.0,0.0,0.0
archive-2273,Michael Brandon,DE,IND,1993,0.0,0,0
archive-2273,Michael Brandon,DE,ARI,1994,0.0,0.0,0.0
archive-2273,Michael Brandon,DE,SF,1995,0.0,0.0,0.0
archive-2273,Michael Brandon,DE,NYJ,1996,0.0,0.0,0.0
archive-2273,Michael Brandon,DE,SF,1996,0.0,0.0,0.0
archive-2280,Robert Brannon,DE,CLE,1987,0.0,0,0
archive-2280,Robert Brannon,DE,NO,1987,0.0,0,0
archive-2285,John Brantley,LB,TEN,1989,0.0,0,0
archive-2285,John Brantley,LB,WAS,1992,0.0,0,0
archive-2286,Scot Brantley,LB,TB,1982,3.0,0,0
archive-2286,Scot Brantley,LB,TB,1983,2.0,0,0
archive-2286,Scot Brantley,LB,TB,1984,1.0,0,0
archive-2286,Scot Brantley,LB,TB,1985,0.0,0,0
archive-2286,Scot Brantley,LB,TB,1986,0.0,0,0
archive-2286,Scot Brantley,LB,TB,1987,0.0,0,0
archive-2293,Chad Bratzke,DE,NYG,1994,0.0,0.0,0.0
archive-2293,Chad Bratzke,DE,NYG,1995,0.0,0.0,0.0
archive-2293,Chad Bratzke,DE,NYG,1996,5.0,0.0,0.0
archive-2293,Chad Bratzke,DE,NYG,1997,3.5,0.0,0.0
archive-2293,Chad Bratzke,DE,SEA,1997,0.0,0.0,0.0
archive-2293,Chad Bratzke,DE,NYG,1998,11.0,0.0,0.0
archive-2297,Jack Bravyak,DE,BUF,1987,0.0,0,0
archive-2299,David Braxton,LB,MIN,1989,0.0,0,0
archive-2299,David Braxton,LB,ARI,1990,0.0,0,0
archive-2299,David Braxton,LB,MIN,1990,0.0,0,0
archive-2299,David Braxton,LB,ARI,1991,1.0,0,0
archive-2299,David Braxton,LB,ARI,1992,0.0,0,0
archive-2299,David Braxton,LB,ARI,1993,0.0,0,0
archive-2299,David Braxton,LB,CIN,1994,0.0,0.0,0.0
archive-2302,Tyrone Braxton,DB,DEN,1987,0.0,0,0
archive-2302,Tyrone Braxton,DB,DEN,1988,1.0,0,0
archive-2302,Tyrone Braxton,CB,DEN,1989,1.0,0,0
archive-2302,Tyrone Braxton,CB,DEN,1990,0.0,0,0
archive-2302,Tyrone Braxton,CB,DEN,1991,1.0,0,0
archive-2302,Tyrone Braxton,CB,DEN,1992,0.0,0,0
archive-2302,Tyrone Braxton,CB,DEN,1993,0.0,0,0
archive-2302,Tyrone Braxton,CB,MIA,1994,0.0,0.0,2.0
archive-2302,Tyrone Braxton,S,DEN,1995,0.0,0.0,2.0
archive-2302,Tyrone Braxton,S,DEN,1996,0.0,0.0,9.0
archive-2302,Tyrone Braxton,DB,NE,1996,0.0,0.0,0.0
archive-2302,Tyrone Braxton,S,DEN,1997,0.5,0.0,6.0
archive-2302,Tyrone Braxton,S,DEN,1998,0.0,0.0,1.0
archive-2308,Larry Braziel,DB,CLE,1982,0.0,0,0
archive-2308,Larry Braziel,CB,CLE,1983,0.0,0,0
archive-2308,Larry Braziel,DB,CLE,1984,0.0,0,0
archive-2308,Larry Braziel,DB,CLE,1985,0.0,0,0
archive-2309,Robert Brazile,LB,TEN,1982,6.5,0,0
archive-2309,Robert Brazile,LB,TEN,1983,2.5,0,0
archive-2309,Robert Brazile,LB,TEN,1984,2.0,0,0
archive-2312,Carl Brazley,DB,LAC,1987,0.0,0,0
archive-2322,Louis Breeden,CB,CIN,1982,1.0,0,0
archive-2322,Louis Breeden,CB,CIN,1983,1.0,0,0
archive-2322,Louis Breeden,CB,CIN,1984,0.0,0,0
archive-2322,Louis Breeden,CB,CIN,1985,1.0,0,0
archive-2322,Louis Breeden,DB,CIN,1986,0.0,0,0
archive-2322,Louis Breeden,DB,CIN,1987,0.0,0,0
archive-2348,Bob Breunig,LB,DAL,1982,1.5,0,0
archive-2348,Bob Breunig,LB,DAL,1983,0.0,0,0
archive-2348,Bob Breunig,LB,DAL,1984,0.0,0,0
archive-2349,Dorian Brew,DB,BAL,1996,0.0,0.0,0.0
archive-2349,Dorian Brew,DB,BAL,1997,0.0,0.0,0.0
archive-2349,Dorian Brew,DB,LAC,1997,0.0,0.0,0.0
archive-2371,Alundis Brice,CB,DAL,1995,0.0,0.0,1.0
archive-2371,Alundis Brice,DB,DAL,1996,0.0,0.0,0.0
archive-2379,Tom Briehl,LB,TEN,1985,0.0,0,0
archive-2379,Tom Briehl,LB,TEN,1987,0.0,0,0
archive-2381,O.J. Brigance,LB,MIA,1996,0.0,0.0,0.0
archive-2381,O.J. Brigance,LB,MIA,1997,1.0,0.0,0.0
archive-2381,O.J. Brigance,LB,MIA,1998,0.0,0.0,0.0
archive-2399,Michael Brim,DB,ARI,1988,0.0,0,0
archive-2399,Michael Brim,DB,DET,1989,0.0,0,0
archive-2399,Michael Brim,DB,MIN,1989,0.0,0,0
archive-2399,Michael Brim,CB,MIN,1990,0.0,0,0
archive-2399,Michael Brim,CB,NYJ,1991,1.0,0,0
archive-2399,Michael Brim,CB,NYJ,1992,0.0,0,0
archive-2399,Michael Brim,CB,CIN,1993,0.0,0,0
archive-2399,Michael Brim,CB,CIN,1994,0.0,0.0,2.0
archive-2399,Michael Brim,CB,CIN,1995,0.0,0.0,0.0
archive-2406,Lester Brinkley,DE,DAL,1990,0.0,0,0
archive-2422,James Britt,DB,ATL,1984,0.0,0,0
archive-2422,James Britt,DB,ATL,1985,0.0,0,0
archive-2422,James Britt,DB,ATL,1987,0.0,0,0
archive-2445,Lou Brock ,DB,LAC,1987,0.0,0,0
archive-2445,Lou Brock ,DB,DET,1988,0.0,0,0
archive-2445,Lou Brock ,DB,SEA,1988,0.0,0,0
archive-2446,Matt Brock ,DE,GB,1989,0.0,0,0
archive-2446,Matt Brock ,DE,GB,1990,4.0,0,0
archive-2446,Matt Brock ,DE,GB,1991,2.5,0,0
archive-2446,Matt Brock ,DE,GB,1992,4.0,0,0
archive-2446,Matt Brock ,DE,GB,1993,2.5,0,0
archive-2446,Matt Brock ,DE,GB,1994,0.0,0.0,0.0
archive-2446,Matt Brock ,DE,NYJ,1995,5.0,0.0,1.0
archive-2446,Matt Brock ,DE,NYJ,1996,2.0,0.0,0.0
archive-2467,Lorenzo Bromell,DE,MIA,1998,8.0,0.0,0.0
archive-2471,Zack Bronson,DB,SF,1997,0.0,0.0,1.0
archive-2471,Zack Bronson,DB,SF,1998,0.0,0.0,4.0
archive-2473,Keith Brooking,LB,ATL,1998,0.0,0.0,1.0
archive-2485,Bucky Brooks,CB,GB,1996,0.0,0.0,0.0
archive-2485,Bucky Brooks,CB,JAX,1996,0.0,0.0,0.0
archive-2485,Bucky Brooks,DB,NE,1996,0.0,0.0,0.0
archive-2485,Bucky Brooks,DB,GB,1997,0.0,0.0,0.0
archive-2485,Bucky Brooks,DB,JAX,1997,0.0,0.0,0.0
archive-2485,Bucky Brooks,DB,KC,1997,0.0,0.0,0.0
archive-2485,Bucky Brooks,DB,MIA,1997,0.0,0.0,0.0
archive-2485,Bucky Brooks,DB,KC,1998,0.0,0.0,0.0
archive-2485,Bucky Brooks,DB,LV,1998,0.0,0.0,0.0
archive-2488,Carlos Brooks,DB,ARI,1995,0.0,0.0,0.0
archive-2489,Chet Brooks,DB,SF,1988,0.0,0,0
archive-2489,Chet Brooks,DB,SF,1989,1.0,0,0
archive-2489,Chet Brooks,S,SF,1990,0.0,0,0
archive-2492,Derrick Brooks,LB,TB,1995,1.0,0.0,0.0
archive-2492,Derrick Brooks,LB,TB,1996,0.0,0.0,1.0
archive-2492,Derrick Brooks,LB,TB,1997,1.5,0.0,2.0
archive-2492,Derrick Brooks,LB,TB,1998,0.0,0.0,1.0
archive-2500,Kevin Brooks,DT,DAL,1985,2.0,0,0
archive-2500,Kevin Brooks,DT,DAL,1986,2.5,0,0
archive-2500,Kevin Brooks,DT,DAL,1987,3.0,0,0
archive-2500,Kevin Brooks,DT,DAL,1988,5.0,0,0
archive-2500,Kevin Brooks,DT,DET,1989,2.0,0,0
archive-2500,Kevin Brooks,DT,DET,1990,1.0,0,0
archive-2501,Larry Brooks,DT,LAR,1982,0.0,0,0
archive-2504,Michael Brooks,LB,DEN,1987,1.0,0,0
archive-2504,Michael Brooks,LB,DEN,1988,0.0,0,0
archive-2504,Michael Brooks,LB,DEN,1989,1.0,0,0
archive-2504,Michael Brooks,LB,DEN,1990,2.0,0,0
archive-2504,Michael Brooks,LB,DEN,1991,0.0,0,0
archive-2504,Michael Brooks,LB,DEN,1992,0.0,0,0
archive-2504,Michael Brooks,LB,NYG,1993,1.0,0,0
archive-2504,Michael Brooks,LB,NYG,1994,1.0,0.0,1.0
archive-2504,Michael Brooks,LB,NYG,1995,1.0,0.0,0.0
archive-2504,Michael Brooks,LB,DET,1996,0.0,0.0,0.0
archive-2507,Perry Brooks,DT,WAS,1982,1.0,0,0
archive-2507,Perry Brooks,DT,WAS,1983,2.5,0,0
archive-2507,Perry Brooks,DT,WAS,1984,5.5,0,0
archive-2516,Jay Brophy,LB,MIA,1984,0.0,0,0
archive-2516,Jay Brophy,LB,MIA,1985,1.0,0,0
archive-2516,Jay Brophy,LB,MIA,1986,0.0,0,0
archive-2516,Jay Brophy,LB,NYJ,1987,1.0,0,0
archive-2526,Willie Broughton,DT,IND,1985,1.0,0,0
archive-2526,Willie Broughton,DT,IND,1986,1.0,0,0
archive-2526,Willie Broughton,DT,DAL,1989,3.0,0,0
archive-2526,Willie Broughton,DT,DAL,1990,0.0,0,0
archive-2526,Willie Broughton,DT,LV,1992,1.0,0,0
archive-2526,Willie Broughton,DT,LV,1993,1.0,0,0
archive-2526,Willie Broughton,DT,NO,1995,2.0,0.0,0.0
archive-2526,Willie Broughton,DT,NO,1996,2.0,0.0,0.0
archive-2535,Aaron Brown,LB,PHI,1985,0.0,0,0
archive-2535,Aaron Brown,LB,ATL,1986,0.0,0,0
archive-2535,Aaron Brown,LB,ATL,1987,0.0,0,0
archive-2545,Arnold Brown,DB,DET,1985,0.0,0,0
archive-2545,Arnold Brown,DB,SEA,1987,0.0,0,0
archive-2557,Bud Brown,DB,MIA,1984,0.0,0,0
archive-2557,Bud Brown,FS,MIA,1985,0.0,0,0
archive-2557,Bud Brown,DB,MIA,1986,0.0,0,0
archive-2557,Bud Brown,DB,MIA,1987,0.0,0,0
archive-2557,Bud Brown,DB,MIA,1988,0.0,0,0
archive-2561,Cedric Brown,FS,TB,1982,0.0,0,0
archive-2561,Cedric Brown,FS,TB,1983,0.0,0,0
archive-2561,Cedric Brown,FS,TB,1984,0.0,0,0
archive-2562,Cedrick Brown,DB,PHI,1987,1.0,0,0
archive-2563,Chad Brown,DE,ARI,1993,0.0,0,0
archive-2563,Chad Brown,DE,ARI,1994,0.0,0.0,0.0
archive-2563,Chad Brown,DE,ARI,1995,0.5,0.0,0.0
archive-2564,Chad Brown,LB,PIT,1993,3.0,0,0
archive-2564,Chad Brown,LB,PIT,1994,8.5,0.0,1.0
archive-2564,Chad Brown,LB,PIT,1995,6.5,0.0,0.0
archive-2564,Chad Brown,LB,NYJ,1996,0.0,0.0,0.0
archive-2564,Chad Brown,LB,PIT,1996,17.0,0.0,3.0
archive-2564,Chad Brown,LB,NYJ,1997,0.0,0.0,0.0
archive-2564,Chad Brown,LB,SEA,1997,6.5,0.0,0.0
archive-2564,Chad Brown,LB,SEA,1998,7.5,0.0,1.0
archive-2571,Chris Brown,CB,PIT,1984,0.0,0,0
archive-2571,Chris Brown,DB,PIT,1985,0.0,0,0
archive-2581,Cornell Brown,LB,BAL,1997,0.5,0.0,1.0
archive-2581,Cornell Brown,LB,BAL,1998,0.0,0.0,0.0
archive-2582,Corwin Brown,S,NE,1993,0.0,0,0
archive-2582,Corwin Brown,SAF,NE,1994,0.0,0.0,0.0
archive-2582,Corwin Brown,SAF,NE,1995,0.0,0.0,0.0
archive-2582,Corwin Brown,DB,BUF,1996,0.0,0.0,0.0
archive-2582,Corwin Brown,CB,NE,1996,0.0,0.0,0.0
archive-2582,Corwin Brown,DB,NYJ,1997,0.0,0.0,0.0
archive-2582,Corwin Brown,DB,NYJ,1998,0.0,0.0,2.0
archive-2587,Cyron Brown,DE,DEN,1998,0.0,0.0,0.0
archive-2592,Dave Brown,CB,SEA,1982,0.0,0,0
archive-2592,Dave Brown,CB,SEA,1983,0.0,0,0
archive-2592,Dave Brown,CB,SEA,1984,0.0,0,0
archive-2592,Dave Brown,CB,SEA,1985,0.0,0,0
archive-2592,Dave Brown,CB,SEA,1986,0.0,0,0
archive-2592,Dave Brown,CB,GB,1987,0.0,0,0
archive-2592,Dave Brown,CB,GB,1988,0.0,0,0
archive-2592,Dave Brown,CB,GB,1989,0.0,0,0
archive-2596,DeAuntae Brown,DB,PHI,1997,0.0,0.0,0.0
archive-2599,Dennis Brown,DE,SF,1990,6.0,0,0
archive-2599,Dennis Brown,DE,SF,1991,3.0,0,0
archive-2599,Dennis Brown,DE,SF,1992,5.5,0,0
archive-2599,Dennis Brown,DE,SF,1993,6.5,0,0
archive-2599,Dennis Brown,DE,SF,1994,3.5,0.0,1.0
archive-2599,Dennis Brown,DE,SF,1995,1.5,0.0,0.0
archive-2599,Dennis Brown,DE,NYJ,1996,0.0,0.0,0.0
archive-2599,Dennis Brown,DE,SF,1996,2.0,0.0,0.0
archive-2604,Donald Brown,DB,LAC,1986,0.0,0,0
archive-2604,Donald Brown,DB,MIA,1986,0.0,0,0
archive-2604,Donald Brown,DB,NYG,1987,0.0,0,0
archive-2607,Doug Brown,DT,WAS,1998,0.0,0.0,0.0
archive-2614,Eric Brown,DB,DAL,1989,0.0,0,0
archive-2615,Eric Brown,S,DEN,1998,0.0,0.0,0.0
archive-2626,Gilbert Brown,DT,GB,1993,0.0,0,0
archive-2626,Gilbert Brown,DT,GB,1994,3.0,0.0,0.0
archive-2626,Gilbert Brown,DT,GB,1995,0.0,0.0,0.0
archive-2626,Gilbert Brown,DT,GB,1996,1.0,0.0,0.0
archive-2626,Gilbert Brown,DT,GB,1997,3.0,0.0,0.0
archive-2626,Gilbert Brown,DT,GB,1998,0.0,0.0,0.0
archive-2628,Greg Brown,DE,PHI,1982,4.0,0,0
archive-2628,Greg Brown,DE,PHI,1983,8.5,0,0
archive-2628,Greg Brown,DE,PHI,1984,16.0,0,0
archive-2628,Greg Brown,DE,PHI,1985,13.0,0,0
archive-2628,Greg Brown,DE,PHI,1986,9.0,0,0
archive-2628,Greg Brown,DE,ATL,1987,2.0,0,0
archive-2628,Greg Brown,DE,ATL,1988,0.0,0,0
archive-2629,Guy Brown,LB,DAL,1982,0.0,0,0
archive-2633,J.B. Brown,DB,MIA,1989,0.0,0,0
archive-2633,J.B. Brown,CB,MIA,1990,1.0,0,0
archive-2633,J.B. Brown,CB,MIA,1991,0.0,0,0
archive-2633,J.B. Brown,CB,MIA,1992,0.0,0,0
archive-2633,J.B. Brown,CB,MIA,1993,0.0,0,0
archive-2633,J.B. Brown,CB,MIA,1994,0.0,0.0,4.0
archive-2633,J.B. Brown,CB,MIA,1995,0.0,0.0,2.0
archive-2633,J.B. Brown,DB,MIA,1996,0.0,0.0,1.0
archive-2633,J.B. Brown,DB,CIN,1997,0.0,0.0,0.0
archive-2633,J.B. Brown,DB,NYJ,1997,0.0,0.0,0.0
archive-2633,J.B. Brown,DB,PIT,1997,0.0,0.0,0.0
archive-2633,J.B. Brown,CB,ARI,1998,0.0,0.0,0.0
archive-2645,Jerome Brown,DT,PHI,1987,4.0,0,0
archive-2645,Jerome Brown,DT,PHI,1988,5.0,0,0
archive-2645,Jerome Brown,DT,PHI,1989,11.5,0,0
archive-2645,Jerome Brown,DT,PHI,1990,1.0,0,0
archive-2645,Jerome Brown,DT,PHI,1991,9.0,0,0
archive-2653,Jonathan Brown,DE,GB,1998,0.0,0.0,0.0
archive-2660,Ken Brown,LB,DEN,1995,0.0,0.0,0.0
archive-2665,Lance Brown,CB,ARI,1995,0.0,0.0,0.0
archive-2665,Lance Brown,DB,ARI,1996,0.0,0.0,0.0
archive-2665,Lance Brown,DB,PIT,1998,0.0,0.0,0.0
archive-2671,Larry Brown,CB,DAL,1991,0.0,0,0
archive-2671,Larry Brown,CB,DAL,1992,0.0,0,0
archive-2671,Larry Brown,CB,DAL,1993,0.0,0,0
archive-2671,Larry Brown,CB,DAL,1994,0.0,0.0,4.0
archive-2671,Larry Brown,CB,DAL,1995,0.0,0.0,9.0
archive-2671,Larry Brown,DB,ARI,1996,0.0,0.0,0.0
archive-2671,Larry Brown,DB,LV,1996,0.0,0.0,1.0
archive-2671,Larry Brown,DB,LV,1997,0.0,0.0,0.0
archive-2671,Larry Brown,DB,DAL,1998,0.0,0.0,0.0
archive-2681,Mark Brown,LB,MIA,1983,2.0,0,0
archive-2681,Mark Brown,LB,MIA,1984,1.0,0,0
archive-2681,Mark Brown,LB,MIA,1985,1.0,0,0
archive-2681,Mark Brown,LB,MIA,1986,5.0,0,0
archive-2681,Mark Brown,LB,MIA,1987,1.0,0,0
archive-2681,Mark Brown,LB,MIA,1988,0.5,0,0
archive-2681,Mark Brown,LB,DET,1989,0.0,0,0
archive-2681,Mark Brown,LB,DET,1990,0.0,0,0
archive-2681,Mark Brown,LB,DET,1991,0.0,0,0
archive-2690,Monty Brown,LB,BUF,1993,0.0,0,0
archive-2690,Monty Brown,LB,BUF,1994,0.0,0.0,0.0
archive-2690,Monty Brown,LB,BUF,1995,0.0,0.0,0.0
archive-2690,Monty Brown,LB,NE,1996,0.0,0.0,0.0
archive-2694,Omar Brown,DB,ATL,1998,0.0,0.0,0.0
archive-2709,Reggie Brown,LB,DET,1996,0.0,0.0,0.0
archive-2709,Reggie Brown,LB,DET,1997,2.5,0.0,2.0
archive-2713,Richard Brown,LB,LAR,1987,0.0,0,0
archive-2713,Richard Brown,LB,LAR,1989,0.0,0,0
archive-2713,Richard Brown,LB,LAC,1990,0.0,0,0
archive-2713,Richard Brown,LB,CLE,1991,0.5,0,0
archive-2713,Richard Brown,LB,CLE,1992,1.0,0,0
archive-2713,Richard Brown,LB,MIN,1994,0.0,0.0,0.0
archive-2713,Richard Brown,LB,MIN,1995,0.0,0.0,0.0
archive-2713,Richard Brown,LB,MIN,1996,0.0,0.0,0.0
archive-2717,Robert Brown,DE,GB,1982,0.0,0,0
archive-2717,Robert Brown,DE,GB,1983,0.0,0,0
archive-2717,Robert Brown,DE,GB,1984,5.0,0,0
archive-2717,Robert Brown,DE,GB,1985,3.0,0,0
archive-2717,Robert Brown,DE,GB,1986,2.0,0,0
archive-2717,Robert Brown,DE,GB,1987,3.0,0,0
archive-2717,Robert Brown,DE,GB,1988,1.5,0,0
archive-2717,Robert Brown,DE,GB,1989,3.0,0,0
archive-2717,Robert Brown,DE,GB,1990,3.0,0,0
archive-2717,Robert Brown,DE,GB,1991,4.0,0,0
archive-2717,Robert Brown,DE,GB,1992,1.0,0,0
archive-2719,Roger Brown,DB,NYG,1990,0.0,0,0
archive-2719,Roger Brown,DB,NYG,1991,0.0,0,0
archive-2719,Roger Brown,DB,NE,1992,0.0,0,0
archive-2722,Ron Brown,LB,LV,1987,2.0,0,0
archive-2728,Rush Brown,DT,ARI,1982,3.0,0,0
archive-2728,Rush Brown,DT,ARI,1983,1.0,0,0
archive-2730,Selwyn Brown,DB,TB,1988,0.0,0,0
archive-2734,Sonny Brown,DB,TEN,1987,0.0,0,0
archive-2736,Steve Brown,CB,TEN,1983,0.0,0,0
archive-2736,Steve Brown,CB,TEN,1984,0.0,0,0
archive-2736,Steve Brown,CB,TEN,1985,1.0,0,0
archive-2736,Steve Brown,DB,TEN,1986,1.0,0,0
archive-2736,Steve Brown,DB,TEN,1987,0.0,0,0
archive-2736,Steve Brown,CB,TEN,1988,0.0,0,0
archive-2736,Steve Brown,CB,TEN,1989,3.0,0,0
archive-2736,Steve Brown,DB,TEN,1990,0.0,0,0
archive-2742,Thomas Brown,DE,CLE,1983,0.0,0,0
archive-2751,Tony Brown,DB,TEN,1992,0.0,0,0
archive-2751,Tony Brown,DB,TEN,1993,0.0,0,0
archive-2751,Tony Brown,CB,SEA,1994,0.0,0.0,0.0
archive-2751,Tony Brown,CB,SEA,1995,0.0,0.0,0.0
archive-2757,Vincent Brown,LB,NE,1988,0.0,0,0
archive-2757,Vincent Brown,LB,NE,1989,4.0,0,0
archive-2757,Vincent Brown,LB,NE,1990,2.5,0,0
archive-2757,Vincent Brown,LB,NE,1991,3.0,0,0
archive-2757,Vincent Brown,LB,NE,1992,0.5,0,0
archive-2757,Vincent Brown,LB,NE,1993,1.0,0,0
archive-2757,Vincent Brown,LB,NE,1994,1.5,0.0,3.0
archive-2757,Vincent Brown,LB,NE,1995,4.0,0.0,4.0
archive-2766,Joey Browner,FS,MIN,1983,2.0,0,0
archive-2766,Joey Browner,CB,MIN,1984,1.0,0,0
archive-2766,Joey Browner,S,MIN,1985,1.0,0,0
archive-2766,Joey Browner,DB,MIN,1986,0.5,0,0
archive-2766,Joey Browner,DB,MIN,1987,1.0,0,0
archive-2766,Joey Browner,S,MIN,1988,1.0,0,0
archive-2766,Joey Browner,DB,MIN,1989,1.0,0,0
archive-2766,Joey Browner,S,MIN,1990,3.0,0,0
archive-2766,Joey Browner,S,MIN,1991,0.0,0,0
archive-2766,Joey Browner,DB,TB,1992,0.0,0,0
archive-2767,Keith Browner,LB,TB,1984,2.0,0,0
archive-2767,Keith Browner,LB,TB,1985,1.5,0,0
archive-2767,Keith Browner,LB,TB,1986,4.0,0,0
archive-2767,Keith Browner,LB,LV,1987,0.0,0,0
archive-2767,Keith Browner,LB,SF,1987,0.5,0,0
archive-2767,Keith Browner,LB,LAC,1988,2.5,0,0
archive-2769,Ross Browner,DE,CIN,1982,3.0,0,0
archive-2769,Ross Browner,DE,CIN,1983,0.0,0,0
archive-2769,Ross Browner,DE,CIN,1984,8.0,0,0
archive-2769,Ross Browner,DE,CIN,1985,9.0,0,0
archive-2769,Ross Browner,DE,CIN,1986,6.5,0,0
archive-2769,Ross Browner,DE,GB,1987,1.0,0,0
archive-2772,Dave Browning,DE,LV,1982,1.0,0,0
archive-2772,Dave Browning,DE,NE,1983,2.0,0,0
archive-2774,John Browning,DT,KC,1996,2.0,0.0,0.0
archive-2774,John Browning,DT,KC,1997,4.0,0.0,0.0
archive-2774,John Browning,DT,KC,1998,0.0,0.0,0.0
archive-2776,Darrick Brownlow,LB,DAL,1991,0.0,0,0
archive-2776,Darrick Brownlow,LB,TB,1992,0.0,0,0
archive-2776,Darrick Brownlow,LB,TB,1993,0.0,0,0
archive-2776,Darrick Brownlow,LB,DAL,1994,0.0,0.0,0.0
archive-2776,Darrick Brownlow,LB,WAS,1995,0.0,0.0,0.0
archive-2776,Darrick Brownlow,LB,WAS,1996,0.0,0.0,0.0
archive-2780,Aundray Bruce,LB,ATL,1988,6.0,0,0
archive-2780,Aundray Bruce,LB,ATL,1989,6.0,0,0
archive-2780,Aundray Bruce,LB,ATL,1990,4.0,0,0
archive-2780,Aundray Bruce,LB,ATL,1991,0.0,0,0
archive-2780,Aundray Bruce,LB,LV,1992,3.5,0,0
archive-2780,Aundray Bruce,LB,LV,1993,2.0,0,0
archive-2780,Aundray Bruce,LB,LV,1994,0.0,0.0,0.0
archive-2780,Aundray Bruce,LB,LV,1995,5.5,0.0,1.0
archive-2780,Aundray Bruce,LB,ARI,1996,0.0,0.0,0.0
archive-2780,Aundray Bruce,LB,LV,1996,4.0,0.0,0.0
archive-2780,Aundray Bruce,LB,LV,1997,1.0,0.0,0.0
archive-2780,Aundray Bruce,LB,LV,1998,0.0,0.0,0.0
archive-2788,Bob Brudzinski,LB,MIA,1982,5.5,0,0
archive-2788,Bob Brudzinski,LB,MIA,1983,1.0,0,0
archive-2788,Bob Brudzinski,LB,MIA,1984,4.0,0,0
archive-2788,Bob Brudzinski,LB,MIA,1985,3.0,0,0
archive-2788,Bob Brudzinski,LB,MIA,1986,2.0,0,0
archive-2788,Bob Brudzinski,LB,MIA,1987,1.0,0,0
archive-2788,Bob Brudzinski,LB,MIA,1988,0.0,0,0
archive-2788,Bob Brudzinski,LB,MIA,1989,0.0,0,0
archive-2820,Tedy Bruschi,LB,BUF,1996,0.0,0.0,0.0
archive-2820,Tedy Bruschi,LB,NE,1996,6.0,0.0,1.0
archive-2820,Tedy Bruschi,LB,NE,1997,4.0,0.0,0.0
archive-2820,Tedy Bruschi,LB,NE,1998,2.0,0.0,0.0
archive-2829,Rick Bryan,DE,ATL,1984,2.0,0,0
archive-2829,Rick Bryan,DE,ATL,1985,0.0,0,0
archive-2829,Rick Bryan,DE,ATL,1986,7.0,0,0
archive-2829,Rick Bryan,DE,ATL,1987,2.5,0,0
archive-2829,Rick Bryan,DE,ATL,1988,5.0,0,0
archive-2829,Rick Bryan,DE,ATL,1989,1.0,0,0
archive-2829,Rick Bryan,DE,ATL,1990,1.0,0,0
archive-2829,Rick Bryan,DE,ATL,1991,3.0,0,0
archive-2829,Rick Bryan,DE,ATL,1993,0.0,0,0
archive-2830,Steve Bryan,DE,DEN,1987,0.0,0,0
archive-2830,Steve Bryan,DE,DEN,1988,0.0,0,0
archive-2849,Domingo Bryant,DB,TEN,1987,0.0,0,0
archive-2849,Domingo Bryant,DB,TEN,1988,0.0,0,0
archive-2852,Jeff Bryant,DE,SEA,1982,3.0,0,0
archive-2852,Jeff Bryant,DE,SEA,1983,8.0,0,0
archive-2852,Jeff Bryant,DE,SEA,1984,15.0,0,0
archive-2852,Jeff Bryant,DE,SEA,1985,8.5,0,0
archive-2852,Jeff Bryant,DE,SEA,1986,4.0,0,0
archive-2852,Jeff Bryant,DE,SEA,1987,5.0,0,0
archive-2852,Jeff Bryant,DE,SEA,1988,3.5,0,0
archive-2852,Jeff Bryant,DE,SEA,1989,3.5,0,0
archive-2852,Jeff Bryant,DE,SEA,1990,5.5,0,0
archive-2852,Jeff Bryant,DE,SEA,1991,3.0,0,0
archive-2852,Jeff Bryant,DE,SEA,1992,4.5,0,0
archive-2852,Jeff Bryant,DE,SEA,1993,1.0,0,0
archive-2854,Junior Bryant,DT,SF,1995,1.0,0.0,0.0
archive-2854,Junior Bryant,DT,NYJ,1996,0.0,0.0,0.0
archive-2854,Junior Bryant,DT,SF,1996,0.5,0.0,0.0
archive-2854,Junior Bryant,DT,SF,1997,2.5,0.0,0.0
archive-2854,Junior Bryant,DT,SF,1998,5.0,0.0,1.0
archive-2863,Tim Bryant,LB,MIN,1987,0.0,0,0
archive-2865,Trent Bryant,CB,KC,1982,0.0,0,0
archive-2865,Trent Bryant,CB,KC,1983,0.0,0,0
archive-2865,Trent Bryant,DB,KC,1987,0.0,0,0
archive-2872,Mark Buben,DE,CLE,1982,0.0,0,0
archive-2877,Charles Buchanan,DE,CLE,1988,5.0,0,0
archive-2879,Ray Buchanan,DB,IND,1993,0.0,0,0
archive-2879,Ray Buchanan,FS,IND,1994,1.0,0.0,8.0
archive-2879,Ray Buchanan,CB,IND,1995,1.0,0.0,2.0
archive-2879,Ray Buchanan,CB,IND,1996,0.5,0.0,2.0
archive-2879,Ray Buchanan,CB,ATL,1997,0.0,0.0,5.0
archive-2879,Ray Buchanan,CB,ATL,1998,0.0,0.0,7.0
archive-2885,Willie Buchanon,DB,LAC,1982,0.0,0,0
archive-2889,Jason Buck,DE,CIN,1987,2.0,0,0
archive-2889,Jason Buck,DE,CIN,1988,9.0,0,0
archive-2889,Jason Buck,DE,CIN,1989,6.0,0,0
archive-2889,Jason Buck,DE,CIN,1990,1.5,0,0
archive-2889,Jason Buck,DE,WAS,1991,2.5,0,0
archive-2889,Jason Buck,DE,WAS,1992,4.0,0,0
archive-2889,Jason Buck,DE,WAS,1993,0.0,0,0
archive-2891,Vince Buck,DB,NO,1990,0.0,0,0
archive-2891,Vince Buck,CB,NO,1991,0.0,0,0
archive-2891,Vince Buck,CB,NO,1992,0.5,0,0
archive-2891,Vince Buck,CB,NO,1993,3.0,0,0
archive-2891,Vince Buck,FS,NO,1994,1.0,0.0,1.0
archive-2891,Vince Buck,FS,NO,1995,0.0,0.0,0.0
archive-2898,Curtis Buckley,DB,TB,1994,0.0,0.0,0.0
archive-2898,Curtis Buckley,DB,TB,1995,0.0,0.0,0.0
archive-2900,Marcus Buckley,LB,NYG,1993,0.0,0,0
archive-2900,Marcus Buckley,LB,NYG,1994,0.0,0.0,0.0
archive-2900,Marcus Buckley,LB,NYG,1995,0.0,0.0,0.0
archive-2900,Marcus Buckley,LB,NYG,1996,0.0,0.0,0.0
archive-2900,Marcus Buckley,LB,NYG,1997,0.0,0.0,0.0
archive-2900,Marcus Buckley,LB,SEA,1997,0.0,0.0,0.0
archive-2900,Marcus Buckley,LB,NYG,1998,1.5,0.0,1.0
archive-2902,Terrell Buckley ,DB,GB,1992,0.0,0,0
archive-2902,Terrell Buckley ,DB,GB,1993,0.0,0,0
archive-2902,Terrell Buckley ,DB,GB,1994,0.0,0.0,5.0
archive-2902,Terrell Buckley ,DB,MIA,1995,0.0,0.0,1.0
archive-2902,Terrell Buckley ,DB,MIA,1996,0.0,0.0,6.0
archive-2902,Terrell Buckley ,DB,MIA,1997,0.0,0.0,4.0
archive-2902,Terrell Buckley ,DB,MIA,1998,0.0,0.0,8.0
archive-2905,Brentson Buckner,DT,PIT,1994,4.0,0.0,0.0
archive-2905,Brentson Buckner,DT,PIT,1995,3.0,0.0,0.0
archive-2905,Brentson Buckner,DT,BUF,1996,0.0,0.0,0.0
archive-2905,Brentson Buckner,DT,NYJ,1996,0.0,0.0,0.0
archive-2905,Brentson Buckner,DT,PIT,1996,3.0,0.0,0.0
archive-2905,Brentson Buckner,DT,CIN,1997,0.0,0.0,0.0
archive-2905,Brentson Buckner,DT,MIN,1997,0.0,0.0,0.0
archive-2905,Brentson Buckner,DT,NE,1997,0.0,0.0,0.0
archive-2905,Brentson Buckner,DT,SF,1998,0.5,0.0,0.0
archive-2907,Bob Buczkowski,DE,LV,1987,1.0,0,0
archive-2907,Bob Buczkowski,DE,ARI,1989,0.0,0,0
archive-2907,Bob Buczkowski,DE,CLE,1990,0.5,0,0
archive-2924,Tony Buford,LB,ARI,1987,0.0,0,0
archive-2953,Chuck Bullough,LB,MIA,1993,0.0,0,0
archive-2953,Chuck Bullough,LB,MIA,1994,0.0,0.0,0.0
archive-2956,Brian Bulluck,LB,IND,1987,1.0,0,0
archive-2963,Derek Bunch,LB,WAS,1987,0.0,0,0
archive-2970,John Bunting,LB,PHI,1982,3.0,0,0
archive-2972,Dan Bunz,LB,SF,1982,0.0,0,0
archive-2972,Dan Bunz,LB,SF,1983,0.0,0,0
archive-2972,Dan Bunz,LB,SF,1984,1.0,0,0
archive-2972,Dan Bunz,LB,DET,1985,0.0,0,0
archive-2984,Charlie Burgess,LB,NYG,1987,0.0,0,0
archive-2987,James Burgess,LB,LAC,1997,0.0,0.0,0.0
archive-2987,James Burgess,LB,LAC,1998,0.0,0.0,0.0
archive-2989,Marvell Burgess,DB,MIA,1987,0.0,0,0
archive-2991,Ronnie Burgess,DB,GB,1985,0.0,0,0
archive-2997,Anthony Burke,DT,ARI,1987,0.0,0,0
archive-3020,Gary Burley,DE,CIN,1982,0.0,0,0
archive-3020,Gary Burley,DE,CIN,1983,2.0,0,0
archive-3020,Gary Burley,DE,ATL,1984,5.0,0,0
archive-3027,Chester Burnett,LB,WAS,1998,0.0,0.0,0.0
archive-3035,Rob Burnett,DE,CLE,1990,2.0,0,0
archive-3035,Rob Burnett,DE,CLE,1991,3.0,0,0
archive-3035,Rob Burnett,DE,CLE,1992,9.0,0,0
archive-3035,Rob Burnett,DE,CLE,1993,9.0,0,0
archive-3035,Rob Burnett,DE,CLE,1994,10.0,0.0,0.0
archive-3035,Rob Burnett,DE,CLE,1995,7.5,0.0,0.0
archive-3035,Rob Burnett,DE,BAL,1996,3.0,0.0,0.0
archive-3035,Rob Burnett,DE,BAL,1997,4.0,0.0,0.0
archive-3035,Rob Burnett,DE,BAL,1998,2.5,0.0,0.0
archive-3050,Keith Burns,LB,DEN,1994,0.0,0.0,0.0
archive-3050,Keith Burns,LB,DEN,1995,1.5,0.0,0.0
archive-3050,Keith Burns,LB,DEN,1996,0.0,0.0,0.0
archive-3050,Keith Burns,LB,NE,1996,0.0,0.0,0.0
archive-3050,Keith Burns,LB,DEN,1997,0.0,0.0,0.0
archive-3050,Keith Burns,LB,DEN,1998,0.0,0.0,0.0
archive-3056,Clinton Burrell,S,CLE,1982,2.0,0,0
archive-3056,Clinton Burrell,S,CLE,1983,0.0,0,0
archive-3056,Clinton Burrell,DB,CLE,1984,0.0,0,0
archive-3065,Jeff Burris,DB,BUF,1994,0.0,0.0,2.0
archive-3065,Jeff Burris,CB,BUF,1995,0.0,0.0,1.0
archive-3065,Jeff Burris,CB,BUF,1996,0.0,0.0,2.0
archive-3065,Jeff Burris,CB,BUF,1997,0.0,0.0,2.0
archive-3065,Jeff Burris,CB,IND,1998,0.0,0.0,1.0
archive-3068,John Burrough,DE,ATL,1995,0.0,0.0,0.0
archive-3068,John Burrough,DE,ATL,1996,0.0,0.0,0.0
archive-3068,John Burrough,DE,ATL,1997,1.0,0.0,0.0
archive-3068,John Burrough,DE,ATL,1998,0.5,0.0,0.0
archive-3070,Derrick Burroughs,CB,BUF,1985,0.0,0,0
archive-3070,Derrick Burroughs,CB,BUF,1986,0.0,0,0
archive-3070,Derrick Burroughs,CB,BUF,1987,0.0,0,0
archive-3070,Derrick Burroughs,CB,BUF,1989,1.0,0,0
archive-3072,Jim Burroughs,DB,IND,1982,0.0,0,0
archive-3072,Jim Burroughs,DB,IND,1983,0.0,0,0
archive-3072,Jim Burroughs,DB,IND,1984,0.0,0,0
archive-3073,Sammie Burroughs,LB,BAL,1996,0.0,0.0,0.0
archive-3073,Sammie Burroughs,LB,IND,1996,0.0,0.0,0.0
archive-3073,Sammie Burroughs,LB,IND,1997,1.0,0.0,0.0
archive-3078,Lloyd Burruss,S,KC,1982,0.0,0,0
archive-3078,Lloyd Burruss,S,KC,1983,0.5,0,0
archive-3078,Lloyd Burruss,S,KC,1984,0.0,0,0
archive-3078,Lloyd Burruss,S,KC,1985,2.0,0,0
archive-3078,Lloyd Burruss,DB,KC,1986,0.0,0,0
archive-3078,Lloyd Burruss,DB,KC,1987,0.0,0,0
archive-3078,Lloyd Burruss,S,KC,1988,0.0,0,0
archive-3078,Lloyd Burruss,FS,KC,1989,0.0,0,0
archive-3078,Lloyd Burruss,DB,KC,1990,0.0,0,0
archive-3078,Lloyd Burruss,DB,KC,1991,0.0,0,0
archive-3083,Jim Burt,NT,NYG,1982,1.0,0,0
archive-3083,Jim Burt,NT,NYG,1983,0.0,0,0
archive-3083,Jim Burt,NT,NYG,1984,8.0,0,0
archive-3083,Jim Burt,NT,NYG,1985,6.0,0,0
archive-3083,Jim Burt,NT,NYG,1986,1.0,0,0
archive-3083,Jim Burt,NT,NYG,1987,2.0,0,0
archive-3083,Jim Burt,NT,NYG,1988,3.0,0,0
archive-3083,Jim Burt,NT,SF,1989,0.0,0,0
archive-3083,Jim Burt,NT,SF,1990,3.0,0,0
archive-3083,Jim Burt,NT,SF,1991,0.0,0,0
archive-3089,James Burton,CB,CHI,1996,0.0,0.0,1.0
archive-3098,Ron Burton,LB,DAL,1988,2.0,0,0
archive-3098,Ron Burton,LB,DAL,1989,0.0,0,0
archive-3099,Shane Burton,DE,MIA,1996,3.0,0.0,0.0
archive-3099,Shane Burton,DE,MIA,1997,4.0,0.0,0.0
archive-3099,Shane Burton,DE,MIA,1998,2.0,0.0,0.0
archive-3108,Devin Bush,FS,ATL,1995,0.0,0.0,1.0
archive-3108,Devin Bush,S,ATL,1996,0.0,0.0,1.0
archive-3108,Devin Bush,FS,ATL,1997,0.0,0.0,1.0
archive-3108,Devin Bush,DB,ATL,1998,0.0,0.0,0.0
archive-3109,Frank Bush,LB,TEN,1985,3.0,0,0
archive-3109,Frank Bush,LB,TEN,1986,1.0,0,0
archive-3112,Lewis Bush,LB,LAC,1993,0.0,0,0
archive-3112,Lewis Bush,LB,LAC,1994,0.0,0.0,0.0
archive-3112,Lewis Bush,LB,LAC,1995,0.0,0.0,1.0
archive-3112,Lewis Bush,LB,LAC,1996,1.0,0.0,0.0
archive-3112,Lewis Bush,LB,LAC,1997,0.0,0.0,0.0
archive-3112,Lewis Bush,LB,LAC,1998,1.0,0.0,0.0
archive-3121,Steve Busick,LB,DEN,1983,2.0,0,0
archive-3121,Steve Busick,LB,DEN,1984,1.0,0,0
archive-3126,Barney Bussey,DB,CIN,1986,1.0,0,0
archive-3126,Barney Bussey,DB,CIN,1987,2.0,0,0
archive-3126,Barney Bussey,DB,CIN,1988,4.0,0,0
archive-3126,Barney Bussey,DB,CIN,1989,2.5,0,0
archive-3126,Barney Bussey,DB,CIN,1990,2.0,0,0
archive-3126,Barney Bussey,DB,CIN,1991,0.0,0,0
archive-3126,Barney Bussey,DB,CIN,1992,0.0,0,0
archive-3126,Barney Bussey,DB,TB,1993,0.0,0,0
archive-3126,Barney Bussey,DB,TB,1994,1.5,0.0,0.0
archive-3126,Barney Bussey,DB,TB,1995,0.0,0.0,0.0
archive-3130,Paul Butcher,LB,IND,1993,0.0,0,0
archive-3130,Paul Butcher,LB,CAR,1995,0.0,0.0,0.0
archive-3140,Bobby Butler,CB,ATL,1982,0.0,0,0
archive-3140,Bobby Butler,CB,ATL,1983,0.0,0,0
archive-3140,Bobby Butler,CB,ATL,1984,0.0,0,0
archive-3140,Bobby Butler,CB,ATL,1985,0.0,0,0
archive-3140,Bobby Butler,DB,ATL,1986,0.0,0,0
archive-3140,Bobby Butler,DB,ATL,1987,0.0,0,0
archive-3140,Bobby Butler,CB,ATL,1988,0.0,0,0
archive-3140,Bobby Butler,CB,ATL,1990,0.0,0,0
archive-3163,Keith Butler,LB,SEA,1982,2.0,0,0
archive-3163,Keith Butler,LB,SEA,1983,0.0,0,0
archive-3163,Keith Butler,LB,SEA,1984,2.0,0,0
archive-3163,Keith Butler,LB,SEA,1985,0.0,0,0
archive-3163,Keith Butler,LB,SEA,1986,1.0,0,0
archive-3163,Keith Butler,LB,SEA,1987,0.0,0,0
archive-3166,LeRoy Butler,DB,GB,1990,0.0,0,0
archive-3166,LeRoy Butler,CB,GB,1991,0.0,0,0
archive-3166,LeRoy Butler,S,GB,1992,0.0,0,0
archive-3166,LeRoy Butler,S,GB,1993,2.0,0,0
archive-3166,LeRoy Butler,S,GB,1994,1.0,0.0,3.0
archive-3166,LeRoy Butler,S,GB,1995,1.0,0.0,5.0
archive-3166,LeRoy Butler,S,GB,1996,7.5,0.0,5.0
archive-3166,LeRoy Butler,S,GB,1997,4.0,0.0,5.0
archive-3166,LeRoy Butler,S,GB,1998,4.0,0.0,3.0
archive-3169,Mike Butler,DE,GB,1982,4.0,0,0
archive-3169,Mike Butler,DE,GB,1985,2.0,0,0
archive-3180,Greg Buttle,LB,NYJ,1982,0.0,0,0
archive-3180,Greg Buttle,LB,NYJ,1983,1.5,0,0
archive-3180,Greg Buttle,LB,NYJ,1984,0.0,0,0
archive-3183,Dave Butz,DT,WAS,1982,4.5,0,0
archive-3183,Dave Butz,DT,WAS,1983,11.5,0,0
archive-3183,Dave Butz,DT,WAS,1984,4.5,0,0
archive-3183,Dave Butz,DT,WAS,1985,5.0,0,0
archive-3183,Dave Butz,DT,WAS,1986,7.0,0,0
archive-3183,Dave Butz,DT,WAS,1987,5.0,0,0
archive-3183,Dave Butz,DT,WAS,1988,1.0,0,0
archive-3201,Boris Byrd ,DB,NYG,1987,0.0,0,0
archive-3206,Dennis Byrd ,DT,NYJ,1989,7.0,0,0
archive-3206,Dennis Byrd ,DT,NYJ,1990,13.0,0,0
archive-3206,Dennis Byrd ,DT,NYJ,1991,7.0,0,0
archive-3206,Dennis Byrd ,DT,NYJ,1992,1.0,0,0
archive-3208,Gill Byrd ,DB,LAC,1983,0.0,0,0
archive-3208,Gill Byrd ,DB,LAC,1984,0.0,0,0
archive-3208,Gill Byrd ,DB,LAC,1985,0.0,0,0
archive-3208,Gill Byrd ,DB,LAC,1986,0.0,0,0
archive-3208,Gill Byrd ,DB,LAC,1987,0.0,0,0
archive-3208,Gill Byrd ,DB,LAC,1988,0.0,0,0
archive-3208,Gill Byrd ,DB,LAC,1989,0.0,0,0
archive-3208,Gill Byrd ,DB,LAC,1990,0.0,0,0
archive-3208,Gill Byrd ,DB,LAC,1991,0.0,0,0
archive-3208,Gill Byrd ,DB,LAC,1992,0.0,0,0
archive-3214,Richard Byrd ,DE,TEN,1985,1.0,0,0
archive-3214,Richard Byrd ,DE,TEN,1986,3.0,0,0
archive-3214,Richard Byrd ,DE,TEN,1987,1.0,0,0
archive-3214,Richard Byrd ,DE,TEN,1988,0.0,0,0
archive-3221,Brian Cabral,LB,CHI,1982,0.0,0,0
archive-3221,Brian Cabral,LB,CHI,1983,1.0,0,0
archive-3221,Brian Cabral,LB,CHI,1984,0.0,0,0
archive-3221,Brian Cabral,LB,CHI,1985,0.0,0,0
archive-3221,Brian Cabral,LB,CHI,1986,0.0,0,0
archive-3225,Eddie Cade,SAF,NE,1995,0.0,0.0,0.0
archive-3226,Mossy Cade,DB,GB,1985,0.0,0,0
archive-3226,Mossy Cade,DB,GB,1986,1.0,0,0
archive-3230,Glenn Cadrez,LB,NYJ,1992,0.0,0,0
archive-3230,Glenn Cadrez,LB,NYJ,1993,0.0,0,0
archive-3230,Glenn Cadrez,LB,NYJ,1994,0.0,0.0,0.0
archive-3230,Glenn Cadrez,LB,DEN,1995,2.0,0.0,0.0
archive-3230,Glenn Cadrez,LB,NYJ,1995,0.0,0.0,0.0
archive-3230,Glenn Cadrez,LB,DEN,1996,0.0,0.0,0.0
archive-3230,Glenn Cadrez,LB,NE,1996,0.0,0.0,0.0
archive-3230,Glenn Cadrez,LB,DEN,1997,0.0,0.0,0.0
archive-3230,Glenn Cadrez,LB,DEN,1998,4.0,0.0,2.0
archive-3232,Ivan Caesar,LB,MIN,1991,0.0,0,0
archive-3246,Joe Cain,LB,SEA,1989,0.0,0,0
archive-3246,Joe Cain,LB,SEA,1990,0.0,0,0
archive-3246,Joe Cain,LB,SEA,1991,0.0,0,0
archive-3246,Joe Cain,LB,SEA,1992,0.0,0,0
archive-3246,Joe Cain,LB,CHI,1993,0.0,0,0
archive-3246,Joe Cain,LB,CHI,1994,0.0,0.0,0.0
archive-3246,Joe Cain,LB,CHI,1995,0.0,0.0,0.0
archive-3246,Joe Cain,LB,CHI,1996,1.0,0.0,0.0
archive-3246,Joe Cain,LB,SEA,1997,0.0,0.0,0.0
archive-3256,Bryan Caldwell,DE,TEN,1984,0.0,0,0
archive-3258,David Caldwell,NT,GB,1987,0.5,0,0
archive-3261,Mike Caldwell,LB,CLE,1993,0.0,0,0
archive-3261,Mike Caldwell,LB,CLE,1994,0.0,0.0,1.0
archive-3261,Mike Caldwell,LB,CLE,1995,0.0,0.0,2.0
archive-3261,Mike Caldwell,LB,BAL,1996,4.5,0.0,1.0
archive-3261,Mike Caldwell,LB,ARI,1997,2.0,0.0,1.0
archive-3261,Mike Caldwell,LB,DET,1997,0.0,0.0,0.0
archive-3261,Mike Caldwell,LB,PHI,1998,1.0,0.0,1.0
archive-3263,Ravin Caldwell,LB,WAS,1987,1.0,0,0
archive-3263,Ravin Caldwell,LB,WAS,1988,4.0,0,0
archive-3263,Ravin Caldwell,LB,WAS,1989,3.5,0,0
archive-3263,Ravin Caldwell,LB,WAS,1990,1.0,0,0
archive-3263,Ravin Caldwell,LB,WAS,1991,0.0,0,0
archive-3263,Ravin Caldwell,LB,WAS,1992,0.0,0,0
archive-3266,Tony Caldwell,LB,LV,1983,0.0,0,0
archive-3266,Tony Caldwell,LB,LV,1984,0.0,0,0
archive-3266,Tony Caldwell,LB,LV,1985,0.0,0,0
archive-3266,Tony Caldwell,LB,SEA,1987,0.0,0,0
archive-3282,Bill Callahan,S,BUF,1987,0.0,0,0
archive-3301,Glenn Cameron,LB,CIN,1982,0.0,0,0
archive-3301,Glenn Cameron,LB,CIN,1983,2.0,0,0
archive-3301,Glenn Cameron,LB,CIN,1984,1.0,0,0
archive-3301,Glenn Cameron,LB,CIN,1985,0.0,0,0
archive-3308,Reggie Camp,DE,CLE,1983,4.5,0,0
archive-3308,Reggie Camp,DE,CLE,1984,14.0,0,0
archive-3308,Reggie Camp,DE,CLE,1985,8.5,0,0
archive-3308,Reggie Camp,DE,CLE,1986,8.5,0,0
archive-3308,Reggie Camp,DE,CLE,1987,1.0,0,0
archive-3308,Reggie Camp,DE,ATL,1988,0.0,0,0
archive-3312,Arnold Campbell,DE,BUF,1987,0.0,0,0
archive-3325,Gary Campbell,LB,CHI,1982,1.0,0,0
archive-3325,Gary Campbell,LB,CHI,1983,1.0,0,0
archive-3331,Jesse Campbell,DB,NYG,1992,0.0,0,0
archive-3331,Jesse Campbell,DB,NYG,1993,0.0,0,0
archive-3331,Jesse Campbell,FS,NYG,1994,0.0,0.0,2.0
archive-3331,Jesse Campbell,S,NYG,1995,0.0,0.0,0.0
archive-3331,Jesse Campbell,S,NYG,1996,0.0,0.0,2.0
archive-3331,Jesse Campbell,DB,LAC,1997,0.0,0.0,0.0
archive-3331,Jesse Campbell,S,WAS,1997,0.0,0.0,1.0
archive-3331,Jesse Campbell,DB,WAS,1998,0.0,0.0,1.0
archive-3334,Joe Campbell,DE,LAC,1988,3.0,0,0
archive-3339,Lamar Campbell,DB,DET,1998,0.0,0.0,0.0
archive-3342,Mark Campbell,DT,ARI,1997,0.0,0.0,0.0
archive-3362,Alan Campos,LB,DAL,1996,0.0,0.0,0.0
archive-3380,James Cannida,DT,TB,1998,0.0,0.0,0.0
archive-3383,Billy Cannon,LB,DAL,1984,0.0,0,0
archive-3384,John Cannon,DE,TB,1982,0.5,0,0
archive-3384,John Cannon,DE,TB,1983,5.0,0,0
archive-3384,John Cannon,DE,TB,1984,3.5,0,0
archive-3384,John Cannon,DE,TB,1985,4.5,0,0
archive-3384,John Cannon,DE,TB,1986,2.0,0,0
archive-3384,John Cannon,DE,TB,1987,2.0,0,0
archive-3384,John Cannon,DE,TB,1988,3.0,0,0
archive-3384,John Cannon,DE,TB,1989,1.0,0,0
archive-3384,John Cannon,DE,TB,1990,1.0,0,0
archive-3390,Chris Canty,DB,NE,1997,3.0,0.0,0.0
archive-3390,Chris Canty,CB,NE,1998,1.0,0.0,1.0
archive-3393,James Capers,LB,CLE,1987,0.0,0,0
archive-3426,Richard Carey,DB,CIN,1989,0.0,0,0
archive-3426,Richard Carey,DB,BUF,1990,0.0,0,0
archive-3464,Brian Carpenter,DB,NYG,1982,0.0,0,0
archive-3464,Brian Carpenter,DB,WAS,1983,0.0,0,0
archive-3464,Brian Carpenter,CB,BUF,1984,0.0,0,0
archive-3464,Brian Carpenter,DB,WAS,1984,0.0,0,0
archive-3477,Ron Carpenter,DB,CIN,1993,0.0,0,0
archive-3477,Ron Carpenter,DB,MIN,1993,0.0,0,0
archive-3477,Ron Carpenter,FS,NYJ,1995,0.0,0.0,0.0
archive-3477,Ron Carpenter,DB,NYJ,1996,0.0,0.0,0.0
archive-3477,Ron Carpenter,DB,LAR,1998,0.0,0.0,0.0
archive-3482,Carl Carr,LB,DET,1987,2.0,0,0
archive-3484,Chetti Carr,DB,LV,1987,0.0,0,0
archive-3492,Gregg Carr,LB,PIT,1985,1.0,0,0
archive-3492,Gregg Carr,LB,PIT,1986,0.0,0,0
archive-3492,Gregg Carr,LB,PIT,1987,3.0,0,0
archive-3492,Gregg Carr,LB,PIT,1988,3.5,0,0
archive-3499,Reggie Carr,DE,NYG,1987,0.0,0,0
archive-3503,Alphonso Carreker ,DE,GB,1984,3.0,0,0
archive-3503,Alphonso Carreker ,DE,GB,1985,9.0,0,0
archive-3503,Alphonso Carreker ,DE,GB,1986,2.5,0,0
archive-3503,Alphonso Carreker ,DE,GB,1987,4.0,0,0
archive-3503,Alphonso Carreker ,DE,GB,1988,0.0,0,0
archive-3503,Alphonso Carreker ,DE,DEN,1989,7.5,0,0
archive-3503,Alphonso Carreker ,DE,DEN,1991,0.0,0,0
archive-3504,Vince Carreker ,DB,CLE,1987,0.0,0,0
archive-3511,Mark Carrier,FS,CHI,1990,0.0,0,0
archive-3511,Mark Carrier,FS,CHI,1991,0.0,0,0
archive-3511,Mark Carrier,FS,CHI,1992,0.0,0,0
archive-3511,Mark Carrier,FS,CHI,1993,0.0,0,0
archive-3511,Mark Carrier,FS,CHI,1994,0.0,0.0,2.0
archive-3511,Mark Carrier,FS,CHI,1995,0.0,0.0,0.0
archive-3511,Mark Carrier,FS,CHI,1996,0.0,0.0,2.0
archive-3511,Mark Carrier,FS,DET,1997,0.0,0.0,5.0
archive-3511,Mark Carrier,FS,DET,1998,0.0,0.0,3.0
archive-3514,Darren Carrington,DB,DEN,1989,0.0,0,0
archive-3514,Darren Carrington,DB,DET,1990,0.0,0,0
archive-3514,Darren Carrington,DB,LAC,1991,0.0,0,0
archive-3514,Darren Carrington,DB,LAC,1992,0.0,0,0
archive-3514,Darren Carrington,DB,LAC,1993,1.0,0,0
archive-3514,Darren Carrington,DB,LAC,1994,0.0,0.0,3.0
archive-3514,Darren Carrington,FS,JAX,1995,0.0,0.0,1.0
archive-3514,Darren Carrington,DB,ARI,1996,0.0,0.0,0.0
archive-3514,Darren Carrington,FS,LV,1996,0.0,0.0,1.0
archive-3522,Herman Carroll,DE,NO,1994,0.0,0.0,0.0
archive-3538,Harry Carson,LB,NYG,1982,3.0,0,0
archive-3538,Harry Carson,LB,NYG,1983,1.0,0,0
archive-3538,Harry Carson,LB,NYG,1984,0.0,0,0
archive-3538,Harry Carson,LB,NYG,1985,1.0,0,0
archive-3538,Harry Carson,LB,NYG,1986,2.0,0,0
archive-3538,Harry Carson,LB,NYG,1987,1.0,0,0
archive-3538,Harry Carson,LB,NYG,1988,0.0,0,0
archive-3539,Howard Carson,LB,LAR,1982,0.0,0,0
archive-3539,Howard Carson,LB,LAR,1983,0.0,0,0
archive-3547,Alex Carter,DE,CLE,1987,1.0,0,0
archive-3552,Bernard Carter,LB,JAX,1995,0.0,0.0,0.0
archive-3556,Carl Carter,DB,ARI,1986,0.0,0,0
archive-3556,Carl Carter,DB,ARI,1987,0.0,0,0
archive-3556,Carl Carter,CB,ARI,1988,0.0,0,0
archive-3556,Carl Carter,DB,ARI,1989,0.0,0,0
archive-3556,Carl Carter,CB,CIN,1990,0.0,0,0
archive-3556,Carl Carter,CB,TB,1991,0.0,0,0
archive-3556,Carl Carter,DB,GB,1992,0.0,0,0
archive-3558,Chris Carter,DB,NE,1997,0.0,0.0,0.0
archive-3558,Chris Carter,DB,NE,1998,1.0,0.0,0.0
archive-3561,Dale Carter,CB,KC,1992,0.0,0,0
archive-3561,Dale Carter,CB,KC,1993,0.0,0,0
archive-3561,Dale Carter,CB,KC,1994,0.0,0.0,2.0
archive-3561,Dale Carter,CB,KC,1995,0.0,0.0,4.0
archive-3561,Dale Carter,CB,KC,1996,0.0,0.0,3.0
archive-3561,Dale Carter,CB,KC,1997,0.0,0.0,2.0
archive-3561,Dale Carter,CB,KC,1998,0.0,0.0,2.0
archive-3562,Daryl Carter,LB,CHI,1997,0.0,0.0,0.0
archive-3574,Jimmie Carter,LB,ARI,1987,0.0,0,0
archive-3577,Jon Carter,DT,DAL,1989,0.0,0,0
archive-3581,Kevin Carter,DE,LAR,1995,6.0,0.0,0.0
archive-3581,Kevin Carter,DE,LAR,1996,9.5,0.0,0.0
archive-3581,Kevin Carter,DE,WAS,1996,0.0,0.0,0.0
archive-3581,Kevin Carter,DE,LAR,1997,7.5,0.0,0.0
archive-3581,Kevin Carter,DE,LAR,1998,12.0,0.0,0.0
archive-3585,Marty Carter,FS,TB,1991,0.0,0,0
archive-3585,Marty Carter,S,TB,1992,2.0,0,0
archive-3585,Marty Carter,S,TB,1993,0.0,0,0
archive-3585,Marty Carter,S,TB,1994,1.0,0.0,0.0
archive-3585,Marty Carter,S,CHI,1995,0.0,0.0,2.0
archive-3585,Marty Carter,S,CHI,1996,0.0,0.0,3.0
archive-3585,Marty Carter,S,CHI,1997,1.0,0.0,1.0
archive-3586,Michael Carter,NT,SF,1984,6.0,0,0
archive-3586,Michael Carter,NT,SF,1985,7.0,0,0
archive-3586,Michael Carter,NT,SF,1986,2.0,0,0
archive-3586,Michael Carter,NT,SF,1987,1.0,0,0
archive-3586,Michael Carter,NT,SF,1988,7.5,0,0
archive-3586,Michael Carter,NT,SF,1989,0.0,0,0
archive-3586,Michael Carter,NT,SF,1990,1.0,0,0
archive-3586,Michael Carter,NT,SF,1991,0.0,0,0
archive-3586,Michael Carter,NT,SF,1992,1.0,0,0
archive-3589,Perry Carter,CB,KC,1995,0.0,0.0,0.0
archive-3589,Perry Carter,CB,LV,1996,0.0,0.0,0.0
archive-3589,Perry Carter,CB,LV,1997,0.0,0.0,0.0
archive-3589,Perry Carter,DB,LV,1998,0.0,0.0,0.0
archive-3594,Rubin Carter,NT,DEN,1982,0.0,0,0
archive-3594,Rubin Carter,NT,DEN,1983,1.0,0,0
archive-3594,Rubin Carter,NT,DEN,1984,3.0,0,0
archive-3594,Rubin Carter,NT,DEN,1985,1.0,0,0
archive-3594,Rubin Carter,NT,DEN,1986,0.0,0,0
archive-3595,Russell Carter,CB,NYJ,1984,3.0,0,0
archive-3595,Russell Carter,CB,NYJ,1985,1.0,0,0
archive-3595,Russell Carter,DB,NYJ,1986,0.0,0,0
archive-3595,Russell Carter,DB,NYJ,1987,0.0,0,0
archive-3595,Russell Carter,S,LV,1988,2.0,0,0
archive-3595,Russell Carter,DB,LV,1989,0.0,0,0
archive-3600,Tom Carter,CB,WAS,1993,0.0,0,0
archive-3600,Tom Carter,CB,WAS,1994,0.0,0.0,3.0
archive-3600,Tom Carter,CB,WAS,1995,0.0,0.0,4.0
archive-3600,Tom Carter,CB,WAS,1996,0.0,0.0,5.0
archive-3600,Tom Carter,CB,CHI,1997,0.0,0.0,3.0
archive-3600,Tom Carter,CB,CHI,1998,0.0,0.0,2.0
archive-3605,Walter Carter,DE,TB,1987,0.0,0,0
archive-3607,Jason Carthen,LB,NE,1993,0.0,0,0
archive-3607,Jason Carthen,LB,NE,1994,0.0,0.0,0.0
archive-3614,Dale Carver,LB,CLE,1983,0.0,0,0
archive-3616,Shante Carver,DE,DAL,1994,0.0,0.0,0.0
archive-3616,Shante Carver,DE,DAL,1995,3.0,0.0,0.0
archive-3616,Shante Carver,DE,DAL,1996,4.0,0.0,0.0
archive-3616,Shante Carver,DE,DAL,1997,6.0,0.0,0.0
archive-3621,Chad Cascadden,LB,NYJ,1995,0.0,0.0,0.0
archive-3621,Chad Cascadden,LB,NYJ,1996,3.0,0.0,0.0
archive-3621,Chad Cascadden,LB,NYJ,1997,0.0,0.0,0.0
archive-3621,Chad Cascadden,LB,TB,1997,0.0,0.0,0.0
archive-3621,Chad Cascadden,LB,NYJ,1998,7.0,0.0,0.0
archive-3625,Scott Case,DB,ATL,1984,0.0,0,0
archive-3625,Scott Case,FS,ATL,1985,1.0,0,0
archive-3625,Scott Case,DB,ATL,1986,0.0,0,0
archive-3625,Scott Case,DB,ATL,1987,0.0,0,0
archive-3625,Scott Case,CB,ATL,1988,1.0,0,0
archive-3625,Scott Case,DB,ATL,1989,1.0,0,0
archive-3625,Scott Case,FS,ATL,1990,3.0,0,0
archive-3625,Scott Case,FS,ATL,1991,0.0,0,0
archive-3625,Scott Case,FS,ATL,1992,0.0,0,0
archive-3625,Scott Case,FS,ATL,1993,1.5,0,0
archive-3625,Scott Case,DB,ATL,1994,0.0,0.0,2.0
archive-3625,Scott Case,SAF,DAL,1995,0.0,0.0,0.0
archive-3644,Tony Casillas,DT,ATL,1986,1.0,0,0
archive-3644,Tony Casillas,DT,ATL,1987,2.0,0,0
archive-3644,Tony Casillas,DT,ATL,1988,2.0,0,0
archive-3644,Tony Casillas,DT,ATL,1989,2.0,0,0
archive-3644,Tony Casillas,DT,ATL,1990,1.0,0,0
archive-3644,Tony Casillas,DT,DAL,1991,2.5,0,0
archive-3644,Tony Casillas,DT,DAL,1992,6.0,0,0
archive-3644,Tony Casillas,DT,DAL,1993,2.5,0,0
archive-3644,Tony Casillas,DT,NYJ,1994,1.5,0.0,0.0
archive-3644,Tony Casillas,DT,NYJ,1995,3.0,0.0,0.0
archive-3644,Tony Casillas,DT,DAL,1996,0.0,0.0,0.0
archive-3644,Tony Casillas,DT,DAL,1997,3.0,0.0,0.0
archive-3649,Wendell Cason,CB,ATL,1985,0.0,0,0
archive-3649,Wendell Cason,DB,ATL,1986,0.0,0,0
archive-3649,Wendell Cason,DB,ATL,1987,0.0,0,0
archive-3665,Jeremiah Castille,CB,TB,1983,0.0,0,0
archive-3665,Jeremiah Castille,CB,TB,1984,0.0,0,0
archive-3665,Jeremiah Castille,CB,TB,1985,0.0,0,0
archive-3665,Jeremiah Castille,DB,TB,1986,0.0,0,0
archive-3665,Jeremiah Castille,DB,DEN,1987,0.0,0,0
archive-3665,Jeremiah Castille,CB,DEN,1988,0.0,0,0
archive-3669,Eric Castle,DB,LAC,1993,0.0,0,0
archive-3669,Eric Castle,DB,LAC,1994,0.0,0.0,0.0
archive-3669,Eric Castle,DB,LAC,1995,0.0,0.0,0.0
archive-3669,Eric Castle,DB,LAC,1996,0.0,0.0,0.0
archive-3670,Toby Caston,LB,TEN,1987,0.0,0,0
archive-3670,Toby Caston,LB,TEN,1988,0.0,0,0
archive-3670,Toby Caston,LB,DET,1989,0.0,0,0
archive-3670,Toby Caston,LB,DET,1990,0.0,0,0
archive-3670,Toby Caston,LB,DET,1991,0.0,0,0
archive-3670,Toby Caston,LB,DET,1992,0.0,0,0
archive-3670,Toby Caston,LB,DET,1993,0.0,0,0
archive-3675,Alcides Catanho,LB,NE,1995,0.0,0.0,0.0
archive-3675,Alcides Catanho,LB,WAS,1996,0.0,0.0,0.0
archive-3676,Mark Catano,NT,PIT,1984,0.0,0,0
archive-3676,Mark Catano,NT,PIT,1985,3.0,0,0
archive-3676,Mark Catano,NT,BUF,1986,0.0,0,0
archive-3679,Toney Catchings,LB,CIN,1987,2.5,0,0
archive-3682,Thomas Caterbone,DB,PHI,1987,0.0,0,0
archive-3693,Jim Caver,DB,DET,1983,0.0,0,0
archive-3703,Chuck Cecil,DB,GB,1988,0.0,0,0
archive-3703,Chuck Cecil,DB,GB,1989,0.0,0,0
archive-3703,Chuck Cecil,FS,GB,1990,0.0,0,0
archive-3703,Chuck Cecil,FS,GB,1991,0.0,0,0
archive-3703,Chuck Cecil,FS,GB,1992,0.0,0,0
archive-3703,Chuck Cecil,FS,ARI,1993,0.0,0,0
archive-3703,Chuck Cecil,FS,TEN,1995,0.0,0.0,3.0
archive-3724,Mike Chalenski,DE,PHI,1993,0.0,0,0
archive-3724,Mike Chalenski,DE,PHI,1995,0.0,0.0,0.0
archive-3724,Mike Chalenski,DE,NYJ,1996,0.5,0.0,0.0
archive-3724,Mike Chalenski,DE,MIA,1997,0.0,0.0,0.0
archive-3737,Al Chamblee ,LB,TB,1991,1.0,0,0
archive-3737,Al Chamblee ,LB,TB,1992,1.0,0,0
archive-3759,Clarence Chapman,DB,DET,1985,0.0,0,0
archive-3766,Ted Chapman,DE,LV,1987,0.0,0,0
archive-3771,Dick Chapura ,DT,CHI,1987,0.0,0,0
archive-3771,Dick Chapura ,DT,CHI,1988,2.0,0,0
archive-3771,Dick Chapura ,DT,CHI,1989,3.0,0,0
archive-3771,Dick Chapura ,DT,ARI,1990,0.0,0,0
archive-3771,Dick Chapura ,DT,PHI,1990,1.0,0,0
archive-3774,Mike Charles,NT,MIA,1983,3.0,0,0
archive-3774,Mike Charles,NT,MIA,1984,3.0,0,0
archive-3774,Mike Charles,NT,MIA,1985,7.0,0,0
archive-3774,Mike Charles,NT,MIA,1986,0.0,0,0
archive-3774,Mike Charles,NT,LAC,1987,1.0,0,0
archive-3774,Mike Charles,NT,LAC,1988,0.0,0,0
archive-3774,Mike Charles,NT,LAC,1989,0.0,0,0
archive-3774,Mike Charles,NT,LV,1990,0.0,0,0
archive-3774,Mike Charles,NT,LAR,1991,0.0,0,0
archive-3779,Clifford Charlton,LB,CLE,1988,0.0,0,0
archive-3779,Clifford Charlton,LB,CLE,1989,1.0,0,0
archive-3791,Ricky Chatman,LB,IND,1987,1.0,0,0
archive-3792,Laz Chavez,LB,MIA,1987,0.0,0,0
archive-3794,Barney Chavous,DE,DEN,1982,5.0,0,0
archive-3794,Barney Chavous,DE,DEN,1983,4.5,0,0
archive-3794,Barney Chavous,DE,DEN,1984,7.5,0,0
archive-3794,Barney Chavous,DE,DEN,1985,6.0,0,0
archive-3795,Corey Chavous,CB,ARI,1998,0.0,0.0,2.0
archive-3812,Deron Cherry,DB,KC,1982,0.0,0,0
archive-3812,Deron Cherry,FS,KC,1983,1.5,0,0
archive-3812,Deron Cherry,FS,KC,1984,0.0,0,0
archive-3812,Deron Cherry,FS,KC,1985,0.0,0,0
archive-3812,Deron Cherry,DB,KC,1986,1.0,0,0
archive-3812,Deron Cherry,DB,KC,1987,0.0,0,0
archive-3812,Deron Cherry,FS,KC,1988,0.0,0,0
archive-3812,Deron Cherry,FS,KC,1989,1.0,0,0
archive-3812,Deron Cherry,FS,KC,1990,0.0,0,0
archive-3812,Deron Cherry,FS,KC,1991,0.0,0,0
archive-3814,Je'Rod Cherry,DB,NO,1996,0.0,0.0,0.0
archive-3814,Je'Rod Cherry,DB,NO,1997,0.0,0.0,0.0
archive-3814,Je'Rod Cherry,DB,NO,1998,2.0,0.0,0.0
archive-3816,Raphel Cherry,S,WAS,1985,0.0,0,0
archive-3816,Raphel Cherry,DB,DET,1987,0.0,0,0
archive-3816,Raphel Cherry,DB,DET,1988,0.0,0,0
archive-3821,Al Chesley,LB,CHI,1982,0.0,0,0
archive-3821,Al Chesley,LB,PHI,1982,0.0,0,0
archive-3829,Larry Chester,DT,IND,1998,3.0,0.0,0.0
archive-3841,Tony Chickillo,NT,LAC,1984,0.0,0,0
archive-3841,Tony Chickillo,NT,LAC,1985,0.0,0,0
archive-3841,Tony Chickillo,NT,NYJ,1987,0.0,0,0
archive-3846,Ray Childress,DT,TEN,1985,3.5,0,0
archive-3846,Ray Childress,DT,TEN,1986,5.0,0,0
archive-3846,Ray Childress,DT,TEN,1987,7.0,0,0
archive-3846,Ray Childress,DT,TEN,1988,9.5,0,0
archive-3846,Ray Childress,DT,TEN,1989,8.5,0,0
archive-3846,Ray Childress,DT,TEN,1990,8.0,0,0
archive-3846,Ray Childress,DT,TEN,1991,7.0,0,0
archive-3846,Ray Childress,DT,TEN,1992,13.0,0,0
archive-3846,Ray Childress,DT,TEN,1993,9.0,0,0
archive-3846,Ray Childress,DT,TEN,1994,6.0,0.0,0.0
archive-3846,Ray Childress,DT,TEN,1995,1.0,0.0,0.0
archive-3846,Ray Childress,DT,DAL,1996,1.0,0.0,0.0
archive-3851,Ron Childs,LB,NO,1995,0.0,0.0,0.0
archive-3860,Putt Choate,LB,GB,1987,0.0,0,0
archive-3865,Jason Chorak,DE,IND,1998,1.0,0.0,0.0
archive-3886,Herb Christopher,CB,KC,1982,0.0,0,0
archive-3928,Sam Clancy,DE,SEA,1983,1.0,0,0
archive-3928,Sam Clancy,DE,CLE,1985,1.0,0,0
archive-3928,Sam Clancy,DE,CLE,1986,8.5,0,0
archive-3928,Sam Clancy,DE,CLE,1987,3.0,0,0
archive-3928,Sam Clancy,DE,CLE,1988,4.5,0,0
archive-3928,Sam Clancy,DE,IND,1989,0.5,0,0
archive-3928,Sam Clancy,DE,IND,1990,7.5,0,0
archive-3928,Sam Clancy,DE,IND,1991,2.5,0,0
archive-3928,Sam Clancy,DE,IND,1992,4.5,0,0
archive-3928,Sam Clancy,DE,IND,1993,1.0,0,0
archive-3931,Chuck Clanton,DB,GB,1985,0.0,0,0
archive-3939,Bernard Clark,LB,CIN,1990,0.0,0,0
archive-3939,Bernard Clark,LB,CIN,1991,0.0,0,0
archive-3939,Bernard Clark,LB,SEA,1991,0.0,0,0
archive-3944,Bret Clark,DB,ATL,1986,1.0,0,0
archive-3944,Bret Clark,DB,ATL,1987,0.0,0,0
archive-3944,Bret Clark,FS,ATL,1988,0.0,0,0
archive-3947,Bruce Clark,DE,NO,1982,5.5,0,0
archive-3947,Bruce Clark,DE,NO,1983,4.5,0,0
archive-3947,Bruce Clark,DE,NO,1984,10.5,0,0
archive-3947,Bruce Clark,DE,NO,1985,8.5,0,0
archive-3947,Bruce Clark,DE,NO,1986,6.0,0,0
archive-3947,Bruce Clark,DE,NO,1987,5.0,0,0
archive-3947,Bruce Clark,DE,NO,1988,0.0,0,0
archive-3947,Bruce Clark,DE,KC,1989,0.0,0,0
archive-3954,Dan Clark,LB,LAR,1987,0.0,0,0
archive-3961,Dexter Clark,DB,DET,1987,0.0,0,0
archive-3969,Greg Clark,LB,CHI,1988,0.0,0,0
archive-3969,Greg Clark,LB,MIA,1989,0.0,0,0
archive-3969,Greg Clark,LB,LAR,1990,0.0,0,0
archive-3969,Greg Clark,LB,GB,1991,0.0,0,0
archive-3969,Greg Clark,LB,LAC,1991,0.0,0,0
archive-3969,Greg Clark,LB,SEA,1992,0.0,0,0
archive-3984,Kevin Clark,DB,DEN,1987,0.0,0,0
archive-3984,Kevin Clark,DB,DEN,1988,0.0,0,0
archive-3984,Kevin Clark,DB,DEN,1990,0.0,0,0
archive-3984,Kevin Clark,DB,DEN,1991,0.0,0,0
archive-3988,Mario Clark,CB,BUF,1982,0.0,0,0
archive-3988,Mario Clark,CB,BUF,1983,0.0,0,0
archive-3988,Mario Clark,CB,SF,1984,1.0,0,0
archive-3990,Mike Clark,DE,SF,1982,0.0,0,0
archive-3990,Mike Clark,DE,TB,1987,1.0,0,0
archive-3996,Reggie Clark,LB,PIT,1994,0.0,0.0,0.0
archive-3996,Reggie Clark,LB,JAX,1995,0.0,0.0,0.0
archive-3996,Reggie Clark,LB,JAX,1996,0.0,0.0,0.0
archive-3997,Rico Clark,DB,IND,1997,0.0,0.0,1.0
archive-3997,Rico Clark,DB,IND,1998,0.0,0.0,1.0
archive-4000,Sedric Clark,LB,BAL,1996,0.0,0.0,0.0
archive-4004,Steve Clark,FS,BUF,1987,0.0,0,0
archive-4005,Torin Clark,DB,TB,1987,0.0,0,0
archive-4006,Vinnie Clark,CB,GB,1991,0.0,0,0
archive-4006,Vinnie Clark,CB,GB,1992,0.0,0,0
archive-4006,Vinnie Clark,CB,ATL,1993,0.0,0,0
archive-4006,Vinnie Clark,CB,ATL,1994,0.0,0.0,4.0
archive-4006,Vinnie Clark,CB,NO,1994,0.0,0.0,1.0
archive-4006,Vinnie Clark,CB,JAX,1995,0.0,0.0,1.0
archive-4006,Vinnie Clark,CB,JAX,1996,0.0,0.0,1.0
archive-4009,Willie Clark,DB,LAC,1994,0.0,0.0,0.0
archive-4009,Willie Clark,DB,LAC,1995,0.0,0.0,2.0
archive-4009,Willie Clark,DB,LAC,1996,0.0,0.0,2.0
archive-4009,Willie Clark,DB,PHI,1997,0.0,0.0,0.0
archive-4009,Willie Clark,DB,LAC,1998,0.0,0.0,0.0
archive-4015,Ken Clarke,NT,PHI,1982,4.5,0,0
archive-4015,Ken Clarke,NT,PHI,1983,1.0,0,0
archive-4015,Ken Clarke,NT,PHI,1984,10.5,0,0
archive-4015,Ken Clarke,NT,PHI,1985,7.0,0,0
archive-4015,Ken Clarke,NT,PHI,1986,8.0,0,0
archive-4015,Ken Clarke,NT,PHI,1987,1.5,0,0
archive-4015,Ken Clarke,NT,SEA,1988,3.0,0,0
archive-4015,Ken Clarke,NT,MIN,1989,2.0,0,0
archive-4015,Ken Clarke,NT,MIN,1990,7.0,0,0
archive-4015,Ken Clarke,NT,MIN,1991,0.0,0,0
archive-4020,Conrad Clarks,DB,IND,1995,0.0,0.0,0.0
archive-4023,Bob Clasby,DT,ARI,1986,3.0,0,0
archive-4023,Bob Clasby,DT,ARI,1987,4.5,0,0
archive-4023,Bob Clasby,DT,ARI,1988,5.0,0,0
archive-4023,Bob Clasby,DT,ARI,1989,2.0,0,0
archive-4023,Bob Clasby,DT,ARI,1990,0.0,0,0
archive-4028,Shannon Clavelle,DE,GB,1995,0.0,0.0,0.0
archive-4028,Shannon Clavelle,DE,GB,1996,0.5,0.0,0.0
archive-4028,Shannon Clavelle,DE,GB,1997,0.0,0.0,0.0
archive-4028,Shannon Clavelle,DE,KC,1997,0.0,0.0,0.0
archive-4041,Willie Clay,DB,DET,1992,0.0,0,0
archive-4041,Willie Clay,DB,DET,1993,1.0,0,0
archive-4041,Willie Clay,S,DET,1994,0.0,0.0,3.0
archive-4041,Willie Clay,FS,DET,1995,0.0,0.0,8.0
archive-4041,Willie Clay,DB,BUF,1996,0.0,0.0,0.0
archive-4041,Willie Clay,FS,NE,1996,0.0,0.0,6.0
archive-4041,Willie Clay,FS,NE,1997,0.0,0.0,6.0
archive-4041,Willie Clay,FS,NE,1998,0.0,0.0,3.0
archive-4043,Raymond Clayborn,CB,NE,1982,0.0,0,0
archive-4043,Raymond Clayborn,CB,NE,1983,0.0,0,0
archive-4043,Raymond Clayborn,CB,NE,1984,0.0,0,0
archive-4043,Raymond Clayborn,CB,NE,1985,0.0,0,0
archive-4043,Raymond Clayborn,DB,NE,1986,0.0,0,0
archive-4043,Raymond Clayborn,DB,NE,1987,0.0,0,0
archive-4043,Raymond Clayborn,CB,NE,1988,0.0,0,0
archive-4043,Raymond Clayborn,CB,NE,1989,0.0,0,0
archive-4043,Raymond Clayborn,CB,CLE,1990,0.0,0,0
archive-4043,Raymond Clayborn,DB,CLE,1991,0.0,0,0
archive-4048,Harvey Clayton,DB,PIT,1983,2.0,0,0
archive-4048,Harvey Clayton,DB,PIT,1984,1.0,0,0
archive-4048,Harvey Clayton,CB,PIT,1985,0.0,0,0
archive-4048,Harvey Clayton,DB,PIT,1986,0.0,0,0
archive-4048,Harvey Clayton,DB,NYG,1987,0.0,0,0
archive-4075,Charlie Clemons,LB,LAR,1997,0.0,0.0,0.0
archive-4075,Charlie Clemons,LB,LAR,1998,2.0,0.0,0.0
archive-4079,Duane Clemons,DE,MIN,1996,0.0,0.0,0.0
archive-4079,Duane Clemons,DE,MIN,1997,7.0,0.0,0.0
archive-4079,Duane Clemons,DE,MIN,1998,2.5,0.0,0.0
archive-4089,Greg Cleveland,NT,MIA,1987,0.0,0,0
archive-4092,Kyle Clifton,LB,NYJ,1984,0.0,0,0
archive-4092,Kyle Clifton,LB,NYJ,1985,0.0,0,0
archive-4092,Kyle Clifton,LB,NYJ,1986,0.0,0,0
archive-4092,Kyle Clifton,LB,NYJ,1987,0.0,0,0
archive-4092,Kyle Clifton,LB,NYJ,1988,0.0,0,0
archive-4092,Kyle Clifton,LB,NYJ,1989,2.0,0,0
archive-4092,Kyle Clifton,LB,NYJ,1990,0.5,0,0
archive-4092,Kyle Clifton,LB,NYJ,1991,1.0,0,0
archive-4092,Kyle Clifton,LB,NYJ,1992,1.0,0,0
archive-4092,Kyle Clifton,LB,NYJ,1993,1.0,0,0
archive-4092,Kyle Clifton,LB,NYJ,1994,0.0,0.0,0.0
archive-4092,Kyle Clifton,LB,NYJ,1995,0.0,0.0,0.0
archive-4092,Kyle Clifton,LB,NYJ,1996,0.0,0.0,0.0
archive-4095,Jackie Cline,DE,MIA,1987,0.0,0,0
archive-4095,Jackie Cline,DE,PIT,1987,0.0,0,0
archive-4095,Jackie Cline,DE,MIA,1988,4.0,0,0
archive-4095,Jackie Cline,DE,MIA,1989,1.0,0,0
archive-4095,Jackie Cline,DE,DET,1990,1.0,0,0
archive-4099,Dextor Clinkscale,DB,DAL,1982,2.0,0,0
archive-4099,Dextor Clinkscale,S,DAL,1983,2.0,0,0
archive-4099,Dextor Clinkscale,S,DAL,1984,1.0,0,0
archive-4099,Dextor Clinkscale,S,DAL,1985,2.0,0,0
archive-4099,Dextor Clinkscale,DB,IND,1986,0.0,0,0
archive-4101,Charles Clinton,DB,TEN,1987,0.0,0,0
archive-4116,Dexter Coakley,LB,DAL,1997,2.5,0.0,1.0
archive-4116,Dexter Coakley,LB,DAL,1998,2.0,0.0,1.0
archive-4127,Garry Cobb,LB,DET,1982,0.0,0,0
archive-4127,Garry Cobb,LB,DET,1983,1.0,0,0
archive-4127,Garry Cobb,LB,DET,1984,3.0,0,0
archive-4127,Garry Cobb,LB,PHI,1985,5.0,0,0
archive-4127,Garry Cobb,LB,PHI,1986,6.0,0,0
archive-4127,Garry Cobb,LB,PHI,1987,1.0,0,0
archive-4127,Garry Cobb,LB,DAL,1988,7.5,0,0
archive-4127,Garry Cobb,LB,DAL,1989,0.0,0,0
archive-4132,Robert Cobb,DE,MIN,1984,1.0,0,0
archive-4135,Lyron Cobbins,LB,ARI,1997,0.0,0.0,0.0
archive-4138,Duffy Cobbs,DB,NE,1987,0.0,0,0
archive-4153,Sherman Cocroft,DB,KC,1985,0.0,0,0
archive-4153,Sherman Cocroft,DB,KC,1986,0.0,0,0
archive-4153,Sherman Cocroft,DB,KC,1987,0.0,0,0
archive-4153,Sherman Cocroft,DB,BUF,1988,0.0,0,0
archive-4153,Sherman Cocroft,DB,TB,1989,0.0,0,0
archive-4165,Joe Cofer,DB,WAS,1987,2.0,0,0
archive-4166,Mike Cofer,LB,DET,1983,4.5,0,0
archive-4166,Mike Cofer,LB,DET,1984,7.0,0,0
archive-4166,Mike Cofer,LB,DET,1985,1.0,0,0
archive-4166,Mike Cofer,LB,DET,1986,7.5,0,0
archive-4166,Mike Cofer,LB,DET,1987,8.5,0,0
archive-4166,Mike Cofer,LB,DET,1988,12.0,0,0
archive-4166,Mike Cofer,LB,DET,1989,9.0,0,0
archive-4166,Mike Cofer,LB,DET,1990,10.0,0,0
archive-4166,Mike Cofer,LB,DET,1991,1.0,0,0
archive-4166,Mike Cofer,LB,DET,1992,2.0,0,0
archive-4172,Ken Coffey,S,WAS,1983,1.0,0,0
archive-4172,Ken Coffey,S,WAS,1984,0.0,0,0
archive-4172,Ken Coffey,DB,WAS,1986,0.0,0,0
archive-4178,Tim Cofield,LB,KC,1986,5.0,0,0
archive-4178,Tim Cofield,LB,KC,1987,0.0,0,0
archive-4178,Tim Cofield,LB,KC,1988,3.5,0,0
archive-4178,Tim Cofield,LB,BUF,1989,1.0,0,0
archive-4178,Tim Cofield,LB,NYJ,1989,0.0,0,0
archive-4180,George Coghill,DB,DEN,1998,0.0,0.0,1.0
archive-4187,Will Cokeley,LB,BUF,1987,0.0,0,0
archive-4210,Lee Cole,CB,TEN,1996,0.0,0.0,0.0
archive-4215,Robin Cole,LB,PIT,1982,5.0,0,0
archive-4215,Robin Cole,LB,PIT,1983,6.0,0,0
archive-4215,Robin Cole,LB,PIT,1984,2.0,0,0
archive-4215,Robin Cole,LB,PIT,1985,3.0,0,0
archive-4215,Robin Cole,LB,PIT,1986,0.5,0,0
archive-4215,Robin Cole,LB,PIT,1987,1.0,0,0
archive-4215,Robin Cole,LB,NYJ,1988,3.0,0,0
archive-4223,Anthony Coleman,DB,DAL,1987,0.0,0,0
archive-4233,Dan Coleman,DE,MIN,1987,2.0,0,0
archive-4240,Eric Coleman,DB,NE,1989,0.0,0,0
archive-4240,Eric Coleman,DB,NE,1990,0.0,0,0
archive-4249,Keo Coleman,LB,NYJ,1992,0.0,0,0
archive-4249,Keo Coleman,LB,GB,1993,0.0,0,0
archive-4251,Leonard Coleman,DB,IND,1985,0.0,0,0
archive-4251,Leonard Coleman,DB,IND,1986,0.0,0,0
archive-4251,Leonard Coleman,DB,IND,1987,0.0,0,0
archive-4251,Leonard Coleman,DB,LAC,1988,0.0,0,0
archive-4251,Leonard Coleman,DB,LAC,1989,0.0,0,0
archive-4253,Marco Coleman,DE,MIA,1992,7.0,0,0
archive-4253,Marco Coleman,DE,MIA,1993,5.5,0,0
archive-4253,Marco Coleman,DE,MIA,1994,8.0,0.0,0.0
archive-4253,Marco Coleman,DE,MIA,1995,6.5,0.0,0.0
archive-4253,Marco Coleman,DE,LAC,1996,4.0,0.0,0.0
archive-4253,Marco Coleman,DE,LAC,1997,2.0,0.0,1.0
archive-4253,Marco Coleman,DE,LAC,1998,3.5,0.0,0.0
archive-4254,Marcus Coleman,CB,NYJ,1996,0.0,0.0,1.0
archive-4254,Marcus Coleman,DB,NYJ,1997,0.0,0.0,1.0
archive-4254,Marcus Coleman,DB,TB,1997,0.0,0.0,0.0
archive-4254,Marcus Coleman,DB,NYJ,1998,0.0,0.0,0.0
archive-4255,Monte Coleman,LB,WAS,1982,1.0,0,0
archive-4255,Monte Coleman,LB,WAS,1983,3.0,0,0
archive-4255,Monte Coleman,LB,WAS,1984,10.5,0,0
archive-4255,Monte Coleman,LB,WAS,1985,1.0,0,0
archive-4255,Monte Coleman,LB,WAS,1986,3.0,0,0
archive-4255,Monte Coleman,LB,WAS,1987,4.5,0,0
archive-4255,Monte Coleman,LB,WAS,1988,3.0,0,0
archive-4255,Monte Coleman,LB,WAS,1989,4.0,0,0
archive-4255,Monte Coleman,LB,WAS,1990,4.0,0,0
archive-4255,Monte Coleman,LB,WAS,1991,4.5,0,0
archive-4255,Monte Coleman,LB,WAS,1992,3.0,0,0
archive-4255,Monte Coleman,LB,WAS,1993,6.0,0,0
archive-4255,Monte Coleman,LB,WAS,1994,0.5,0.0,0.0
archive-4261,Sidney Coleman,LB,TB,1988,0.0,0,0
archive-4261,Sidney Coleman,LB,TB,1989,0.0,0,0
archive-4261,Sidney Coleman,LB,TB,1990,0.0,0,0
archive-4261,Sidney Coleman,LB,ARI,1991,0.0,0,0
archive-4261,Sidney Coleman,LB,TB,1992,0.0,0,0
archive-4272,Stalin Colinet,DT,MIN,1997,0.0,0.0,0.0
archive-4272,Stalin Colinet,DT,MIN,1998,1.0,0.0,0.0
archive-4284,Tim Collier,DB,ARI,1982,0.0,0,0
archive-4284,Tim Collier,CB,SF,1982,0.0,0,0
archive-4284,Tim Collier,CB,SF,1983,0.0,0,0
archive-4286,Andre Collins,LB,WAS,1990,6.5,0,0
archive-4286,Andre Collins,LB,WAS,1991,4.0,0,0
archive-4286,Andre Collins,LB,WAS,1992,2.0,0,0
archive-4286,Andre Collins,LB,WAS,1993,6.0,0,0
archive-4286,Andre Collins,LB,WAS,1994,1.5,0.0,4.0
archive-4286,Andre Collins,LB,CIN,1995,4.0,0.0,2.0
archive-4286,Andre Collins,LB,CIN,1996,0.0,0.0,0.0
archive-4286,Andre Collins,LB,LAC,1996,0.0,0.0,0.0
archive-4286,Andre Collins,LB,CIN,1997,3.0,0.0,0.0
archive-4286,Andre Collins,LB,MIN,1997,0.0,0.0,0.0
archive-4286,Andre Collins,LB,NE,1997,0.0,0.0,0.0
archive-4286,Andre Collins,LB,CHI,1998,0.0,0.0,3.0
archive-4292,Brett Collins,LB,GB,1992,0.0,0,0
archive-4292,Brett Collins,LB,GB,1993,0.0,0,0
archive-4292,Brett Collins,LB,LAR,1993,0.0,0,0
archive-4292,Brett Collins,LB,LAR,1994,0.0,0.0,0.0
archive-4298,Fabray Collins,LB,MIN,1987,0.0,0,0
archive-4301,Gerald Collins,LB,CIN,1995,0.0,0.0,0.0
archive-4302,Glen Collins,DE,CIN,1982,1.0,0,0
archive-4302,Glen Collins,DE,CIN,1983,5.0,0,0
archive-4302,Glen Collins,DE,CIN,1984,3.0,0,0
archive-4302,Glen Collins,DE,CIN,1985,0.0,0,0
archive-4302,Glen Collins,DE,SF,1987,2.0,0,0
archive-4311,Jim Collins,LB,LAR,1982,0.0,0,0
archive-4311,Jim Collins,LB,LAR,1983,1.0,0,0
archive-4311,Jim Collins,LB,LAR,1984,1.5,0,0
archive-4311,Jim Collins,LB,LAR,1985,2.0,0,0
archive-4311,Jim Collins,LB,LAR,1987,1.0,0,0
archive-4311,Jim Collins,LB,LAR,1988,0.0,0,0
archive-4311,Jim Collins,LB,LAC,1989,0.0,0,0
archive-4313,Kirk Collins,DB,LAR,1982,0.0,0,0
archive-4313,Kirk Collins,CB,LAR,1983,0.0,0,0
archive-4318,Mark Collins,DB,NYG,1986,0.0,0,0
archive-4318,Mark Collins,DB,NYG,1987,1.5,0,0
archive-4318,Mark Collins,CB,NYG,1988,0.0,0,0
archive-4318,Mark Collins,CB,NYG,1989,1.0,0,0
archive-4318,Mark Collins,CB,NYG,1990,0.0,0,0
archive-4318,Mark Collins,CB,NYG,1991,0.0,0,0
archive-4318,Mark Collins,CB,NYG,1992,0.0,0,0
archive-4318,Mark Collins,CB,NYG,1993,1.0,0,0
archive-4318,Mark Collins,CB,KC,1994,2.0,0.0,2.0
archive-4318,Mark Collins,FS,KC,1995,0.0,0.0,2.0
archive-4318,Mark Collins,FS,KC,1996,1.0,0.0,6.0
archive-4318,Mark Collins,DB,GB,1997,0.0,0.0,0.0
archive-4318,Mark Collins,DB,SEA,1998,1.5,0.0,1.0
archive-4327,Roosevelt Collins,LB,MIA,1992,0.0,0,0
archive-4329,Shane Collins,DE,WAS,1992,1.0,0,0
archive-4329,Shane Collins,DE,WAS,1993,0.0,0,0
archive-4329,Shane Collins,DE,WAS,1994,0.0,0.0,0.0
archive-4332,Todd Collins,LB,NE,1993,1.0,0,0
archive-4332,Todd Collins,LB,NE,1996,0.0,0.0,1.0
archive-4332,Todd Collins,LB,NE,1997,1.5,0.0,1.0
archive-4335,Trent Collins,DB,NYJ,1987,0.0,0,0
archive-4337,Ferric Collons,DE,NE,1995,4.0,0.0,0.0
archive-4337,Ferric Collons,DE,BUF,1996,0.0,0.0,0.0
archive-4337,Ferric Collons,DE,NE,1996,1.5,0.0,0.0
archive-4337,Ferric Collons,DE,NE,1997,1.0,0.0,0.0
archive-4338,Doug Colman,LB,NYG,1996,0.0,0.0,0.0
archive-4338,Doug Colman,LB,NYG,1997,0.0,0.0,0.0
archive-4338,Doug Colman,LB,NYG,1998,0.0,0.0,0.0
archive-4343,Harry Colon,S,NE,1991,0.0,0,0
archive-4343,Harry Colon,DB,DET,1992,0.0,0,0
archive-4343,Harry Colon,FS,DET,1993,1.0,0,0
archive-4343,Harry Colon,DB,DET,1994,0.0,0.0,1.0
archive-4343,Harry Colon,S,JAX,1995,0.0,0.0,3.0
archive-4343,Harry Colon,DB,DET,1997,0.0,0.0,0.0
archive-4345,Tony Colorito,NT,DEN,1986,0.0,0,0
archive-4351,Tim Colston,NT,CAR,1996,0.0,0.0,0.0
archive-4352,Jeff Colter,DB,MIN,1984,0.0,0,0
archive-4352,Jeff Colter,DB,KC,1987,0.0,0,0
archive-4358,Neal Colzie,S,TB,1982,2.0,0,0
archive-4358,Neal Colzie,S,TB,1983,0.0,0,0
archive-4363,Darren Comeaux,LB,DEN,1982,0.0,0,0
archive-4363,Darren Comeaux,LB,DEN,1983,0.0,0,0
archive-4363,Darren Comeaux,LB,DEN,1984,1.0,0,0
archive-4363,Darren Comeaux,LB,DEN,1985,0.0,0,0
archive-4363,Darren Comeaux,LB,DEN,1986,1.0,0,0
archive-4363,Darren Comeaux,LB,SF,1987,0.0,0,0
archive-4363,Darren Comeaux,LB,SEA,1988,0.0,0,0
archive-4363,Darren Comeaux,LB,SEA,1989,0.0,0,0
archive-4363,Darren Comeaux,LB,SEA,1990,1.0,0,0
archive-4363,Darren Comeaux,LB,SEA,1991,0.5,0,0
archive-4374,Chuck Compton,DB,GB,1987,0.0,0,0
archive-4398,Shane Conlan,LB,BUF,1987,0.5,0,0
archive-4398,Shane Conlan,LB,BUF,1988,1.5,0,0
archive-4398,Shane Conlan,LB,BUF,1989,1.0,0,0
archive-4398,Shane Conlan,LB,BUF,1990,1.0,0,0
archive-4398,Shane Conlan,LB,BUF,1991,0.0,0,0
archive-4398,Shane Conlan,LB,BUF,1992,2.0,0,0
archive-4398,Shane Conlan,LB,LAR,1993,0.0,0,0
archive-4398,Shane Conlan,LB,LAR,1994,1.0,0.0,0.0
archive-4398,Shane Conlan,LB,LAR,1995,0.0,0.0,1.0
archive-4404,Steve Conley,LB,PIT,1996,0.0,0.0,0.0
archive-4404,Steve Conley,LB,CIN,1997,0.0,0.0,0.0
archive-4404,Steve Conley,LB,NYJ,1997,0.0,0.0,0.0
archive-4404,Steve Conley,LB,PIT,1997,4.0,0.0,1.0
archive-4407,Ray Conlin,DT,PHI,1987,0.0,0,0
archive-4417,Darion Conner,LB,ATL,1990,2.0,0,0
archive-4417,Darion Conner,LB,ATL,1991,3.5,0,0
archive-4417,Darion Conner,LB,ATL,1992,7.0,0,0
archive-4417,Darion Conner,LB,ATL,1993,1.5,0,0
archive-4417,Darion Conner,LB,NO,1994,10.5,0.0,1.0
archive-4417,Darion Conner,LB,CAR,1995,7.0,0.0,0.0
archive-4417,Darion Conner,LB,PHI,1996,0.0,0.0,0.0
archive-4417,Darion Conner,LB,GB,1997,0.0,0.0,0.0
archive-4417,Darion Conner,LB,PHI,1997,1.5,0.0,0.0
archive-4432,Frank Conover,DT,CLE,1991,1.0,0,0
archive-4453,Anthony Cook,DE,TEN,1995,4.5,0.0,0.0
archive-4453,Anthony Cook,DE,TEN,1996,7.5,0.0,0.0
archive-4453,Anthony Cook,DE,BUF,1997,0.0,0.0,0.0
archive-4453,Anthony Cook,DE,MIA,1997,0.0,0.0,0.0
archive-4453,Anthony Cook,DE,TEN,1997,0.0,0.0,0.0
archive-4453,Anthony Cook,DE,TEN,1998,2.0,0.0,0.0
archive-4454,Charles Cook,DE,NYG,1983,0.0,0,0
archive-4477,Toi Cook,DB,NO,1987,0.0,0,0
archive-4477,Toi Cook,DB,NO,1988,0.0,0,0
archive-4477,Toi Cook,DB,NO,1989,1.0,0,0
archive-4477,Toi Cook,CB,NO,1990,1.0,0,0
archive-4477,Toi Cook,CB,NO,1991,0.0,0,0
archive-4477,Toi Cook,CB,NO,1992,1.0,0,0
archive-4477,Toi Cook,CB,NO,1993,1.0,0,0
archive-4477,Toi Cook,DB,SF,1994,0.0,0.0,2.0
archive-4477,Toi Cook,DB,SF,1995,0.0,0.0,0.0
archive-4477,Toi Cook,DB,CAR,1996,4.0,0.0,3.0
archive-4477,Toi Cook,DB,KC,1996,0.0,0.0,0.0
archive-4477,Toi Cook,DB,CAR,1997,1.0,0.0,0.0
archive-4481,Johnie Cooks,LB,IND,1982,1.5,0,0
archive-4481,Johnie Cooks,LB,IND,1983,5.0,0,0
archive-4481,Johnie Cooks,LB,IND,1984,11.5,0,0
archive-4481,Johnie Cooks,LB,IND,1985,5.0,0,0
archive-4481,Johnie Cooks,LB,IND,1986,1.0,0,0
archive-4481,Johnie Cooks,LB,IND,1987,5.0,0,0
archive-4481,Johnie Cooks,LB,IND,1988,0.0,0,0
archive-4481,Johnie Cooks,LB,NYG,1988,1.0,0,0
archive-4481,Johnie Cooks,LB,NYG,1989,1.0,0,0
archive-4481,Johnie Cooks,LB,NYG,1990,1.0,0,0
archive-4481,Johnie Cooks,LB,CLE,1991,0.0,0,0
archive-4482,Kerry Cooks,DB,GB,1998,0.0,0.0,0.0
archive-4483,Rayford Cooks,DE,TEN,1987,2.0,0,0
archive-4484,Terrence Cooks,LB,NE,1989,0.0,0,0
archive-4503,Evan Cooper,DB,PHI,1984,0.0,0,0
archive-4503,Evan Cooper,DB,PHI,1985,1.0,0,0
archive-4503,Evan Cooper,DB,PHI,1986,1.0,0,0
archive-4503,Evan Cooper,DB,PHI,1987,0.0,0,0
archive-4503,Evan Cooper,DB,ATL,1988,0.0,0,0
archive-4503,Evan Cooper,DB,ATL,1989,0.0,0,0
archive-4504,George Cooper,LB,SF,1987,0.0,0,0
archive-4515,Louis Cooper,LB,KC,1985,0.0,0,0
archive-4515,Louis Cooper,LB,KC,1986,4.5,0,0
archive-4515,Louis Cooper,LB,KC,1987,0.0,0,0
archive-4515,Louis Cooper,LB,KC,1988,0.0,0,0
archive-4515,Louis Cooper,LB,KC,1989,1.0,0,0
archive-4515,Louis Cooper,LB,KC,1990,2.5,0,0
archive-4515,Louis Cooper,LB,MIA,1991,0.0,0,0
archive-4515,Louis Cooper,LB,PHI,1993,0.0,0,0
archive-4522,Reggie Cooper,LB,DAL,1991,0.0,0,0
archive-4531,Anthony Copeland,LB,WAS,1987,0.0,0,0
archive-4533,Danny Copeland,DB,KC,1989,0.0,0,0
archive-4533,Danny Copeland,DB,KC,1990,0.0,0,0
archive-4533,Danny Copeland,S,WAS,1991,0.0,0,0
archive-4533,Danny Copeland,S,WAS,1992,1.0,0,0
archive-4533,Danny Copeland,S,WAS,1993,0.0,0,0
archive-4536,John Copeland,DE,CIN,1993,3.0,0,0
archive-4536,John Copeland,DE,CIN,1994,1.0,0.0,0.0
archive-4536,John Copeland,DE,CIN,1995,9.0,0.0,0.0
archive-4536,John Copeland,DE,CIN,1996,3.0,0.0,0.0
archive-4536,John Copeland,DE,LAC,1996,0.0,0.0,0.0
archive-4536,John Copeland,DE,CIN,1997,3.0,0.0,0.0
archive-4536,John Copeland,DE,MIN,1997,0.0,0.0,0.0
archive-4536,John Copeland,DE,NE,1997,0.0,0.0,0.0
archive-4536,John Copeland,DE,CIN,1998,0.0,0.0,1.0
archive-4562,John Corker ,LB,TEN,1982,1.0,0,0
archive-4562,John Corker ,LB,GB,1988,0.0,0,0
archive-4566,Joe Cormier,LB,LV,1987,1.0,0,0
archive-4583,Kip Corrington,DB,DEN,1989,0.0,0,0
archive-4583,Kip Corrington,FS,DEN,1990,0.0,0,0
archive-4584,Rico Corsetti,LB,NE,1987,0.0,0,0
archive-4586,Julio Cortes,LB,SEA,1987,0.0,0,0
archive-4591,Quentin Coryatt,LB,IND,1992,2.0,0,0
archive-4591,Quentin Coryatt,LB,IND,1993,1.0,0,0
archive-4591,Quentin Coryatt,LB,IND,1994,1.0,0.0,0.0
archive-4591,Quentin Coryatt,LB,IND,1995,2.5,0.0,2.0
archive-4591,Quentin Coryatt,LB,BAL,1996,0.0,0.0,0.0
archive-4591,Quentin Coryatt,LB,IND,1996,0.0,0.0,0.0
archive-4591,Quentin Coryatt,LB,IND,1997,2.0,0.0,2.0
archive-4606,Joe Costello,DE,ATL,1986,2.0,0,0
archive-4606,Joe Costello,DE,ATL,1987,0.0,0,0
archive-4606,Joe Costello,DE,ATL,1988,0.0,0,0
archive-4606,Joe Costello,DE,LV,1989,0.0,0,0
archive-4613,Chad Cota,SAF,CAR,1995,0.0,0.0,0.0
archive-4613,Chad Cota,DB,CAR,1996,1.0,0.0,6.0
archive-4613,Chad Cota,DB,KC,1996,0.0,0.0,0.0
archive-4613,Chad Cota,S,CAR,1997,1.0,0.0,2.0
archive-4613,Chad Cota,S,NO,1998,2.0,0.0,4.0
archive-4617,Mark Cotney,DB,TB,1982,0.0,0,0
archive-4617,Mark Cotney,S,TB,1983,1.0,0,0
archive-4617,Mark Cotney,FS,TB,1984,2.0,0,0
archive-4624,Marcus Cotton,LB,ATL,1988,5.0,0,0
archive-4624,Marcus Cotton,LB,ATL,1989,9.0,0,0
archive-4624,Marcus Cotton,LB,ATL,1990,0.0,0,0
archive-4624,Marcus Cotton,LB,CLE,1990,0.0,0,0
archive-4624,Marcus Cotton,LB,SEA,1991,0.0,0,0
archive-4627,Dana Cottrell,LB,NE,1998,0.0,0.0,0.0
archive-4639,Matt Courtney,DB,SF,1987,1.0,0,0
archive-4641,Terry Cousin,CB,CHI,1997,0.0,0.0,0.0
archive-4641,Terry Cousin,CB,CHI,1998,0.0,0.0,1.0
archive-4642,Tom Cousineau,LB,CLE,1982,1.0,0,0
archive-4642,Tom Cousineau,LB,CLE,1983,4.0,0,0
archive-4642,Tom Cousineau,LB,CLE,1984,0.0,0,0
archive-4642,Tom Cousineau,LB,CLE,1985,1.5,0,0
archive-4642,Tom Cousineau,LB,SF,1986,0.0,0,0
archive-4642,Tom Cousineau,LB,SF,1987,0.0,0,0
archive-4650,Damien Covington,LB,BUF,1995,0.0,0.0,0.0
archive-4650,Damien Covington,LB,BUF,1996,1.0,0.0,0.0
archive-4650,Damien Covington,LB,BUF,1997,0.5,0.0,1.0
archive-4652,John Covington,DB,IND,1994,0.0,0.0,0.0
archive-4654,Tony Covington,S,TB,1991,1.0,0,0
archive-4654,Tony Covington,DB,TB,1992,0.0,0,0
archive-4654,Tony Covington,DB,TB,1994,0.0,0.0,1.0
archive-4654,Tony Covington,SAF,SEA,1995,0.0,0.0,0.0
archive-4659,Sam Cowart,LB,BUF,1998,0.0,0.0,2.0
archive-4660,Bill Cowher,LB,CLE,1982,0.0,0,0
archive-4660,Bill Cowher,LB,PHI,1983,0.0,0,0
archive-4660,Bill Cowher,LB,PHI,1984,0.0,0,0
archive-4669,Bryan Cox,LB,MIA,1991,2.0,0,0
archive-4669,Bryan Cox,LB,MIA,1992,14.0,0,0
archive-4669,Bryan Cox,LB,MIA,1993,5.0,0,0
archive-4669,Bryan Cox,LB,MIA,1994,3.0,0.0,0.0
archive-4669,Bryan Cox,LB,MIA,1995,7.5,0.0,1.0
archive-4669,Bryan Cox,LB,CHI,1996,3.0,0.0,0.0
archive-4669,Bryan Cox,LB,CHI,1997,5.0,0.0,0.0
archive-4669,Bryan Cox,LB,NYJ,1998,6.0,0.0,0.0
archive-4676,Greg Cox,DB,SF,1988,0.0,0,0
archive-4676,Greg Cox,DB,NYG,1989,1.0,0,0
archive-4676,Greg Cox,DB,SF,1990,0.0,0,0
archive-4676,Greg Cox,DB,SF,1991,0.0,0,0
archive-4687,Ron Cox,LB,CHI,1990,4.0,0,0
archive-4687,Ron Cox,LB,CHI,1991,1.0,0,0
archive-4687,Ron Cox,LB,CHI,1992,1.0,0,0
archive-4687,Ron Cox,LB,CHI,1993,2.0,0,0
archive-4687,Ron Cox,LB,CHI,1994,0.0,0.0,0.0
archive-4687,Ron Cox,LB,CHI,1995,0.0,0.0,1.0
archive-4687,Ron Cox,LB,GB,1996,0.0,0.0,0.0
archive-4687,Ron Cox,LB,CHI,1997,1.0,0.0,0.0
archive-4695,Bob Crable,LB,NYJ,1982,1.0,0,0
archive-4695,Bob Crable,LB,NYJ,1983,2.0,0,0
archive-4695,Bob Crable,LB,NYJ,1984,0.0,0,0
archive-4695,Bob Crable,LB,NYJ,1985,2.0,0,0
archive-4695,Bob Crable,LB,NYJ,1986,3.5,0,0
archive-4695,Bob Crable,LB,NYJ,1987,2.5,0,0
archive-4744,Mike Crawford ,LB,MIA,1997,0.0,0.0,0.0
archive-4748,Tim Crawford ,LB,CLE,1987,3.0,0,0
archive-4750,Vernon Crawford ,LB,NE,1997,0.0,0.0,0.0
archive-4750,Vernon Crawford ,LB,NE,1998,0.0,0.0,0.0
archive-4764,Smiley Creswell,DE,NE,1985,0.0,0,0
archive-4764,Smiley Creswell,DE,PHI,1985,1.0,0,0
archive-4766,Terry Crews,LB,LAR,1991,0.0,0,0
archive-4766,Terry Crews,LB,LAC,1993,0.0,0,0
archive-4766,Terry Crews,LB,WAS,1995,0.0,0.0,0.0
archive-4767,James Cribbs,DE,DET,1989,0.0,0,0
archive-4790,Henri Crockett,LB,ATL,1997,2.0,0.0,0.0
archive-4790,Henri Crockett,LB,ATL,1998,1.0,0.0,0.0
archive-4793,Ray Crockett,DB,DET,1989,0.0,0,0
archive-4793,Ray Crockett,CB,DET,1990,1.0,0,0
archive-4793,Ray Crockett,CB,DET,1991,1.0,0,0
archive-4793,Ray Crockett,CB,DET,1992,1.0,0,0
archive-4793,Ray Crockett,CB,DET,1993,1.0,0,0
archive-4793,Ray Crockett,CB,DEN,1994,0.0,0.0,2.0
archive-4793,Ray Crockett,CB,DEN,1995,3.0,0.0,0.0
archive-4793,Ray Crockett,CB,DEN,1996,4.0,0.0,2.0
archive-4793,Ray Crockett,DB,NE,1996,0.0,0.0,0.0
archive-4793,Ray Crockett,CB,DEN,1997,1.0,0.0,5.0
archive-4793,Ray Crockett,CB,DEN,1998,0.5,0.0,3.0
archive-4794,Willis Crockett,LB,DAL,1990,0.0,0,0
archive-4796,Mike Croel,LB,DEN,1991,10.0,0,0
archive-4796,Mike Croel,LB,DEN,1992,5.0,0,0
archive-4796,Mike Croel,LB,DEN,1993,5.0,0,0
archive-4796,Mike Croel,LB,DEN,1994,0.0,0.0,0.0
archive-4796,Mike Croel,LB,NYG,1995,1.0,0.0,0.0
archive-4796,Mike Croel,LB,BAL,1996,3.0,0.0,1.0
archive-4806,Nolan Cromwell,FS,LAR,1982,0.0,0,0
archive-4806,Nolan Cromwell,S,LAR,1983,0.0,0,0
archive-4806,Nolan Cromwell,FS,LAR,1984,0.0,0,0
archive-4806,Nolan Cromwell,S,LAR,1985,1.0,0,0
archive-4806,Nolan Cromwell,DB,LAR,1986,0.0,0,0
archive-4806,Nolan Cromwell,DB,LAR,1987,1.0,0,0
archive-4807,Pete Cronan,LB,WAS,1982,0.0,0,0
archive-4807,Pete Cronan,LB,WAS,1983,0.0,0,0
archive-4807,Pete Cronan,LB,WAS,1984,0.0,0,0
archive-4807,Pete Cronan,LB,WAS,1985,0.0,0,0
archive-4820,Chris Crooms,DB,LAR,1992,0.0,0,0
archive-4822,Cleveland Crosby,DE,IND,1982,0.0,0,0
archive-4826,Ron Crosby,LB,NYJ,1982,0.0,0,0
archive-4826,Ron Crosby,LB,NYJ,1983,0.0,0,0
archive-4833,Jeff Cross,DE,MIA,1988,0.0,0,0
archive-4833,Jeff Cross,DE,MIA,1989,10.0,0,0
archive-4833,Jeff Cross,DE,MIA,1990,11.5,0,0
archive-4833,Jeff Cross,DE,MIA,1991,7.0,0,0
archive-4833,Jeff Cross,DE,MIA,1992,5.0,0,0
archive-4833,Jeff Cross,DE,MIA,1993,10.5,0,0
archive-4833,Jeff Cross,DE,MIA,1994,9.5,0.0,1.0
archive-4833,Jeff Cross,DE,MIA,1995,6.0,0.0,0.0
archive-4843,David Croudip,DB,LAR,1984,0.0,0,0
archive-4843,David Croudip,DB,ATL,1985,0.0,0,0
archive-4843,David Croudip,DB,LAC,1985,0.0,0,0
archive-4843,David Croudip,DB,ATL,1986,0.0,0,0
archive-4843,David Croudip,DB,ATL,1987,0.0,0,0
archive-4843,David Croudip,DB,ATL,1988,0.0,0,0
archive-4869,Derrick Crudup,DB,LV,1989,0.0,0,0
archive-4869,Derrick Crudup,DB,LV,1991,0.0,0,0
archive-4873,George Crump,DE,NE,1982,1.0,0,0
archive-4879,Buddy Crutchfield,CB,WAS,1998,0.0,0.0,0.0
archive-4900,Brad Culpepper,DT,MIN,1992,0.0,0,0
archive-4900,Brad Culpepper,DT,MIN,1993,0.0,0,0
archive-4900,Brad Culpepper,DT,TB,1994,4.0,0.0,0.0
archive-4900,Brad Culpepper,DT,TB,1995,4.0,0.0,0.0
archive-4900,Brad Culpepper,DT,TB,1996,1.5,0.0,0.0
archive-4900,Brad Culpepper,DT,TB,1997,9.5,0.0,0.0
archive-4900,Brad Culpepper,DT,TB,1998,9.0,0.0,0.0
archive-4909,George Cumby,LB,GB,1982,0.0,0,0
archive-4909,George Cumby,LB,GB,1983,2.0,0,0
archive-4909,George Cumby,LB,GB,1984,2.5,0,0
archive-4909,George Cumby,LB,GB,1985,0.0,0,0
archive-4909,George Cumby,LB,BUF,1986,1.0,0,0
archive-4909,George Cumby,LB,PHI,1987,0.0,0,0
archive-4912,Joe Cummings,LB,LAC,1996,0.0,0.0,0.0
archive-4912,Joe Cummings,LB,BUF,1998,0.0,0.0,0.0
archive-4937,T.J. Cunningham,DB,SEA,1996,0.0,0.0,0.0
archive-4944,Mike Curcio,LB,PHI,1982,0.0,0,0
archive-4944,Mike Curcio,LB,GB,1983,0.0,0,0
archive-4947,August Curley,LB,DET,1983,0.0,0,0
archive-4947,August Curley,LB,DET,1984,0.0,0,0
archive-4947,August Curley,LB,DET,1985,0.0,0,0
archive-4947,August Curley,LB,DET,1986,0.0,0,0
archive-4956,Herschel Currie ,DB,ARI,1994,0.0,0.0,0.0
archive-4958,Bill Currier ,DB,NYG,1982,2.0,0,0
archive-4958,Bill Currier ,DB,NYG,1983,1.0,0,0
archive-4958,Bill Currier ,DB,NYG,1984,0.0,0,0
archive-4958,Bill Currier ,DB,NYG,1985,0.0,0,0
archive-4962,Buddy Curry,LB,ATL,1982,1.0,0,0
archive-4962,Buddy Curry,LB,ATL,1983,4.0,0,0
archive-4962,Buddy Curry,LB,ATL,1984,0.5,0,0
archive-4962,Buddy Curry,LB,ATL,1985,0.0,0,0
archive-4962,Buddy Curry,LB,ATL,1986,0.0,0,0
archive-4962,Buddy Curry,LB,ATL,1987,0.0,0,0
archive-4964,Craig Curry,DB,TB,1984,0.0,0,0
archive-4964,Craig Curry,S,TB,1985,1.0,0,0
archive-4964,Craig Curry,DB,TB,1986,0.0,0,0
archive-4964,Craig Curry,DB,IND,1987,0.0,0,0
archive-4968,Eric Curry,DE,TB,1993,5.0,0,0
archive-4968,Eric Curry,DE,TB,1994,3.0,0.0,0.0
archive-4968,Eric Curry,DE,TB,1995,2.0,0.0,0.0
archive-4968,Eric Curry,DE,TB,1996,2.0,0.0,0.0
archive-4968,Eric Curry,DE,TB,1997,0.0,0.0,0.0
archive-4969,Ivory Curry,DB,TB,1987,0.0,0,0
archive-4975,Shane Curry,DE,IND,1991,1.0,0,0
archive-4978,Bobby Curtis,LB,WAS,1987,1.0,0,0
archive-4979,Canute Curtis,LB,CIN,1997,0.0,0.0,0.0
archive-4979,Canute Curtis,LB,MIN,1997,0.0,0.0,0.0
archive-4983,Scott Curtis,LB,PHI,1988,0.0,0,0
archive-4983,Scott Curtis,LB,DEN,1989,0.0,0,0
archive-4983,Scott Curtis,LB,DEN,1990,0.0,0,0
archive-4986,Travis Curtis,DB,ARI,1987,0.0,0,0
archive-4986,Travis Curtis,DB,ARI,1988,1.0,0,0
archive-4986,Travis Curtis,DB,WAS,1988,0.0,0,0
archive-4986,Travis Curtis,DB,MIN,1989,0.0,0,0
archive-4986,Travis Curtis,S,NYJ,1990,0.0,0,0
archive-4986,Travis Curtis,DB,WAS,1991,0.0,0,0
archive-5006,Mark D'Onofrio,LB,GB,1992,0.0,0,0
archive-5028,Jeffery Dale,DB,LAC,1985,0.0,0,0
archive-5028,Jeffery Dale,DB,LAC,1986,0.0,0,0
archive-5028,Jeffery Dale,DB,LAC,1988,0.0,0,0
archive-5052,Eugene Daniel,CB,IND,1984,0.0,0,0
archive-5052,Eugene Daniel,CB,IND,1985,0.0,0,0
archive-5052,Eugene Daniel,DB,IND,1986,0.0,0,0
archive-5052,Eugene Daniel,DB,IND,1987,0.0,0,0
archive-5052,Eugene Daniel,CB,IND,1988,0.0,0,0
archive-5052,Eugene Daniel,CB,IND,1989,0.0,0,0
archive-5052,Eugene Daniel,CB,IND,1990,0.0,0,0
archive-5052,Eugene Daniel,CB,IND,1991,0.0,0,0
archive-5052,Eugene Daniel,CB,IND,1992,2.0,0,0
archive-5052,Eugene Daniel,CB,IND,1993,0.0,0,0
archive-5052,Eugene Daniel,CB,IND,1994,0.0,0.0,2.0
archive-5052,Eugene Daniel,CB,IND,1995,0.0,0.0,4.0
archive-5052,Eugene Daniel,DB,BAL,1996,0.0,0.0,0.0
archive-5052,Eugene Daniel,CB,IND,1996,0.0,0.0,4.0
archive-5052,Eugene Daniel,CB,BAL,1997,0.0,0.0,3.0
archive-5053,Kenny Daniel,DB,NYG,1984,0.0,0,0
archive-5053,Kenny Daniel,DB,IND,1986,0.0,0,0
archive-5053,Kenny Daniel,DB,IND,1987,0.0,0,0
archive-5059,Calvin Daniels,LB,KC,1982,0.0,0,0
archive-5059,Calvin Daniels,LB,KC,1983,2.0,0,0
archive-5059,Calvin Daniels,LB,KC,1984,4.5,0,0
archive-5059,Calvin Daniels,LB,KC,1985,2.5,0,0
archive-5059,Calvin Daniels,LB,WAS,1986,1.0,0,0
archive-5064,Dexter Daniels,LB,BAL,1996,0.0,0.0,0.0
archive-5073,Phillip Daniels,DE,SEA,1996,2.0,0.0,0.0
archive-5073,Phillip Daniels,DE,SEA,1997,4.0,0.0,0.0
archive-5073,Phillip Daniels,DE,SEA,1998,6.5,0.0,0.0
archive-5088,Byron Darby,DE,PHI,1983,1.0,0,0
archive-5088,Byron Darby,DE,PHI,1984,5.0,0,0
archive-5088,Byron Darby,DE,PHI,1985,1.5,0,0
archive-5088,Byron Darby,DE,PHI,1986,1.0,0,0
archive-5088,Byron Darby,DE,IND,1987,3.0,0,0
archive-5088,Byron Darby,DE,IND,1988,2.0,0,0
archive-5088,Byron Darby,DE,DET,1989,0.0,0,0
archive-5091,Matt Darby,DB,BUF,1992,0.0,0,0
archive-5091,Matt Darby,FS,BUF,1993,0.0,0,0
archive-5091,Matt Darby,FS,BUF,1994,0.0,0.0,4.0
archive-5091,Matt Darby,FS,BUF,1995,0.0,0.0,3.0
archive-5091,Matt Darby,S,ARI,1996,0.0,0.0,0.0
archive-5091,Matt Darby,S,ARI,1997,0.0,0.0,0.0
archive-5091,Matt Darby,DB,DET,1997,0.0,0.0,0.0
archive-5095,Ramsey Dardar,DT,ARI,1984,0.0,0,0
archive-5101,Chris Darkins ,DB,GB,1997,0.0,0.0,0.0
archive-5105,James Darling,LB,GB,1997,0.0,0.0,0.0
archive-5105,James Darling,LB,PHI,1997,0.0,0.0,0.0
archive-5105,James Darling,LB,PHI,1998,2.0,0.0,0.0
archive-5107,Phil Darns,DE,TB,1984,0.0,0,0
archive-5130,Don Davey,DT,GB,1991,0.0,0,0
archive-5130,Don Davey,DT,GB,1992,0.0,0,0
archive-5130,Don Davey,DT,GB,1993,0.0,0,0
archive-5130,Don Davey,DT,GB,1994,1.5,0.0,0.0
archive-5130,Don Davey,DT,JAX,1995,3.0,0.0,0.0
archive-5130,Don Davey,DT,JAX,1996,1.5,0.0,0.0
archive-5130,Don Davey,DT,MIA,1996,0.0,0.0,0.0
archive-5130,Don Davey,DT,NE,1996,0.0,0.0,0.0
archive-5130,Don Davey,DT,JAX,1997,3.0,0.0,0.0
archive-5130,Don Davey,DT,MIA,1997,0.0,0.0,0.0
archive-5136,Stan David,LB,BUF,1984,1.0,0,0
archive-5146,Kenny Davidson,DE,PIT,1990,3.5,0,0
archive-5146,Kenny Davidson,DE,PIT,1991,0.0,0,0
archive-5146,Kenny Davidson,DE,PIT,1992,2.0,0,0
archive-5146,Kenny Davidson,DE,PIT,1993,2.5,0,0
archive-5146,Kenny Davidson,DE,TEN,1994,6.0,0.0,0.0
archive-5146,Kenny Davidson,DE,TEN,1995,2.0,0.0,1.0
archive-5146,Kenny Davidson,DE,CIN,1996,0.0,0.0,0.0
archive-5151,Andre Davis,DT,JAX,1996,0.0,0.0,0.0
archive-5151,Andre Davis,DT,NE,1996,0.0,0.0,0.0
archive-5155,Anthony Davis,LB,SEA,1993,0.0,0,0
archive-5155,Anthony Davis,LB,KC,1994,0.0,0.0,0.0
archive-5155,Anthony Davis,LB,KC,1995,2.0,0.0,1.0
archive-5155,Anthony Davis,LB,KC,1996,2.5,0.0,2.0
archive-5155,Anthony Davis,LB,KC,1997,3.5,0.0,0.0
archive-5155,Anthony Davis,LB,KC,1998,4.5,0.0,2.0
archive-5163,Billy Davis,LB,ARI,1984,0.0,0,0
archive-5170,Brian Davis,DB,WAS,1987,0.0,0,0
archive-5170,Brian Davis,CB,WAS,1988,0.0,0,0
archive-5170,Brian Davis,DB,WAS,1989,0.0,0,0
archive-5170,Brian Davis,DB,WAS,1990,0.0,0,0
archive-5170,Brian Davis,DB,SEA,1991,0.0,0,0
archive-5170,Brian Davis,DB,SEA,1992,0.0,0,0
archive-5170,Brian Davis,DB,LAC,1993,0.0,0,0
archive-5170,Brian Davis,DB,MIN,1994,0.0,0.0,0.0
archive-5186,Chris Davis,LB,NYG,1987,0.0,0,0
archive-5196,Darrell Davis,DE,NYJ,1990,5.0,0,0
archive-5196,Darrell Davis,DE,NYJ,1991,1.0,0,0
archive-5199,Dexter Davis,CB,ARI,1991,0.0,0,0
archive-5199,Dexter Davis,CB,ARI,1992,0.0,0,0
archive-5199,Dexter Davis,CB,ARI,1993,0.0,0,0
archive-5199,Dexter Davis,CB,LAR,1993,0.0,0,0
archive-5199,Dexter Davis,CB,LAR,1994,0.0,0.0,0.0
archive-5199,Dexter Davis,CB,LAR,1995,1.0,0.0,0.0
archive-5206,Don Davis,LB,NO,1996,0.0,0.0,0.0
archive-5206,Don Davis,LB,NO,1997,0.0,0.0,0.0
archive-5213,Eric Davis,DB,SF,1990,0.0,0,0
archive-5213,Eric Davis,DB,SF,1991,0.0,0,0
archive-5213,Eric Davis,CB,SF,1992,0.0,0,0
archive-5213,Eric Davis,CB,SF,1993,0.0,0,0
archive-5213,Eric Davis,CB,SF,1994,0.0,0.0,5.0
archive-5213,Eric Davis,CB,SF,1995,1.0,0.0,3.0
archive-5213,Eric Davis,CB,CAR,1996,0.0,0.0,5.0
archive-5213,Eric Davis,DB,KC,1996,0.0,0.0,0.0
archive-5213,Eric Davis,CB,CAR,1997,0.0,0.0,5.0
archive-5213,Eric Davis,CB,CAR,1998,1.0,0.0,5.0
archive-5216,Fred Davis,DB,SEA,1987,0.0,0,0
archive-5235,James Davis,DB,LV,1982,1.0,0,0
archive-5235,James Davis,DB,LV,1983,0.0,0,0
archive-5235,James Davis,DB,LV,1984,0.0,0,0
archive-5235,James Davis,DB,LV,1985,0.0,0,0
archive-5235,James Davis,DB,LV,1986,0.0,0,0
archive-5235,James Davis,DB,LV,1987,0.0,0,0
archive-5240,Jeff Davis,LB,TB,1982,0.0,0,0
archive-5240,Jeff Davis,LB,TB,1983,1.5,0,0
archive-5240,Jeff Davis,LB,TB,1984,0.0,0,0
archive-5240,Jeff Davis,LB,TB,1985,2.5,0,0
archive-5240,Jeff Davis,LB,TB,1986,0.0,0,0
archive-5240,Jeff Davis,LB,TB,1987,0.0,0,0
archive-5241,Jerome Davis,NT,DET,1987,0.0,0,0
archive-5261,Lee Davis,DB,CIN,1985,0.0,0,0
archive-5261,Lee Davis,DB,IND,1987,0.0,0,0
archive-5266,Mike Davis ,DB,LV,1982,2.5,0,0
archive-5266,Mike Davis ,DB,LV,1983,3.0,0,0
archive-5266,Mike Davis ,DB,LV,1984,5.5,0,0
archive-5266,Mike Davis ,DB,LV,1985,2.0,0,0
archive-5266,Mike Davis ,DB,LAC,1987,0.0,0,0
archive-5267,Mike Davis ,DB,TEN,1994,0.0,0.0,0.0
archive-5267,Mike Davis ,DB,CLE,1995,0.0,0.0,0.0
archive-5270,Nathan Davis ,DE,ATL,1997,0.0,0.0,0.0
archive-5273,Oliver Davis ,DB,CIN,1982,0.0,0,0
archive-5275,Paschall Davis ,LB,LAR,1995,0.0,0.0,0.0
archive-5275,Paschall Davis ,LB,LAR,1996,0.0,0.0,0.0
archive-5275,Paschall Davis ,LB,WAS,1996,0.0,0.0,0.0
archive-5277,Paul Davis ,LB,ATL,1982,0.0,0,0
archive-5277,Paul Davis ,LB,ARI,1983,0.0,0,0
archive-5277,Paul Davis ,LB,NYG,1983,0.0,0,0
archive-5279,Preston Davis ,DB,IND,1984,0.0,0,0
archive-5279,Preston Davis ,DB,IND,1985,0.0,0,0
archive-5279,Preston Davis ,DB,IND,1986,0.0,0,0
archive-5285,Reuben Davis ,DE,TB,1988,3.0,0,0
archive-5285,Reuben Davis ,DE,TB,1989,3.0,0,0
archive-5285,Reuben Davis ,DE,TB,1990,1.0,0,0
archive-5285,Reuben Davis ,DE,TB,1991,3.5,0,0
archive-5285,Reuben Davis ,DE,ARI,1992,2.0,0,0
archive-5285,Reuben Davis ,DE,TB,1992,0.0,0,0
archive-5285,Reuben Davis ,DE,ARI,1993,1.0,0,0
archive-5285,Reuben Davis ,DE,LAC,1994,0.5,0.0,0.0
archive-5285,Reuben Davis ,DE,LAC,1995,3.5,0.0,0.0
archive-5285,Reuben Davis ,DE,LAC,1996,3.0,0.0,0.0
archive-5291,Ron Davis ,DB,ATL,1995,0.0,0.0,0.0
archive-5298,Scott Davis ,DT,LV,1988,5.5,0,0
archive-5298,Scott Davis ,DT,LV,1989,5.5,0,0
archive-5298,Scott Davis ,DT,LV,1990,10.0,0,0
archive-5298,Scott Davis ,DT,LV,1991,8.5,0,0
archive-5298,Scott Davis ,DT,LV,1994,0.0,0.0,0.0
archive-5314,Travis Davis ,NT,NO,1990,0.0,0,0
archive-5314,Travis Davis ,NT,IND,1991,0.0,0,0
archive-5315,Travis Davis ,DB,JAX,1995,0.0,0.0,0.0
archive-5315,Travis Davis ,DB,JAX,1996,0.5,0.0,2.0
archive-5315,Travis Davis ,DB,MIA,1996,0.0,0.0,0.0
archive-5315,Travis Davis ,DB,NE,1996,0.0,0.0,0.0
archive-5315,Travis Davis ,DB,JAX,1997,2.0,0.0,1.0
archive-5315,Travis Davis ,DB,JAX,1998,0.5,0.0,2.0
archive-5321,Tyrone Davis ,DB,NYG,1985,0.0,0,0
archive-5327,Wayne Davis ,DB,LAC,1985,1.0,0,0
archive-5327,Wayne Davis ,DB,LAC,1986,0.0,0,0
archive-5327,Wayne Davis ,DB,BUF,1987,0.0,0,0
archive-5327,Wayne Davis ,DB,BUF,1988,0.0,0,0
archive-5327,Wayne Davis ,DB,BUF,1989,0.0,0,0
archive-5327,Wayne Davis ,DB,WAS,1989,0.0,0,0
archive-5327,Wayne Davis ,DB,WAS,1990,0.0,0,0
archive-5330,Wendell Davis ,DB,DAL,1996,0.0,0.0,0.0
archive-5330,Wendell Davis ,DB,DAL,1997,0.0,0.0,0.0
archive-5341,Brian Dawkins,FS,PHI,1996,1.0,0.0,3.0
archive-5341,Brian Dawkins,DB,GB,1997,0.0,0.0,0.0
archive-5341,Brian Dawkins,FS,PHI,1997,0.0,0.0,3.0
archive-5341,Brian Dawkins,FS,PHI,1998,1.0,0.0,2.0
archive-5348,Tommy Dawkins,DE,PIT,1987,1.0,0,0
archive-5363,Mike Dawson,DT,ARI,1982,3.5,0,0
archive-5363,Mike Dawson,DT,DET,1983,1.0,0,0
archive-5363,Mike Dawson,DT,KC,1984,1.0,0,0
archive-5372,Terry Day,DE,NYJ,1997,0.0,0.0,0.0
archive-5382,Fred Dean,DE,SF,1982,3.5,0,0
archive-5382,Fred Dean,DE,SF,1983,19.5,0,0
archive-5382,Fred Dean,DE,SF,1984,8.0,0,0
archive-5382,Fred Dean,DE,SF,1985,3.0,0,0
archive-5386,Kevin Dean,LB,SF,1987,0.0,0,0
archive-5391,Vernon Dean,CB,WAS,1982,1.0,0,0
archive-5391,Vernon Dean,CB,WAS,1983,0.0,0,0
archive-5391,Vernon Dean,CB,WAS,1984,0.0,0,0
archive-5391,Vernon Dean,CB,WAS,1985,0.0,0,0
archive-5391,Vernon Dean,DB,WAS,1986,0.0,0,0
archive-5391,Vernon Dean,DB,WAS,1987,0.0,0,0
archive-5391,Vernon Dean,DB,SEA,1988,0.0,0,0
archive-5394,Kiki DeAyala,LB,CIN,1986,1.0,0,0
archive-5394,Kiki DeAyala,LB,CIN,1987,0.0,0,0
archive-5417,Joe DeForest,LB,NO,1987,1.0,0,0
archive-5424,Tony Degrate,NT,GB,1985,0.0,0,0
archive-5428,Charles DeJurnett,NT,LAR,1982,0.0,0,0
archive-5428,Charles DeJurnett,NT,LAR,1983,1.0,0,0
archive-5428,Charles DeJurnett,NT,LAR,1984,4.0,0,0
archive-5428,Charles DeJurnett,NT,LAR,1985,1.0,0,0
archive-5428,Charles DeJurnett,NT,LAR,1986,0.0,0,0
archive-5435,Jack Del Rio,LB,NO,1985,0.0,0,0
archive-5435,Jack Del Rio,LB,NO,1986,0.0,0,0
archive-5435,Jack Del Rio,LB,KC,1987,3.0,0,0
archive-5435,Jack Del Rio,LB,KC,1988,1.0,0,0
archive-5435,Jack Del Rio,LB,DAL,1989,0.0,0,0
archive-5435,Jack Del Rio,LB,DAL,1990,1.5,0,0
archive-5435,Jack Del Rio,LB,DAL,1991,0.0,0,0
archive-5435,Jack Del Rio,LB,MIN,1992,2.0,0,0
archive-5435,Jack Del Rio,LB,MIN,1993,0.5,0,0
archive-5435,Jack Del Rio,LB,MIN,1994,2.0,0.0,3.0
archive-5435,Jack Del Rio,LB,MIN,1995,3.0,0.0,1.0
archive-5438,Jeff Delaney,S,IND,1982,1.0,0,0
archive-5438,Jeff Delaney,S,IND,1983,0.0,0,0
archive-5456,Keith DeLong ,LB,SF,1989,0.0,0,0
archive-5456,Keith DeLong ,LB,SF,1990,0.0,0,0
archive-5456,Keith DeLong ,LB,SF,1991,1.0,0,0
archive-5456,Keith DeLong ,LB,SF,1992,0.0,0,0
archive-5456,Keith DeLong ,LB,SF,1993,0.0,0,0
archive-5461,Tony DeLuca,NT,GB,1984,0.0,0,0
archive-5484,Vern Den Herder,DE,MIA,1982,0.0,0,0
archive-5505,Mike Dennis,CB,NYG,1982,0.0,0,0
archive-5505,Mike Dennis,CB,NYG,1983,0.0,0,0
archive-5505,Mike Dennis,DB,LAC,1984,0.0,0,0
archive-5505,Mike Dennis,CB,NYJ,1984,0.0,0,0
archive-5509,Rick Dennison,LB,DEN,1982,0.0,0,0
archive-5509,Rick Dennison,LB,DEN,1983,0.0,0,0
archive-5509,Rick Dennison,LB,DEN,1984,3.0,0,0
archive-5509,Rick Dennison,LB,DEN,1985,0.0,0,0
archive-5509,Rick Dennison,LB,DEN,1986,1.0,0,0
archive-5509,Rick Dennison,LB,DEN,1987,0.0,0,0
archive-5509,Rick Dennison,LB,DEN,1988,0.5,0,0
archive-5509,Rick Dennison,LB,DEN,1989,1.0,0,0
archive-5509,Rick Dennison,LB,DEN,1990,1.0,0,0
archive-5517,Burnell Dent ,LB,GB,1986,0.0,0,0
archive-5517,Burnell Dent ,LB,GB,1987,0.0,0,0
archive-5517,Burnell Dent ,LB,GB,1988,1.0,0,0
archive-5517,Burnell Dent ,LB,GB,1989,0.0,0,0
archive-5517,Burnell Dent ,LB,GB,1990,1.0,0,0
archive-5517,Burnell Dent ,LB,GB,1991,1.5,0,0
archive-5517,Burnell Dent ,LB,GB,1992,1.0,0,0
archive-5518,Richard Dent ,DE,CHI,1983,3.0,0,0
archive-5518,Richard Dent ,DE,CHI,1984,20.5,0,0
archive-5518,Richard Dent ,DE,CHI,1985,23.0,0,0
archive-5518,Richard Dent ,DE,CHI,1986,12.0,0,0
archive-5518,Richard Dent ,DE,CHI,1987,13.5,0,0
archive-5518,Richard Dent ,DE,CHI,1988,10.5,0,0
archive-5518,Richard Dent ,DE,CHI,1989,9.0,0,0
archive-5518,Richard Dent ,DE,CHI,1990,12.0,0,0
archive-5518,Richard Dent ,DE,CHI,1991,10.5,0,0
archive-5518,Richard Dent ,DE,CHI,1992,8.5,0,0
archive-5518,Richard Dent ,DE,CHI,1993,12.5,0,0
archive-5518,Richard Dent ,DE,SF,1994,2.0,0.0,0.0
archive-5518,Richard Dent ,DE,CHI,1995,0.0,0.0,0.0
archive-5518,Richard Dent ,DE,BAL,1996,0.0,0.0,0.0
archive-5518,Richard Dent ,DE,IND,1996,6.5,0.0,0.0
archive-5518,Richard Dent ,DE,GB,1997,0.0,0.0,0.0
archive-5518,Richard Dent ,DE,PHI,1997,4.5,0.0,0.0
archive-5520,Tim Denton ,DB,WAS,1998,0.0,0.0,0.0
archive-5523,Steve DeOssie,LB,DAL,1984,0.0,0,0
archive-5523,Steve DeOssie,LB,DAL,1985,0.0,0,0
archive-5523,Steve DeOssie,LB,DAL,1986,0.0,0,0
archive-5523,Steve DeOssie,LB,DAL,1987,0.0,0,0
archive-5523,Steve DeOssie,LB,DAL,1988,0.0,0,0
archive-5523,Steve DeOssie,LB,NYG,1989,0.0,0,0
archive-5523,Steve DeOssie,LB,NYG,1990,0.0,0,0
archive-5523,Steve DeOssie,LB,NYG,1991,0.0,0,0
archive-5523,Steve DeOssie,LB,NYG,1992,0.0,0,0
archive-5523,Steve DeOssie,LB,NYG,1993,0.0,0,0
archive-5523,Steve DeOssie,LB,NYJ,1993,0.0,0,0
archive-5523,Steve DeOssie,LB,NE,1994,0.0,0.0,0.0
archive-5523,Steve DeOssie,LB,NE,1995,0.0,0.0,0.0
archive-5538,John Derby,LB,DET,1992,0.0,0,0
archive-5541,Fred DeRiggi,NT,NE,1990,0.0,0,0
archive-5545,Dan DeRose,LB,NYG,1987,0.0,0,0
archive-5564,Dennis DeVaughn,DB,PHI,1982,0.0,0,0
archive-5564,Dennis DeVaughn,DB,PHI,1983,0.0,0,0
archive-5567,Kevin Devine,CB,JAX,1997,0.0,0.0,0.0
archive-5567,Kevin Devine,DB,JAX,1998,0.0,0.0,1.0
archive-5568,Rob DeVita,LB,SEA,1987,0.0,0,0
archive-5587,Alan Dial,DB,PHI,1989,0.0,0,0
archive-5599,Rick DiBernardo,LB,ARI,1986,0.0,0,0
archive-5599,Rick DiBernardo,LB,LAR,1987,0.0,0,0
archive-5600,Jim Dick,LB,MIN,1987,0.0,0,0
archive-5603,Anthony Dickerson,LB,DAL,1982,4.0,0,0
archive-5603,Anthony Dickerson,LB,DAL,1983,10.5,0,0
archive-5603,Anthony Dickerson,LB,DAL,1984,2.0,0,0
archive-5603,Anthony Dickerson,LB,BUF,1985,0.0,0,0
archive-5650,Ellis Dillahunt,DB,CIN,1988,0.0,0,0
archive-5653,Stacey Dillard,NT,NYG,1992,0.0,0,0
archive-5653,Stacey Dillard,NT,NYG,1993,3.0,0,0
archive-5653,Stacey Dillard,NT,NYG,1994,1.5,0.0,0.0
archive-5653,Stacey Dillard,NT,NYG,1995,1.0,0.0,0.0
archive-5670,Charles Dimry,DB,ATL,1988,0.0,0,0
archive-5670,Charles Dimry,DB,ATL,1989,1.0,0,0
archive-5670,Charles Dimry,CB,ATL,1990,0.0,0,0
archive-5670,Charles Dimry,DB,DEN,1991,0.0,0,0
archive-5670,Charles Dimry,CB,DEN,1992,0.0,0,0
archive-5670,Charles Dimry,CB,DEN,1993,0.0,0,0
archive-5670,Charles Dimry,CB,TB,1994,0.0,0.0,1.0
archive-5670,Charles Dimry,CB,TB,1995,0.0,0.0,1.0
archive-5670,Charles Dimry,CB,TB,1996,0.0,0.0,2.0
archive-5670,Charles Dimry,DB,GB,1997,0.0,0.0,0.0
archive-5670,Charles Dimry,CB,PHI,1997,0.0,0.0,2.0
archive-5670,Charles Dimry,DB,LAC,1998,0.0,0.0,3.0
archive-5675,Nate Dingle,LB,PHI,1995,0.0,0.0,0.0
archive-5675,Nate Dingle,LB,JAX,1996,0.0,0.0,0.0
archive-5675,Nate Dingle,LB,NE,1996,0.0,0.0,0.0
archive-5675,Nate Dingle,LB,LAR,1997,0.0,0.0,0.0
archive-5676,Tom Dinkel,LB,CIN,1982,0.0,0,0
archive-5676,Tom Dinkel,LB,CIN,1983,0.5,0,0
archive-5676,Tom Dinkel,LB,CIN,1985,0.0,0,0
archive-5678,Howard Dinkins,LB,ATL,1993,0.0,0,0
archive-5689,Cris Dishman,DB,TEN,1988,0.0,0,0
archive-5689,Cris Dishman,DB,TEN,1989,0.0,0,0
archive-5689,Cris Dishman,CB,TEN,1990,0.0,0,0
archive-5689,Cris Dishman,CB,TEN,1991,0.0,0,0
archive-5689,Cris Dishman,CB,TEN,1992,0.0,0,0
archive-5689,Cris Dishman,CB,TEN,1993,0.0,0,0
archive-5689,Cris Dishman,CB,TEN,1994,0.0,0.0,4.0
archive-5689,Cris Dishman,CB,TEN,1995,0.0,0.0,3.0
archive-5689,Cris Dishman,DB,CIN,1996,0.0,0.0,0.0
archive-5689,Cris Dishman,DB,DAL,1996,0.0,0.0,0.0
archive-5689,Cris Dishman,CB,TEN,1996,0.0,0.0,1.0
archive-5689,Cris Dishman,DB,LAC,1997,0.0,0.0,0.0
archive-5689,Cris Dishman,CB,WAS,1997,1.5,0.0,4.0
archive-5689,Cris Dishman,CB,WAS,1998,0.0,0.0,2.0
archive-5705,Ernest Dixon,LB,NO,1994,0.0,0.0,0.0
archive-5705,Ernest Dixon,LB,NO,1995,4.0,0.0,2.0
archive-5705,Ernest Dixon,LB,NO,1996,0.0,0.0,0.0
archive-5705,Ernest Dixon,LB,NO,1997,0.5,0.0,0.0
archive-5705,Ernest Dixon,LB,KC,1998,0.0,0.0,0.0
archive-5705,Ernest Dixon,LB,LV,1998,0.0,0.0,0.0
archive-5707,Gerald Dixon,LB,CLE,1993,0.0,0,0
archive-5707,Gerald Dixon,LB,CLE,1994,1.0,0.0,0.0
archive-5707,Gerald Dixon,LB,CLE,1995,0.0,0.0,2.0
archive-5707,Gerald Dixon,LB,CIN,1996,0.0,0.0,1.0
archive-5707,Gerald Dixon,LB,LAC,1996,0.0,0.0,0.0
archive-5707,Gerald Dixon,LB,CIN,1997,8.5,0.0,0.0
archive-5707,Gerald Dixon,LB,MIN,1997,0.0,0.0,0.0
archive-5707,Gerald Dixon,LB,NE,1997,0.0,0.0,0.0
archive-5707,Gerald Dixon,LB,LAC,1998,2.5,0.0,0.0
archive-5708,Hanford Dixon,CB,CLE,1982,1.0,0,0
archive-5708,Hanford Dixon,CB,CLE,1983,1.0,0,0
archive-5708,Hanford Dixon,CB,CLE,1984,0.0,0,0
archive-5708,Hanford Dixon,CB,CLE,1985,0.0,0,0
archive-5708,Hanford Dixon,DB,CLE,1986,0.0,0,0
archive-5708,Hanford Dixon,DB,CLE,1987,0.0,0,0
archive-5708,Hanford Dixon,CB,CLE,1988,0.0,0,0
archive-5708,Hanford Dixon,CB,CLE,1989,0.0,0,0
archive-5711,Joe Dixon,NT,TEN,1987,0.0,0,0
archive-5716,Rich Dixon,LB,ATL,1983,0.0,0,0
archive-5717,Rickey Dixon,DB,CIN,1988,0.0,0,0
archive-5717,Rickey Dixon,FS,CIN,1989,0.0,0,0
archive-5717,Rickey Dixon,FS,CIN,1990,0.0,0,0
archive-5717,Rickey Dixon,FS,CIN,1991,0.0,0,0
archive-5717,Rickey Dixon,DB,CIN,1992,0.0,0,0
archive-5717,Rickey Dixon,DB,LV,1993,0.0,0,0
archive-5720,Ronnie Dixon,DT,NO,1993,0.0,0,0
archive-5720,Ronnie Dixon,DT,PHI,1995,0.0,0.0,0.0
archive-5720,Ronnie Dixon,DT,PHI,1996,0.0,0.0,0.0
archive-5720,Ronnie Dixon,DT,NYJ,1997,0.0,0.0,0.0
archive-5720,Ronnie Dixon,DT,KC,1998,0.0,0.0,0.0
archive-5745,Dedrick Dodge,DB,SEA,1991,0.0,0,0
archive-5745,Dedrick Dodge,DB,SEA,1992,1.0,0,0
archive-5745,Dedrick Dodge,CB,SF,1994,0.0,0.0,0.0
archive-5745,Dedrick Dodge,DB,SF,1995,0.0,0.0,1.0
archive-5745,Dedrick Dodge,DB,NYJ,1996,0.0,0.0,0.0
archive-5745,Dedrick Dodge,DB,SF,1996,0.0,0.0,3.0
archive-5745,Dedrick Dodge,DB,DEN,1997,0.0,0.0,0.0
archive-5745,Dedrick Dodge,DB,LAC,1998,0.0,0.0,0.0
archive-5746,Kirk Dodge,LB,DET,1984,0.0,0,0
archive-5746,Kirk Dodge,LB,TEN,1986,0.0,0,0
archive-5746,Kirk Dodge,LB,DEN,1987,0.0,0,0
archive-5760,Steve Doig,LB,DET,1982,0.0,0,0
archive-5760,Steve Doig,LB,DET,1983,0.0,0,0
archive-5760,Steve Doig,LB,DET,1984,0.0,0,0
archive-5760,Steve Doig,LB,NE,1986,0.0,0,0
archive-5760,Steve Doig,LB,NE,1987,0.0,0,0
archive-5764,Chris Doleman,DE,MIN,1985,0.5,0,0
archive-5764,Chris Doleman,DE,MIN,1986,3.0,0,0
archive-5764,Chris Doleman,DE,MIN,1987,14.0,0,0
archive-5764,Chris Doleman,DE,MIN,1988,8.0,0,0
archive-5764,Chris Doleman,DE,MIN,1989,21.0,0,0
archive-5764,Chris Doleman,DE,MIN,1990,11.0,0,0
archive-5764,Chris Doleman,DE,MIN,1991,7.0,0,0
archive-5764,Chris Doleman,DE,MIN,1992,15.5,0,0
archive-5764,Chris Doleman,DE,MIN,1993,12.5,0,0
archive-5764,Chris Doleman,DE,ATL,1994,7.0,0.0,1.0
archive-5764,Chris Doleman,DE,ATL,1995,10.0,0.0,0.0
archive-5764,Chris Doleman,DE,NYJ,1996,0.0,0.0,0.0
archive-5764,Chris Doleman,DE,SF,1996,11.0,0.0,2.0
archive-5764,Chris Doleman,DE,SF,1997,12.0,0.0,0.0
archive-5764,Chris Doleman,DE,SF,1998,17.0,0.0,0.0
archive-5768,Paul Dombroski,DB,NE,1982,0.0,0,0
archive-5768,Paul Dombroski,DB,NE,1983,0.0,0,0
archive-5768,Paul Dombroski,DB,NE,1984,0.0,0,0
archive-5768,Paul Dombroski,DB,TB,1985,0.0,0,0
archive-5781,Mitch Donahue,LB,SF,1991,0.0,0,0
archive-5781,Mitch Donahue,LB,SF,1992,0.0,0,0
archive-5781,Mitch Donahue,LB,DEN,1993,0.0,0,0
archive-5781,Mitch Donahue,LB,DEN,1994,0.0,0.0,0.0
archive-5787,Jeff Donaldson,FS,TEN,1984,0.0,0,0
archive-5787,Jeff Donaldson,DB,TEN,1985,1.0,0,0
archive-5787,Jeff Donaldson,DB,TEN,1986,1.5,0,0
archive-5787,Jeff Donaldson,DB,TEN,1987,1.0,0,0
archive-5787,Jeff Donaldson,FS,TEN,1988,0.0,0,0
archive-5787,Jeff Donaldson,FS,TEN,1989,0.0,0,0
archive-5787,Jeff Donaldson,FS,KC,1990,0.0,0,0
archive-5787,Jeff Donaldson,DB,ATL,1991,1.0,0,0
archive-5787,Jeff Donaldson,S,ATL,1992,1.0,0,0
archive-5787,Jeff Donaldson,S,ATL,1993,0.0,0,0
archive-5819,Torin Dorn,DB,LV,1990,0.0,0,0
archive-5819,Torin Dorn,DB,LV,1991,0.0,0,0
archive-5819,Torin Dorn,DB,LV,1992,0.0,0,0
archive-5819,Torin Dorn,DB,LV,1993,0.0,0,0
archive-5819,Torin Dorn,CB,LAR,1995,0.0,0.0,1.0
archive-5819,Torin Dorn,DB,LAR,1996,0.0,0.0,1.0
archive-5819,Torin Dorn,DB,WAS,1996,0.0,0.0,0.0
archive-5822,Dale Dorning,DE,SEA,1987,1.5,0,0
archive-5827,Anthony Dorsett,DB,CIN,1996,0.0,0.0,0.0
archive-5827,Anthony Dorsett,CB,TEN,1996,0.0,0.0,0.0
archive-5827,Anthony Dorsett,DB,BUF,1997,0.0,0.0,0.0
archive-5827,Anthony Dorsett,DB,MIA,1997,0.0,0.0,0.0
archive-5827,Anthony Dorsett,DB,TEN,1997,0.0,0.0,0.0
archive-5827,Anthony Dorsett,DB,TEN,1998,0.0,0.0,0.0
archive-5828,Matthew Dorsett,CB,GB,1995,0.0,0.0,0.0
archive-5835,Eric Dorsey,DE,NYG,1986,3.0,0,0
archive-5835,Eric Dorsey,DE,NYG,1987,1.0,0,0
archive-5835,Eric Dorsey,DE,NYG,1988,3.5,0,0
archive-5835,Eric Dorsey,DE,NYG,1989,0.0,0,0
archive-5835,Eric Dorsey,DE,NYG,1990,0.0,0,0
archive-5835,Eric Dorsey,DE,NYG,1991,0.5,0,0
archive-5835,Eric Dorsey,DE,NYG,1992,2.0,0,0
archive-5837,John Dorsey,LB,GB,1984,0.0,0,0
archive-5837,John Dorsey,LB,GB,1985,0.0,0,0
archive-5837,John Dorsey,LB,GB,1986,0.0,0,0
archive-5837,John Dorsey,LB,GB,1987,0.0,0,0
archive-5837,John Dorsey,LB,GB,1988,0.0,0,0
archive-5846,Reggie Doss,DE,LAR,1982,4.0,0,0
archive-5846,Reggie Doss,DE,LAR,1983,5.0,0,0
archive-5846,Reggie Doss,DE,LAR,1984,8.5,0,0
archive-5846,Reggie Doss,DE,LAR,1985,3.5,0,0
archive-5846,Reggie Doss,DE,LAR,1986,0.0,0,0
archive-5846,Reggie Doss,DE,LAR,1987,0.0,0,0
archive-5850,DeWayne Dotson,LB,MIA,1995,0.0,0.0,0.0
archive-5850,DeWayne Dotson,LB,MIA,1997,0.0,0.0,0.0
archive-5853,Santana Dotson ,DT,TB,1992,10.0,0,0
archive-5853,Santana Dotson ,DT,TB,1993,5.0,0,0
archive-5853,Santana Dotson ,DT,TB,1994,3.0,0.0,0.0
archive-5853,Santana Dotson ,DT,TB,1995,5.0,0.0,0.0
archive-5853,Santana Dotson ,DT,GB,1996,6.5,0.0,0.0
archive-5853,Santana Dotson ,DT,GB,1997,5.5,0.0,0.0
archive-5853,Santana Dotson ,DT,GB,1998,3.0,0.0,0.0
archive-5872,Hugh Douglas,DE,NYJ,1995,10.0,0.0,0.0
archive-5872,Hugh Douglas,DE,NYJ,1996,8.0,0.0,0.0
archive-5872,Hugh Douglas,DE,NYJ,1997,4.0,0.0,0.0
archive-5872,Hugh Douglas,DE,TB,1997,0.0,0.0,0.0
archive-5872,Hugh Douglas,DE,PHI,1998,12.5,0.0,0.0
archive-5887,Maurice Douglass ,DB,CHI,1986,0.0,0,0
archive-5887,Maurice Douglass ,DB,CHI,1987,0.0,0,0
archive-5887,Maurice Douglass ,DB,CHI,1988,0.0,0,0
archive-5887,Maurice Douglass ,DB,CHI,1989,0.0,0,0
archive-5887,Maurice Douglass ,DB,CHI,1990,0.0,0,0
archive-5887,Maurice Douglass ,DB,CHI,1991,0.0,0,0
archive-5887,Maurice Douglass ,DB,CHI,1992,0.0,0,0
archive-5887,Maurice Douglass ,DB,CHI,1993,0.0,0,0
archive-5887,Maurice Douglass ,DB,CHI,1994,1.5,0.0,1.0
archive-5887,Maurice Douglass ,DB,NYG,1995,1.0,0.0,0.0
archive-5887,Maurice Douglass ,DB,NYG,1996,0.0,0.0,1.0
archive-5888,Mike Douglass ,LB,GB,1982,4.5,0,0
archive-5888,Mike Douglass ,LB,GB,1983,5.5,0,0
archive-5888,Mike Douglass ,LB,GB,1984,9.0,0,0
archive-5888,Mike Douglass ,LB,GB,1985,1.5,0,0
archive-5888,Mike Douglass ,LB,LAC,1986,0.0,0,0
archive-5895,Wes Dove,DE,SEA,1987,0.0,0,0
archive-5902,Corey Dowden,CB,BAL,1996,0.0,0.0,0.0
archive-5902,Corey Dowden,CB,GB,1996,0.0,0.0,1.0
archive-5902,Corey Dowden,DB,CHI,1997,0.0,0.0,0.0
archive-5917,Michael Downs,FS,DAL,1982,1.0,0,0
archive-5917,Michael Downs,FS,DAL,1983,1.5,0,0
archive-5917,Michael Downs,FS,DAL,1984,3.5,0,0
archive-5917,Michael Downs,FS,DAL,1985,0.5,0,0
archive-5917,Michael Downs,DB,DAL,1986,1.0,0,0
archive-5917,Michael Downs,DB,DAL,1987,0.0,0,0
archive-5917,Michael Downs,FS,DAL,1988,0.5,0,0
archive-5917,Michael Downs,DB,ARI,1989,0.0,0,0
archive-5927,Cornelius Dozier,DB,KC,1987,0.0,0,0
archive-5930,Chris Draft,LB,CHI,1998,0.0,0.0,0.0
archive-5935,Jerry Drake,DT,ARI,1995,0.0,0.0,0.0
archive-5935,Jerry Drake,DT,ARI,1996,0.0,0.0,0.0
archive-5935,Jerry Drake,DT,ARI,1998,0.0,0.0,0.0
archive-5936,Joe Drake,NT,PHI,1985,0.0,0,0
archive-5936,Joe Drake,NT,SF,1987,0.0,0,0
archive-5940,Tyronne Drakeford,CB,SF,1994,0.0,0.0,1.0
archive-5940,Tyronne Drakeford,CB,SF,1995,1.0,0.0,5.0
archive-5940,Tyronne Drakeford,DB,NYJ,1996,0.0,0.0,0.0
archive-5940,Tyronne Drakeford,CB,SF,1996,2.0,0.0,1.0
archive-5940,Tyronne Drakeford,DB,SF,1997,0.0,0.0,5.0
archive-5940,Tyronne Drakeford,CB,NO,1998,0.0,0.0,4.0
archive-5941,Dwight Drane,S,BUF,1986,1.0,0,0
archive-5941,Dwight Drane,S,BUF,1987,1.0,0,0
archive-5941,Dwight Drane,S,BUF,1988,0.0,0,0
archive-5941,Dwight Drane,S,BUF,1989,0.0,0,0
archive-5941,Dwight Drane,DB,BUF,1990,0.0,0,0
archive-5941,Dwight Drane,DB,BUF,1991,0.0,0,0
archive-5964,Shane Dronett,DT,DEN,1992,6.5,0,0
archive-5964,Shane Dronett,DT,DEN,1993,7.0,0,0
archive-5964,Shane Dronett,DT,DEN,1994,6.0,0.0,0.0
archive-5964,Shane Dronett,DT,DEN,1995,2.0,0.0,0.0
archive-5964,Shane Dronett,DT,ATL,1996,0.0,0.0,0.0
archive-5964,Shane Dronett,DT,DET,1996,0.0,0.0,0.0
archive-5964,Shane Dronett,DT,ATL,1997,3.0,0.0,0.0
archive-5964,Shane Dronett,DT,ATL,1998,6.5,0.0,0.0
archive-5965,Jeff Drost,DT,GB,1987,2.0,0,0
archive-5968,Darren Drozdov,NT,DEN,1993,0.0,0,0
archive-5982,George Duarte,DB,CHI,1987,0.0,0,0
archive-5994,Mark Duckens,DE,NYG,1989,0.0,0,0
archive-5994,Mark Duckens,DE,DET,1990,3.0,0,0
archive-5994,Mark Duckens,DE,TB,1992,0.0,0,0
archive-5996,Forey Duckett,CB,CIN,1994,0.0,0.0,0.0
archive-5996,Forey Duckett,CB,GB,1994,0.0,0.0,0.0
archive-5996,Forey Duckett,CB,SEA,1994,0.0,0.0,0.0
archive-5999,Robert Ducksworth,DB,NYJ,1986,0.0,0,0
archive-6005,Mark Duda,DT,ARI,1983,1.0,0,0
archive-6005,Mark Duda,DT,ARI,1984,3.0,0,0
archive-6005,Mark Duda,DT,ARI,1985,5.5,0,0
archive-6005,Mark Duda,DT,ARI,1986,0.0,0,0
archive-6005,Mark Duda,DT,ARI,1987,0.0,0,0
archive-6011,Brian Dudley,DB,CLE,1987,0.0,0,0
archive-6015,Dave Duerson ,DB,CHI,1983,0.0,0,0
archive-6015,Dave Duerson ,DB,CHI,1984,3.0,0,0
archive-6015,Dave Duerson ,DB,CHI,1985,2.0,0,0
archive-6015,Dave Duerson ,DB,CHI,1986,7.0,0,0
archive-6015,Dave Duerson ,DB,CHI,1987,3.0,0,0
archive-6015,Dave Duerson ,DB,CHI,1988,1.0,0,0
archive-6015,Dave Duerson ,DB,CHI,1989,0.0,0,0
archive-6015,Dave Duerson ,DB,NYG,1990,0.0,0,0
archive-6015,Dave Duerson ,DB,ARI,1991,0.0,0,0
archive-6015,Dave Duerson ,DB,ARI,1992,0.0,0,0
archive-6015,Dave Duerson ,DB,ARI,1993,0.0,0,0
archive-6017,Don Dufek,S,SEA,1982,0.0,0,0
archive-6017,Don Dufek,DB,SEA,1983,3.0,0,0
archive-6017,Don Dufek,DB,SEA,1984,0.0,0,0
archive-6020,Jamal Duff,DE,NYG,1995,4.0,0.0,0.0
archive-6020,Jamal Duff,DE,LAC,1997,0.0,0.0,0.0
archive-6020,Jamal Duff,DE,WAS,1997,2.0,0.0,0.0
archive-6020,Jamal Duff,DE,WAS,1998,3.0,0.0,0.0
archive-6037,A.J. Duhe,LB,MIA,1982,5.0,0,0
archive-6037,A.J. Duhe,LB,MIA,1983,5.5,0,0
archive-6037,A.J. Duhe,LB,MIA,1984,1.0,0,0
archive-6046,Chris Duliban,LB,DAL,1987,2.0,0,0
archive-6047,Gary Dulin,DE,ARI,1986,0.0,0,0
archive-6047,Gary Dulin,DE,ARI,1987,0.5,0,0
archive-6048,Mike Dumas,DB,TEN,1991,0.0,0,0
archive-6048,Mike Dumas,DB,TEN,1992,0.0,0,0
archive-6048,Mike Dumas,SAF,BUF,1994,0.0,0.0,0.0
archive-6048,Mike Dumas,FS,JAX,1995,0.0,0.0,1.0
archive-6048,Mike Dumas,DB,LAC,1997,1.0,0.0,1.0
archive-6048,Mike Dumas,DB,LAC,1998,1.0,0.0,0.0
archive-6049,Troy Dumas,LB,KC,1996,0.0,0.0,0.0
archive-6049,Troy Dumas,LB,KC,1997,1.0,0.0,0.0
archive-6049,Troy Dumas,LB,LAR,1997,0.0,0.0,0.0
archive-6050,Jon Dumbauld,DE,NO,1986,0.0,0,0
archive-6050,Jon Dumbauld,DE,PHI,1987,0.0,0,0
archive-6050,Jon Dumbauld,DE,NO,1988,0.0,0,0
archive-6050,Jon Dumbauld,DE,PHI,1988,0.0,0,0
archive-6055,Jim Dumont,LB,CLE,1984,0.0,0,0
archive-6061,Karl Dunbar,DE,NO,1993,0.0,0,0
archive-6061,Karl Dunbar,DE,ARI,1994,0.0,0.0,0.0
archive-6061,Karl Dunbar,DE,ARI,1995,0.0,0.0,0.0
archive-6071,Jamie Duncan,LB,TB,1998,0.0,0.0,0.0
archive-6095,Gary Dunn,NT,PIT,1982,6.0,0,0
archive-6095,Gary Dunn,NT,PIT,1983,6.0,0,0
archive-6095,Gary Dunn,NT,PIT,1984,1.0,0,0
archive-6095,Gary Dunn,NT,PIT,1985,2.5,0,0
archive-6095,Gary Dunn,NT,PIT,1986,2.5,0,0
archive-6095,Gary Dunn,NT,PIT,1987,0.0,0,0
archive-6116,Myron Dupree,DB,DEN,1983,0.0,0,0
archive-6123,Steve Durham,DE,IND,1982,0.0,0,0
archive-6130,Mark Dusbabek,LB,MIN,1989,0.0,0,0
archive-6130,Mark Dusbabek,LB,MIN,1990,0.0,0,0
archive-6130,Mark Dusbabek,LB,MIN,1991,0.0,0,0
archive-6135,John Dutton,DT,DAL,1982,2.0,0,0
archive-6135,John Dutton,DT,DAL,1983,4.5,0,0
archive-6135,John Dutton,DT,DAL,1984,2.5,0,0
archive-6135,John Dutton,DT,DAL,1985,4.0,0,0
archive-6135,John Dutton,DT,DAL,1986,5.0,0,0
archive-6135,John Dutton,DT,DAL,1987,0.0,0,0
archive-6146,Mike Dwyer,DT,DAL,1987,1.0,0,0
archive-6155,Donald Dykes,DB,LAC,1982,0.0,0,0
archive-6158,Sean Dykes,DB,NYJ,1987,0.0,0,0
archive-6162,Matt Dyson,LB,LV,1995,0.0,0.0,0.0
archive-6165,James Eaddy,NT,CIN,1987,0.0,0,0
archive-6181,Kenny Easley,S,SEA,1982,2.0,0,0
archive-6181,Kenny Easley,S,SEA,1983,4.0,0,0
archive-6181,Kenny Easley,S,SEA,1984,0.0,0,0
archive-6181,Kenny Easley,S,SEA,1985,2.0,0,0
archive-6181,Kenny Easley,DB,SEA,1986,1.0,0,0
archive-6181,Kenny Easley,DB,SEA,1987,0.0,0,0
archive-6185,Ricky Easmon,DB,DAL,1985,0.0,0,0
archive-6185,Ricky Easmon,DB,TB,1985,0.0,0,0
archive-6185,Ricky Easmon,DB,TB,1986,0.0,0,0
archive-6186,Bo Eason,FS,TEN,1984,1.0,0,0
archive-6186,Bo Eason,FS,TEN,1985,2.5,0,0
archive-6186,Bo Eason,DB,TEN,1986,0.0,0,0
archive-6186,Bo Eason,DB,TEN,1987,0.0,0,0
archive-6197,Chad Eaton,DT,NE,1996,1.5,0.0,0.0
archive-6197,Chad Eaton,DT,NE,1997,1.0,0.0,0.0
archive-6197,Chad Eaton,DT,NE,1998,6.0,0.0,0.0
archive-6200,Tracey Eaton,DB,TEN,1988,0.0,0,0
archive-6200,Tracey Eaton,FS,TEN,1989,0.0,0,0
archive-6200,Tracey Eaton,DB,ARI,1990,0.0,0,0
archive-6200,Tracey Eaton,DB,ATL,1991,0.0,0,0
archive-6200,Tracey Eaton,DB,ATL,1993,0.0,0,0
archive-6219,Terry Echols,LB,PIT,1984,0.0,0,0
archive-6252,Antonio Edwards,DE,SEA,1993,3.0,0,0
archive-6252,Antonio Edwards,DE,SEA,1994,2.5,0.0,0.0
archive-6252,Antonio Edwards,DE,SEA,1995,5.5,0.0,0.0
archive-6252,Antonio Edwards,DE,SEA,1996,2.0,0.0,0.0
archive-6252,Antonio Edwards,DE,NYG,1997,0.0,0.0,0.0
archive-6252,Antonio Edwards,DE,SEA,1997,0.0,0.0,0.0
archive-6252,Antonio Edwards,DE,ATL,1998,1.0,0.0,0.0
archive-6256,Brad Edwards,FS,MIN,1988,0.0,0,0
archive-6256,Brad Edwards,DB,MIN,1989,0.0,0,0
archive-6256,Brad Edwards,CB,WAS,1990,0.0,0,0
archive-6256,Brad Edwards,FS,WAS,1991,0.0,0,0
archive-6256,Brad Edwards,FS,WAS,1992,0.0,0,0
archive-6256,Brad Edwards,FS,WAS,1993,0.0,0,0
archive-6256,Brad Edwards,DB,ATL,1994,0.0,0.0,0.0
archive-6256,Brad Edwards,SAF,ATL,1995,0.0,0.0,0.0
archive-6256,Brad Edwards,FS,ATL,1996,0.0,0.0,2.0
archive-6263,Dave Edwards,DB,PIT,1985,0.0,0,0
archive-6263,Dave Edwards,DB,PIT,1986,0.0,0,0
archive-6263,Dave Edwards,DB,PIT,1987,0.0,0,0
archive-6264,Dennis Edwards,DE,LAR,1987,1.0,0,0
archive-6265,Dixon Edwards,LB,DAL,1991,0.0,0,0
archive-6265,Dixon Edwards,LB,DAL,1992,0.0,0,0
archive-6265,Dixon Edwards,LB,DAL,1993,1.5,0,0
archive-6265,Dixon Edwards,LB,DAL,1994,1.0,0.0,0.0
archive-6265,Dixon Edwards,LB,DAL,1995,0.0,0.0,0.0
archive-6265,Dixon Edwards,LB,MIN,1996,3.5,0.0,1.0
archive-6265,Dixon Edwards,LB,MIN,1997,1.5,0.0,0.0
archive-6265,Dixon Edwards,LB,MIN,1998,0.0,0.0,0.0
archive-6266,Donnie Edwards,LB,KC,1996,0.0,0.0,1.0
archive-6266,Donnie Edwards,LB,KC,1997,2.5,0.0,2.0
archive-6266,Donnie Edwards,LB,KC,1998,6.0,0.0,0.0
archive-6270,Eddie Edwards,DE,CIN,1982,6.0,0,0
archive-6270,Eddie Edwards,DE,CIN,1983,13.0,0,0
archive-6270,Eddie Edwards,DE,CIN,1984,9.0,0,0
archive-6270,Eddie Edwards,DE,CIN,1985,8.5,0,0
archive-6270,Eddie Edwards,DE,CIN,1986,6.5,0,0
archive-6270,Eddie Edwards,DE,CIN,1987,4.0,0,0
archive-6270,Eddie Edwards,DE,CIN,1988,0.5,0,0
archive-6274,Herm Edwards,DB,PHI,1982,0.0,0,0
archive-6274,Herm Edwards,DB,PHI,1983,0.0,0,0
archive-6274,Herm Edwards,DB,PHI,1984,0.0,0,0
archive-6274,Herm Edwards,DB,PHI,1985,0.0,0,0
archive-6274,Herm Edwards,DB,ATL,1986,0.0,0,0
archive-6274,Herm Edwards,DB,LAR,1986,0.0,0,0
archive-6287,Randy Edwards,DE,SEA,1984,1.5,0,0
archive-6287,Randy Edwards,DE,SEA,1985,10.5,0,0
archive-6287,Randy Edwards,DE,SEA,1986,4.0,0,0
archive-6287,Randy Edwards,DE,SEA,1987,0.0,0,0
archive-6294,Tim Edwards,DT,NE,1992,1.0,0,0
archive-6299,Vernon Edwards,DE,LAC,1996,1.0,0.0,0.0
archive-6308,Chuck Ehin,NT,LAC,1983,0.0,0,0
archive-6308,Chuck Ehin,NT,LAC,1984,2.0,0,0
archive-6308,Chuck Ehin,NT,LAC,1985,1.5,0,0
archive-6308,Chuck Ehin,NT,LAC,1986,2.5,0,0
archive-6308,Chuck Ehin,NT,LAC,1987,3.5,0,0
archive-6312,Joe Ehrmann,DT,DET,1982,3.0,0,0
archive-6321,Pat Eilers,DB,MIN,1990,0.0,0,0
archive-6321,Pat Eilers,DB,MIN,1991,0.0,0,0
archive-6321,Pat Eilers,DB,WAS,1992,0.0,0,0
archive-6321,Pat Eilers,DB,WAS,1993,0.0,0,0
archive-6321,Pat Eilers,DB,WAS,1994,0.0,0.0,0.0
archive-6321,Pat Eilers,SAF,CHI,1995,0.0,0.0,0.0
archive-6324,John Eisenhooth,NT,SEA,1987,0.0,0,0
archive-6331,Carl Ekern,LB,LAR,1982,0.0,0,0
archive-6331,Carl Ekern,LB,LAR,1983,0.0,0,0
archive-6331,Carl Ekern,LB,LAR,1984,2.0,0,0
archive-6331,Carl Ekern,LB,LAR,1985,0.0,0,0
archive-6331,Carl Ekern,LB,LAR,1986,1.0,0,0
archive-6331,Carl Ekern,LB,LAR,1987,0.0,0,0
archive-6331,Carl Ekern,LB,LAR,1988,0.0,0,0
archive-6338,Onzy Elam,LB,NYJ,1987,0.0,0,0
archive-6338,Onzy Elam,LB,NYJ,1988,0.0,0,0
archive-6338,Onzy Elam,LB,DAL,1989,0.0,0,0
archive-6340,Donnie Elder,DB,NYJ,1985,0.0,0,0
archive-6340,Donnie Elder,DB,DET,1986,0.0,0,0
archive-6340,Donnie Elder,DB,PIT,1986,0.0,0,0
archive-6340,Donnie Elder,DB,TB,1988,0.0,0,0
archive-6340,Donnie Elder,DB,TB,1989,0.0,0,0
archive-6340,Donnie Elder,DB,LAC,1990,0.5,0,0
archive-6340,Donnie Elder,DB,LAC,1991,1.0,0,0
archive-6351,Jim Eliopulos,LB,ARI,1983,0.0,0,0
archive-6351,Jim Eliopulos,LB,NYJ,1983,0.0,0,0
archive-6351,Jim Eliopulos,LB,NYJ,1984,0.0,0,0
archive-6351,Jim Eliopulos,LB,NYJ,1985,0.0,0,0
archive-6356,Bill Elko,NT,LAC,1983,0.5,0,0
archive-6356,Bill Elko,NT,LAC,1984,1.5,0,0
archive-6356,Bill Elko,NT,IND,1987,1.0,0,0
archive-6387,Ted Elliott,NT,NO,1987,0.0,0,0
archive-6388,Tony Elliott,NT,NO,1982,0.0,0,0
archive-6388,Tony Elliott,NT,NO,1983,5.5,0,0
archive-6388,Tony Elliott,NT,NO,1984,0.0,0,0
archive-6388,Tony Elliott,NT,NO,1985,1.0,0,0
archive-6388,Tony Elliott,NT,NO,1986,3.5,0,0
archive-6388,Tony Elliott,NT,NO,1987,3.0,0,0
archive-6388,Tony Elliott,NT,NO,1988,1.0,0,0
archive-6399,Greg Ellis,DE,DAL,1998,3.0,0.0,0.0
archive-6401,Jim Ellis,LB,LV,1987,0.0,0,0
archive-6406,Kwame Ellis,CB,NYJ,1996,0.0,0.0,0.0
archive-6408,Ray Ellis,DB,PHI,1982,0.0,0,0
archive-6408,Ray Ellis,S,PHI,1983,0.0,0,0
archive-6408,Ray Ellis,S,PHI,1984,0.0,0,0
archive-6408,Ray Ellis,S,PHI,1985,2.0,0,0
archive-6408,Ray Ellis,DB,CLE,1986,1.0,0,0
archive-6408,Ray Ellis,DB,CLE,1987,0.0,0,0
archive-6421,Riki Ellison,LB,SF,1983,0.0,0,0
archive-6421,Riki Ellison,LB,SF,1984,2.0,0,0
archive-6421,Riki Ellison,LB,SF,1985,1.0,0,0
archive-6421,Riki Ellison,LB,SF,1986,0.0,0,0
archive-6421,Riki Ellison,LB,SF,1987,0.0,0,0
archive-6421,Riki Ellison,LB,SF,1988,1.0,0,0
archive-6421,Riki Ellison,LB,LV,1990,0.0,0,0
archive-6421,Riki Ellison,LB,LV,1991,0.0,0,0
archive-6421,Riki Ellison,LB,LV,1992,1.0,0,0
archive-6423,Luther Elliss,DT,DET,1995,0.0,0.0,0.0
archive-6423,Luther Elliss,DT,DET,1996,6.5,0.0,0.0
archive-6423,Luther Elliss,DT,DET,1997,9.5,0.0,0.0
archive-6423,Luther Elliss,DT,DET,1998,3.0,0.0,0.0
archive-6426,Percy Ellsworth,FS,NYG,1996,0.0,0.0,3.0
archive-6426,Percy Ellsworth,DB,NYG,1997,0.0,0.0,4.0
archive-6426,Percy Ellsworth,DB,SEA,1997,0.0,0.0,0.0
archive-6426,Percy Ellsworth,S,NYG,1998,0.0,0.0,5.0
archive-6432,Joey Eloms,DB,SEA,1998,0.0,0.0,0.0
archive-6436,Neil Elshire,DE,MIN,1982,1.0,0,0
archive-6436,Neil Elshire,DE,MIN,1983,9.5,0,0
archive-6436,Neil Elshire,DE,MIN,1984,3.5,0,0
archive-6436,Neil Elshire,DE,MIN,1985,5.0,0,0
archive-6436,Neil Elshire,DE,MIN,1986,0.0,0,0
archive-6448,Charles Emanuel,DB,PHI,1997,0.0,0.0,0.0
archive-6460,Carlos Emmons,LB,BUF,1996,0.0,0.0,0.0
archive-6460,Carlos Emmons,LB,NYJ,1996,0.0,0.0,0.0
archive-6460,Carlos Emmons,LB,PIT,1996,2.5,0.0,0.0
archive-6460,Carlos Emmons,LB,PIT,1997,0.0,0.0,0.0
archive-6460,Carlos Emmons,LB,PIT,1998,3.5,0.0,1.0
archive-6463,Steve Emtman,DE,IND,1992,3.0,0,0
archive-6463,Steve Emtman,DE,IND,1993,1.0,0,0
archive-6463,Steve Emtman,DE,IND,1994,1.0,0.0,0.0
archive-6463,Steve Emtman,DE,MIA,1995,1.0,0.0,0.0
archive-6463,Steve Emtman,DE,MIA,1996,2.0,0.0,0.0
archive-6463,Steve Emtman,DE,WAS,1997,0.0,0.0,0.0
archive-6475,Eric England,DE,ARI,1994,0.0,0.0,0.0
archive-6475,Eric England,DE,ARI,1995,0.0,0.0,0.0
archive-6475,Eric England,DE,ARI,1996,0.0,0.0,0.0
archive-6479,Doug English,DT,DET,1982,5.5,0,0
archive-6479,Doug English,DT,DET,1983,14.0,0,0
archive-6479,Doug English,DT,DET,1984,5.0,0,0
archive-6479,Doug English,DT,DET,1985,2.5,0,0
archive-6498,Jack Epps,DB,KC,1987,0.0,0,0
archive-6500,Tory Epps,NT,ATL,1990,3.0,0,0
archive-6500,Tory Epps,NT,ATL,1991,1.5,0,0
archive-6500,Tory Epps,NT,ATL,1992,0.0,0,0
archive-6500,Tory Epps,NT,ATL,1993,0.0,0,0
archive-6500,Tory Epps,NT,CHI,1993,0.0,0,0
archive-6500,Tory Epps,NT,CHI,1994,1.0,0.0,0.0
archive-6500,Tory Epps,NT,NO,1995,0.0,0.0,0.0
archive-6516,Tom Erlandson,LB,BUF,1988,0.0,0,0
archive-6548,Dave Etherly,DB,WAS,1987,0.0,0,0
archive-6561,Byron Evans,LB,PHI,1987,0.0,0,0
archive-6561,Byron Evans,LB,PHI,1988,0.0,0,0
archive-6561,Byron Evans,LB,PHI,1989,2.0,0,0
archive-6561,Byron Evans,LB,PHI,1990,1.0,0,0
archive-6561,Byron Evans,LB,PHI,1991,0.0,0,0
archive-6561,Byron Evans,LB,PHI,1992,1.0,0,0
archive-6561,Byron Evans,LB,PHI,1993,0.0,0,0
archive-6561,Byron Evans,LB,PHI,1994,0.5,0.0,1.0
archive-6567,David Evans,DB,MIN,1986,0.0,0,0
archive-6567,David Evans,DB,MIN,1987,0.0,0,0
archive-6571,Donald Evans,DE,LAR,1987,0.0,0,0
archive-6571,Donald Evans,DE,PHI,1988,0.0,0,0
archive-6571,Donald Evans,DE,PIT,1990,3.0,0,0
archive-6571,Donald Evans,DE,PIT,1991,2.0,0,0
archive-6571,Donald Evans,DE,PIT,1992,3.0,0,0
archive-6571,Donald Evans,DE,PIT,1993,6.5,0,0
archive-6571,Donald Evans,DE,NYJ,1994,0.5,0.0,0.0
archive-6571,Donald Evans,DE,NYJ,1995,2.0,0.0,0.0
archive-6572,Doug Evans,CB,GB,1993,0.0,0,0
archive-6572,Doug Evans,CB,GB,1994,1.0,0.0,1.0
archive-6572,Doug Evans,CB,GB,1995,1.0,0.0,3.0
archive-6572,Doug Evans,CB,GB,1996,4.0,0.0,6.0
archive-6572,Doug Evans,CB,GB,1997,1.0,0.0,3.0
archive-6572,Doug Evans,CB,CAR,1998,0.0,0.0,2.0
archive-6576,Greg Evans,FS,BUF,1995,0.0,0.0,2.0
archive-6576,Greg Evans,DB,WAS,1998,0.0,0.0,0.0
archive-6587,Josh Evans,DT,TEN,1995,0.0,0.0,0.0
archive-6587,Josh Evans,DT,DAL,1996,0.0,0.0,0.0
archive-6587,Josh Evans,DT,TEN,1996,0.0,0.0,0.0
archive-6587,Josh Evans,DT,BUF,1997,0.0,0.0,0.0
archive-6587,Josh Evans,DT,MIA,1997,0.0,0.0,0.0
archive-6587,Josh Evans,DT,TEN,1997,2.0,0.0,0.0
archive-6587,Josh Evans,DT,TEN,1998,3.5,0.0,0.0
archive-6590,Larry Evans,LB,DEN,1982,0.0,0,0
archive-6590,Larry Evans,LB,LAC,1983,0.0,0,0
archive-6592,Leomont Evans,DB,WAS,1996,0.0,0.0,0.0
archive-6592,Leomont Evans,DB,LAC,1997,0.0,0.0,0.0
archive-6592,Leomont Evans,DB,WAS,1997,0.0,0.0,0.0
archive-6592,Leomont Evans,S,WAS,1998,1.0,0.0,3.0
archive-6593,Leon Evans,DE,DET,1985,0.0,0,0
archive-6593,Leon Evans,DE,DET,1986,0.0,0,0
archive-6597,Mike Evans,DT,KC,1992,0.0,0,0
archive-6606,Scott Evans,DE,ARI,1991,0.0,0,0
archive-6611,Eric Everett,DB,PHI,1988,0.0,0,0
archive-6611,Eric Everett,CB,PHI,1989,0.0,0,0
archive-6611,Eric Everett,DB,TB,1990,0.0,0,0
archive-6611,Eric Everett,DB,KC,1991,1.0,0,0
archive-6611,Eric Everett,DB,MIN,1992,0.0,0,0
archive-6615,Thomas Everett,DB,PIT,1987,0.0,0,0
archive-6615,Thomas Everett,FS,PIT,1988,0.0,0,0
archive-6615,Thomas Everett,FS,PIT,1989,0.0,0,0
archive-6615,Thomas Everett,FS,PIT,1990,0.0,0,0
archive-6615,Thomas Everett,FS,PIT,1991,0.0,0,0
archive-6615,Thomas Everett,S,DAL,1992,1.0,0,0
archive-6615,Thomas Everett,FS,DAL,1993,0.0,0,0
archive-6615,Thomas Everett,FS,TB,1994,0.0,0.0,1.0
archive-6615,Thomas Everett,FS,TB,1995,1.0,0.0,0.0
archive-6618,William Evers,DB,ATL,1990,0.0,0,0
archive-6618,William Evers,DB,ATL,1991,0.0,0,0
archive-6633,Kevin Fagan,DE,SF,1987,2.0,0,0
archive-6633,Kevin Fagan,DE,SF,1988,4.0,0,0
archive-6633,Kevin Fagan,DE,SF,1989,10.0,0,0
archive-6633,Kevin Fagan,DE,SF,1990,9.5,0,0
archive-6633,Kevin Fagan,DE,SF,1991,2.0,0,0
archive-6633,Kevin Fagan,DE,SF,1992,1.0,0,0
archive-6633,Kevin Fagan,DE,SF,1993,1.0,0,0
archive-6637,Jim Fahnhorst,LB,SF,1984,0.0,0,0
archive-6637,Jim Fahnhorst,LB,SF,1985,0.0,0,0
archive-6637,Jim Fahnhorst,LB,SF,1986,1.0,0,0
archive-6637,Jim Fahnhorst,LB,SF,1987,0.0,0,0
archive-6637,Jim Fahnhorst,LB,SF,1988,0.0,0,0
archive-6637,Jim Fahnhorst,LB,SF,1989,0.0,0,0
archive-6637,Jim Fahnhorst,LB,SF,1990,0.0,0,0
archive-6640,Richard Fain,CB,ARI,1991,0.0,0,0
archive-6640,Richard Fain,CB,CIN,1991,0.0,0,0
archive-6640,Richard Fain,CB,CHI,1992,0.0,0,0
archive-6643,Terry Fair,CB,DET,1998,1.0,0.0,0.0
archive-6646,Don Fairbanks,DE,SEA,1987,0.0,0,0
archive-6652,Eric Fairs,LB,TEN,1986,0.0,0,0
archive-6652,Eric Fairs,LB,TEN,1987,0.0,0,0
archive-6652,Eric Fairs,LB,TEN,1988,0.0,0,0
archive-6652,Eric Fairs,LB,TEN,1989,3.5,0,0
archive-6652,Eric Fairs,LB,TEN,1990,0.0,0,0
archive-6652,Eric Fairs,LB,TEN,1991,0.0,0,0
archive-6652,Eric Fairs,LB,ATL,1992,0.0,0,0
archive-6670,Mike Fanning,DT,LAR,1982,5.0,0,0
archive-6670,Mike Fanning,DT,DET,1983,1.0,0,0
archive-6670,Mike Fanning,DT,SEA,1984,8.0,0,0
archive-6673,Ken Fantetti,LB,DET,1982,0.0,0,0
archive-6673,Ken Fantetti,LB,DET,1983,1.0,0,0
archive-6673,Ken Fantetti,LB,DET,1984,1.5,0,0
archive-6673,Ken Fantetti,LB,DET,1985,0.0,0,0
archive-6693,Ray Farmer,LB,PHI,1996,1.0,0.0,1.0
archive-6693,Ray Farmer,LB,PHI,1997,1.0,0.0,0.0
archive-6693,Ray Farmer,LB,PHI,1998,0.0,0.0,0.0
archive-6699,D'Marco Farr,DT,LAR,1994,1.0,0.0,0.0
archive-6699,D'Marco Farr,DT,LAR,1995,11.5,0.0,1.0
archive-6699,D'Marco Farr,DT,LAR,1996,4.5,0.0,1.0
archive-6699,D'Marco Farr,DT,WAS,1996,0.0,0.0,0.0
archive-6699,D'Marco Farr,DT,LAR,1997,3.0,0.0,1.0
archive-6699,D'Marco Farr,DT,LAR,1998,7.0,0.0,0.0
archive-6712,James Farrior,LB,NYJ,1997,1.5,0.0,0.0
archive-6712,James Farrior,LB,TB,1997,0.0,0.0,0.0
archive-6712,James Farrior,LB,NYJ,1998,1.0,0.0,0.0
archive-6719,Brett Faryniarz,LB,LAR,1988,1.0,0,0
archive-6719,Brett Faryniarz,LB,LAR,1989,3.0,0,0
archive-6719,Brett Faryniarz,LB,LAR,1990,2.0,0,0
archive-6719,Brett Faryniarz,LB,LAR,1991,0.0,0,0
archive-6719,Brett Faryniarz,LB,SF,1993,0.0,0,0
archive-6719,Brett Faryniarz,LB,TEN,1994,0.0,0.0,0.0
archive-6719,Brett Faryniarz,LB,CAR,1995,0.0,0.0,0.0
archive-6726,Chuck Faucette,LB,LAC,1987,0.0,0,0
archive-6726,Chuck Faucette,LB,LAC,1988,0.0,0,0
archive-6732,Jeff Faulkner,DE,KC,1987,0.0,0,0
archive-6732,Jeff Faulkner,DE,IND,1990,2.0,0,0
archive-6732,Jeff Faulkner,DE,ARI,1991,2.0,0,0
archive-6732,Jeff Faulkner,DE,ARI,1992,0.5,0,0
archive-6732,Jeff Faulkner,DE,NO,1993,0.0,0,0
archive-6732,Jeff Faulkner,DE,WAS,1993,1.0,0,0
archive-6732,Jeff Faulkner,DE,NYJ,1996,0.0,0.0,0.0
archive-6734,Ta'ase Faumui,DE,PIT,1994,0.0,0.0,0.0
archive-6734,Ta'ase Faumui,DE,PIT,1995,0.0,0.0,0.0
archive-6738,Ron Faurot,DE,NYJ,1984,2.0,0,0
archive-6738,Ron Faurot,DE,NYJ,1985,0.0,0,0
archive-6744,Greg Favors,LB,KC,1998,2.0,0.0,0.0
archive-6746,Calvin Favron,LB,ARI,1982,0.0,0,0
archive-6749,John Faylor,DB,SF,1987,0.0,0,0
archive-6758,Willie Fears,DE,CIN,1987,0.0,0,0
archive-6758,Willie Fears,DE,MIN,1990,0.0,0,0
archive-6765,Creig Federico,DB,DET,1987,1.0,0,0
archive-6775,Howard Feggins,DB,NE,1989,0.0,0,0
archive-6793,Mark Fellows,LB,LAC,1985,0.0,0,0
archive-6793,Mark Fellows,LB,LAC,1986,0.0,0,0
archive-6794,Ron Fellows,DB,DAL,1982,0.0,0,0
archive-6794,Ron Fellows,DB,DAL,1983,0.0,0,0
archive-6794,Ron Fellows,CB,DAL,1984,0.0,0,0
archive-6794,Ron Fellows,CB,DAL,1985,0.0,0,0
archive-6794,Ron Fellows,DB,DAL,1986,0.0,0,0
archive-6794,Ron Fellows,DB,LV,1987,0.0,0,0
archive-6794,Ron Fellows,CB,LV,1988,0.0,0,0
archive-6804,Gary Fencik,S,CHI,1982,0.0,0,0
archive-6804,Gary Fencik,FS,CHI,1983,0.0,0,0
archive-6804,Gary Fencik,FS,CHI,1984,1.0,0,0
archive-6804,Gary Fencik,FS,CHI,1985,1.0,0,0
archive-6804,Gary Fencik,DB,CHI,1986,1.0,0,0
archive-6804,Gary Fencik,DB,CHI,1987,0.0,0,0
archive-6826,Jason Ferguson ,DT,NYJ,1997,3.5,0.0,0.0
archive-6826,Jason Ferguson ,DT,NYJ,1998,4.0,0.0,0.0
archive-6829,Keith Ferguson ,DE,LAC,1982,5.5,0,0
archive-6829,Keith Ferguson ,DE,LAC,1983,5.0,0,0
archive-6829,Keith Ferguson ,DE,LAC,1984,8.0,0,0
archive-6829,Keith Ferguson ,DE,DET,1985,1.5,0,0
archive-6829,Keith Ferguson ,DE,LAC,1985,1.0,0,0
archive-6829,Keith Ferguson ,DE,DET,1986,9.5,0,0
archive-6829,Keith Ferguson ,DE,DET,1987,6.0,0,0
archive-6829,Keith Ferguson ,DE,DET,1988,8.5,0,0
archive-6829,Keith Ferguson ,DE,DET,1989,0.0,0,0
archive-6829,Keith Ferguson ,DE,DET,1990,3.0,0,0
archive-6845,Ron Ferrari,LB,SF,1982,0.0,0,0
archive-6845,Ron Ferrari,LB,SF,1983,3.0,0,0
archive-6845,Ron Ferrari,LB,SF,1984,1.0,0,0
archive-6845,Ron Ferrari,LB,SF,1985,0.0,0,0
archive-6845,Ron Ferrari,LB,SF,1986,0.0,0,0
archive-6856,John Fiala,LB,PIT,1998,0.0,0.0,0.0
archive-6868,Don Fielder,DE,TB,1985,1.0,0,0
archive-6869,Anthony Fieldings,LB,DAL,1995,0.0,0.0,0.0
archive-6872,Anthony Fields,DB,DET,1987,0.0,0,0
archive-6876,Floyd Fields,DB,LAC,1991,0.0,0,0
archive-6876,Floyd Fields,DB,LAC,1992,0.0,0,0
archive-6876,Floyd Fields,DB,LAC,1993,0.0,0,0
archive-6878,Jaime Fields,LB,KC,1993,0.0,0,0
archive-6878,Jaime Fields,LB,KC,1994,0.0,0.0,0.0
archive-6879,Jeff Fields,DT,CAR,1995,0.0,0.0,0.0
archive-6881,Jitter Fields,DB,NO,1984,0.0,0,0
archive-6881,Jitter Fields,DB,IND,1987,0.0,0,0
archive-6881,Jitter Fields,DB,KC,1987,0.0,0,0
archive-6883,Mark Fields,LB,NO,1995,1.0,0.0,0.0
archive-6883,Mark Fields,LB,NO,1996,2.0,0.0,0.0
archive-6883,Mark Fields,LB,NO,1997,8.0,0.0,0.0
archive-6883,Mark Fields,LB,NO,1998,6.0,0.0,0.0
archive-6885,Scott Fields,LB,ATL,1996,0.0,0.0,0.0
archive-6889,Cedric Figaro,LB,LAC,1988,0.0,0,0
archive-6889,Cedric Figaro,LB,LAC,1989,0.0,0,0
archive-6889,Cedric Figaro,LB,LAC,1990,0.0,0,0
archive-6889,Cedric Figaro,LB,CLE,1991,0.0,0,0
archive-6889,Cedric Figaro,LB,IND,1991,0.0,0,0
archive-6889,Cedric Figaro,LB,CLE,1992,0.0,0,0
archive-6889,Cedric Figaro,LB,LAR,1995,1.0,0.0,0.0
archive-6889,Cedric Figaro,LB,LAR,1996,0.0,0.0,0.0
archive-6891,Deon Figures,CB,PIT,1993,0.0,0,0
archive-6891,Deon Figures,CB,PIT,1994,1.0,0.0,0.0
archive-6891,Deon Figures,CB,PIT,1995,0.0,0.0,0.0
archive-6891,Deon Figures,DB,BUF,1996,0.0,0.0,0.0
archive-6891,Deon Figures,DB,NYJ,1996,0.0,0.0,0.0
archive-6891,Deon Figures,CB,PIT,1996,0.0,0.0,2.0
archive-6891,Deon Figures,CB,JAX,1997,0.0,0.0,5.0
archive-6891,Deon Figures,DB,MIA,1997,0.0,0.0,0.0
archive-6891,Deon Figures,DB,NE,1997,0.0,0.0,0.0
archive-6891,Deon Figures,CB,JAX,1998,0.0,0.0,1.0
archive-6909,Matt Finkes,DE,NYJ,1997,0.0,0.0,0.0
archive-6909,Matt Finkes,DE,TB,1997,0.0,0.0,0.0
archive-6934,Joe Fishback,DB,ATL,1991,0.0,0,0
archive-6934,Joe Fishback,DB,ATL,1992,0.0,0,0
archive-6934,Joe Fishback,DB,NYJ,1992,0.0,0,0
archive-6934,Joe Fishback,DB,DAL,1993,0.0,0,0
archive-6934,Joe Fishback,DB,DAL,1994,0.0,0.0,0.0
archive-6948,Jeff Fisher,DB,CHI,1982,0.0,0,0
archive-6948,Jeff Fisher,FS,CHI,1983,0.0,0,0
archive-6948,Jeff Fisher,DB,CHI,1984,0.0,0,0
archive-6956,Jason Fisk,DT,MIN,1995,0.0,0.0,0.0
archive-6956,Jason Fisk,DT,MIN,1996,1.0,0.0,1.0
archive-6956,Jason Fisk,DT,MIN,1997,4.0,0.0,1.0
archive-6956,Jason Fisk,DT,MIN,1998,3.5,0.0,0.0
archive-6961,Greg Fitzgerald,DE,CHI,1987,0.0,0,0
archive-6962,Jamie Fitzgerald,DB,MIN,1987,0.0,0,0
archive-6971,Steve Fitzhugh,DB,DEN,1987,0.0,0,0
archive-6981,Harry Flaherty,LB,DAL,1987,0.0,0,0
archive-6984,Tom Flaherty,LB,CIN,1987,0.0,0,0
archive-6991,Jim Flanigan,DT,CHI,1994,0.0,0.0,0.0
archive-6991,Jim Flanigan,DT,CHI,1995,11.0,0.0,0.0
archive-6991,Jim Flanigan,DT,CHI,1996,5.0,0.0,0.0
archive-6991,Jim Flanigan,DT,CHI,1997,6.0,0.0,0.0
archive-6991,Jim Flanigan,DT,CHI,1998,8.5,0.0,0.0
archive-7024,London Fletcher,LB,LAR,1998,0.0,0.0,0.0
archive-7026,Simon Fletcher,LB,DEN,1985,1.0,0,0
archive-7026,Simon Fletcher,LB,DEN,1986,5.5,0,0
archive-7026,Simon Fletcher,LB,DEN,1987,5.0,0,0
archive-7026,Simon Fletcher,LB,DEN,1988,9.0,0,0
archive-7026,Simon Fletcher,LB,DEN,1989,14.0,0,0
archive-7026,Simon Fletcher,LB,DEN,1990,11.0,0,0
archive-7026,Simon Fletcher,LB,DEN,1991,14.5,0,0
archive-7026,Simon Fletcher,LB,DEN,1992,16.0,0,0
archive-7026,Simon Fletcher,LB,DEN,1993,15.5,0,0
archive-7026,Simon Fletcher,LB,DEN,1994,7.0,0.0,1.0
archive-7026,Simon Fletcher,LB,DEN,1995,5.0,0.0,0.0
archive-7032,Judson Flint,DB,CLE,1982,0.0,0,0
archive-7032,Judson Flint,DB,BUF,1983,0.0,0,0
archive-7033,Brian Flones,LB,SEA,1982,0.0,0,0
archive-7034,Anthony Florence,CB,CLE,1991,0.5,0,0
archive-7037,Mike Flores,DE,PHI,1991,0.0,0,0
archive-7037,Mike Flores,DE,PHI,1992,0.0,0,0
archive-7037,Mike Flores,DE,PHI,1993,3.0,0,0
archive-7037,Mike Flores,DE,PHI,1994,3.0,0.0,0.0
archive-7037,Mike Flores,DE,SF,1995,0.0,0.0,0.0
archive-7037,Mike Flores,DE,WAS,1995,1.0,0.0,0.0
archive-7047,Larry Flowers,DB,NYG,1982,0.0,0,0
archive-7047,Larry Flowers,DB,NYG,1983,1.0,0,0
archive-7047,Larry Flowers,DB,NYG,1984,0.0,0,0
archive-7047,Larry Flowers,DB,NYG,1985,0.0,0,0
archive-7047,Larry Flowers,DB,NYJ,1985,0.0,0,0
archive-7048,Lee Flowers,DB,PIT,1995,0.0,0.0,0.0
archive-7048,Lee Flowers,DB,BUF,1996,0.0,0.0,0.0
archive-7048,Lee Flowers,DB,NYJ,1996,0.0,0.0,0.0
archive-7048,Lee Flowers,DB,PIT,1996,0.0,0.0,0.0
archive-7048,Lee Flowers,DB,NYJ,1997,0.0,0.0,0.0
archive-7048,Lee Flowers,DB,PIT,1997,0.0,0.0,0.0
archive-7048,Lee Flowers,S,PIT,1998,1.0,0.0,1.0
archive-7057,George Floyd ,DB,NYJ,1982,0.0,0,0
archive-7057,George Floyd ,DB,NYJ,1984,0.0,0,0
archive-7077,Tom Flynn,FS,GB,1984,0.0,0,0
archive-7077,Tom Flynn,FS,GB,1985,0.0,0,0
archive-7077,Tom Flynn,DB,GB,1986,0.0,0,0
archive-7077,Tom Flynn,DB,NYG,1986,0.0,0,0
archive-7077,Tom Flynn,DB,NYG,1987,0.0,0,0
archive-7077,Tom Flynn,DB,NYG,1988,0.0,0,0
archive-7078,Mark Flythe,DE,NYG,1993,0.0,0,0
archive-7079,Fred Foggie,DB,CLE,1992,0.0,0,0
archive-7079,Fred Foggie,DB,PIT,1994,0.0,0.0,0.0
archive-7080,DeShawn Fogle,LB,GB,1997,0.0,0.0,0.0
archive-7080,DeShawn Fogle,LB,PHI,1997,0.0,0.0,0.0
archive-7088,Steve Foley,FS,DEN,1982,0.0,0,0
archive-7088,Steve Foley,FS,DEN,1983,0.0,0,0
archive-7088,Steve Foley,FS,DEN,1984,0.0,0,0
archive-7088,Steve Foley,FS,DEN,1985,0.0,0,0
archive-7088,Steve Foley,DB,DEN,1986,0.0,0,0
archive-7089,Steve Foley,LB,CIN,1998,2.0,0.0,0.0
archive-7101,James Folston,LB,LV,1994,0.0,0.0,0.0
archive-7101,James Folston,LB,LV,1995,0.0,0.0,0.0
archive-7101,James Folston,LB,LV,1996,0.0,0.0,0.0
archive-7101,James Folston,LB,LV,1997,0.0,0.0,0.0
archive-7101,James Folston,LB,LV,1998,1.0,0.0,0.0
archive-7105,Albert Fontenot,DE,CHI,1993,1.0,0,0
archive-7105,Albert Fontenot,DE,CHI,1994,4.0,0.0,0.0
archive-7105,Albert Fontenot,DE,CHI,1995,2.5,0.0,0.0
archive-7105,Albert Fontenot,DE,CHI,1996,4.5,0.0,0.0
archive-7105,Albert Fontenot,DE,IND,1997,4.5,0.0,0.0
archive-7105,Albert Fontenot,DE,IND,1998,1.0,0.0,0.0
archive-7113,Dan Footman,DE,CLE,1993,1.0,0,0
archive-7113,Dan Footman,DE,CLE,1994,2.5,0.0,0.0
archive-7113,Dan Footman,DE,CLE,1995,5.0,0.0,0.0
archive-7113,Dan Footman,DE,BAL,1996,0.5,0.0,0.0
archive-7113,Dan Footman,DE,IND,1997,10.5,0.0,0.0
archive-7113,Dan Footman,DE,IND,1998,0.0,0.0,0.0
archive-7115,Marlon Forbes,DB,CHI,1996,0.0,0.0,0.0
archive-7115,Marlon Forbes,DB,CHI,1997,0.0,0.0,0.0
archive-7115,Marlon Forbes,DB,CHI,1998,0.0,0.0,0.0
archive-7118,Brad Ford,DB,DET,1996,0.0,0.0,0.0
archive-7124,Darryl Ford,LB,DET,1992,0.0,0,0
archive-7124,Darryl Ford,LB,PIT,1992,0.0,0,0
archive-7124,Darryl Ford,LB,DET,1993,0.0,0,0
archive-7124,Darryl Ford,LB,ATL,1994,0.0,0.0,0.0
archive-7129,Henry Ford,DT,TEN,1994,0.0,0.0,0.0
archive-7129,Henry Ford,DT,TEN,1995,4.5,0.0,0.0
archive-7129,Henry Ford,DT,CIN,1996,0.0,0.0,0.0
archive-7129,Henry Ford,DT,DAL,1996,0.0,0.0,0.0
archive-7129,Henry Ford,DT,TEN,1996,1.0,0.0,0.0
archive-7129,Henry Ford,DT,BUF,1997,0.0,0.0,0.0
archive-7129,Henry Ford,DT,MIA,1997,0.0,0.0,0.0
archive-7129,Henry Ford,DT,TEN,1997,5.0,0.0,0.0
archive-7129,Henry Ford,DT,TEN,1998,1.5,0.0,0.0
archive-7140,Brian Forde,LB,NO,1988,0.0,0,0
archive-7140,Brian Forde,LB,NO,1989,0.0,0,0
archive-7140,Brian Forde,LB,NO,1990,0.0,0,0
archive-7140,Brian Forde,LB,NO,1991,0.0,0,0
archive-7150,Phil Forney,LB,ARI,1987,0.0,0,0
archive-7168,Elliott Fortune,DE,BAL,1996,1.0,0.0,0.0
archive-7186,Jerome Foster ,DE,TEN,1983,3.5,0,0
archive-7186,Jerome Foster ,DE,TEN,1984,1.0,0,0
archive-7186,Jerome Foster ,DE,MIA,1986,3.0,0,0
archive-7186,Jerome Foster ,DE,NYJ,1986,0.0,0,0
archive-7186,Jerome Foster ,DE,NYJ,1987,0.0,0,0
archive-7193,Ron Foster ,DB,LV,1987,0.0,0,0
archive-7198,Elbert Foules,DB,PHI,1983,0.0,0,0
archive-7198,Elbert Foules,CB,PHI,1984,0.0,0,0
archive-7198,Elbert Foules,CB,PHI,1985,0.0,0,0
archive-7198,Elbert Foules,DB,PHI,1986,0.0,0,0
archive-7198,Elbert Foules,DB,PHI,1987,0.0,0,0
archive-7199,Jamal Fountaine,DE,SF,1995,1.0,0.0,0.0
archive-7199,Jamal Fountaine,DE,ATL,1997,0.0,0.0,0.0
archive-7201,Keith Fourcade,LB,NO,1987,0.0,0,0
archive-7221,Dennis Fowlkes,LB,MIN,1983,0.0,0,0
archive-7221,Dennis Fowlkes,LB,MIN,1984,0.0,0,0
archive-7221,Dennis Fowlkes,LB,MIN,1985,2.0,0,0
archive-7221,Dennis Fowlkes,LB,MIA,1987,0.0,0,0
archive-7227,Mike Fox,DE,NYG,1990,1.5,0,0
archive-7227,Mike Fox,DE,NYG,1991,0.0,0,0
archive-7227,Mike Fox,DE,NYG,1992,2.5,0,0
archive-7227,Mike Fox,DE,NYG,1993,5.5,0,0
archive-7227,Mike Fox,DE,NYG,1994,1.0,0.0,0.0
archive-7227,Mike Fox,DE,CAR,1995,4.5,0.0,0.0
archive-7227,Mike Fox,DE,CAR,1996,2.0,0.0,0.0
archive-7227,Mike Fox,DE,KC,1996,0.0,0.0,0.0
archive-7227,Mike Fox,DE,CAR,1997,0.0,0.0,0.0
archive-7227,Mike Fox,DE,CAR,1998,1.0,0.0,0.0
archive-7230,Scott Fox,LB,TEN,1987,1.0,0,0
archive-7232,Tim Fox,DB,LAC,1982,0.0,0,0
archive-7232,Tim Fox,DB,LAC,1983,0.0,0,0
archive-7232,Tim Fox,DB,LAC,1984,1.0,0,0
archive-7232,Tim Fox,DB,LAR,1985,0.0,0,0
archive-7232,Tim Fox,DB,LAR,1986,0.0,0,0
archive-7235,Dion Foxx,LB,MIA,1994,0.0,0.0,0.0
archive-7235,Dion Foxx,LB,MIA,1995,0.5,0.0,0.0
archive-7235,Dion Foxx,LB,WAS,1995,0.0,0.0,0.0
archive-7252,James Francis ,LB,CIN,1990,8.0,0,0
archive-7252,James Francis ,LB,CIN,1991,3.0,0,0
archive-7252,James Francis ,LB,CIN,1992,6.0,0,0
archive-7252,James Francis ,LB,CIN,1993,2.0,0,0
archive-7252,James Francis ,LB,CIN,1994,4.5,0.0,0.0
archive-7252,James Francis ,LB,CIN,1995,3.0,0.0,0.0
archive-7252,James Francis ,LB,CIN,1996,3.0,0.0,3.0
archive-7252,James Francis ,LB,LAC,1996,0.0,0.0,0.0
archive-7252,James Francis ,LB,CIN,1997,3.5,0.0,1.0
archive-7252,James Francis ,LB,MIN,1997,0.0,0.0,0.0
archive-7252,James Francis ,LB,NE,1997,0.0,0.0,0.0
archive-7252,James Francis ,LB,CIN,1998,0.0,0.0,0.0
archive-7258,Ron Francis ,DB,DAL,1987,0.0,0,0
archive-7258,Ron Francis ,DB,DAL,1988,0.0,0,0
archive-7258,Ron Francis ,DB,DAL,1989,0.0,0,0
archive-7258,Ron Francis ,DB,DAL,1990,0.0,0,0
archive-7270,Donald Frank,DB,LAC,1990,0.0,0,0
archive-7270,Donald Frank,DB,LAC,1991,0.0,0,0
archive-7270,Donald Frank,DB,LAC,1992,0.0,0,0
archive-7270,Donald Frank,DB,LAC,1993,0.0,0,0
archive-7270,Donald Frank,DB,LV,1994,0.0,0.0,1.0
archive-7270,Donald Frank,CB,MIN,1995,0.0,0.0,3.0
archive-7273,Malcolm Frank,DB,SEA,1992,0.0,0,0
archive-7288,Jethro Franklin,DE,SEA,1989,0.0,0,0
archive-7290,Keith Franklin,LB,LV,1995,0.0,0.0,0.0
archive-7306,Elvis Franks,DE,CLE,1982,2.0,0,0
archive-7306,Elvis Franks,DE,CLE,1983,5.0,0,0
archive-7306,Elvis Franks,DE,CLE,1984,1.5,0,0
archive-7306,Elvis Franks,DE,LV,1985,0.0,0,0
archive-7306,Elvis Franks,DE,LV,1986,0.0,0,0
archive-7306,Elvis Franks,DE,NYJ,1986,1.0,0,0
archive-7312,Paul Frase,DE,NYJ,1988,1.0,0,0
archive-7312,Paul Frase,DE,NYJ,1989,2.0,0,0
archive-7312,Paul Frase,DE,NYJ,1991,0.0,0,0
archive-7312,Paul Frase,DE,NYJ,1992,5.0,0,0
archive-7312,Paul Frase,DE,NYJ,1993,1.0,0,0
archive-7312,Paul Frase,DE,NYJ,1994,1.0,0.0,0.0
archive-7312,Paul Frase,DE,JAX,1995,1.0,0.0,0.0
archive-7312,Paul Frase,DE,JAX,1996,0.0,0.0,0.0
archive-7312,Paul Frase,DE,MIA,1996,0.0,0.0,0.0
archive-7312,Paul Frase,DE,GB,1997,0.0,0.0,0.0
archive-7312,Paul Frase,DE,BAL,1998,0.0,0.0,0.0
archive-7320,Derrick Frazier,CB,PHI,1994,0.0,0.0,0.0
archive-7320,Derrick Frazier,CB,PHI,1995,0.0,0.0,1.0
archive-7320,Derrick Frazier,CB,IND,1996,0.0,0.0,0.0
archive-7322,Guy Frazier,LB,CIN,1982,0.0,0,0
archive-7322,Guy Frazier,LB,CIN,1983,1.0,0,0
archive-7322,Guy Frazier,LB,CIN,1984,2.0,0,0
archive-7322,Guy Frazier,LB,BUF,1985,1.0,0,0
archive-7322,Guy Frazier,LB,BUF,1986,1.0,0,0
archive-7325,Leslie Frazier,CB,CHI,1982,1.0,0,0
archive-7325,Leslie Frazier,CB,CHI,1983,0.0,0,0
archive-7325,Leslie Frazier,CB,CHI,1984,0.0,0,0
archive-7325,Leslie Frazier,CB,CHI,1985,0.0,0,0
archive-7327,Randy Frazier,LB,KC,1987,0.0,0,0
archive-7331,Mike Frederick,DE,CLE,1995,1.5,0.0,0.0
archive-7331,Mike Frederick,DE,BAL,1996,0.0,0.0,0.0
archive-7331,Mike Frederick,DE,BAL,1997,0.0,0.0,0.0
archive-7331,Mike Frederick,DE,BAL,1998,0.0,0.0,0.0
archive-7335,Rob Fredrickson,LB,LV,1994,3.0,0.0,0.0
archive-7335,Rob Fredrickson,LB,LV,1995,0.0,0.0,1.0
archive-7335,Rob Fredrickson,LB,ARI,1996,0.0,0.0,0.0
archive-7335,Rob Fredrickson,LB,LV,1996,0.0,0.0,0.0
archive-7335,Rob Fredrickson,LB,LV,1997,2.0,0.0,0.0
archive-7335,Rob Fredrickson,LB,DET,1998,2.5,0.0,1.0
archive-7347,Lorenzo Freeman ,NT,PIT,1987,0.0,0,0
archive-7347,Lorenzo Freeman ,NT,PIT,1988,0.0,0,0
archive-7347,Lorenzo Freeman ,NT,PIT,1989,0.0,0,0
archive-7347,Lorenzo Freeman ,NT,PIT,1990,2.0,0,0
archive-7347,Lorenzo Freeman ,NT,NYG,1991,0.5,0,0
archive-7351,Reggie Freeman ,LB,NO,1993,0.0,0,0
archive-7353,Steve Freeman ,DB,BUF,1982,1.0,0,0
archive-7353,Steve Freeman ,DB,BUF,1983,0.0,0,0
archive-7353,Steve Freeman ,DB,BUF,1984,2.0,0,0
archive-7353,Steve Freeman ,DB,BUF,1985,0.0,0,0
archive-7353,Steve Freeman ,DB,BUF,1986,0.0,0,0
archive-7353,Steve Freeman ,DB,MIN,1987,0.0,0,0
archive-7362,Ernest French,CB,PIT,1982,0.0,0,0
archive-7373,Larry Friday,DB,BUF,1987,0.0,0,0
archive-7381,Mike Frier,DE,CIN,1992,0.0,0,0
archive-7381,Mike Frier,DE,CIN,1993,1.0,0,0
archive-7381,Mike Frier,DE,CIN,1994,0.0,0.0,0.0
archive-7381,Mike Frier,DE,SEA,1994,0.0,0.0,0.0
archive-7395,William Frizzell,DB,DET,1984,0.0,0,0
archive-7395,William Frizzell,DB,DET,1985,0.0,0,0
archive-7395,William Frizzell,DB,PHI,1986,0.0,0,0
archive-7395,William Frizzell,DB,PHI,1987,1.0,0,0
archive-7395,William Frizzell,DB,PHI,1988,0.0,0,0
archive-7395,William Frizzell,DB,PHI,1989,1.5,0,0
archive-7395,William Frizzell,FS,PHI,1990,1.5,0,0
archive-7395,William Frizzell,FS,TB,1991,0.0,0,0
archive-7395,William Frizzell,DB,PHI,1992,0.0,0,0
archive-7395,William Frizzell,DB,PHI,1993,0.0,0,0
archive-7402,Scott Frost,DB,NYJ,1998,0.0,0.0,0.0
archive-7414,David Frye,LB,ATL,1983,1.0,0,0
archive-7414,David Frye,LB,ATL,1984,2.0,0,0
archive-7414,David Frye,LB,ATL,1985,4.0,0,0
archive-7414,David Frye,LB,MIA,1986,0.0,0,0
archive-7414,David Frye,LB,MIA,1987,1.0,0,0
archive-7414,David Frye,LB,MIA,1988,0.0,0,0
archive-7414,David Frye,LB,MIA,1989,1.0,0,0
archive-7428,David Fulcher,DB,CIN,1986,2.0,0,0
archive-7428,David Fulcher,DB,CIN,1987,3.0,0,0
archive-7428,David Fulcher,S,CIN,1988,2.5,0,0
archive-7428,David Fulcher,S,CIN,1989,0.0,0,0
archive-7428,David Fulcher,S,CIN,1990,1.0,0,0
archive-7428,David Fulcher,S,CIN,1991,0.0,0,0
archive-7428,David Fulcher,S,CIN,1992,1.0,0,0
archive-7428,David Fulcher,DB,LV,1993,0.0,0,0
archive-7432,Corey Fuller,CB,MIN,1995,0.5,0.0,1.0
archive-7432,Corey Fuller,CB,MIN,1996,0.0,0.0,3.0
archive-7432,Corey Fuller,CB,MIN,1997,0.0,0.0,2.0
archive-7432,Corey Fuller,CB,MIN,1998,1.0,0.0,4.0
archive-7437,James Fuller,DB,LAC,1993,0.0,0,0
archive-7437,James Fuller,DB,PHI,1996,0.0,0.0,1.0
archive-7438,Jeff Fuller,DB,SF,1984,1.5,0,0
archive-7438,Jeff Fuller,DB,SF,1985,2.0,0,0
archive-7438,Jeff Fuller,DB,SF,1986,2.5,0,0
archive-7438,Jeff Fuller,DB,SF,1987,2.0,0,0
archive-7438,Jeff Fuller,DB,SF,1988,1.0,0,0
archive-7438,Jeff Fuller,DB,SF,1989,0.0,0,0
archive-7440,Joe Fuller,DB,LAC,1990,0.0,0,0
archive-7440,Joe Fuller,DB,GB,1991,0.0,0,0
archive-7446,Mike Fuller,FS,CIN,1982,0.0,0,0
archive-7447,Randy Fuller,CB,DEN,1994,0.0,0.0,0.0
archive-7447,Randy Fuller,CB,PIT,1995,0.0,0.0,0.0
archive-7447,Randy Fuller,DB,BUF,1996,0.0,0.0,0.0
archive-7447,Randy Fuller,CB,PIT,1996,0.0,0.0,1.0
archive-7447,Randy Fuller,DB,NYJ,1997,0.0,0.0,0.0
archive-7447,Randy Fuller,DB,PIT,1997,1.0,0.0,0.0
archive-7447,Randy Fuller,DB,ATL,1998,3.0,0.0,0.0
archive-7451,William Fuller,DE,TEN,1986,1.0,0,0
archive-7451,William Fuller,DE,TEN,1987,2.0,0,0
archive-7451,William Fuller,DE,TEN,1988,8.5,0,0
archive-7451,William Fuller,DE,TEN,1989,6.5,0,0
archive-7451,William Fuller,DE,TEN,1990,8.0,0,0
archive-7451,William Fuller,DE,TEN,1991,15.0,0,0
archive-7451,William Fuller,DE,TEN,1992,10.0,0,0
archive-7451,William Fuller,DE,TEN,1993,11.0,0,0
archive-7451,William Fuller,DE,PHI,1994,9.5,0.0,0.0
archive-7451,William Fuller,DE,PHI,1995,14.0,0.0,0.0
archive-7451,William Fuller,DE,PHI,1996,13.0,0.0,0.0
archive-7451,William Fuller,DE,LAC,1997,3.0,0.0,1.0
archive-7451,William Fuller,DE,LAC,1998,3.0,0.0,0.0
archive-7453,Darrell Fullington,DB,MIN,1988,0.0,0,0
archive-7453,Darrell Fullington,DB,MIN,1989,0.0,0,0
archive-7453,Darrell Fullington,FS,MIN,1990,1.0,0,0
archive-7453,Darrell Fullington,DB,NE,1991,0.0,0,0
archive-7453,Darrell Fullington,DB,TB,1991,0.0,0,0
archive-7453,Darrell Fullington,FS,TB,1992,0.0,0,0
archive-7466,Tony Furjanic,LB,BUF,1986,0.0,0,0
archive-7466,Tony Furjanic,LB,BUF,1987,0.0,0,0
archive-7466,Tony Furjanic,LB,MIA,1988,0.0,0,0
archive-7474,Bobby Futrell,DB,TB,1986,0.0,0,0
archive-7474,Bobby Futrell,DB,TB,1987,0.0,0,0
archive-7474,Bobby Futrell,CB,TB,1988,0.0,0,0
archive-7474,Bobby Futrell,DB,TB,1989,0.0,0,0
archive-7474,Bobby Futrell,DB,TB,1990,0.0,0,0
archive-7475,Steve Gabbard,DT,GB,1991,0.0,0,0
archive-7496,Steve Gage,DB,WAS,1987,0.0,0,0
archive-7496,Steve Gage,DB,WAS,1988,0.0,0,0
archive-7504,Chris Gaines,LB,MIA,1988,0.0,0,0
archive-7507,Greg Gaines,LB,SEA,1983,2.0,0,0
archive-7507,Greg Gaines,LB,SEA,1984,3.5,0,0
archive-7507,Greg Gaines,LB,SEA,1985,2.0,0,0
archive-7507,Greg Gaines,LB,SEA,1986,5.0,0,0
archive-7507,Greg Gaines,LB,SEA,1987,1.0,0,0
archive-7507,Greg Gaines,LB,SEA,1988,0.0,0,0
archive-7514,William Gaines,DT,MIA,1994,0.0,0.0,0.0
archive-7514,William Gaines,DT,WAS,1995,2.0,0.0,0.0
archive-7514,William Gaines,DT,WAS,1996,0.0,0.0,0.0
archive-7514,William Gaines,DT,LAC,1997,0.0,0.0,0.0
archive-7514,William Gaines,DT,WAS,1997,0.0,0.0,0.0
archive-7517,Blane Gaison,DB,ATL,1982,0.0,0,0
archive-7517,Blane Gaison,DB,ATL,1983,0.0,0,0
archive-7517,Blane Gaison,DB,ATL,1984,0.0,0,0
archive-7547,David Galloway,DT,ARI,1982,2.0,0,0
archive-7547,David Galloway,DT,ARI,1983,12.0,0,0
archive-7547,David Galloway,DT,ARI,1984,5.5,0,0
archive-7547,David Galloway,DT,ARI,1985,3.5,0,0
archive-7547,David Galloway,DT,ARI,1986,4.5,0,0
archive-7547,David Galloway,DT,ARI,1987,1.0,0,0
archive-7547,David Galloway,DT,ARI,1988,2.0,0,0
archive-7547,David Galloway,DT,ARI,1989,5.5,0,0
archive-7547,David Galloway,DT,DEN,1990,2.0,0,0
archive-7548,Duane Galloway,DB,DET,1985,0.0,0,0
archive-7548,Duane Galloway,DB,DET,1986,0.0,0,0
archive-7548,Duane Galloway,DB,DET,1987,0.0,0,0
archive-7552,John Galvin,LB,NYJ,1988,0.0,0,0
archive-7552,John Galvin,LB,MIN,1989,0.0,0,0
archive-7552,John Galvin,LB,NYJ,1990,0.0,0,0
archive-7552,John Galvin,LB,NYJ,1991,0.0,0,0
archive-7553,Scott Galyon,LB,NYG,1996,0.0,0.0,0.0
archive-7553,Scott Galyon,LB,NYG,1997,3.0,0.0,0.0
archive-7553,Scott Galyon,LB,SEA,1997,0.0,0.0,0.0
archive-7553,Scott Galyon,LB,NYG,1998,1.0,0.0,0.0
archive-7572,Mike Gann,DE,ATL,1985,4.5,0,0
archive-7572,Mike Gann,DE,ATL,1986,5.5,0,0
archive-7572,Mike Gann,DE,ATL,1987,1.0,0,0
archive-7572,Mike Gann,DE,ATL,1988,4.0,0,0
archive-7572,Mike Gann,DE,ATL,1989,2.0,0,0
archive-7572,Mike Gann,DE,ATL,1990,3.5,0,0
archive-7572,Mike Gann,DE,ATL,1991,0.0,0,0
archive-7572,Mike Gann,DE,ATL,1992,2.0,0,0
archive-7572,Mike Gann,DE,ATL,1993,1.0,0,0
archive-7573,Chris Gannon,DE,LAC,1989,0.0,0,0
archive-7573,Chris Gannon,DE,NE,1990,0.5,0,0
archive-7573,Chris Gannon,DE,NE,1991,0.0,0,0
archive-7573,Chris Gannon,DE,NE,1992,0.0,0,0
archive-7573,Chris Gannon,DE,NE,1993,0.0,0,0
archive-7577,Brian Gant,LB,TB,1987,0.0,0,0
archive-7579,Kenneth Gant,DB,DAL,1990,0.0,0,0
archive-7579,Kenneth Gant,DB,DAL,1991,0.0,0,0
archive-7579,Kenneth Gant,DB,DAL,1992,3.0,0,0
archive-7579,Kenneth Gant,DB,DAL,1993,0.0,0,0
archive-7579,Kenneth Gant,DB,DAL,1994,0.0,0.0,1.0
archive-7579,Kenneth Gant,SAF,TB,1995,0.0,0.0,0.0
archive-7579,Kenneth Gant,DB,TB,1996,0.0,0.0,0.0
archive-7579,Kenneth Gant,SAF,TB,1997,0.0,0.0,0.0
archive-7586,Mark Garalczyk,DT,ARI,1987,2.5,0,0
archive-7586,Mark Garalczyk,DT,ARI,1988,0.0,0,0
archive-7586,Mark Garalczyk,DT,NYJ,1988,0.5,0,0
archive-7588,Tony Garbarczyk,DE,NYJ,1987,0.0,0,0
archive-7601,Daryl Gardener,DT,MIA,1996,1.0,0.0,0.0
archive-7601,Daryl Gardener,DT,MIA,1997,2.5,0.0,0.0
archive-7601,Daryl Gardener,DT,MIA,1998,1.5,0.0,1.0
archive-7608,Donnie Gardner,DE,MIA,1991,1.0,0,0
archive-7612,Moe Gardner,DT,ATL,1991,3.0,0,0
archive-7612,Moe Gardner,DT,ATL,1992,4.5,0,0
archive-7612,Moe Gardner,DT,ATL,1993,2.0,0,0
archive-7612,Moe Gardner,DT,ATL,1994,0.0,0.0,0.0
archive-7612,Moe Gardner,DT,ATL,1995,0.5,0.0,0.0
archive-7612,Moe Gardner,DT,ATL,1996,0.0,0.0,0.0
archive-7627,Hal Garner,LB,BUF,1985,0.0,0,0
archive-7627,Hal Garner,LB,BUF,1986,0.0,0,0
archive-7627,Hal Garner,LB,BUF,1988,1.0,0,0
archive-7627,Hal Garner,LB,BUF,1990,0.5,0,0
archive-7627,Hal Garner,LB,BUF,1991,0.0,0,0
archive-7630,Sam Garnes,S,NYG,1997,0.0,0.0,1.0
archive-7630,Sam Garnes,DB,SEA,1997,0.0,0.0,0.0
archive-7630,Sam Garnes,S,NYG,1998,0.0,0.0,1.0
archive-7631,Dave Garnett,LB,MIN,1993,0.0,0,0
archive-7631,Dave Garnett,LB,MIN,1994,0.0,0.0,0.0
archive-7631,Dave Garnett,LB,DEN,1995,0.0,0.0,0.0
archive-7631,Dave Garnett,LB,MIN,1996,0.0,0.0,0.0
archive-7633,Scott Garnett,NT,DEN,1984,1.0,0,0
archive-7633,Scott Garnett,NT,LAC,1985,1.0,0,0
archive-7633,Scott Garnett,NT,SF,1985,1.0,0,0
archive-7633,Scott Garnett,NT,BUF,1987,0.0,0,0
archive-7642,Curtis Garrett,DE,NYG,1987,0.0,0,0
archive-7667,Keith Gary,DE,PIT,1983,7.5,0,0
archive-7667,Keith Gary,DE,PIT,1984,5.0,0,0
archive-7667,Keith Gary,DE,PIT,1985,3.0,0,0
archive-7667,Keith Gary,DE,PIT,1986,6.5,0,0
archive-7667,Keith Gary,DE,PIT,1987,4.0,0,0
archive-7667,Keith Gary,DE,PIT,1988,0.0,0,0
archive-7669,Russell Gary,S,NO,1982,3.0,0,0
archive-7669,Russell Gary,S,NO,1983,0.0,0,0
archive-7669,Russell Gary,S,NO,1984,0.0,0,0
archive-7669,Russell Gary,S,NO,1985,0.0,0,0
archive-7669,Russell Gary,DB,NO,1986,0.0,0,0
archive-7669,Russell Gary,DB,PHI,1986,0.0,0,0
archive-7669,Russell Gary,DB,PHI,1987,0.0,0,0
archive-7677,Thane Gash,DB,CLE,1988,0.0,0,0
archive-7677,Thane Gash,FS,CLE,1989,2.0,0,0
archive-7677,Thane Gash,FS,CLE,1990,0.0,0,0
archive-7677,Thane Gash,DB,SF,1992,0.0,0,0
archive-7679,Percell Gaskins,LB,LAR,1996,0.0,0.0,0.0
archive-7679,Percell Gaskins,LB,WAS,1996,0.0,0.0,0.0
archive-7679,Percell Gaskins,LB,CAR,1997,0.0,0.0,0.0
archive-7683,Mark Gastineau,DE,NYJ,1982,10.0,0,0
archive-7683,Mark Gastineau,DE,NYJ,1983,19.0,0,0
archive-7683,Mark Gastineau,DE,NYJ,1984,22.0,0,0
archive-7683,Mark Gastineau,DE,NYJ,1985,14.5,0,0
archive-7683,Mark Gastineau,DE,NYJ,1986,4.5,0,0
archive-7683,Mark Gastineau,DE,NYJ,1987,4.5,0,0
archive-7683,Mark Gastineau,DE,NYJ,1988,7.0,0,0
archive-7719,Matt Gay,SAF,KC,1994,0.0,0.0,0.0
archive-7721,William Gay,DE,DET,1982,5.5,0,0
archive-7721,William Gay,DE,DET,1983,14.5,0,0
archive-7721,William Gay,DE,DET,1984,10.0,0,0
archive-7721,William Gay,DE,DET,1985,7.5,0,0
archive-7721,William Gay,DE,DET,1986,6.5,0,0
archive-7721,William Gay,DE,DET,1987,2.0,0,0
archive-7725,Rashid Gayle ,DB,JAX,1996,0.0,0.0,0.0
archive-7726,Shaun Gayle ,DB,CHI,1984,0.0,0,0
archive-7726,Shaun Gayle ,DB,CHI,1985,0.0,0,0
archive-7726,Shaun Gayle ,DB,CHI,1986,0.0,0,0
archive-7726,Shaun Gayle ,DB,CHI,1987,0.0,0,0
archive-7726,Shaun Gayle ,DB,CHI,1988,0.0,0,0
archive-7726,Shaun Gayle ,DB,CHI,1989,0.0,0,0
archive-7726,Shaun Gayle ,DB,CHI,1990,1.0,0,0
archive-7726,Shaun Gayle ,DB,CHI,1991,0.0,0,0
archive-7726,Shaun Gayle ,DB,CHI,1992,0.0,0,0
archive-7726,Shaun Gayle ,DB,CHI,1993,1.0,0,0
archive-7726,Shaun Gayle ,DB,CHI,1994,0.0,0.0,2.0
archive-7726,Shaun Gayle ,DB,LAC,1995,0.0,0.0,2.0
archive-7733,Ron Geater,DE,DEN,1992,0.0,0,0
archive-7736,Jumpy Geathers,DE,NO,1984,6.0,0,0
archive-7736,Jumpy Geathers,DE,NO,1985,6.5,0,0
archive-7736,Jumpy Geathers,DE,NO,1986,9.0,0,0
archive-7736,Jumpy Geathers,DE,NO,1987,0.0,0,0
archive-7736,Jumpy Geathers,DE,NO,1988,3.5,0,0
archive-7736,Jumpy Geathers,DE,NO,1989,1.0,0,0
archive-7736,Jumpy Geathers,DE,WAS,1990,4.0,0,0
archive-7736,Jumpy Geathers,DE,WAS,1991,5.5,0,0
archive-7736,Jumpy Geathers,DE,WAS,1992,6.0,0,0
archive-7736,Jumpy Geathers,DE,ATL,1993,3.5,0,0
archive-7736,Jumpy Geathers,DE,ATL,1994,8.0,0.0,0.0
archive-7736,Jumpy Geathers,DE,ATL,1995,7.0,0.0,0.0
archive-7736,Jumpy Geathers,DE,DEN,1996,5.0,0.0,0.0
archive-7736,Jumpy Geathers,DE,NE,1996,0.0,0.0,0.0
archive-7764,Jeff George,DB,TB,1987,0.0,0,0
archive-7769,Ron George,LB,ATL,1993,1.0,0,0
archive-7769,Ron George,LB,ATL,1994,0.0,0.0,0.0
archive-7769,Ron George,LB,ATL,1995,0.0,0.0,0.0
archive-7769,Ron George,LB,ATL,1996,2.0,0.0,0.0
archive-7769,Ron George,LB,MIN,1997,0.0,0.0,0.0
archive-7769,Ron George,LB,KC,1998,0.0,0.0,0.0
archive-7781,Chris Gerhard,DB,PHI,1987,0.0,0,0
archive-7784,Tom Gerhart ,DB,PHI,1992,0.0,0,0
archive-7793,Rick Gervais,S,SF,1982,0.0,0,0
archive-7793,Rick Gervais,S,SF,1983,1.0,0,0
archive-7816,Frank Giannetti,NT,IND,1991,0.0,0,0
archive-7830,Alec Gibson,DE,WAS,1987,0.0,0,0
archive-7831,Antonio Gibson,DB,NO,1986,3.0,0,0
archive-7831,Antonio Gibson,DB,NO,1987,0.0,0,0
archive-7831,Antonio Gibson,S,NO,1988,2.0,0,0
archive-7831,Antonio Gibson,DB,NO,1989,0.0,0,0
archive-7831,Antonio Gibson,DB,NO,1992,0.0,0,0
archive-7837,Dennis Gibson,LB,DET,1987,1.0,0,0
archive-7837,Dennis Gibson,LB,DET,1988,0.5,0,0
archive-7837,Dennis Gibson,LB,DET,1989,0.0,0,0
archive-7837,Dennis Gibson,LB,DET,1990,0.0,0,0
archive-7837,Dennis Gibson,LB,DET,1991,0.0,0,0
archive-7837,Dennis Gibson,LB,DET,1992,0.0,0,0
archive-7837,Dennis Gibson,LB,DET,1993,1.0,0,0
archive-7837,Dennis Gibson,LB,LAC,1994,0.0,0.0,0.0
archive-7837,Dennis Gibson,LB,LAC,1995,0.0,0.0,0.0
archive-7840,Ernest Gibson,CB,NE,1984,0.0,0,0
archive-7840,Ernest Gibson,DB,NE,1985,0.0,0,0
archive-7840,Ernest Gibson,DB,NE,1986,0.0,0,0
archive-7840,Ernest Gibson,DB,NE,1987,0.0,0,0
archive-7840,Ernest Gibson,DB,NE,1988,0.0,0,0
archive-7840,Ernest Gibson,DB,MIA,1989,0.0,0,0
archive-7845,Oliver Gibson,DT,PIT,1995,0.0,0.0,0.0
archive-7845,Oliver Gibson,DT,BUF,1996,0.0,0.0,0.0
archive-7845,Oliver Gibson,DT,NYJ,1996,0.0,0.0,0.0
archive-7845,Oliver Gibson,DT,PIT,1996,2.5,0.0,0.0
archive-7845,Oliver Gibson,DT,CIN,1997,0.0,0.0,0.0
archive-7845,Oliver Gibson,DT,NYJ,1997,0.0,0.0,0.0
archive-7845,Oliver Gibson,DT,PIT,1997,1.0,0.0,0.0
archive-7845,Oliver Gibson,DT,PIT,1998,2.0,0.0,0.0
archive-7850,Tom Gibson,DE,CLE,1989,2.0,0,0
archive-7850,Tom Gibson,DE,CLE,1990,1.0,0,0
archive-7850,Tom Gibson,DE,LAR,1991,0.0,0,0
archive-7861,Freddie Gilbert,DE,DEN,1986,5.5,0,0
archive-7861,Freddie Gilbert,DE,DEN,1987,0.0,0,0
archive-7861,Freddie Gilbert,DE,DEN,1988,1.0,0,0
archive-7861,Freddie Gilbert,DE,ARI,1989,0.0,0,0
archive-7868,Sean Gilbert,DT,LAR,1992,5.0,0,0
archive-7868,Sean Gilbert,DT,LAR,1993,10.5,0,0
archive-7868,Sean Gilbert,DT,LAR,1994,3.0,0.0,0.0
archive-7868,Sean Gilbert,DT,LAR,1995,5.5,0.0,0.0
archive-7868,Sean Gilbert,DT,WAS,1996,3.0,0.0,0.0
archive-7868,Sean Gilbert,DT,CAR,1998,6.0,0.0,0.0
archive-7877,Jason Gildon,LB,PIT,1994,2.0,0.0,0.0
archive-7877,Jason Gildon,LB,PIT,1995,3.0,0.0,0.0
archive-7877,Jason Gildon,LB,BUF,1996,0.0,0.0,0.0
archive-7877,Jason Gildon,LB,PIT,1996,8.0,0.0,0.0
archive-7877,Jason Gildon,LB,CIN,1997,0.0,0.0,0.0
archive-7877,Jason Gildon,LB,NYJ,1997,0.0,0.0,0.0
archive-7877,Jason Gildon,LB,PIT,1997,6.0,0.0,0.0
archive-7877,Jason Gildon,LB,PIT,1998,11.0,0.0,0.0
archive-7885,John Gillen,LB,ARI,1982,0.0,0,0
archive-7885,John Gillen,LB,NE,1983,0.0,0,0
archive-7896,Cory Gilliard,DB,MIN,1997,0.0,0.0,0.0
archive-7930,Reggie Givens,LB,SF,1998,0.0,0.0,0.0
archive-7943,Nesby Glasgow,FS,IND,1982,0.0,0,0
archive-7943,Nesby Glasgow,FS,IND,1983,1.0,0,0
archive-7943,Nesby Glasgow,FS,IND,1984,0.0,0,0
archive-7943,Nesby Glasgow,S,IND,1985,2.0,0,0
archive-7943,Nesby Glasgow,DB,IND,1986,0.0,0,0
archive-7943,Nesby Glasgow,DB,IND,1987,0.5,0,0
archive-7943,Nesby Glasgow,DB,SEA,1988,0.0,0,0
archive-7943,Nesby Glasgow,S,SEA,1989,0.0,0,0
archive-7943,Nesby Glasgow,S,SEA,1990,2.0,0,0
archive-7943,Nesby Glasgow,DB,SEA,1991,2.5,0,0
archive-7943,Nesby Glasgow,DB,SEA,1992,1.0,0,0
archive-7956,Charles Glaze,DB,SEA,1987,2.0,0,0
archive-7957,Bob Glazebrook,S,ATL,1982,0.0,0,0
archive-7957,Bob Glazebrook,FS,ATL,1983,0.0,0,0
archive-7959,Aaron Glenn,CB,NYJ,1994,0.0,0.0,0.0
archive-7959,Aaron Glenn,CB,NYJ,1995,0.0,0.0,1.0
archive-7959,Aaron Glenn,CB,NYJ,1996,0.0,0.0,4.0
archive-7959,Aaron Glenn,CB,NYJ,1997,0.0,0.0,1.0
archive-7959,Aaron Glenn,CB,NYJ,1998,0.0,0.0,6.0
archive-7966,Kerry Glenn,CB,NYJ,1985,0.0,0,0
archive-7966,Kerry Glenn,DB,NYJ,1986,0.0,0,0
archive-7966,Kerry Glenn,DB,NYJ,1987,0.5,0,0
archive-7966,Kerry Glenn,DB,NYJ,1989,0.5,0,0
archive-7966,Kerry Glenn,DB,MIA,1990,1.0,0,0
archive-7966,Kerry Glenn,DB,MIA,1991,0.0,0,0
archive-7966,Kerry Glenn,DB,MIA,1992,0.0,0,0
archive-7969,Vencie Glenn,DB,LAC,1986,0.0,0,0
archive-7969,Vencie Glenn,DB,NE,1986,0.0,0,0
archive-7969,Vencie Glenn,DB,LAC,1987,0.5,0,0
archive-7969,Vencie Glenn,DB,LAC,1988,1.0,0,0
archive-7969,Vencie Glenn,DB,LAC,1989,1.0,0,0
archive-7969,Vencie Glenn,DB,LAC,1990,0.0,0,0
archive-7969,Vencie Glenn,DB,NO,1991,0.0,0,0
archive-7969,Vencie Glenn,DB,MIN,1992,0.0,0,0
archive-7969,Vencie Glenn,FS,MIN,1993,0.0,0,0
archive-7969,Vencie Glenn,FS,MIN,1994,1.0,0.0,4.0
archive-7969,Vencie Glenn,FS,NYG,1995,0.0,0.0,5.0
archive-7979,Clyde Glover,DT,SF,1987,2.0,0,0
archive-7981,La'Roi Glover,DT,LV,1996,0.0,0.0,0.0
archive-7981,La'Roi Glover,DT,NO,1997,6.5,0.0,0.0
archive-7981,La'Roi Glover,DT,NO,1998,10.0,0.0,1.0
archive-7990,Tim Goad,NT,NE,1988,2.0,0,0
archive-7990,Tim Goad,NT,NE,1989,1.0,0,0
archive-7990,Tim Goad,NT,NE,1990,2.5,0,0
archive-7990,Tim Goad,NT,NE,1991,0.0,0,0
archive-7990,Tim Goad,NT,NE,1992,2.5,0,0
archive-7990,Tim Goad,NT,NE,1993,0.5,0,0
archive-7990,Tim Goad,NT,NE,1994,3.0,0.0,0.0
archive-7990,Tim Goad,NT,CLE,1995,0.0,0.0,0.0
archive-7990,Tim Goad,NT,BAL,1996,3.0,0.0,0.0
archive-8001,Randall Godfrey,LB,DAL,1996,0.0,0.0,0.0
archive-8001,Randall Godfrey,LB,DAL,1997,1.0,0.0,0.0
archive-8001,Randall Godfrey,LB,DAL,1998,3.0,0.0,1.0
archive-8018,Robert Goff,DE,TB,1988,2.0,0,0
archive-8018,Robert Goff,DE,TB,1989,4.0,0,0
archive-8018,Robert Goff,DE,NO,1990,0.0,0,0
archive-8018,Robert Goff,DE,NO,1991,2.0,0,0
archive-8018,Robert Goff,DE,NO,1992,0.0,0,0
archive-8018,Robert Goff,DE,NO,1993,2.0,0,0
archive-8018,Robert Goff,DE,NO,1994,0.0,0.0,0.0
archive-8018,Robert Goff,DE,NO,1995,1.5,0.0,0.0
archive-8018,Robert Goff,DE,MIN,1996,0.0,0.0,0.0
archive-8019,Willard Goff,DT,ATL,1985,0.0,0,0
archive-8019,Willard Goff,DT,LAC,1987,0.0,0,0
archive-8022,Keith Goganious,LB,BUF,1992,0.0,0,0
archive-8022,Keith Goganious,LB,BUF,1993,1.0,0,0
archive-8022,Keith Goganious,LB,BUF,1994,0.0,0.0,0.0
archive-8022,Keith Goganious,LB,JAX,1995,0.0,0.0,2.0
archive-8022,Keith Goganious,LB,BAL,1996,0.0,0.0,0.0
archive-8029,Bill Goldberg,NT,ATL,1992,0.0,0,0
archive-8029,Bill Goldberg,NT,ATL,1993,0.0,0,0
archive-8029,Bill Goldberg,NT,ATL,1994,0.0,0.0,0.0
archive-8035,Tim Golden,LB,NE,1982,0.0,0,0
archive-8035,Tim Golden,LB,NE,1983,0.0,0,0
archive-8035,Tim Golden,LB,NE,1984,0.0,0,0
archive-8035,Tim Golden,LB,PHI,1985,0.0,0,0
archive-8048,Bob Golic,NT,CLE,1982,4.0,0,0
archive-8048,Bob Golic,NT,CLE,1983,3.5,0,0
archive-8048,Bob Golic,NT,CLE,1984,2.0,0,0
archive-8048,Bob Golic,NT,CLE,1985,3.0,0,0
archive-8048,Bob Golic,NT,CLE,1986,0.0,0,0
archive-8048,Bob Golic,NT,CLE,1987,1.5,0,0
archive-8048,Bob Golic,NT,CLE,1988,0.0,0,0
archive-8048,Bob Golic,NT,LV,1989,3.5,0,0
archive-8048,Bob Golic,NT,LV,1990,4.0,0,0
archive-8048,Bob Golic,NT,LV,1991,1.0,0,0
archive-8048,Bob Golic,NT,LV,1992,0.0,0,0
archive-8049,Mike Golic,DT,TEN,1986,1.0,0,0
archive-8049,Mike Golic,DT,PHI,1987,0.0,0,0
archive-8049,Mike Golic,DT,TEN,1987,0.0,0,0
archive-8049,Mike Golic,DT,PHI,1988,1.0,0,0
archive-8049,Mike Golic,DT,PHI,1989,3.0,0,0
archive-8049,Mike Golic,DT,PHI,1990,2.0,0,0
archive-8049,Mike Golic,DT,PHI,1991,2.5,0,0
archive-8049,Mike Golic,DT,PHI,1992,2.0,0,0
archive-8049,Mike Golic,DT,MIA,1993,0.0,0,0
archive-8056,Rick Goltz,DE,LV,1987,0.0,0,0
archive-8071,Jeff Gooch,LB,TB,1996,0.0,0.0,0.0
archive-8071,Jeff Gooch,LB,TB,1997,0.0,0.0,0.0
archive-8071,Jeff Gooch,LB,TB,1998,1.0,0.0,0.0
archive-8077,Chris Goode,DB,IND,1987,0.0,0,0
archive-8077,Chris Goode,CB,IND,1988,0.0,0,0
archive-8077,Chris Goode,CB,IND,1989,0.0,0,0
archive-8077,Chris Goode,CB,IND,1990,0.0,0,0
archive-8077,Chris Goode,CB,IND,1991,2.0,0,0
archive-8077,Chris Goode,CB,IND,1992,0.0,0,0
archive-8077,Chris Goode,CB,IND,1993,0.0,0,0
archive-8098,John Goodman,DE,PIT,1982,1.5,0,0
archive-8098,John Goodman,DE,PIT,1983,1.0,0,0
archive-8098,John Goodman,DE,PIT,1984,2.5,0,0
archive-8098,John Goodman,DE,PIT,1985,2.0,0,0
archive-8128,Alex Gordon,LB,NYJ,1987,5.0,0,0
archive-8128,Alex Gordon,LB,NYJ,1988,3.0,0,0
archive-8128,Alex Gordon,LB,NYJ,1989,1.0,0,0
archive-8128,Alex Gordon,LB,LV,1990,0.0,0,0
archive-8128,Alex Gordon,LB,CIN,1991,2.0,0,0
archive-8128,Alex Gordon,LB,CIN,1992,1.0,0,0
archive-8128,Alex Gordon,LB,CIN,1993,0.0,0,0
archive-8134,Darrien Gordon,DB,LAC,1993,0.0,0,0
archive-8134,Darrien Gordon,DB,LAC,1994,0.0,0.0,4.0
archive-8134,Darrien Gordon,DB,LAC,1996,2.0,0.0,2.0
archive-8134,Darrien Gordon,CB,DEN,1997,3.0,0.0,5.0
archive-8134,Darrien Gordon,CB,DEN,1998,0.0,0.0,8.0
archive-8137,Dwayne Gordon,LB,ATL,1993,0.0,0,0
archive-8137,Dwayne Gordon,LB,ATL,1994,0.0,0.0,0.0
archive-8137,Dwayne Gordon,LB,LAC,1995,1.0,0.0,0.0
archive-8137,Dwayne Gordon,LB,LAC,1996,0.0,0.0,0.0
archive-8137,Dwayne Gordon,LB,NYJ,1997,1.0,0.0,0.0
archive-8137,Dwayne Gordon,LB,TB,1997,0.0,0.0,0.0
archive-8137,Dwayne Gordon,LB,NYJ,1998,0.0,0.0,1.0
archive-8142,Larry Gordon,LB,MIA,1982,4.0,0,0
archive-8147,Sonny Gordon,DB,TB,1987,0.0,0,0
archive-8149,Tim Gordon,DB,ATL,1987,0.0,0,0
archive-8149,Tim Gordon,FS,ATL,1988,1.0,0,0
archive-8149,Tim Gordon,DB,ATL,1989,0.0,0,0
archive-8149,Tim Gordon,DB,ATL,1990,0.0,0,0
archive-8149,Tim Gordon,FS,NE,1991,0.0,0,0
archive-8149,Tim Gordon,S,NE,1992,0.0,0,0
archive-8155,Chuck Gorecki,LB,PHI,1987,0.0,0,0
archive-8166,Antonio Goss,LB,SF,1989,0.0,0,0
archive-8166,Antonio Goss,LB,SF,1991,0.0,0,0
archive-8166,Antonio Goss,LB,SF,1992,0.0,0,0
archive-8166,Antonio Goss,LB,SF,1993,0.0,0,0
archive-8166,Antonio Goss,LB,SF,1994,0.0,0.0,0.0
archive-8166,Antonio Goss,LB,SF,1995,0.0,0.0,0.0
archive-8166,Antonio Goss,LB,LAR,1996,1.0,0.0,0.0
archive-8166,Antonio Goss,LB,WAS,1996,0.0,0.0,0.0
archive-8178,Kurt Gouveia,LB,WAS,1987,1.0,0,0
archive-8178,Kurt Gouveia,LB,WAS,1988,0.0,0,0
archive-8178,Kurt Gouveia,LB,WAS,1989,0.0,0,0
archive-8178,Kurt Gouveia,LB,WAS,1990,1.0,0,0
archive-8178,Kurt Gouveia,LB,WAS,1991,0.0,0,0
archive-8178,Kurt Gouveia,LB,WAS,1992,1.0,0,0
archive-8178,Kurt Gouveia,LB,WAS,1993,1.5,0,0
archive-8178,Kurt Gouveia,LB,WAS,1994,0.0,0.0,1.0
archive-8178,Kurt Gouveia,LB,PHI,1995,0.0,0.0,2.0
archive-8178,Kurt Gouveia,LB,LAC,1996,1.0,0.0,3.0
archive-8178,Kurt Gouveia,LB,LAC,1997,0.0,0.0,1.0
archive-8178,Kurt Gouveia,LB,LAC,1998,0.5,0.0,0.0
archive-8180,Cornell Gowdy,DB,DAL,1986,0.0,0,0
archive-8180,Cornell Gowdy,DB,PIT,1987,0.0,0,0
archive-8180,Cornell Gowdy,S,PIT,1988,0.0,0,0
archive-8191,Randy Gradishar,LB,DEN,1982,2.0,0,0
archive-8191,Randy Gradishar,LB,DEN,1983,2.5,0,0
archive-8196,Rick Graf,LB,MIA,1987,1.0,0,0
archive-8196,Rick Graf,LB,MIA,1988,1.0,0,0
archive-8196,Rick Graf,LB,MIA,1989,1.0,0,0
archive-8196,Rick Graf,LB,MIA,1990,0.0,0,0
archive-8196,Rick Graf,LB,TEN,1991,0.0,0,0
archive-8196,Rick Graf,LB,TEN,1992,1.0,0,0
archive-8196,Rick Graf,LB,WAS,1993,0.0,0,0
archive-8210,David Graham,DE,SEA,1982,0.0,0,0
archive-8210,David Graham,DE,SEA,1987,0.0,0,0
archive-8213,Don Graham,LB,TB,1987,0.0,0,0
archive-8213,Don Graham,LB,BUF,1988,0.0,0,0
archive-8213,Don Graham,LB,WAS,1989,0.0,0,0
archive-8236,William Graham,S,DET,1982,0.0,0,0
archive-8236,William Graham,S,DET,1983,0.0,0,0
archive-8236,William Graham,S,DET,1984,0.0,0,0
archive-8236,William Graham,FS,DET,1985,1.0,0,0
archive-8236,William Graham,DB,DET,1986,0.0,0,0
archive-8236,William Graham,DB,DET,1987,0.0,0,0
archive-8253,African Grant,DB,MIA,1990,0.0,0,0
archive-8254,Alan Grant,CB,IND,1990,0.0,0,0
archive-8254,Alan Grant,DB,IND,1991,0.0,0,0
archive-8254,Alan Grant,DB,SF,1992,0.0,0,0
archive-8254,Alan Grant,DB,CIN,1993,0.0,0,0
archive-8254,Alan Grant,DB,SF,1993,0.0,0,0
archive-8254,Alan Grant,DB,WAS,1994,0.0,0.0,1.0
archive-8261,Darryl Grant,DT,WAS,1982,2.5,0,0
archive-8261,Darryl Grant,DT,WAS,1983,3.5,0,0
archive-8261,Darryl Grant,DT,WAS,1984,8.5,0,0
archive-8261,Darryl Grant,DT,WAS,1985,1.5,0,0
archive-8261,Darryl Grant,DT,WAS,1986,2.0,0,0
archive-8261,Darryl Grant,DT,WAS,1987,2.5,0,0
archive-8261,Darryl Grant,DT,WAS,1988,4.0,0,0
archive-8261,Darryl Grant,DT,WAS,1989,3.5,0,0
archive-8261,Darryl Grant,DT,WAS,1990,1.0,0,0
archive-8261,Darryl Grant,DT,TB,1991,0.0,0,0
archive-8262,David Grant,DE,CIN,1988,7.0,0,0
archive-8262,David Grant,DE,CIN,1989,0.5,0,0
archive-8262,David Grant,DE,CIN,1990,2.0,0,0
archive-8262,David Grant,DE,CIN,1991,2.0,0,0
archive-8262,David Grant,DE,TB,1992,0.0,0,0
archive-8262,David Grant,DE,GB,1993,0.0,0,0
archive-8280,Steve Grant,LB,IND,1992,0.0,0,0
archive-8280,Steve Grant,LB,IND,1993,0.0,0,0
archive-8280,Steve Grant,LB,IND,1994,0.0,0.0,0.0
archive-8280,Steve Grant,LB,IND,1995,2.0,0.0,2.0
archive-8280,Steve Grant,LB,IND,1996,1.0,0.0,0.0
archive-8280,Steve Grant,LB,IND,1997,0.0,0.0,0.0
archive-8284,Billy Granville,LB,CIN,1997,0.0,0.0,0.0
archive-8284,Billy Granville,LB,MIN,1997,0.0,0.0,0.0
archive-8284,Billy Granville,LB,CIN,1998,0.0,0.0,0.0
archive-8285,Paul Grasmanis,DT,CHI,1996,0.0,0.0,0.0
archive-8285,Paul Grasmanis,DT,CHI,1997,0.5,0.0,0.0
archive-8285,Paul Grasmanis,DT,CHI,1998,1.0,0.0,0.0
archive-8299,Carlton Gray,CB,SEA,1993,1.0,0,0
archive-8299,Carlton Gray,CB,SEA,1994,0.0,0.0,2.0
archive-8299,Carlton Gray,CB,SEA,1995,0.0,0.0,4.0
archive-8299,Carlton Gray,CB,SEA,1996,0.0,0.0,0.0
archive-8299,Carlton Gray,CB,IND,1997,0.0,0.0,2.0
archive-8299,Carlton Gray,DB,NYG,1998,1.0,0.0,1.0
archive-8300,Cecil Gray,DE,PHI,1990,0.0,0,0
archive-8300,Cecil Gray,DE,PHI,1991,0.0,0,0
archive-8300,Cecil Gray,DE,GB,1992,0.0,0,0
archive-8300,Cecil Gray,DE,IND,1993,0.0,0,0
archive-8300,Cecil Gray,DE,IND,1994,0.0,0.0,0.0
archive-8300,Cecil Gray,DE,ARI,1995,0.0,0.0,0.0
archive-8305,Derwin Gray,DB,IND,1993,0.0,0,0
archive-8305,Derwin Gray,DB,IND,1994,0.0,0.0,0.0
archive-8305,Derwin Gray,DB,IND,1995,0.0,0.0,1.0
archive-8305,Derwin Gray,DB,BAL,1996,0.0,0.0,0.0
archive-8305,Derwin Gray,DB,IND,1996,0.0,0.0,0.0
archive-8305,Derwin Gray,DB,IND,1997,0.0,0.0,0.0
archive-8305,Derwin Gray,DB,CAR,1998,0.0,0.0,0.0
archive-8307,Hector Gray,S,DET,1982,0.0,0,0
archive-8307,Hector Gray,DB,DET,1983,0.0,0,0
archive-8309,Jerry Gray,DB,LAR,1985,0.0,0,0
archive-8309,Jerry Gray,DB,LAR,1986,0.0,0,0
archive-8309,Jerry Gray,DB,LAR,1987,0.0,0,0
archive-8309,Jerry Gray,CB,LAR,1988,0.0,0,0
archive-8309,Jerry Gray,DB,LAR,1989,0.0,0,0
archive-8309,Jerry Gray,CB,LAR,1990,0.0,0,0
archive-8309,Jerry Gray,CB,LAR,1991,0.0,0,0
archive-8309,Jerry Gray,CB,TEN,1992,0.0,0,0
archive-8309,Jerry Gray,FS,TB,1993,0.0,0,0
archive-8311,Johnnie Gray,S,GB,1982,0.0,0,0
archive-8311,Johnnie Gray,FS,GB,1983,0.0,0,0
archive-8314,Kevin Gray,CB,NO,1982,0.0,0,0
archive-8321,Paul Gray,LB,ATL,1987,0.0,0,0
archive-8325,Torrian Gray,FS,MIN,1997,0.0,0.0,0.0
archive-8325,Torrian Gray,DB,MIN,1998,1.0,0.0,1.0
archive-8328,David Grayson,LB,CLE,1987,1.0,0,0
archive-8328,David Grayson,LB,CLE,1988,5.0,0,0
archive-8328,David Grayson,LB,CLE,1989,1.0,0,0
archive-8328,David Grayson,LB,CLE,1990,1.0,0,0
archive-8328,David Grayson,LB,LAC,1991,0.0,0,0
archive-8340,Alex Green,DB,DAL,1987,0.0,0,0
archive-8351,Chris Green,CB,MIA,1991,0.0,0,0
archive-8351,Chris Green,CB,MIA,1992,0.0,0,0
archive-8351,Chris Green,CB,MIA,1993,0.0,0,0
archive-8351,Chris Green,SAF,MIA,1994,0.0,0.0,0.0
archive-8351,Chris Green,S,BUF,1995,0.0,0.0,0.0
archive-8355,Curtis Green,DE,DET,1982,1.0,0,0
archive-8355,Curtis Green,DE,DET,1983,5.5,0,0
archive-8355,Curtis Green,DE,DET,1984,8.5,0,0
archive-8355,Curtis Green,DE,DET,1985,7.0,0,0
archive-8355,Curtis Green,DE,DET,1986,3.5,0,0
archive-8355,Curtis Green,DE,DET,1987,2.5,0,0
archive-8355,Curtis Green,DE,DET,1988,2.0,0,0
archive-8355,Curtis Green,DE,DET,1989,0.0,0,0
archive-8356,Darrell Green,CB,WAS,1983,0.0,0,0
archive-8356,Darrell Green,CB,WAS,1984,0.0,0,0
archive-8356,Darrell Green,CB,WAS,1985,0.0,0,0
archive-8356,Darrell Green,CB,WAS,1986,0.0,0,0
archive-8356,Darrell Green,CB,WAS,1987,0.0,0,0
archive-8356,Darrell Green,CB,WAS,1988,1.0,0,0
archive-8356,Darrell Green,CB,WAS,1989,0.0,0,0
archive-8356,Darrell Green,CB,WAS,1990,0.0,0,0
archive-8356,Darrell Green,CB,WAS,1991,0.0,0,0
archive-8356,Darrell Green,CB,WAS,1992,0.0,0,0
archive-8356,Darrell Green,CB,WAS,1993,0.0,0,0
archive-8356,Darrell Green,CB,WAS,1994,0.0,0.0,3.0
archive-8356,Darrell Green,CB,WAS,1995,0.0,0.0,3.0
archive-8356,Darrell Green,CB,WAS,1996,0.0,0.0,3.0
archive-8356,Darrell Green,CB,WAS,1997,0.0,0.0,1.0
archive-8356,Darrell Green,CB,WAS,1998,0.0,0.0,3.0
archive-8366,Gary Green,CB,KC,1982,0.0,0,0
archive-8366,Gary Green,CB,KC,1983,0.0,0,0
archive-8366,Gary Green,CB,LAR,1984,2.0,0,0
archive-8366,Gary Green,CB,LAR,1985,1.0,0,0
archive-8370,Hugh Green,LB,TB,1982,3.0,0,0
archive-8370,Hugh Green,LB,TB,1983,3.5,0,0
archive-8370,Hugh Green,LB,TB,1984,4.0,0,0
archive-8370,Hugh Green,LB,MIA,1985,5.0,0,0
archive-8370,Hugh Green,LB,TB,1985,2.5,0,0
archive-8370,Hugh Green,LB,MIA,1986,4.0,0,0
archive-8370,Hugh Green,LB,MIA,1987,0.0,0,0
archive-8370,Hugh Green,LB,MIA,1988,2.5,0,0
archive-8370,Hugh Green,LB,MIA,1989,7.5,0,0
archive-8370,Hugh Green,LB,MIA,1990,2.0,0,0
archive-8370,Hugh Green,LB,MIA,1991,1.0,0,0
archive-8372,Jacob Green,DE,SEA,1982,3.0,0,0
archive-8372,Jacob Green,DE,SEA,1983,16.0,0,0
archive-8372,Jacob Green,DE,SEA,1984,15.5,0,0
archive-8372,Jacob Green,DE,SEA,1985,13.5,0,0
archive-8372,Jacob Green,DE,SEA,1986,12.0,0,0
archive-8372,Jacob Green,DE,SEA,1987,9.5,0,0
archive-8372,Jacob Green,DE,SEA,1988,10.0,0,0
archive-8372,Jacob Green,DE,SEA,1989,3.0,0,0
archive-8372,Jacob Green,DE,SEA,1990,12.5,0,0
archive-8372,Jacob Green,DE,SEA,1991,6.0,0,0
archive-8372,Jacob Green,DE,SF,1992,0.0,0,0
archive-8393,Mike Green,LB,LAC,1983,1.0,0,0
archive-8393,Mike Green,LB,LAC,1984,1.0,0,0
archive-8393,Mike Green,LB,LAC,1985,1.0,0,0
archive-8399,Rogerick Green,DB,TB,1992,0.0,0,0
archive-8399,Rogerick Green,DB,TB,1994,0.0,0.0,0.0
archive-8399,Rogerick Green,DB,JAX,1995,0.0,0.0,0.0
archive-8405,Tim Green,LB,ATL,1986,0.0,0,0
archive-8405,Tim Green,LB,ATL,1987,1.0,0,0
archive-8405,Tim Green,LB,ATL,1988,4.0,0,0
archive-8405,Tim Green,LB,ATL,1989,5.0,0,0
archive-8405,Tim Green,LB,ATL,1990,6.0,0,0
archive-8405,Tim Green,LB,ATL,1991,6.0,0,0
archive-8405,Tim Green,LB,ATL,1992,3.0,0,0
archive-8405,Tim Green,LB,ATL,1993,0.0,0,0
archive-8411,Victor Green,CB,NYJ,1993,0.0,0,0
archive-8411,Victor Green,CB,NYJ,1994,1.0,0.0,0.0
archive-8411,Victor Green,S,NYJ,1995,2.0,0.0,1.0
archive-8411,Victor Green,S,NYJ,1996,2.0,0.0,2.0
archive-8411,Victor Green,S,NYJ,1997,1.0,0.0,3.0
archive-8411,Victor Green,DB,TB,1997,0.0,0.0,0.0
archive-8411,Victor Green,S,NYJ,1998,1.0,0.0,4.0
archive-8419,A.J. Greene,DB,NYG,1991,0.0,0,0
archive-8429,Ken Greene,DB,ARI,1982,0.0,0,0
archive-8429,Ken Greene,DB,LAC,1983,0.0,0,0
archive-8429,Ken Greene,DB,LAC,1984,1.0,0,0
archive-8430,Kevin Greene,LB,LAR,1985,1.0,0,0
archive-8430,Kevin Greene,LB,LAR,1986,7.0,0,0
archive-8430,Kevin Greene,LB,LAR,1987,6.5,0,0
archive-8430,Kevin Greene,LB,LAR,1988,19.5,0,0
archive-8430,Kevin Greene,LB,LAR,1989,19.5,0,0
archive-8430,Kevin Greene,LB,LAR,1990,13.0,0,0
archive-8430,Kevin Greene,LB,LAR,1991,3.0,0,0
archive-8430,Kevin Greene,LB,LAR,1992,10.0,0,0
archive-8430,Kevin Greene,LB,PIT,1993,12.5,0,0
archive-8430,Kevin Greene,LB,PIT,1994,14.0,0.0,0.0
archive-8430,Kevin Greene,LB,PIT,1995,10.5,0.0,1.0
archive-8430,Kevin Greene,LB,CAR,1996,14.5,0.0,0.0
archive-8430,Kevin Greene,LB,KC,1996,0.0,0.0,0.0
archive-8430,Kevin Greene,LB,SF,1997,10.5,0.0,0.0
archive-8430,Kevin Greene,LB,CAR,1998,15.0,0.0,2.0
archive-8432,Marcellus Greene,DB,MIN,1984,0.0,0,0
archive-8438,Tiger Greene,DB,ATL,1985,0.0,0,0
archive-8438,Tiger Greene,DB,GB,1986,1.0,0,0
archive-8438,Tiger Greene,DB,GB,1987,0.0,0,0
archive-8438,Tiger Greene,DB,GB,1988,1.0,0,0
archive-8438,Tiger Greene,DB,GB,1989,2.0,0,0
archive-8449,Carl Greenwood,CB,NYJ,1995,0.0,0.0,0.0
archive-8449,Carl Greenwood,DB,NYJ,1996,0.0,0.0,0.0
archive-8452,David Greenwood,S,TB,1985,3.0,0,0
archive-8452,David Greenwood,DB,GB,1986,3.0,0,0
archive-8452,David Greenwood,DB,LV,1988,0.0,0,0
archive-8459,Curtis Greer,DE,ARI,1982,7.5,0,0
archive-8459,Curtis Greer,DE,ARI,1983,16.0,0,0
archive-8459,Curtis Greer,DE,ARI,1984,14.0,0,0
archive-8459,Curtis Greer,DE,ARI,1985,7.0,0,0
archive-8459,Curtis Greer,DE,ARI,1987,6.0,0,0
archive-8460,Donovan Greer,CB,ATL,1997,0.0,0.0,0.0
archive-8460,Donovan Greer,CB,NO,1997,0.0,0.0,0.0
archive-8460,Donovan Greer,CB,BUF,1998,0.0,0.0,0.0
archive-8468,Bob Gregor,DB,LAC,1982,0.0,0,0
archive-8468,Bob Gregor,DB,LAC,1983,0.0,0,0
archive-8468,Bob Gregor,DB,LAC,1984,0.0,0,0
archive-8482,Ted Gregory,NT,NO,1988,1.0,0,0
archive-8504,Courtney Griffin,DB,LAR,1993,0.0,0,0
archive-8507,Don Griffin,DB,SF,1986,1.0,0,0
archive-8507,Don Griffin,DB,SF,1987,0.0,0,0
archive-8507,Don Griffin,CB,SF,1988,1.0,0,0
archive-8507,Don Griffin,DB,SF,1989,1.0,0,0
archive-8507,Don Griffin,CB,SF,1990,0.0,0,0
archive-8507,Don Griffin,CB,SF,1991,0.0,0,0
archive-8507,Don Griffin,CB,SF,1992,0.0,0,0
archive-8507,Don Griffin,CB,SF,1993,1.0,0,0
archive-8507,Don Griffin,CB,CLE,1994,4.0,0.0,2.0
archive-8507,Don Griffin,CB,CLE,1995,0.0,0.0,1.0
archive-8507,Don Griffin,DB,PHI,1996,0.5,0.0,0.0
archive-8508,James Griffin,DB,CIN,1983,0.0,0,0
archive-8508,James Griffin,DB,CIN,1984,0.0,0,0
archive-8508,James Griffin,FS,CIN,1985,1.0,0,0
archive-8508,James Griffin,DB,DET,1986,2.0,0,0
archive-8508,James Griffin,DB,DET,1987,1.0,0,0
archive-8508,James Griffin,FS,DET,1988,1.0,0,0
archive-8508,James Griffin,DB,DET,1989,0.5,0,0
archive-8509,Jeff Griffin,CB,ARI,1982,0.0,0,0
archive-8509,Jeff Griffin,CB,ARI,1983,0.0,0,0
archive-8509,Jeff Griffin,DB,ARI,1984,0.0,0,0
archive-8509,Jeff Griffin,DB,ARI,1985,0.0,0,0
archive-8509,Jeff Griffin,DB,PHI,1987,1.0,0,0
archive-8515,Larry Griffin,DB,TEN,1986,0.0,0,0
archive-8515,Larry Griffin,DB,PIT,1987,0.0,0,0
archive-8515,Larry Griffin,DB,PIT,1988,0.0,0,0
archive-8515,Larry Griffin,S,PIT,1989,0.0,0,0
archive-8515,Larry Griffin,FS,PIT,1990,0.0,0,0
archive-8515,Larry Griffin,DB,PIT,1991,0.0,0,0
archive-8515,Larry Griffin,DB,PIT,1992,0.0,0,0
archive-8515,Larry Griffin,DB,PIT,1993,0.0,0,0
archive-8516,Leonard Griffin,DE,KC,1986,2.0,0,0
archive-8516,Leonard Griffin,DE,KC,1987,0.0,0,0
archive-8516,Leonard Griffin,DE,KC,1988,2.0,0,0
archive-8516,Leonard Griffin,DE,KC,1989,6.5,0,0
archive-8516,Leonard Griffin,DE,KC,1990,3.5,0,0
archive-8516,Leonard Griffin,DE,KC,1991,0.0,0,0
archive-8516,Leonard Griffin,DE,KC,1992,3.0,0,0
archive-8516,Leonard Griffin,DE,KC,1993,0.0,0,0
archive-8519,Ray Griffin,CB,CIN,1982,0.0,0,0
archive-8519,Ray Griffin,DB,CIN,1983,1.0,0,0
archive-8519,Ray Griffin,CB,CIN,1984,0.0,0,0
archive-8534,Robert Griffith,DB,MIN,1994,0.0,0.0,0.0
archive-8534,Robert Griffith,SAF,MIN,1995,0.5,0.0,0.0
archive-8534,Robert Griffith,S,MIN,1996,2.0,0.0,4.0
archive-8534,Robert Griffith,S,MIN,1997,0.0,0.0,2.0
archive-8534,Robert Griffith,S,MIN,1998,0.0,0.0,7.0
archive-8540,Anthony Griggs,LB,PHI,1982,0.0,0,0
archive-8540,Anthony Griggs,LB,PHI,1983,1.0,0,0
archive-8540,Anthony Griggs,LB,PHI,1984,3.0,0,0
archive-8540,Anthony Griggs,LB,PHI,1985,0.0,0,0
archive-8540,Anthony Griggs,LB,CLE,1986,0.0,0,0
archive-8540,Anthony Griggs,LB,CLE,1987,0.0,0,0
archive-8540,Anthony Griggs,LB,CLE,1988,0.0,0,0
archive-8542,David Griggs,LB,MIA,1989,0.0,0,0
archive-8542,David Griggs,LB,MIA,1990,6.5,0,0
archive-8542,David Griggs,LB,MIA,1991,5.5,0,0
archive-8542,David Griggs,LB,MIA,1992,3.0,0,0
archive-8542,David Griggs,LB,MIA,1993,0.5,0,0
archive-8542,David Griggs,LB,LAC,1994,0.0,0.0,1.0
archive-8555,Phil Grimes,DE,LV,1987,0.0,0,0
archive-8561,Ed Grimsley,LB,IND,1987,1.0,0,0
archive-8562,John Grimsley,LB,TEN,1984,0.0,0,0
archive-8562,John Grimsley,LB,TEN,1985,0.0,0,0
archive-8562,John Grimsley,LB,TEN,1986,1.0,0,0
archive-8562,John Grimsley,LB,TEN,1987,0.0,0,0
archive-8562,John Grimsley,LB,TEN,1988,1.0,0,0
archive-8562,John Grimsley,LB,TEN,1989,0.0,0,0
archive-8562,John Grimsley,LB,TEN,1990,0.0,0,0
archive-8562,John Grimsley,LB,MIA,1992,0.0,0,0
archive-8562,John Grimsley,LB,MIA,1993,0.0,0,0
archive-8577,Elois Grooms,DE,ARI,1982,4.5,0,0
archive-8577,Elois Grooms,DE,ARI,1983,1.0,0,0
archive-8577,Elois Grooms,DE,ARI,1984,2.0,0,0
archive-8577,Elois Grooms,DE,ARI,1985,1.0,0,0
archive-8577,Elois Grooms,DE,PHI,1987,2.0,0,0
archive-8580,Al Gross,DB,CLE,1983,0.0,0,0
archive-8580,Al Gross,S,CLE,1984,0.0,0,0
archive-8580,Al Gross,S,CLE,1985,0.0,0,0
archive-8580,Al Gross,DB,CLE,1986,0.0,0,0
archive-8580,Al Gross,DB,CLE,1987,0.0,0,0
archive-8586,Burt Grossman ,DE,LAC,1989,10.0,0,0
archive-8586,Burt Grossman ,DE,LAC,1990,10.0,0,0
archive-8586,Burt Grossman ,DE,LAC,1991,5.5,0,0
archive-8586,Burt Grossman ,DE,LAC,1992,10.5,0,0
archive-8586,Burt Grossman ,DE,LAC,1993,4.5,0,0
archive-8586,Burt Grossman ,DE,PHI,1994,5.5,0.0,0.0
archive-8598,Monty Grow,SAF,KC,1994,0.0,0.0,1.0
archive-8598,Monty Grow,SAF,JAX,1995,0.0,0.0,1.0
archive-8621,Mike Guendling,LB,LAC,1985,0.0,0,0
archive-8627,Neal Guggemos,DB,MIN,1986,0.0,0,0
archive-8627,Neal Guggemos,DB,MIN,1987,0.0,0,0
archive-8627,Neal Guggemos,DB,NYG,1988,0.0,0,0
archive-8629,Kevin Guidry,DB,DEN,1988,0.0,0,0
archive-8629,Kevin Guidry,DB,ARI,1989,0.0,0,0
archive-8631,Rusty Guilbeau,LB,NYJ,1982,0.0,0,0
archive-8631,Rusty Guilbeau,LB,NYJ,1983,1.0,0,0
archive-8631,Rusty Guilbeau,LB,NYJ,1984,0.0,0,0
archive-8631,Rusty Guilbeau,LB,NYJ,1985,2.0,0,0
archive-8631,Rusty Guilbeau,LB,NYJ,1986,0.0,0,0
archive-8631,Rusty Guilbeau,LB,CLE,1987,0.0,0,0
archive-8637,David Gulledge,DB,WAS,1992,0.0,0,0
archive-8649,Lance Gunn,S,CIN,1993,0.0,0,0
archive-8650,Mark Gunn,DT,NYJ,1991,0.0,0,0
archive-8650,Mark Gunn,DT,NYJ,1992,2.0,0,0
archive-8650,Mark Gunn,DT,NYJ,1993,0.0,0,0
archive-8650,Mark Gunn,DT,NYJ,1994,0.0,0.0,0.0
archive-8650,Mark Gunn,DT,PHI,1995,0.5,0.0,0.0
archive-8650,Mark Gunn,DT,NYJ,1996,2.0,0.0,0.0
archive-8650,Mark Gunn,DT,PHI,1996,0.0,0.0,0.0
archive-8665,Keith Guthrie,NT,LAC,1984,0.0,0,0
archive-8680,Myron Guyton,S,NYG,1989,0.0,0,0
archive-8680,Myron Guyton,FS,NYG,1990,0.0,0,0
archive-8680,Myron Guyton,FS,NYG,1991,0.0,0,0
archive-8680,Myron Guyton,S,NYG,1992,0.0,0,0
archive-8680,Myron Guyton,S,NYG,1993,0.0,0,0
archive-8680,Myron Guyton,FS,NE,1994,0.0,0.0,2.0
archive-8680,Myron Guyton,FS,NE,1995,0.0,0.0,3.0
archive-8682,John Guzik,NT,NE,1987,0.0,0,0
archive-8699,Dino Hackett,LB,KC,1986,1.0,0,0
archive-8699,Dino Hackett,LB,KC,1987,2.0,0,0
archive-8699,Dino Hackett,LB,KC,1988,3.0,0,0
archive-8699,Dino Hackett,LB,KC,1989,0.0,0,0
archive-8699,Dino Hackett,LB,KC,1990,3.0,0,0
archive-8699,Dino Hackett,LB,KC,1991,1.0,0,0
archive-8699,Dino Hackett,LB,SEA,1993,0.0,0,0
archive-8702,Gary Hadd,DT,DET,1988,0.0,0,0
archive-8702,Gary Hadd,DT,ARI,1989,0.0,0,0
archive-8706,Wayne Haddix,DB,NYG,1987,0.0,0,0
archive-8706,Wayne Haddix,DB,NYG,1988,0.0,0,0
archive-8706,Wayne Haddix,CB,TB,1990,0.0,0,0
archive-8706,Wayne Haddix,CB,CIN,1991,0.0,0,0
archive-8706,Wayne Haddix,CB,TB,1991,0.0,0,0
archive-8713,Ron Hadley,LB,SF,1987,0.0,0,0
archive-8713,Ron Hadley,LB,SF,1988,0.0,0,0
archive-8729,Britt Hager,LB,PHI,1989,0.0,0,0
archive-8729,Britt Hager,LB,PHI,1990,0.0,0,0
archive-8729,Britt Hager,LB,PHI,1991,0.0,0,0
archive-8729,Britt Hager,LB,PHI,1992,0.0,0,0
archive-8729,Britt Hager,LB,PHI,1993,1.0,0,0
archive-8729,Britt Hager,LB,PHI,1994,1.0,0.0,1.0
archive-8729,Britt Hager,LB,DEN,1995,0.0,0.0,1.0
archive-8729,Britt Hager,LB,DEN,1996,0.0,0.0,0.0
archive-8729,Britt Hager,LB,LAR,1997,0.0,0.0,0.0
archive-8739,Odell Haggins,NT,BUF,1991,0.0,0,0
archive-8744,Rickey Hagood,NT,LAC,1984,0.0,0,0
archive-8745,John Hagy,DB,BUF,1988,0.0,0,0
archive-8745,John Hagy,DB,BUF,1989,0.0,0,0
archive-8745,John Hagy,FS,BUF,1990,0.0,0,0
archive-8752,John Haines,NT,MIN,1984,2.0,0,0
archive-8752,John Haines,NT,IND,1986,0.0,0,0
archive-8754,Carl Hairston,DE,PHI,1982,4.0,0,0
archive-8754,Carl Hairston,DE,PHI,1983,5.0,0,0
archive-8754,Carl Hairston,DE,CLE,1984,4.0,0,0
archive-8754,Carl Hairston,DE,CLE,1985,7.0,0,0
archive-8754,Carl Hairston,DE,CLE,1986,12.0,0,0
archive-8754,Carl Hairston,DE,CLE,1987,8.0,0,0
archive-8754,Carl Hairston,DE,CLE,1988,3.0,0,0
archive-8754,Carl Hairston,DE,CLE,1989,8.5,0,0
archive-8754,Carl Hairston,DE,ARI,1990,1.0,0,0
archive-8758,Stacey Hairston,DB,CLE,1993,0.0,0,0
archive-8758,Stacey Hairston,DB,CLE,1994,0.0,0.0,0.0
archive-8764,Mike Halapin,DT,DAL,1996,0.0,0.0,0.0
archive-8764,Mike Halapin,DT,TEN,1996,0.0,0.0,0.0
archive-8764,Mike Halapin,DT,TEN,1997,0.0,0.0,0.0
archive-8767,Chris Hale,DB,BUF,1989,0.0,0,0
archive-8767,Chris Hale,DB,BUF,1990,0.0,0,0
archive-8767,Chris Hale,DB,BUF,1991,0.0,0,0
archive-8767,Chris Hale,DB,BUF,1992,0.0,0,0
archive-8772,Charles Haley,DE,SF,1986,13.0,0,0
archive-8772,Charles Haley,DE,SF,1987,7.5,0,0
archive-8772,Charles Haley,DE,SF,1988,15.0,0,0
archive-8772,Charles Haley,DE,SF,1989,11.5,0,0
archive-8772,Charles Haley,DE,SF,1990,17.0,0,0
archive-8772,Charles Haley,DE,SF,1991,7.0,0,0
archive-8772,Charles Haley,DE,DAL,1992,7.0,0,0
archive-8772,Charles Haley,DE,DAL,1993,5.5,0,0
archive-8772,Charles Haley,DE,DAL,1994,12.5,0.0,1.0
archive-8772,Charles Haley,DE,DAL,1995,11.5,0.0,0.0
archive-8772,Charles Haley,DE,DAL,1996,1.0,0.0,0.0
archive-8783,Alvin Hall,FS,DET,1982,0.0,0,0
archive-8783,Alvin Hall,FS,DET,1983,0.0,0,0
archive-8783,Alvin Hall,FS,DET,1984,0.0,0,0
archive-8783,Alvin Hall,DB,DET,1985,1.0,0,0
archive-8783,Alvin Hall,DB,DET,1987,0.0,0,0
archive-8791,Chris Hall,DB,DAL,1993,0.0,0,0
archive-8796,Dana Hall,FS,SF,1992,1.0,0,0
archive-8796,Dana Hall,FS,SF,1993,0.0,0,0
archive-8796,Dana Hall,FS,SF,1994,0.0,0.0,2.0
archive-8796,Dana Hall,SAF,CLE,1995,1.0,0.0,2.0
archive-8796,Dana Hall,S,JAX,1996,0.0,0.0,1.0
archive-8796,Dana Hall,DB,MIA,1996,0.0,0.0,0.0
archive-8796,Dana Hall,DB,NE,1996,0.0,0.0,0.0
archive-8796,Dana Hall,DB,JAX,1997,0.0,0.0,0.0
archive-8798,Darryl Hall,DB,LAR,1987,0.0,0,0
archive-8799,Darryl Hall,DB,DEN,1993,0.0,0,0
archive-8799,Darryl Hall,DB,DEN,1994,0.0,0.0,0.0
archive-8799,Darryl Hall,DB,SF,1995,0.0,0.0,0.0
archive-8803,Delton Hall,DB,PIT,1987,0.0,0,0
archive-8803,Delton Hall,DB,PIT,1988,0.0,0,0
archive-8803,Delton Hall,CB,PIT,1989,0.0,0,0
archive-8803,Delton Hall,CB,PIT,1990,0.0,0,0
archive-8803,Delton Hall,DB,PIT,1991,0.0,0,0
archive-8803,Delton Hall,DB,LAC,1992,1.0,0,0
archive-8811,James Hall,LB,ATL,1987,0.0,0,0
archive-8820,Lemanski Hall,LB,TEN,1995,0.0,0.0,0.0
archive-8820,Lemanski Hall,LB,TEN,1996,0.0,0.0,0.0
archive-8820,Lemanski Hall,LB,BUF,1997,0.0,0.0,0.0
archive-8820,Lemanski Hall,LB,MIA,1997,0.0,0.0,0.0
archive-8820,Lemanski Hall,LB,TEN,1997,2.0,0.0,0.0
archive-8820,Lemanski Hall,LB,CHI,1998,0.0,0.0,0.0
archive-8822,Mark Hall,DE,GB,1989,1.0,0,0
archive-8822,Mark Hall,DE,GB,1990,0.0,0,0
archive-8829,Ray Hall,DT,JAX,1995,0.0,0.0,0.0
archive-8830,Rhett Hall,DT,TB,1991,1.0,0,0
archive-8830,Rhett Hall,DT,TB,1992,0.0,0,0
archive-8830,Rhett Hall,DT,TB,1993,0.0,0,0
archive-8830,Rhett Hall,DT,SF,1994,7.0,0.0,0.0
archive-8830,Rhett Hall,DT,PHI,1995,1.0,0.0,0.0
archive-8830,Rhett Hall,DT,PHI,1996,4.5,0.0,0.0
archive-8830,Rhett Hall,DT,GB,1997,0.0,0.0,0.0
archive-8830,Rhett Hall,DT,PHI,1997,8.0,0.0,1.0
archive-8830,Rhett Hall,DT,PHI,1998,0.0,0.0,0.0
archive-8834,Steve Hall,DB,IND,1996,0.0,0.0,0.0
archive-8834,Steve Hall,DB,MIN,1996,0.0,0.0,0.0
archive-8837,Travis Hall,DT,ATL,1995,0.0,0.0,0.0
archive-8837,Travis Hall,DT,ATL,1996,6.0,0.0,0.0
archive-8837,Travis Hall,DT,ATL,1997,10.5,0.0,0.0
archive-8837,Travis Hall,DT,ATL,1998,4.5,0.0,0.0
archive-8844,Alan Haller,DB,CLE,1992,0.0,0,0
archive-8844,Alan Haller,DB,PIT,1992,0.0,0,0
archive-8844,Alan Haller,DB,PIT,1993,0.0,0,0
archive-8844,Alan Haller,CB,CAR,1995,0.0,0.0,0.0
archive-8860,Jack Ham,LB,PIT,1982,3.0,0,0
archive-8864,Darren Hambrick,LB,DAL,1998,0.0,0.0,0.0
archive-8866,Mike Hamby,DE,BUF,1986,1.0,0,0
archive-8868,Dean Hamel,DT,WAS,1985,6.0,0,0
archive-8868,Dean Hamel,DT,WAS,1986,0.0,0,0
archive-8868,Dean Hamel,DT,WAS,1987,0.0,0,0
archive-8868,Dean Hamel,DT,WAS,1988,2.0,0,0
archive-8868,Dean Hamel,DT,DAL,1989,3.5,0,0
archive-8868,Dean Hamel,DT,DAL,1990,1.0,0,0
archive-8874,Bobby Hamilton,DE,NYJ,1996,4.5,0.0,0.0
archive-8874,Bobby Hamilton,DE,NYJ,1997,1.0,0.0,0.0
archive-8874,Bobby Hamilton,DE,NYJ,1998,0.0,0.0,0.0
archive-8876,Conrad Hamilton,DB,NYG,1996,0.0,0.0,1.0
archive-8876,Conrad Hamilton,DB,NYG,1997,0.0,0.0,1.0
archive-8876,Conrad Hamilton,DB,SEA,1997,0.0,0.0,0.0
archive-8876,Conrad Hamilton,CB,NYG,1998,1.0,0.0,1.0
archive-8880,Harry Hamilton,DB,NYJ,1984,0.0,0,0
archive-8880,Harry Hamilton,FS,NYJ,1985,1.0,0,0
archive-8880,Harry Hamilton,DB,NYJ,1986,0.0,0,0
archive-8880,Harry Hamilton,DB,NYJ,1987,0.0,0,0
archive-8880,Harry Hamilton,FS,TB,1988,0.0,0,0
archive-8880,Harry Hamilton,DB,TB,1989,0.0,0,0
archive-8880,Harry Hamilton,FS,TB,1990,0.0,0,0
archive-8880,Harry Hamilton,S,TB,1991,0.0,0,0
archive-8881,James Hamilton,LB,JAX,1997,1.0,0.0,0.0
archive-8881,James Hamilton,LB,MIA,1997,0.0,0.0,0.0
archive-8881,James Hamilton,LB,NE,1997,0.0,0.0,0.0
archive-8881,James Hamilton,LB,JAX,1998,0.0,0.0,0.0
archive-8885,Keith Hamilton,DT,NYG,1992,3.5,0,0
archive-8885,Keith Hamilton,DT,NYG,1993,14.0,0,0
archive-8885,Keith Hamilton,DT,NYG,1994,6.5,0.0,0.0
archive-8885,Keith Hamilton,DT,NYG,1995,2.0,0.0,0.0
archive-8885,Keith Hamilton,DT,NYG,1996,3.0,0.0,0.0
archive-8885,Keith Hamilton,DT,NYG,1997,9.0,0.0,0.0
archive-8885,Keith Hamilton,DT,SEA,1997,0.0,0.0,0.0
archive-8885,Keith Hamilton,DT,NYG,1998,7.0,0.0,0.0
archive-8888,Malcolm Hamilton,LB,WAS,1998,0.0,0.0,0.0
archive-8890,Michael Hamilton,LB,LAC,1997,0.0,0.0,0.0
archive-8890,Michael Hamilton,LB,LAC,1998,0.0,0.0,0.0
archive-8894,Rick Hamilton,LB,WAS,1993,0.0,0,0
archive-8894,Rick Hamilton,LB,KC,1994,0.0,0.0,0.0
archive-8894,Rick Hamilton,LB,WAS,1994,0.0,0.0,0.0
archive-8894,Rick Hamilton,LB,NYJ,1996,1.5,0.0,0.0
archive-8895,Ruffin Hamilton,LB,GB,1994,0.0,0.0,0.0
archive-8895,Ruffin Hamilton,LB,ATL,1997,0.0,0.0,0.0
archive-8895,Ruffin Hamilton,LB,ATL,1998,0.0,0.0,0.0
archive-8896,Skip Hamilton,DT,PHI,1987,0.0,0,0
archive-8897,Steve Hamilton,DE,WAS,1985,1.0,0,0
archive-8897,Steve Hamilton,DE,WAS,1986,4.5,0,0
archive-8897,Steve Hamilton,DE,WAS,1987,2.0,0,0
archive-8897,Steve Hamilton,DE,WAS,1988,0.0,0,0
archive-8905,Bob Hamm,DE,TEN,1983,3.0,0,0
archive-8905,Bob Hamm,DE,TEN,1984,2.0,0,0
archive-8905,Bob Hamm,DE,KC,1985,1.0,0,0
archive-8905,Bob Hamm,DE,IND,1987,0.0,0,0
archive-8908,Mike Hammerstein,DE,CIN,1986,1.0,0,0
archive-8908,Mike Hammerstein,DE,CIN,1987,1.0,0,0
archive-8908,Mike Hammerstein,DE,CIN,1989,1.5,0,0
archive-8908,Mike Hammerstein,DE,CIN,1990,2.0,0,0
archive-8915,Steve Hammond ,LB,NYJ,1988,0.0,0,0
archive-8917,Shelly Hammonds ,DB,MIN,1995,0.0,0.0,0.0
archive-8918,Alonzo Hampton ,DB,MIN,1990,0.0,0,0
archive-8918,Alonzo Hampton ,DB,TB,1991,0.0,0,0
archive-8920,Dan Hampton ,DE,CHI,1982,9.0,0,0
archive-8920,Dan Hampton ,DE,CHI,1983,5.0,0,0
archive-8920,Dan Hampton ,DE,CHI,1984,14.0,0,0
archive-8920,Dan Hampton ,DE,CHI,1985,8.5,0,0
archive-8920,Dan Hampton ,DE,CHI,1986,10.5,0,0
archive-8920,Dan Hampton ,DE,CHI,1987,3.5,0,0
archive-8920,Dan Hampton ,DE,CHI,1988,10.5,0,0
archive-8920,Dan Hampton ,DE,CHI,1989,2.0,0,0
archive-8920,Dan Hampton ,DE,CHI,1990,0.0,0,0
archive-8931,Kevin Hancock,LB,IND,1987,0.0,0,0
archive-8933,Jon Hand,DE,IND,1986,5.0,0,0
archive-8933,Jon Hand,DE,IND,1987,1.0,0,0
archive-8933,Jon Hand,DE,IND,1988,5.0,0,0
archive-8933,Jon Hand,DE,IND,1989,10.0,0,0
archive-8933,Jon Hand,DE,IND,1990,3.0,0,0
archive-8933,Jon Hand,DE,IND,1991,5.0,0,0
archive-8933,Jon Hand,DE,IND,1992,1.0,0,0
archive-8933,Jon Hand,DE,IND,1993,5.5,0,0
archive-8933,Jon Hand,DE,IND,1994,0.0,0.0,0.0
archive-8935,Norman Hand,DT,MIA,1996,0.5,0.0,0.0
archive-8935,Norman Hand,DT,LAC,1997,1.0,0.0,0.0
archive-8935,Norman Hand,DT,LAC,1998,6.0,0.0,2.0
archive-8945,Ben Hanks,LB,MIN,1996,0.0,0.0,0.0
archive-8945,Ben Hanks,LB,DET,1997,0.0,0.0,0.0
archive-8947,Merton Hanks,CB,SF,1991,0.0,0,0
archive-8947,Merton Hanks,DB,SF,1992,0.0,0,0
archive-8947,Merton Hanks,FS,SF,1993,0.0,0,0
archive-8947,Merton Hanks,FS,SF,1994,0.5,0.0,8.0
archive-8947,Merton Hanks,FS,SF,1995,0.0,0.0,5.0
archive-8947,Merton Hanks,DB,NYJ,1996,0.0,0.0,0.0
archive-8947,Merton Hanks,FS,SF,1996,0.0,0.0,4.0
archive-8947,Merton Hanks,FS,SF,1997,0.0,0.0,6.0
archive-8947,Merton Hanks,FS,SF,1998,0.5,0.0,4.0
archive-8954,Jim Hanna,NT,NO,1994,0.0,0.0,0.0
archive-8965,Tom Hannon,FS,MIN,1982,0.0,0,0
archive-8965,Tom Hannon,S,MIN,1983,0.5,0,0
archive-8965,Tom Hannon,S,MIN,1984,0.0,0,0
archive-8973,Carl Hansen,DE,NYJ,1998,0.0,0.0,0.0
archive-8979,Phil Hansen,DE,BUF,1991,2.0,0,0
archive-8979,Phil Hansen,DE,BUF,1992,10.0,0,0
archive-8979,Phil Hansen,DE,BUF,1993,4.5,0,0
archive-8979,Phil Hansen,DE,BUF,1994,5.5,0.0,0.0
archive-8979,Phil Hansen,DE,BUF,1995,10.0,0.0,0.0
archive-8979,Phil Hansen,DE,BUF,1996,8.0,0.0,0.0
archive-8979,Phil Hansen,DE,BUF,1997,6.0,0.0,0.0
archive-8979,Phil Hansen,DE,BUF,1998,7.5,0.0,0.0
archive-9010,Bobby Harden ,DB,MIA,1990,0.0,0,0
archive-9010,Bobby Harden ,DB,MIA,1991,1.0,0,0
archive-9010,Bobby Harden ,DB,MIA,1992,0.0,0,0
archive-9010,Bobby Harden ,DB,MIA,1993,0.0,0,0
archive-9015,Mike Harden ,DB,DEN,1982,0.0,0,0
archive-9015,Mike Harden ,DB,DEN,1983,0.0,0,0
archive-9015,Mike Harden ,DB,DEN,1984,0.0,0,0
archive-9015,Mike Harden ,DB,DEN,1985,1.0,0,0
archive-9015,Mike Harden ,DB,DEN,1986,0.0,0,0
archive-9015,Mike Harden ,DB,DEN,1987,0.0,0,0
archive-9015,Mike Harden ,DB,DEN,1988,0.0,0,0
archive-9015,Mike Harden ,DB,LV,1989,0.0,0,0
archive-9015,Mike Harden ,DB,LV,1990,0.0,0,0
archive-9020,Greg Harding,DB,NO,1984,0.0,0,0
archive-9020,Greg Harding,DB,PHI,1987,0.0,0,0
archive-9022,Dee Hardison,DE,NYG,1982,0.0,0,0
archive-9022,Dee Hardison,DE,NYG,1983,2.5,0,0
archive-9022,Dee Hardison,DE,NYG,1984,0.0,0,0
archive-9022,Dee Hardison,DE,NYG,1985,0.0,0,0
archive-9022,Dee Hardison,DE,LAC,1986,6.5,0,0
archive-9022,Dee Hardison,DE,LAC,1987,0.0,0,0
archive-9022,Dee Hardison,DE,KC,1988,0.0,0,0
archive-9026,Adrian Hardy ,DB,SF,1993,0.0,0,0
archive-9026,Adrian Hardy ,DB,CIN,1994,0.0,0.0,0.0
archive-9026,Adrian Hardy ,DB,SF,1994,0.0,0.0,0.0
archive-9026,Adrian Hardy ,DB,CIN,1995,0.0,0.0,0.0
archive-9032,Darryl Hardy ,LB,ARI,1995,0.0,0.0,0.0
archive-9032,Darryl Hardy ,LB,DAL,1995,0.0,0.0,0.0
archive-9032,Darryl Hardy ,LB,DAL,1997,0.0,0.0,0.0
archive-9032,Darryl Hardy ,LB,SEA,1997,0.0,0.0,0.0
archive-9040,John Hardy ,DB,CHI,1991,0.0,0,0
archive-9043,Kevin Hardy ,LB,JAX,1996,5.5,0.0,2.0
archive-9043,Kevin Hardy ,LB,MIA,1996,0.0,0.0,0.0
archive-9043,Kevin Hardy ,LB,NE,1996,0.0,0.0,0.0
archive-9043,Kevin Hardy ,LB,JAX,1997,2.5,0.0,0.0
archive-9043,Kevin Hardy ,LB,MIA,1997,0.0,0.0,0.0
archive-9043,Kevin Hardy ,LB,NE,1997,0.0,0.0,0.0
archive-9043,Kevin Hardy ,LB,JAX,1998,2.5,0.0,2.0
archive-9046,Robert Hardy ,DT,SEA,1982,2.0,0,0
archive-9062,Lance Harkey,DB,LV,1987,0.0,0,0
archive-9068,Andy Harmon ,DT,PHI,1991,0.0,0,0
archive-9068,Andy Harmon ,DT,PHI,1992,7.0,0,0
archive-9068,Andy Harmon ,DT,PHI,1993,11.5,0,0
archive-9068,Andy Harmon ,DT,PHI,1994,9.0,0.0,1.0
archive-9068,Andy Harmon ,DT,PHI,1995,11.0,0.0,0.0
archive-9068,Andy Harmon ,DT,PHI,1996,1.0,0.0,0.0
archive-9068,Andy Harmon ,DT,PHI,1997,0.0,0.0,0.0
archive-9091,Dave Harper,LB,DAL,1990,0.0,0,0
archive-9093,Dwayne Harper,DB,SEA,1988,1.0,0,0
archive-9093,Dwayne Harper,CB,SEA,1989,0.0,0,0
archive-9093,Dwayne Harper,CB,SEA,1990,0.0,0,0
archive-9093,Dwayne Harper,CB,SEA,1991,0.0,0,0
archive-9093,Dwayne Harper,CB,SEA,1992,0.0,0,0
archive-9093,Dwayne Harper,CB,SEA,1993,0.0,0,0
archive-9093,Dwayne Harper,DB,LAC,1994,0.0,0.0,3.0
archive-9093,Dwayne Harper,DB,LAC,1995,0.0,0.0,4.0
archive-9093,Dwayne Harper,DB,LAC,1996,0.0,0.0,1.0
archive-9093,Dwayne Harper,DB,LAC,1997,0.0,0.0,2.0
archive-9093,Dwayne Harper,DB,LAC,1998,0.0,0.0,1.0
archive-9096,John Harper,LB,ATL,1983,0.0,0,0
archive-9098,LaSalle Harper,LB,CHI,1989,0.0,0,0
archive-9098,LaSalle Harper,LB,NYG,1989,0.0,0,0
archive-9099,Mark Harper,DB,CLE,1986,0.0,0,0
archive-9099,Mark Harper,DB,CLE,1987,1.0,0,0
archive-9099,Mark Harper,DB,CLE,1988,1.0,0,0
archive-9099,Mark Harper,CB,CLE,1989,1.0,0,0
archive-9099,Mark Harper,CB,CLE,1990,0.0,0,0
archive-9103,Roger Harper,S,ATL,1993,0.0,0,0
archive-9103,Roger Harper,S,ATL,1994,1.0,0.0,1.0
archive-9103,Roger Harper,FS,ATL,1995,0.0,0.0,1.0
archive-9103,Roger Harper,DB,DAL,1996,0.0,0.0,2.0
archive-9107,Willie Harper,LB,SF,1982,0.0,0,0
archive-9107,Willie Harper,LB,SF,1983,3.0,0,0
archive-9112,James Harrell,LB,DET,1982,0.0,0,0
archive-9112,James Harrell,LB,DET,1983,1.0,0,0
archive-9112,James Harrell,LB,DET,1985,0.0,0,0
archive-9112,James Harrell,LB,DET,1986,0.5,0,0
archive-9112,James Harrell,LB,KC,1987,0.0,0,0
archive-9122,Al Harris,DE,CHI,1982,3.5,0,0
archive-9122,Al Harris,DE,CHI,1983,6.0,0,0
archive-9122,Al Harris,DE,CHI,1984,2.0,0,0
archive-9122,Al Harris,DE,CHI,1986,2.0,0,0
archive-9122,Al Harris,DE,CHI,1987,1.5,0,0
archive-9122,Al Harris,DE,CHI,1988,5.5,0,0
archive-9122,Al Harris,DE,PHI,1989,2.0,0,0
archive-9122,Al Harris,DE,PHI,1990,0.0,0,0
archive-9123,Al Harris,CB,PHI,1998,0.0,0.0,0.0
archive-9126,Anthony Harris,LB,MIA,1996,0.0,0.0,0.0
archive-9126,Anthony Harris,LB,MIA,1997,1.0,0.0,0.0
archive-9126,Anthony Harris,LB,MIA,1998,0.0,0.0,0.0
archive-9133,Bernardo Harris,LB,GB,1995,0.0,0.0,0.0
archive-9133,Bernardo Harris,LB,GB,1996,0.0,0.0,0.0
archive-9133,Bernardo Harris,LB,GB,1997,2.0,0.0,1.0
archive-9133,Bernardo Harris,LB,GB,1998,2.5,0.0,0.0
archive-9136,Bo Harris,LB,CIN,1982,2.0,0,0
archive-9137,Bob Harris,LB,ARI,1983,1.0,0,0
archive-9137,Bob Harris,LB,ARI,1984,2.0,0,0
archive-9137,Bob Harris,LB,ARI,1985,0.0,0,0
archive-9137,Bob Harris,LB,KC,1987,0.0,0,0
archive-9147,Corey Harris,CB,SEA,1995,0.0,0.0,3.0
archive-9147,Corey Harris,CB,SEA,1996,1.0,0.0,1.0
archive-9147,Corey Harris,FS,MIA,1997,0.0,0.0,0.0
archive-9147,Corey Harris,FS,BAL,1998,1.0,0.0,0.0
archive-9164,Eric Harris,CB,KC,1982,0.0,0,0
archive-9164,Eric Harris,CB,LAR,1983,0.0,0,0
archive-9164,Eric Harris,S,LAR,1984,0.5,0,0
archive-9164,Eric Harris,DB,LAR,1985,0.0,0,0
archive-9177,James Harris,DE,MIN,1993,0.0,0,0
archive-9177,James Harris,DE,MIN,1994,3.0,0.0,1.0
archive-9177,James Harris,DE,MIN,1995,1.0,0.0,0.0
archive-9177,James Harris,DE,LAR,1996,2.0,0.0,0.0
archive-9177,James Harris,DE,WAS,1996,0.0,0.0,0.0
archive-9177,James Harris,DE,LV,1998,1.0,0.0,0.0
archive-9183,Joe Harris,LB,IND,1982,0.0,0,0
archive-9187,John Harris,FS,SEA,1982,0.0,0,0
archive-9187,John Harris,FS,SEA,1983,0.0,0,0
archive-9187,John Harris,FS,SEA,1984,1.0,0,0
archive-9187,John Harris,FS,SEA,1985,0.0,0,0
archive-9187,John Harris,DB,MIN,1986,0.0,0,0
archive-9187,John Harris,DB,MIN,1987,0.0,0,0
archive-9187,John Harris,FS,MIN,1988,0.0,0,0
archive-9189,Jon Harris,DE,PHI,1997,1.0,0.0,0.0
archive-9189,Jon Harris,DE,PHI,1998,1.0,0.0,0.0
archive-9194,Kenny Harris,DB,ARI,1997,0.0,0.0,0.0
archive-9194,Kenny Harris,DB,DET,1997,0.0,0.0,0.0
archive-9205,Marshall Harris,DE,CLE,1982,1.5,0,0
archive-9205,Marshall Harris,DE,NE,1983,0.5,0,0
archive-9216,Odie Harris,S,TB,1988,0.0,0,0
archive-9216,Odie Harris,DB,TB,1989,0.0,0,0
archive-9216,Odie Harris,DB,TB,1990,0.0,0,0
archive-9216,Odie Harris,DB,CLE,1991,0.0,0,0
archive-9216,Odie Harris,DB,ARI,1992,0.0,0,0
archive-9216,Odie Harris,DB,CLE,1992,0.0,0,0
archive-9216,Odie Harris,DB,ARI,1993,0.0,0,0
archive-9216,Odie Harris,DB,ARI,1994,0.0,0.0,0.0
archive-9216,Odie Harris,SAF,TEN,1995,0.0,0.0,2.0
archive-9225,Robert Harris,DT,MIN,1992,0.0,0,0
archive-9225,Robert Harris,DT,MIN,1993,1.0,0,0
archive-9225,Robert Harris,DT,MIN,1994,2.0,0.0,0.0
archive-9225,Robert Harris,DT,NYG,1995,5.0,0.0,0.0
archive-9225,Robert Harris,DT,NYG,1996,4.5,0.0,0.0
archive-9225,Robert Harris,DT,NYG,1997,10.0,0.0,0.0
archive-9225,Robert Harris,DT,SEA,1997,0.0,0.0,0.0
archive-9225,Robert Harris,DT,NYG,1998,3.5,0.0,0.0
archive-9228,Roy Harris,DE,ATL,1984,1.0,0,0
archive-9228,Roy Harris,DE,ATL,1985,0.0,0,0
archive-9228,Roy Harris,DE,TB,1987,1.0,0,0
archive-9231,Sean Harris,LB,CHI,1995,0.0,0.0,0.0
archive-9231,Sean Harris,LB,CHI,1996,0.0,0.0,0.0
archive-9231,Sean Harris,LB,CHI,1997,0.0,0.0,0.0
archive-9231,Sean Harris,LB,CHI,1998,1.0,0.0,1.0
archive-9236,Tim Harris,LB,GB,1986,8.0,0,0
archive-9236,Tim Harris,LB,GB,1987,7.0,0,0
archive-9236,Tim Harris,LB,GB,1988,13.5,0,0
archive-9236,Tim Harris,LB,GB,1989,19.5,0,0
archive-9236,Tim Harris,LB,GB,1990,7.0,0,0
archive-9236,Tim Harris,LB,SF,1991,3.0,0,0
archive-9236,Tim Harris,LB,SF,1992,19.0,0,0
archive-9236,Tim Harris,LB,PHI,1993,0.0,0,0
archive-9236,Tim Harris,LB,SF,1994,6.5,0.0,0.0
archive-9236,Tim Harris,LB,SF,1995,4.0,0.0,0.0
archive-9242,Walt Harris,CB,CHI,1996,0.0,0.0,2.0
archive-9242,Walt Harris,CB,CHI,1997,0.0,0.0,5.0
archive-9242,Walt Harris,CB,CHI,1998,0.0,0.0,4.0
archive-9245,Anthony Harrison,DB,GB,1987,0.0,0,0
archive-9252,Dennis Harrison,DE,PHI,1982,10.5,0,0
archive-9252,Dennis Harrison,DE,PHI,1983,11.5,0,0
archive-9252,Dennis Harrison,DE,PHI,1984,12.0,0,0
archive-9252,Dennis Harrison,DE,LAR,1985,3.0,0,0
archive-9252,Dennis Harrison,DE,ATL,1986,1.0,0,0
archive-9252,Dennis Harrison,DE,SF,1986,0.0,0,0
archive-9252,Dennis Harrison,DE,ATL,1987,1.5,0,0
archive-9266,Martin Harrison,DE,SF,1990,0.0,0,0
archive-9266,Martin Harrison,DE,SF,1992,4.5,0,0
archive-9266,Martin Harrison,DE,SF,1993,6.0,0,0
archive-9266,Martin Harrison,DE,MIN,1994,0.0,0.0,0.0
archive-9266,Martin Harrison,DE,MIN,1995,4.5,0.0,1.0
archive-9266,Martin Harrison,DE,MIN,1996,7.0,0.0,0.0
archive-9266,Martin Harrison,DE,NYJ,1997,0.0,0.0,0.0
archive-9266,Martin Harrison,DE,SEA,1997,0.0,0.0,0.0
archive-9269,Nolan Harrison,DE,LV,1991,1.0,0,0
archive-9269,Nolan Harrison,DE,LV,1992,2.5,0,0
archive-9269,Nolan Harrison,DE,LV,1993,3.0,0,0
archive-9269,Nolan Harrison,DE,LV,1994,5.0,0.0,0.0
archive-9269,Nolan Harrison,DE,LV,1995,0.0,0.0,0.0
archive-9269,Nolan Harrison,DE,ARI,1996,0.0,0.0,0.0
archive-9269,Nolan Harrison,DE,LV,1996,2.0,0.0,0.0
archive-9269,Nolan Harrison,DE,CIN,1997,0.0,0.0,0.0
archive-9269,Nolan Harrison,DE,NYJ,1997,0.0,0.0,0.0
archive-9269,Nolan Harrison,DE,PIT,1997,4.0,0.0,0.0
archive-9269,Nolan Harrison,DE,PIT,1998,3.5,0.0,0.0
archive-9272,Rob Harrison,DB,LV,1987,0.0,0,0
archive-9273,Rodney Harrison,DB,LAC,1994,0.0,0.0,0.0
archive-9273,Rodney Harrison,DB,LAC,1995,0.0,0.0,5.0
archive-9273,Rodney Harrison,DB,LAC,1996,1.0,0.0,5.0
archive-9273,Rodney Harrison,DB,LAC,1997,4.0,0.0,2.0
archive-9273,Rodney Harrison,DB,LAC,1998,4.0,0.0,3.0
archive-9295,Roy Hart ,NT,SEA,1989,2.0,0,0
archive-9295,Roy Hart ,NT,LV,1991,0.0,0,0
archive-9298,Mike Hartenstine ,DE,CHI,1982,3.0,0,0
archive-9298,Mike Hartenstine ,DE,CHI,1983,12.0,0,0
archive-9298,Mike Hartenstine ,DE,CHI,1984,7.0,0,0
archive-9298,Mike Hartenstine ,DE,CHI,1985,1.0,0,0
archive-9298,Mike Hartenstine ,DE,CHI,1986,1.0,0,0
archive-9298,Mike Hartenstine ,DE,MIN,1987,0.0,0,0
archive-9319,John Harty ,NT,SF,1982,2.5,0,0
archive-9319,John Harty ,NT,SF,1983,0.0,0,0
archive-9319,John Harty ,NT,SF,1985,0.0,0,0
archive-9319,John Harty ,NT,SF,1986,0.0,0,0
archive-9328,Ken Harvey,LB,ARI,1988,6.0,0,0
archive-9328,Ken Harvey,LB,ARI,1989,7.0,0,0
archive-9328,Ken Harvey,LB,ARI,1990,10.0,0,0
archive-9328,Ken Harvey,LB,ARI,1991,9.0,0,0
archive-9328,Ken Harvey,LB,ARI,1992,6.0,0,0
archive-9328,Ken Harvey,LB,ARI,1993,9.5,0,0
archive-9328,Ken Harvey,LB,WAS,1994,13.5,0.0,0.0
archive-9328,Ken Harvey,LB,WAS,1995,7.5,0.0,0.0
archive-9328,Ken Harvey,LB,WAS,1996,9.0,0.0,1.0
archive-9328,Ken Harvey,LB,LAC,1997,0.0,0.0,0.0
archive-9328,Ken Harvey,LB,WAS,1997,9.5,0.0,0.0
archive-9328,Ken Harvey,LB,WAS,1998,2.0,0.0,0.0
archive-9331,Maurice Harvey,FS,GB,1982,1.0,0,0
archive-9331,Maurice Harvey,DB,DET,1983,0.0,0,0
archive-9331,Maurice Harvey,S,GB,1983,0.0,0,0
archive-9331,Maurice Harvey,DB,TB,1984,0.0,0,0
archive-9331,Maurice Harvey,DB,DET,1987,0.0,0,0
archive-9334,Richard Harvey,LB,NE,1990,0.0,0,0
archive-9334,Richard Harvey,LB,NE,1991,0.0,0,0
archive-9334,Richard Harvey,LB,BUF,1992,0.0,0,0
archive-9334,Richard Harvey,LB,BUF,1993,0.0,0,0
archive-9334,Richard Harvey,LB,DEN,1994,0.0,0.0,0.0
archive-9334,Richard Harvey,LB,NO,1995,2.0,0.0,0.0
archive-9334,Richard Harvey,LB,NO,1996,2.0,0.0,0.0
archive-9334,Richard Harvey,LB,NO,1997,3.0,0.0,1.0
archive-9334,Richard Harvey,LB,LV,1998,4.0,0.0,1.0
archive-9335,Stacy Harvey,LB,KC,1989,0.0,0,0
archive-9343,Jon Haskins,LB,LAC,1998,0.0,0.0,0.0
archive-9346,Jim Haslett,LB,BUF,1982,0.0,0,0
archive-9346,Jim Haslett,LB,BUF,1983,0.0,0,0
archive-9346,Jim Haslett,LB,BUF,1984,3.5,0,0
archive-9346,Jim Haslett,LB,BUF,1985,1.0,0,0
archive-9346,Jim Haslett,LB,NYJ,1987,0.0,0,0
archive-9349,Harald Hasselbach,DE,DEN,1994,2.0,0.0,0.0
archive-9349,Harald Hasselbach,DE,DEN,1995,4.0,0.0,0.0
archive-9349,Harald Hasselbach,DE,DEN,1996,2.0,0.0,0.0
archive-9349,Harald Hasselbach,DE,NE,1996,0.0,0.0,0.0
archive-9349,Harald Hasselbach,DE,DEN,1997,1.5,0.0,0.0
archive-9349,Harald Hasselbach,DE,DEN,1998,3.0,0.0,0.0
archive-9357,James Hasty,CB,NYJ,1988,1.0,0,0
archive-9357,James Hasty,CB,NYJ,1989,0.0,0,0
archive-9357,James Hasty,CB,NYJ,1990,0.0,0,0
archive-9357,James Hasty,CB,NYJ,1991,0.0,0,0
archive-9357,James Hasty,CB,NYJ,1992,0.0,0,0
archive-9357,James Hasty,CB,NYJ,1993,0.0,0,0
archive-9357,James Hasty,CB,NYJ,1994,3.0,0.0,5.0
archive-9357,James Hasty,CB,KC,1995,0.0,0.0,3.0
archive-9357,James Hasty,CB,KC,1996,1.0,0.0,0.0
archive-9357,James Hasty,CB,KC,1997,2.0,0.0,3.0
archive-9357,James Hasty,CB,KC,1998,1.0,0.0,4.0
archive-9363,Derrick Hatchett,CB,IND,1982,0.0,0,0
archive-9363,Derrick Hatchett,CB,IND,1983,0.0,0,0
archive-9363,Derrick Hatchett,DB,TEN,1983,0.0,0,0
archive-9367,Steve Hathaway,LB,IND,1984,0.0,0,0
archive-9370,Tim Hauck,DB,NE,1990,0.0,0,0
archive-9370,Tim Hauck,DB,GB,1991,0.0,0,0
archive-9370,Tim Hauck,DB,GB,1992,0.0,0,0
archive-9370,Tim Hauck,DB,GB,1993,0.0,0,0
archive-9370,Tim Hauck,DB,GB,1994,0.0,0.0,0.0
archive-9370,Tim Hauck,SAF,DEN,1995,0.0,0.0,0.0
archive-9370,Tim Hauck,DB,DEN,1996,0.0,0.0,0.0
archive-9370,Tim Hauck,DB,NE,1996,0.0,0.0,0.0
archive-9370,Tim Hauck,DB,NYJ,1997,0.0,0.0,0.0
archive-9370,Tim Hauck,DB,SEA,1997,0.0,0.0,0.0
archive-9370,Tim Hauck,FS,IND,1998,0.0,0.0,0.0
archive-9389,Andy Hawkins,LB,TB,1982,2.0,0,0
archive-9389,Andy Hawkins,LB,TB,1983,3.0,0,0
archive-9389,Andy Hawkins,LB,LAC,1986,0.0,0,0
archive-9389,Andy Hawkins,LB,LAC,1987,0.0,0,0
archive-9389,Andy Hawkins,LB,KC,1988,0.0,0,0
archive-9390,Artrell Hawkins,CB,CIN,1998,1.0,0.0,3.0
archive-9392,Bill Hawkins,DE,LAR,1989,0.0,0,0
archive-9392,Bill Hawkins,DE,LAR,1990,3.0,0,0
archive-9392,Bill Hawkins,DE,LAR,1991,0.0,0,0
archive-9392,Bill Hawkins,DE,LAR,1992,2.0,0,0
archive-9399,Garland Hawkins,DE,CHI,1995,0.0,0.0,0.0
archive-9404,Mike Hawkins,LB,LV,1982,0.0,0,0
archive-9409,Steve Haworth,DB,ATL,1983,0.0,0,0
archive-9409,Steve Haworth,DB,ATL,1984,0.0,0,0
archive-9415,Ed Hawthorne,NT,MIA,1995,0.0,0.0,0.0
archive-9431,Chris Hayes,DB,GB,1996,0.0,0.0,0.0
archive-9431,Chris Hayes,DB,NYJ,1997,0.0,0.0,0.0
archive-9431,Chris Hayes,DB,TB,1997,0.0,0.0,0.0
archive-9431,Chris Hayes,DB,NYJ,1998,0.0,0.0,0.0
archive-9435,Eric Hayes,DT,SEA,1990,0.0,0,0
archive-9435,Eric Hayes,DT,SEA,1991,0.0,0,0
archive-9435,Eric Hayes,DT,LAR,1992,0.0,0,0
archive-9435,Eric Hayes,DT,TB,1993,0.0,0,0
archive-9436,Gary Hayes,DB,GB,1984,0.0,0,0
archive-9436,Gary Hayes,DB,GB,1985,0.0,0,0
archive-9436,Gary Hayes,DB,GB,1986,0.0,0,0
archive-9445,Lester Hayes,CB,LV,1982,0.0,0,0
archive-9445,Lester Hayes,CB,LV,1983,0.0,0,0
archive-9445,Lester Hayes,CB,LV,1984,0.0,0,0
archive-9445,Lester Hayes,CB,LV,1985,0.0,0,0
archive-9445,Lester Hayes,DB,LV,1986,0.0,0,0
archive-9466,James Haynes,LB,NO,1984,0.0,0,0
archive-9466,James Haynes,LB,NO,1985,2.0,0,0
archive-9466,James Haynes,LB,NO,1986,2.0,0,0
archive-9466,James Haynes,LB,NO,1987,0.0,0,0
archive-9466,James Haynes,LB,NO,1988,0.0,0,0
archive-9466,James Haynes,LB,NO,1989,0.0,0,0
archive-9468,Louis Haynes,LB,KC,1982,0.0,0,0
archive-9468,Louis Haynes,LB,KC,1983,0.0,0,0
archive-9469,Mark Haynes,CB,NYG,1982,0.0,0,0
archive-9469,Mark Haynes,CB,NYG,1983,0.0,0,0
archive-9469,Mark Haynes,CB,NYG,1984,0.0,0,0
archive-9469,Mark Haynes,DB,NYG,1985,0.0,0,0
archive-9469,Mark Haynes,DB,DEN,1986,0.0,0,0
archive-9469,Mark Haynes,DB,DEN,1987,0.0,0,0
archive-9469,Mark Haynes,CB,DEN,1988,1.0,0,0
archive-9469,Mark Haynes,DB,DEN,1989,0.0,0,0
archive-9472,Mike Haynes,CB,NE,1982,0.0,0,0
archive-9472,Mike Haynes,CB,LV,1983,0.0,0,0
archive-9472,Mike Haynes,CB,LV,1984,0.0,0,0
archive-9472,Mike Haynes,CB,LV,1985,1.0,0,0
archive-9472,Mike Haynes,CB,LV,1986,0.0,0,0
archive-9472,Mike Haynes,CB,LV,1987,0.0,0,0
archive-9472,Mike Haynes,CB,LV,1988,0.0,0,0
archive-9472,Mike Haynes,CB,LV,1989,0.0,0,0
archive-9474,Tommy Haynes,DB,DAL,1987,3.0,0,0
archive-9484,Tracy Hayworth,LB,DET,1990,4.0,0,0
archive-9484,Tracy Hayworth,LB,DET,1991,3.0,0,0
archive-9484,Tracy Hayworth,LB,DET,1992,0.0,0,0
archive-9484,Tracy Hayworth,LB,DET,1993,2.0,0,0
archive-9484,Tracy Hayworth,LB,DET,1994,1.0,0.0,0.0
archive-9484,Tracy Hayworth,LB,DET,1995,1.0,0.0,0.0
archive-9493,Andy Headen,LB,NYG,1983,5.0,0,0
archive-9493,Andy Headen,LB,NYG,1984,1.0,0,0
archive-9493,Andy Headen,LB,NYG,1985,5.5,0,0
archive-9493,Andy Headen,LB,NYG,1986,2.5,0,0
archive-9493,Andy Headen,LB,NYG,1987,2.5,0,0
archive-9493,Andy Headen,LB,NYG,1988,3.0,0,0
archive-9512,Jo Heath,DB,NYJ,1987,0.0,0,0
archive-9539,Victor Heflin,DB,ARI,1983,0.0,0,0
archive-9539,Victor Heflin,DB,ARI,1984,0.0,0,0
archive-9544,Mike Hegman,LB,DAL,1982,3.0,0,0
archive-9544,Mike Hegman,LB,DAL,1983,1.0,0,0
archive-9544,Mike Hegman,LB,DAL,1984,3.5,0,0
archive-9544,Mike Hegman,LB,DAL,1985,5.5,0,0
archive-9544,Mike Hegman,LB,DAL,1986,1.0,0,0
archive-9544,Mike Hegman,LB,DAL,1987,3.0,0,0
archive-9583,Darryl Hemphill,CB,IND,1982,0.0,0,0
archive-9585,Nate Hemsley,LB,DAL,1997,0.0,0.0,0.0
archive-9585,Nate Hemsley,LB,DAL,1998,0.0,0.0,0.0
archive-9586,Andy Hendel,LB,MIA,1986,0.0,0,0
archive-9595,Jerome Henderson,CB,NE,1991,0.0,0,0
archive-9595,Jerome Henderson,FS,NE,1992,0.0,0,0
archive-9595,Jerome Henderson,FS,BUF,1993,0.0,0,0
archive-9595,Jerome Henderson,FS,NE,1993,0.0,0,0
archive-9595,Jerome Henderson,CB,BUF,1994,0.0,0.0,0.0
archive-9595,Jerome Henderson,CB,PHI,1995,0.0,0.0,0.0
archive-9595,Jerome Henderson,CB,NE,1996,0.0,0.0,2.0
archive-9595,Jerome Henderson,FS,NYJ,1997,0.0,0.0,1.0
archive-9595,Jerome Henderson,DB,TB,1997,0.0,0.0,0.0
archive-9595,Jerome Henderson,FS,NYJ,1998,1.0,0.0,1.0
archive-9601,Othello Henderson,DB,NO,1993,0.0,0,0
archive-9601,Othello Henderson,DB,NO,1994,0.0,0.0,0.0
archive-9602,Reuben Henderson,CB,CHI,1982,0.0,0,0
archive-9602,Reuben Henderson,DB,LAC,1983,1.0,0,0
archive-9602,Reuben Henderson,DB,LAC,1984,0.0,0,0
archive-9608,Wymon Henderson,DB,MIN,1987,0.0,0,0
archive-9608,Wymon Henderson,DB,MIN,1988,0.0,0,0
archive-9608,Wymon Henderson,CB,DEN,1989,0.0,0,0
archive-9608,Wymon Henderson,CB,DEN,1990,0.0,0,0
archive-9608,Wymon Henderson,CB,DEN,1991,0.0,0,0
archive-9608,Wymon Henderson,CB,DEN,1992,0.0,0,0
archive-9608,Wymon Henderson,CB,LAR,1993,1.0,0,0
archive-9608,Wymon Henderson,DB,LAR,1994,0.0,0.0,0.0
archive-9610,David Hendley,DB,NE,1987,0.0,0,0
archive-9618,Ted Hendricks,LB,LV,1982,9.0,0,0
archive-9618,Ted Hendricks,LB,LV,1983,2.0,0,0
archive-9620,Steve Hendrickson,LB,DAL,1989,0.0,0,0
archive-9620,Steve Hendrickson,LB,SF,1989,0.0,0,0
archive-9620,Steve Hendrickson,LB,LAC,1990,0.0,0,0
archive-9620,Steve Hendrickson,LB,LAC,1991,0.0,0,0
archive-9620,Steve Hendrickson,LB,LAC,1992,0.0,0,0
archive-9620,Steve Hendrickson,LB,LAC,1993,0.0,0,0
archive-9620,Steve Hendrickson,LB,LAC,1994,0.0,0.0,0.0
archive-9620,Steve Hendrickson,LB,PHI,1995,0.0,0.0,0.0
archive-9620,Steve Hendrickson,LB,TEN,1995,0.0,0.0,0.0
archive-9623,Manny Hendrix,DB,DAL,1986,0.0,0,0
archive-9623,Manny Hendrix,DB,DAL,1987,0.0,0,0
archive-9623,Manny Hendrix,DB,DAL,1988,0.0,0,0
archive-9623,Manny Hendrix,DB,DAL,1989,0.5,0,0
archive-9623,Manny Hendrix,CB,DAL,1990,0.0,0,0
archive-9623,Manny Hendrix,DB,DAL,1991,0.0,0,0
archive-9626,John Hendy,DB,LAC,1985,0.0,0,0
archive-9629,Brad Henke,DE,DEN,1989,0.0,0,0
archive-9633,Darryl Henley,DB,LAR,1989,0.0,0,0
archive-9633,Darryl Henley,CB,LAR,1990,0.0,0,0
archive-9633,Darryl Henley,CB,LAR,1991,0.0,0,0
archive-9633,Darryl Henley,CB,LAR,1992,0.0,0,0
archive-9633,Darryl Henley,CB,LAR,1993,0.0,0,0
archive-9633,Darryl Henley,CB,LAR,1994,0.0,0.0,3.0
archive-9645,Chad Hennings,DT,DAL,1992,0.0,0,0
archive-9645,Chad Hennings,DT,DAL,1993,0.0,0,0
archive-9645,Chad Hennings,DT,DAL,1994,7.0,0.0,0.0
archive-9645,Chad Hennings,DT,DAL,1995,9.0,0.0,0.0
archive-9645,Chad Hennings,DT,DAL,1996,4.5,0.0,0.0
archive-9645,Chad Hennings,DT,DAL,1997,4.5,0.0,0.0
archive-9645,Chad Hennings,DT,DAL,1998,1.0,0.0,0.0
archive-9656,Kevin Henry ,DE,PIT,1993,1.0,0,0
archive-9656,Kevin Henry ,DE,PIT,1994,0.0,0.0,0.0
archive-9656,Kevin Henry ,DE,PIT,1995,2.0,0.0,0.0
archive-9656,Kevin Henry ,DE,BUF,1996,0.0,0.0,0.0
archive-9656,Kevin Henry ,DE,NYJ,1996,0.0,0.0,0.0
archive-9656,Kevin Henry ,DE,PIT,1996,1.5,0.0,0.0
archive-9656,Kevin Henry ,DE,CIN,1997,0.0,0.0,0.0
archive-9656,Kevin Henry ,DE,NYJ,1997,0.0,0.0,0.0
archive-9656,Kevin Henry ,DE,PIT,1997,4.5,0.0,1.0
archive-9656,Kevin Henry ,DE,PIT,1998,4.0,0.0,0.0
archive-9658,Maurice Henry ,LB,PHI,1990,0.0,0,0
archive-9675,Luther Henson,NT,NE,1982,1.0,0,0
archive-9675,Luther Henson,NT,NE,1983,0.0,0,0
archive-9675,Luther Henson,NT,NE,1984,2.0,0,0
archive-9677,Anthony Henton,LB,PIT,1986,0.0,0,0
archive-9677,Anthony Henton,LB,PIT,1988,0.0,0,0
archive-9696,Scott Hernandez,NT,BUF,1987,0.0,0,0
archive-9712,Kim Herring,FS,BAL,1997,1.0,0.0,0.0
archive-9712,Kim Herring,FS,BAL,1998,0.0,0.0,0.0
archive-9716,Jeff Herrod,LB,IND,1988,1.0,0,0
archive-9716,Jeff Herrod,LB,IND,1989,2.0,0,0
archive-9716,Jeff Herrod,LB,IND,1990,4.0,0,0
archive-9716,Jeff Herrod,LB,IND,1991,2.5,0,0
archive-9716,Jeff Herrod,LB,IND,1992,2.0,0,0
archive-9716,Jeff Herrod,LB,IND,1993,2.0,0,0
archive-9716,Jeff Herrod,LB,IND,1994,1.0,0.0,0.0
archive-9716,Jeff Herrod,LB,IND,1995,0.0,0.0,1.0
archive-9716,Jeff Herrod,LB,BAL,1996,0.0,0.0,0.0
archive-9716,Jeff Herrod,LB,IND,1996,0.0,0.0,1.0
archive-9716,Jeff Herrod,LB,GB,1997,0.0,0.0,0.0
archive-9716,Jeff Herrod,LB,PHI,1997,0.0,0.0,0.0
archive-9716,Jeff Herrod,LB,IND,1998,0.0,0.0,0.0
archive-9718,Bruce Herron,LB,CHI,1982,1.0,0,0
archive-9731,Jon Hesse,LB,LAR,1998,0.0,0.0,0.0
archive-9737,Ron Hester,LB,MIA,1982,1.0,0,0
archive-9743,Chris Hewitt,DB,NO,1997,0.0,0.0,0.0
archive-9743,Chris Hewitt,DB,NO,1998,2.0,0.0,0.0
archive-9768,Bryan Hicks,FS,CIN,1982,0.0,0,0
archive-9769,Cliff Hicks,DB,LAR,1987,0.0,0,0
archive-9769,Cliff Hicks,DB,LAR,1988,0.0,0,0
archive-9769,Cliff Hicks,DB,LAR,1989,0.0,0,0
archive-9769,Cliff Hicks,DB,BUF,1990,1.0,0,0
archive-9769,Cliff Hicks,DB,LAR,1990,0.0,0,0
archive-9769,Cliff Hicks,DB,BUF,1991,0.0,0,0
archive-9769,Cliff Hicks,DB,BUF,1992,2.0,0,0
archive-9769,Cliff Hicks,DB,NYJ,1993,0.0,0,0
archive-9769,Cliff Hicks,DB,NYJ,1994,0.0,0.0,0.0
archive-9769,Cliff Hicks,DB,DEN,1995,0.0,0.0,0.0
archive-9770,Dwight Hicks,FS,SF,1982,0.0,0,0
archive-9770,Dwight Hicks,FS,SF,1983,0.0,0,0
archive-9770,Dwight Hicks,FS,SF,1984,0.0,0,0
archive-9770,Dwight Hicks,FS,SF,1985,1.0,0,0
archive-9770,Dwight Hicks,DB,IND,1986,0.0,0,0
archive-9773,Eric Hicks,DE,KC,1998,0.0,0.0,0.0
archive-9775,Ivan Hicks,DB,DET,1987,0.0,0,0
archive-9778,Kerry Hicks,DE,KC,1997,0.0,0.0,0.0
archive-9780,Mark Hicks,LB,SEA,1983,2.5,0,0
archive-9780,Mark Hicks,LB,DET,1987,0.0,0,0
archive-9815,Van Hiles,DB,CHI,1997,0.0,0.0,0.0
archive-9822,Bill Hill,DB,DAL,1987,0.0,0,0
archive-9841,Eric Hill,LB,ARI,1989,1.0,0,0
archive-9841,Eric Hill,LB,ARI,1990,1.5,0,0
archive-9841,Eric Hill,LB,ARI,1991,1.0,0,0
archive-9841,Eric Hill,LB,ARI,1992,0.0,0,0
archive-9841,Eric Hill,LB,ARI,1993,1.0,0,0
archive-9841,Eric Hill,LB,ARI,1994,1.5,0.0,0.0
archive-9841,Eric Hill,LB,ARI,1995,2.0,0.0,0.0
archive-9841,Eric Hill,LB,ARI,1996,0.0,0.0,0.0
archive-9841,Eric Hill,LB,ARI,1997,0.0,0.0,0.0
archive-9841,Eric Hill,LB,DET,1997,0.0,0.0,0.0
archive-9841,Eric Hill,LB,LAR,1998,1.0,0.0,1.0
archive-9844,Greg Hill,DB,TEN,1983,0.0,0,0
archive-9844,Greg Hill,DB,KC,1984,0.0,0,0
archive-9844,Greg Hill,DB,KC,1985,0.0,0,0
archive-9844,Greg Hill,DB,KC,1986,0.0,0,0
archive-9844,Greg Hill,DB,KC,1987,0.0,0,0
archive-9844,Greg Hill,DB,LV,1987,0.0,0,0
archive-9844,Greg Hill,DB,KC,1988,0.0,0,0
archive-9865,Kenny Hill,DB,LV,1982,0.0,0,0
archive-9865,Kenny Hill,DB,LV,1983,0.0,0,0
archive-9865,Kenny Hill,S,NYG,1984,1.0,0,0
archive-9865,Kenny Hill,S,NYG,1985,0.0,0,0
archive-9865,Kenny Hill,DB,NYG,1986,1.0,0,0
archive-9865,Kenny Hill,DB,NYG,1987,1.0,0,0
archive-9865,Kenny Hill,S,NYG,1988,0.0,0,0
archive-9865,Kenny Hill,DB,KC,1989,0.0,0,0
archive-9876,Nate Hill,DE,GB,1988,0.0,0,0
archive-9876,Nate Hill,DE,MIA,1988,0.0,0,0
archive-9881,Ray Hill,DB,BUF,1998,0.0,0.0,0.0
archive-9881,Ray Hill,DB,MIA,1998,0.0,0.0,0.0
archive-9884,Rod Hill,DB,DAL,1982,0.0,0,0
archive-9884,Rod Hill,DB,DAL,1983,0.0,0,0
archive-9884,Rod Hill,DB,BUF,1984,0.0,0,0
archive-9884,Rod Hill,CB,BUF,1985,0.0,0,0
archive-9884,Rod Hill,CB,BUF,1986,0.0,0,0
archive-9884,Rod Hill,DB,DET,1986,0.0,0,0
archive-9884,Rod Hill,DB,LV,1987,0.0,0,0
archive-9886,Sean Hill,CB,MIA,1994,0.0,0.0,0.0
archive-9886,Sean Hill,CB,MIA,1995,0.0,0.0,0.0
archive-9886,Sean Hill,FS,MIA,1996,1.0,0.0,1.0
archive-9890,Tony Hill,DE,DAL,1991,0.0,0,0
archive-9890,Tony Hill,DE,DAL,1992,0.0,0,0
archive-9891,Travis Hill,LB,CLE,1994,0.0,0.0,0.0
archive-9891,Travis Hill,LB,CAR,1995,0.0,0.0,0.0
archive-9891,Travis Hill,LB,CLE,1995,0.0,0.0,0.0
archive-9895,Will Hill,DB,CLE,1988,1.0,0,0
archive-9909,Randy Hilliard,DB,CLE,1990,0.0,0,0
archive-9909,Randy Hilliard,CB,CLE,1991,2.0,0,0
archive-9909,Randy Hilliard,DB,CLE,1992,1.0,0,0
archive-9909,Randy Hilliard,DB,CLE,1993,0.0,0,0
archive-9909,Randy Hilliard,CB,DEN,1994,0.0,0.0,2.0
archive-9909,Randy Hilliard,CB,DEN,1995,0.0,0.0,0.0
archive-9909,Randy Hilliard,DB,DEN,1996,0.0,0.0,1.0
archive-9909,Randy Hilliard,DB,NE,1996,0.0,0.0,0.0
archive-9909,Randy Hilliard,DB,DEN,1997,0.0,0.0,0.0
archive-9909,Randy Hilliard,DB,CHI,1998,0.0,0.0,0.0
archive-9930,Bryan Hinkle,LB,PIT,1982,1.0,0,0
archive-9930,Bryan Hinkle,LB,PIT,1983,0.0,0,0
archive-9930,Bryan Hinkle,LB,PIT,1984,5.5,0,0
archive-9930,Bryan Hinkle,LB,PIT,1985,5.0,0,0
archive-9930,Bryan Hinkle,LB,PIT,1986,4.5,0,0
archive-9930,Bryan Hinkle,LB,PIT,1987,2.0,0,0
archive-9930,Bryan Hinkle,LB,PIT,1988,0.5,0,0
archive-9930,Bryan Hinkle,LB,PIT,1989,0.0,0,0
archive-9930,Bryan Hinkle,LB,PIT,1990,2.0,0,0
archive-9930,Bryan Hinkle,LB,PIT,1991,2.0,0,0
archive-9930,Bryan Hinkle,LB,PIT,1992,0.0,0,0
archive-9930,Bryan Hinkle,LB,PIT,1993,0.0,0,0
archive-9932,George Hinkle,DE,LAC,1988,3.0,0,0
archive-9932,George Hinkle,DE,LAC,1989,2.5,0,0
archive-9932,George Hinkle,DE,LAC,1990,0.5,0,0
archive-9932,George Hinkle,DE,LAC,1991,0.5,0,0
archive-9932,George Hinkle,DE,MIN,1992,0.0,0,0
archive-9932,George Hinkle,DE,CIN,1993,1.0,0,0
archive-9942,Mike Hintz,DB,CHI,1987,0.0,0,0
archive-9950,Steve Hirsch,DB,DET,1987,0.0,0,0
archive-9952,Jimmy Hitchcock,CB,NE,1995,0.0,0.0,0.0
archive-9952,Jimmy Hitchcock,DB,BUF,1996,0.0,0.0,0.0
archive-9952,Jimmy Hitchcock,CB,NE,1996,0.0,0.0,2.0
archive-9952,Jimmy Hitchcock,CB,NE,1997,0.0,0.0,2.0
archive-9952,Jimmy Hitchcock,CB,MIN,1998,0.0,0.0,7.0
archive-9960,Terry Hoage,DB,NO,1984,0.0,0,0
archive-9960,Terry Hoage,S,NO,1985,1.0,0,0
archive-9960,Terry Hoage,DB,PHI,1986,0.0,0,0
archive-9960,Terry Hoage,DB,PHI,1987,1.0,0,0
archive-9960,Terry Hoage,DB,PHI,1988,2.0,0,0
archive-9960,Terry Hoage,DB,PHI,1989,0.0,0,0
archive-9960,Terry Hoage,S,PHI,1990,1.0,0,0
archive-9960,Terry Hoage,DB,WAS,1991,0.0,0,0
archive-9960,Terry Hoage,DB,SF,1993,0.0,0,0
archive-9960,Terry Hoage,DB,TEN,1993,0.0,0,0
archive-9960,Terry Hoage,FS,ARI,1994,1.0,0.0,3.0
archive-9960,Terry Hoage,FS,ARI,1995,1.0,0.0,2.0
archive-9960,Terry Hoage,DB,ARI,1996,0.0,0.0,0.0
archive-9973,Marion Hobby,DE,NE,1990,3.0,0,0
archive-9973,Marion Hobby,DE,NE,1991,2.0,0,0
archive-9973,Marion Hobby,DE,NE,1992,0.0,0,0
archive-9976,Liffort Hobley,DB,ARI,1985,0.0,0,0
archive-9976,Liffort Hobley,DB,MIA,1987,0.0,0,0
archive-9976,Liffort Hobley,S,MIA,1988,0.0,0,0
archive-9976,Liffort Hobley,FS,MIA,1989,1.0,0,0
archive-9976,Liffort Hobley,DB,MIA,1990,3.0,0,0
archive-9976,Liffort Hobley,S,MIA,1992,2.0,0,0
archive-9976,Liffort Hobley,DB,MIA,1993,0.0,0,0
archive-9989,Milford Hodge,DE,NE,1986,1.0,0,0
archive-9989,Milford Hodge,DE,NO,1986,0.0,0,0
archive-9989,Milford Hodge,DE,NE,1987,1.0,0,0
archive-9989,Milford Hodge,DE,NE,1988,1.0,0,0
archive-9989,Milford Hodge,DE,NE,1989,0.0,0,0
archive-10000,David Hoelscher,DE,WAS,1998,0.0,0.0,0.0
archive-10014,Dave Hoffmann,LB,PIT,1993,0.0,0,0
archive-10020,Marc Hogan ,DB,NYJ,1987,0.0,0,0
archive-10026,D.D. Hoggard,DB,CLE,1985,0.0,0,0
archive-10026,D.D. Hoggard,DB,CLE,1986,0.0,0,0
archive-10026,D.D. Hoggard,DB,CLE,1987,0.0,0,0
archive-10052,John Holecek,LB,BUF,1995,0.0,0.0,0.0
archive-10052,John Holecek,LB,BUF,1997,1.5,0.0,0.0
archive-10052,John Holecek,LB,BUF,1998,0.0,0.0,0.0
archive-10057,Darius Holland ,DT,GB,1995,1.5,0.0,0.0
archive-10057,Darius Holland ,DT,GB,1996,0.0,0.0,0.0
archive-10057,Darius Holland ,DT,GB,1997,0.0,0.0,0.0
archive-10057,Darius Holland ,DT,DET,1998,0.0,0.0,0.0
archive-10057,Darius Holland ,DT,KC,1998,0.0,0.0,0.0
archive-10062,Johnny Holland ,LB,GB,1987,1.0,0,0
archive-10062,Johnny Holland ,LB,GB,1988,0.0,0,0
archive-10062,Johnny Holland ,LB,GB,1989,0.0,0,0
archive-10062,Johnny Holland ,LB,GB,1990,0.0,0,0
archive-10062,Johnny Holland ,LB,GB,1991,0.0,0,0
archive-10062,Johnny Holland ,LB,GB,1992,0.5,0,0
archive-10062,Johnny Holland ,LB,GB,1993,2.5,0,0
archive-10069,Eric Holle,NT,KC,1984,0.5,0,0
archive-10069,Eric Holle,NT,KC,1985,0.5,0,0
archive-10069,Eric Holle,NT,KC,1986,1.0,0,0
archive-10069,Eric Holle,NT,KC,1987,0.5,0,0
archive-10079,Vonnie Holliday ,DE,GB,1998,9.0,0.0,0.0
archive-10080,Doug Hollie,DE,SEA,1987,0.0,0,0
archive-10080,Doug Hollie,DE,SEA,1988,0.0,0,0
archive-10081,Dwight Hollier,LB,MIA,1992,1.0,0,0
archive-10081,Dwight Hollier,LB,MIA,1993,0.0,0,0
archive-10081,Dwight Hollier,LB,MIA,1994,0.0,0.0,1.0
archive-10081,Dwight Hollier,LB,MIA,1995,0.0,0.0,0.0
archive-10081,Dwight Hollier,LB,MIA,1996,1.0,0.0,1.0
archive-10081,Dwight Hollier,LB,MIA,1997,0.0,0.0,0.0
archive-10081,Dwight Hollier,LB,MIA,1998,0.0,0.0,0.0
archive-10085,Lamont Hollinquest,LB,WAS,1993,0.0,0,0
archive-10085,Lamont Hollinquest,LB,WAS,1994,0.5,0.0,1.0
archive-10085,Lamont Hollinquest,LB,GB,1996,0.0,0.0,1.0
archive-10085,Lamont Hollinquest,LB,GB,1997,0.0,0.0,0.0
archive-10085,Lamont Hollinquest,LB,GB,1998,0.0,0.0,0.0
archive-10087,David Hollis,DB,SEA,1987,0.0,0,0
archive-10087,David Hollis,DB,KC,1988,0.0,0,0
archive-10087,David Hollis,DB,SEA,1988,0.0,0,0
archive-10087,David Hollis,DB,SEA,1989,0.0,0,0
archive-10093,Cornell Holloway,DB,IND,1990,0.0,0,0
archive-10093,Cornell Holloway,DB,IND,1991,1.0,0,0
archive-10093,Cornell Holloway,DB,IND,1992,0.0,0,0
archive-10097,Johnny Holloway,DB,DAL,1986,0.0,0,0
archive-10097,Johnny Holloway,DB,ARI,1987,0.0,0,0
archive-10098,Randy Holloway,DE,MIN,1982,3.0,0,0
archive-10098,Randy Holloway,DE,MIN,1983,7.5,0,0
archive-10098,Randy Holloway,DE,ARI,1984,1.5,0,0
archive-10098,Randy Holloway,DE,MIN,1984,5.0,0,0
archive-10101,Tony Holloway,DE,KC,1987,0.0,0,0
archive-10112,Rob Holmberg,LB,LV,1994,0.0,0.0,0.0
archive-10112,Rob Holmberg,LB,LV,1995,1.0,0.0,0.0
archive-10112,Rob Holmberg,LB,LV,1996,1.0,0.0,0.0
archive-10112,Rob Holmberg,LB,LV,1997,0.0,0.0,0.0
archive-10112,Rob Holmberg,LB,IND,1998,0.0,0.0,0.0
archive-10112,Rob Holmberg,LB,NYJ,1998,0.0,0.0,0.0
archive-10116,Bruce Holmes,LB,KC,1987,0.0,0,0
archive-10116,Bruce Holmes,LB,MIN,1993,0.0,0,0
archive-10117,Clayton Holmes,DB,DAL,1992,0.0,0,0
archive-10117,Clayton Holmes,DB,DAL,1994,0.0,0.0,0.0
archive-10117,Clayton Holmes,CB,DAL,1995,0.0,0.0,1.0
archive-10119,Darryl Holmes,DB,NE,1987,0.0,0,0
archive-10119,Darryl Holmes,DB,NE,1988,0.0,0,0
archive-10119,Darryl Holmes,DB,NE,1989,0.0,0,0
archive-10121,Earl Holmes,LB,NYJ,1996,0.0,0.0,0.0
archive-10121,Earl Holmes,LB,PIT,1996,1.0,0.0,0.0
archive-10121,Earl Holmes,LB,CIN,1997,0.0,0.0,0.0
archive-10121,Earl Holmes,LB,NYJ,1997,0.0,0.0,0.0
archive-10121,Earl Holmes,LB,PIT,1997,4.0,0.0,0.0
archive-10121,Earl Holmes,LB,PIT,1998,1.5,0.0,1.0
archive-10125,Jerry Holmes,CB,NYJ,1982,0.0,0,0
archive-10125,Jerry Holmes,CB,NYJ,1983,0.0,0,0
archive-10125,Jerry Holmes,DB,NYJ,1986,0.0,0,0
archive-10125,Jerry Holmes,DB,NYJ,1987,1.0,0,0
archive-10125,Jerry Holmes,CB,DET,1988,0.0,0,0
archive-10125,Jerry Holmes,DB,DET,1989,0.0,0,0
archive-10125,Jerry Holmes,CB,GB,1990,1.0,0,0
archive-10125,Jerry Holmes,CB,GB,1991,0.0,0,0
archive-10127,Kenny Holmes,DE,BUF,1997,0.0,0.0,0.0
archive-10127,Kenny Holmes,DE,MIA,1997,0.0,0.0,0.0
archive-10127,Kenny Holmes,DE,TEN,1997,7.0,0.0,0.0
archive-10127,Kenny Holmes,DE,TEN,1998,2.5,0.0,0.0
archive-10137,Ron Holmes,DE,TB,1985,4.5,0,0
archive-10137,Ron Holmes,DE,TB,1986,2.5,0,0
archive-10137,Ron Holmes,DE,TB,1987,8.0,0,0
archive-10137,Ron Holmes,DE,TB,1988,4.0,0,0
archive-10137,Ron Holmes,DE,DEN,1989,9.0,0,0
archive-10137,Ron Holmes,DE,DEN,1990,3.0,0,0
archive-10137,Ron Holmes,DE,DEN,1991,5.0,0,0
archive-10137,Ron Holmes,DE,DEN,1992,0.5,0,0
archive-10142,Tom Holmoe,DB,SF,1983,0.0,0,0
archive-10142,Tom Holmoe,DB,SF,1984,0.0,0,0
archive-10142,Tom Holmoe,DB,SF,1986,0.0,0,0
archive-10142,Tom Holmoe,DB,SF,1987,0.0,0,0
archive-10142,Tom Holmoe,FS,SF,1988,0.0,0,0
archive-10142,Tom Holmoe,DB,SF,1989,0.0,0,0
archive-10145,Bernard Holsey,DT,NYG,1996,0.0,0.0,0.0
archive-10145,Bernard Holsey,DT,NYG,1997,3.5,0.0,0.0
archive-10145,Bernard Holsey,DT,SEA,1997,0.0,0.0,0.0
archive-10145,Bernard Holsey,DT,NYG,1998,0.0,0.0,0.0
archive-10150,Issiac Holt,DB,MIN,1985,0.0,0,0
archive-10150,Issiac Holt,DB,MIN,1986,0.0,0,0
archive-10150,Issiac Holt,DB,MIN,1987,0.0,0,0
archive-10150,Issiac Holt,CB,MIN,1988,0.0,0,0
archive-10150,Issiac Holt,DB,DAL,1989,0.0,0,0
archive-10150,Issiac Holt,DB,MIN,1989,0.0,0,0
archive-10150,Issiac Holt,CB,DAL,1990,0.0,0,0
archive-10150,Issiac Holt,CB,DAL,1991,0.0,0,0
archive-10150,Issiac Holt,CB,DAL,1992,0.0,0,0
archive-10152,John Holt,DB,TB,1982,0.0,0,0
archive-10152,John Holt,CB,TB,1983,1.0,0,0
archive-10152,John Holt,CB,TB,1984,0.0,0,0
archive-10152,John Holt,CB,TB,1985,0.0,0,0
archive-10152,John Holt,DB,IND,1986,0.5,0,0
archive-10152,John Holt,DB,IND,1987,0.0,0,0
archive-10152,John Holt,DB,IND,1988,0.0,0,0
archive-10153,Pierce Holt,DE,SF,1988,6.0,0,0
archive-10153,Pierce Holt,DE,SF,1989,10.5,0,0
archive-10153,Pierce Holt,DE,SF,1990,6.5,0,0
archive-10153,Pierce Holt,DE,SF,1991,3.0,0,0
archive-10153,Pierce Holt,DE,SF,1992,8.5,0,0
archive-10153,Pierce Holt,DE,ATL,1993,6.5,0,0
archive-10153,Pierce Holt,DE,ATL,1994,0.0,0.0,0.0
archive-10153,Pierce Holt,DE,ATL,1995,1.0,0.0,0.0
archive-10164,Thomas Homco,LB,LAR,1993,0.0,0,0
archive-10164,Thomas Homco,LB,LAR,1994,0.0,0.0,0.0
archive-10164,Thomas Homco,LB,LAR,1995,0.0,0.0,0.0
archive-10164,Thomas Homco,LB,LAR,1996,0.0,0.0,0.0
archive-10168,Estus Hood,CB,GB,1982,0.0,0,0
archive-10168,Estus Hood,DB,GB,1983,0.0,0,0
archive-10168,Estus Hood,DB,GB,1984,0.0,0,0
archive-10181,Trell Hooper,DB,MIA,1987,0.0,0,0
archive-10188,Neil Hope,LB,LAR,1987,0.0,0,0
archive-10199,Wes Hopkins,FS,PHI,1983,1.0,0,0
archive-10199,Wes Hopkins,FS,PHI,1984,1.5,0,0
archive-10199,Wes Hopkins,FS,PHI,1985,2.0,0,0
archive-10199,Wes Hopkins,DB,PHI,1986,0.0,0,0
archive-10199,Wes Hopkins,FS,PHI,1988,0.0,0,0
archive-10199,Wes Hopkins,FS,PHI,1989,3.5,0,0
archive-10199,Wes Hopkins,FS,PHI,1990,2.0,0,0
archive-10199,Wes Hopkins,FS,PHI,1991,2.0,0,0
archive-10199,Wes Hopkins,FS,PHI,1992,0.0,0,0
archive-10199,Wes Hopkins,S,PHI,1993,0.0,0,0
archive-10201,Darrel Hopper,DB,LAC,1987,0.0,0,0
archive-10207,Alvin Horn,DB,CLE,1987,0.0,0,0
archive-10208,Bob Horn,LB,SF,1982,0.0,0,0
archive-10208,Bob Horn,LB,SF,1983,0.0,0,0
archive-10233,Ray Horton,CB,CIN,1983,0.0,0,0
archive-10233,Ray Horton,CB,CIN,1984,1.0,0,0
archive-10233,Ray Horton,CB,CIN,1985,0.0,0,0
archive-10233,Ray Horton,DB,CIN,1986,0.0,0,0
archive-10233,Ray Horton,DB,CIN,1987,0.0,0,0
archive-10233,Ray Horton,DB,CIN,1988,1.0,0,0
archive-10233,Ray Horton,DB,DAL,1989,1.0,0,0
archive-10233,Ray Horton,FS,DAL,1990,0.0,0,0
archive-10233,Ray Horton,FS,DAL,1991,0.0,0,0
archive-10233,Ray Horton,FS,DAL,1992,0.0,0,0
archive-10239,Derrick Hoskins,DB,LV,1992,0.0,0,0
archive-10239,Derrick Hoskins,S,LV,1993,0.0,0,0
archive-10239,Derrick Hoskins,S,LV,1994,0.0,0.0,0.0
archive-10239,Derrick Hoskins,S,LV,1995,0.0,0.0,1.0
archive-10239,Derrick Hoskins,DB,NO,1996,0.0,0.0,0.0
archive-10259,Bobby Houston,LB,GB,1990,0.0,0,0
archive-10259,Bobby Houston,LB,NYJ,1991,1.0,0,0
archive-10259,Bobby Houston,LB,NYJ,1992,4.0,0,0
archive-10259,Bobby Houston,LB,NYJ,1993,3.0,0,0
archive-10259,Bobby Houston,LB,NYJ,1994,3.5,0.0,0.0
archive-10259,Bobby Houston,LB,NYJ,1995,3.0,0.0,0.0
archive-10259,Bobby Houston,LB,NYJ,1996,0.0,0.0,2.0
archive-10259,Bobby Houston,LB,KC,1997,0.0,0.0,0.0
archive-10259,Bobby Houston,LB,LAC,1997,0.0,0.0,0.0
archive-10259,Bobby Houston,LB,MIN,1998,0.0,0.0,0.0
archive-10273,Anthony Howard,NT,NYG,1987,0.0,0,0
archive-10280,Bryan Howard,SAF,MIN,1982,0.0,0,0
archive-10281,Carl Howard,DB,DAL,1984,0.0,0,0
archive-10281,Carl Howard,DB,NYJ,1985,0.0,0,0
archive-10281,Carl Howard,DB,TB,1985,0.0,0,0
archive-10281,Carl Howard,DB,NYJ,1986,0.0,0,0
archive-10281,Carl Howard,DB,NYJ,1987,2.0,0,0
archive-10281,Carl Howard,DB,NYJ,1988,1.0,0,0
archive-10281,Carl Howard,DB,NYJ,1989,0.0,0,0
archive-10281,Carl Howard,DB,NYJ,1990,0.0,0,0
archive-10284,Dana Howard,LB,LAR,1995,0.0,0.0,0.0
archive-10284,Dana Howard,LB,CHI,1996,0.0,0.0,0.0
archive-10286,David Howard,LB,MIN,1985,0.0,0,0
archive-10286,David Howard,LB,MIN,1986,2.5,0,0
archive-10286,David Howard,LB,MIN,1987,0.0,0,0
archive-10286,David Howard,LB,MIN,1988,1.0,0,0
archive-10286,David Howard,LB,DAL,1989,0.0,0,0
archive-10286,David Howard,LB,MIN,1989,0.0,0,0
archive-10286,David Howard,LB,DAL,1990,0.0,0,0
archive-10286,David Howard,LB,NE,1991,1.0,0,0
archive-10286,David Howard,LB,NE,1992,1.0,0,0
archive-10290,Erik Howard,NT,NYG,1986,2.0,0,0
archive-10290,Erik Howard,NT,NYG,1987,5.5,0,0
archive-10290,Erik Howard,NT,NYG,1988,3.0,0,0
archive-10290,Erik Howard,NT,NYG,1989,5.5,0,0
archive-10290,Erik Howard,NT,NYG,1990,3.5,0,0
archive-10290,Erik Howard,NT,NYG,1991,1.5,0,0
archive-10290,Erik Howard,NT,NYG,1992,0.0,0,0
archive-10290,Erik Howard,NT,NYG,1993,3.5,0,0
archive-10290,Erik Howard,NT,NYG,1994,6.5,0.0,0.0
archive-10290,Erik Howard,NT,NYJ,1995,2.5,0.0,0.0
archive-10290,Erik Howard,NT,NYJ,1996,0.0,0.0,0.0
archive-10306,Todd Howard,LB,KC,1987,0.0,0,0
archive-10306,Todd Howard,LB,KC,1988,0.0,0,0
archive-10307,Tom Howard,LB,KC,1982,3.0,0,0
archive-10307,Tom Howard,LB,KC,1983,1.0,0,0
archive-10307,Tom Howard,LB,ARI,1984,0.0,0,0
archive-10307,Tom Howard,LB,ARI,1985,0.0,0,0
archive-10310,Ty Howard,CB,ARI,1997,1.0,0.0,0.0
archive-10310,Ty Howard,DB,DET,1997,0.0,0.0,0.0
archive-10310,Ty Howard,DB,ARI,1998,0.0,0.0,0.0
archive-10314,Garry Howe,NT,PIT,1992,2.0,0,0
archive-10314,Garry Howe,NT,CIN,1993,0.0,0,0
archive-10314,Garry Howe,NT,IND,1994,0.0,0.0,0.0
archive-10368,Chris Hudson,S,JAX,1995,0.0,0.0,0.0
archive-10368,Chris Hudson,FS,JAX,1996,0.5,0.0,2.0
archive-10368,Chris Hudson,FS,JAX,1997,1.0,0.0,3.0
archive-10368,Chris Hudson,DB,MIA,1997,0.0,0.0,0.0
archive-10368,Chris Hudson,DB,NE,1997,0.0,0.0,0.0
archive-10368,Chris Hudson,FS,JAX,1998,0.0,0.0,4.0
archive-10377,Mike Hudson,DB,LAC,1987,0.0,0,0
archive-10384,Alan Huff,NT,PIT,1987,0.0,0,0
archive-10385,Charles Huff,DB,ATL,1987,0.0,0,0
archive-10431,Tyrone Hughes,CB,NO,1993,0.0,0,0
archive-10431,Tyrone Hughes,CB,NO,1994,0.0,0.0,2.0
archive-10431,Tyrone Hughes,CB,NO,1995,0.0,0.0,2.0
archive-10431,Tyrone Hughes,CB,NO,1996,0.0,0.0,0.0
archive-10431,Tyrone Hughes,DB,DAL,1998,0.0,0.0,0.0
archive-10432,Van Hughes,DE,ARI,1986,0.0,0,0
archive-10432,Van Hughes,DE,SEA,1987,0.0,0,0
archive-10450,Mike Humiston,LB,IND,1982,0.0,0,0
archive-10450,Mike Humiston,LB,IND,1984,0.0,0,0
archive-10450,Mike Humiston,LB,LAC,1987,0.0,0,0
archive-10454,Bobby Humphery,DB,NYJ,1984,0.0,0,0
archive-10454,Bobby Humphery,DB,NYJ,1985,0.0,0,0
archive-10454,Bobby Humphery,DB,NYJ,1986,4.0,0,0
archive-10454,Bobby Humphery,DB,NYJ,1987,0.0,0,0
archive-10454,Bobby Humphery,DB,NYJ,1988,2.0,0,0
archive-10454,Bobby Humphery,DB,NYJ,1989,0.0,0,0
archive-10454,Bobby Humphery,DB,LAR,1990,0.0,0,0
archive-10459,Donnie Humphrey,NT,GB,1984,1.0,0,0
archive-10459,Donnie Humphrey,NT,GB,1985,2.0,0,0
archive-10459,Donnie Humphrey,NT,GB,1986,0.0,0,0
archive-10469,Leonard Humphries,CB,IND,1994,0.0,0.0,1.0
archive-10475,Lamonte Hunley,LB,IND,1985,0.0,0,0
archive-10475,Lamonte Hunley,LB,IND,1986,0.0,0,0
archive-10476,Ricky Hunley,LB,DEN,1984,0.0,0,0
archive-10476,Ricky Hunley,LB,DEN,1985,0.0,0,0
archive-10476,Ricky Hunley,LB,DEN,1986,0.5,0,0
archive-10476,Ricky Hunley,LB,DEN,1987,1.0,0,0
archive-10476,Ricky Hunley,LB,ARI,1988,1.0,0,0
archive-10476,Ricky Hunley,LB,LV,1989,0.0,0,0
archive-10476,Ricky Hunley,LB,LV,1990,0.0,0,0
archive-10483,Byron Hunt,LB,NYG,1982,1.5,0,0
archive-10483,Byron Hunt,LB,NYG,1983,1.0,0,0
archive-10483,Byron Hunt,LB,NYG,1984,1.0,0,0
archive-10483,Byron Hunt,LB,NYG,1985,1.5,0,0
archive-10483,Byron Hunt,LB,NYG,1986,0.0,0,0
archive-10483,Byron Hunt,LB,NYG,1987,0.0,0,0
archive-10483,Byron Hunt,LB,NYG,1988,0.0,0,0
archive-10487,Daryl Hunt,LB,TEN,1982,1.0,0,0
archive-10487,Daryl Hunt,LB,TEN,1983,1.0,0,0
archive-10487,Daryl Hunt,LB,TEN,1984,0.0,0,0
archive-10489,Gary Hunt,DB,CIN,1987,0.0,0,0
archive-10509,Daniel Hunter,DB,DEN,1985,0.0,0,0
archive-10509,Daniel Hunter,DB,DEN,1986,0.0,0,0
archive-10509,Daniel Hunter,DB,LAC,1986,0.0,0,0
archive-10509,Daniel Hunter,DB,LAC,1987,1.0,0,0
archive-10517,James Hunter,CB,DET,1982,1.0,0,0
archive-10518,James Hunter,NT,IND,1982,1.0,0,0
archive-10521,Jeff Hunter,DE,BUF,1990,0.0,0,0
archive-10521,Jeff Hunter,DE,DET,1990,3.0,0,0
archive-10521,Jeff Hunter,DE,DET,1991,7.0,0,0
archive-10521,Jeff Hunter,DE,DET,1992,0.0,0,0
archive-10521,Jeff Hunter,DE,MIA,1992,1.0,0,0
archive-10521,Jeff Hunter,DE,MIA,1993,3.0,0,0
archive-10521,Jeff Hunter,DE,TB,1994,0.0,0.0,0.0
archive-10527,Monty Hunter,DB,DAL,1982,1.0,0,0
archive-10527,Monty Hunter,DB,ARI,1983,0.0,0,0
archive-10528,Patrick Hunter,DB,SEA,1986,0.0,0,0
archive-10528,Patrick Hunter,DB,SEA,1987,0.0,0,0
archive-10528,Patrick Hunter,CB,SEA,1988,0.0,0,0
archive-10528,Patrick Hunter,CB,SEA,1989,1.0,0,0
archive-10528,Patrick Hunter,CB,SEA,1990,0.0,0,0
archive-10528,Patrick Hunter,CB,SEA,1991,0.0,0,0
archive-10528,Patrick Hunter,CB,SEA,1992,0.0,0,0
archive-10528,Patrick Hunter,CB,SEA,1993,0.0,0,0
archive-10528,Patrick Hunter,CB,SEA,1994,0.0,0.0,3.0
archive-10528,Patrick Hunter,CB,ARI,1995,0.0,0.0,2.0
archive-10535,Torey Hunter,CB,TEN,1995,0.0,0.0,0.0
archive-10542,Jeff Hurd,LB,DAL,1987,0.0,0,0
archive-10546,Bill Hurley,DB,NO,1982,0.0,0,0
archive-10546,Bill Hurley,DB,BUF,1983,0.0,0,0
archive-10546,Bill Hurley,DB,NO,1983,0.0,0,0
archive-10553,Maurice Hurst,CB,NE,1989,0.0,0,0
archive-10553,Maurice Hurst,CB,NE,1990,0.0,0,0
archive-10553,Maurice Hurst,CB,NE,1991,0.0,0,0
archive-10553,Maurice Hurst,CB,NE,1992,0.0,0,0
archive-10553,Maurice Hurst,CB,NE,1993,1.0,0,0
archive-10553,Maurice Hurst,CB,NE,1994,2.0,0.0,7.0
archive-10553,Maurice Hurst,CB,NE,1995,0.0,0.0,1.0
archive-10567,Scott Hutchinson,DE,BUF,1983,0.0,0,0
archive-10574,Bruce Huther,LB,CHI,1982,0.0,0,0
archive-10574,Bruce Huther,LB,DAL,1983,0.0,0,0
archive-10575,Brian Hutson,DB,NE,1990,0.0,0,0
archive-10585,Steve Hyche,LB,CHI,1989,0.0,0,0
archive-10585,Steve Hyche,LB,ARI,1991,0.0,0,0
archive-10585,Steve Hyche,LB,ARI,1992,1.0,0,0
archive-10585,Steve Hyche,LB,ARI,1993,0.0,0,0
archive-10597,Mike Iaquaniello,DB,MIA,1991,0.0,0,0
archive-10626,Tim Inglis,LB,CIN,1987,0.0,0,0
archive-10626,Tim Inglis,LB,CIN,1988,0.0,0,0
archive-10627,Brian Ingram,LB,NE,1982,0.0,0,0
archive-10627,Brian Ingram,LB,NE,1983,0.0,0,0
archive-10627,Brian Ingram,LB,NE,1984,0.0,0,0
archive-10627,Brian Ingram,LB,NE,1985,0.0,0,0
archive-10627,Brian Ingram,LB,LAC,1987,0.0,0,0
archive-10649,Darwin Ireland,LB,CHI,1994,0.0,0.0,0.0
archive-10649,Darwin Ireland,LB,CHI,1995,0.0,0.0,0.0
archive-10658,Darrell Irvin,DE,BUF,1982,0.0,0,0
archive-10658,Darrell Irvin,DE,SEA,1983,0.0,0,0
archive-10659,Ken Irvin,CB,BUF,1995,0.0,0.0,1.0
archive-10659,Ken Irvin,CB,BUF,1996,2.0,0.0,0.0
archive-10659,Ken Irvin,DB,BUF,1997,0.0,0.0,2.0
archive-10659,Ken Irvin,CB,BUF,1998,0.0,0.0,1.0
archive-10660,LeRoy Irvin,DB,LAR,1982,0.0,0,0
archive-10660,LeRoy Irvin,CB,LAR,1983,1.0,0,0
archive-10660,LeRoy Irvin,CB,LAR,1984,0.0,0,0
archive-10660,LeRoy Irvin,CB,LAR,1985,0.0,0,0
archive-10660,LeRoy Irvin,DB,LAR,1986,0.0,0,0
archive-10660,LeRoy Irvin,DB,LAR,1987,0.0,0,0
archive-10660,LeRoy Irvin,CB,LAR,1988,0.5,0,0
archive-10660,LeRoy Irvin,DB,LAR,1989,0.0,0,0
archive-10660,LeRoy Irvin,CB,DET,1990,0.0,0,0
archive-10661,Mark Irvin,DB,MIA,1987,0.0,0,0
archive-10669,Terry Irving ,LB,ARI,1994,0.0,0.0,0.0
archive-10669,Terry Irving ,LB,ARI,1995,1.0,0.0,0.0
archive-10669,Terry Irving ,LB,ARI,1996,0.0,0.0,0.0
archive-10669,Terry Irving ,LB,ARI,1997,0.0,0.0,0.0
archive-10669,Terry Irving ,LB,DET,1997,0.0,0.0,0.0
archive-10669,Terry Irving ,LB,ARI,1998,0.0,0.0,0.0
archive-10686,Ray Isom,DB,TB,1987,0.0,0,0
archive-10686,Ray Isom,DB,TB,1988,0.0,0,0
archive-10689,Steve Israel,DB,LAR,1992,0.0,0,0
archive-10689,Steve Israel,CB,LAR,1993,0.0,0,0
archive-10689,Steve Israel,DB,LAR,1994,0.0,0.0,0.0
archive-10689,Steve Israel,DB,SF,1995,0.0,0.0,0.0
archive-10689,Steve Israel,DB,NYJ,1996,0.0,0.0,0.0
archive-10689,Steve Israel,DB,SF,1996,0.0,0.0,1.0
archive-10689,Steve Israel,DB,NE,1997,1.0,0.0,1.0
archive-10689,Steve Israel,CB,NE,1998,2.0,0.0,3.0
archive-10712,Larry Izzo,LB,MIA,1996,0.0,0.0,0.0
archive-10712,Larry Izzo,LB,MIA,1998,0.0,0.0,0.0
archive-10713,Eric Jack,CB,ATL,1994,0.0,0.0,0.0
archive-10717,Al Jackson,CB,PHI,1994,0.0,0.0,0.0
archive-10729,Bill Jackson,CB,CLE,1982,0.0,0,0
archive-10735,Bobby Jackson,CB,NYJ,1982,0.0,0,0
archive-10735,Bobby Jackson,CB,NYJ,1983,0.0,0,0
archive-10735,Bobby Jackson,CB,NYJ,1984,0.0,0,0
archive-10735,Bobby Jackson,CB,NYJ,1985,0.0,0,0
archive-10741,Calvin Jackson,DB,MIA,1994,0.0,0.0,0.0
archive-10741,Calvin Jackson,CB,MIA,1995,0.0,0.0,1.0
archive-10741,Calvin Jackson,CB,MIA,1996,1.5,0.0,3.0
archive-10741,Calvin Jackson,CB,MIA,1997,0.5,0.0,0.0
archive-10741,Calvin Jackson,S,MIA,1998,1.0,0.0,0.0
archive-10744,Charles Jackson,LB,KC,1982,1.0,0,0
archive-10744,Charles Jackson,LB,KC,1983,4.0,0,0
archive-10744,Charles Jackson,LB,KC,1984,0.0,0,0
archive-10744,Charles Jackson,LB,NYJ,1985,0.0,0,0
archive-10744,Charles Jackson,LB,NYJ,1986,2.0,0,0
archive-10745,Charles Jackson,DB,WAS,1987,0.0,0,0
archive-10765,Enis Jackson,DB,CLE,1987,0.0,0,0
archive-10772,Grady Jackson,DT,LV,1997,0.0,0.0,0.0
archive-10772,Grady Jackson,DT,LV,1998,3.0,0.0,0.0
archive-10773,Greg Jackson,S,NYG,1989,0.0,0,0
archive-10773,Greg Jackson,S,NYG,1990,4.0,0,0
archive-10773,Greg Jackson,S,NYG,1991,0.0,0,0
archive-10773,Greg Jackson,FS,NYG,1992,0.0,0,0
archive-10773,Greg Jackson,FS,NYG,1993,0.0,0,0
archive-10773,Greg Jackson,FS,PHI,1994,0.0,0.0,6.0
archive-10773,Greg Jackson,FS,PHI,1995,0.0,0.0,2.0
archive-10773,Greg Jackson,FS,NO,1996,0.0,0.0,3.0
archive-10773,Greg Jackson,DB,LAC,1997,0.0,0.0,2.0
archive-10773,Greg Jackson,DB,LAC,1998,0.0,0.0,6.0
archive-10781,Jeff Jackson,LB,ATL,1984,2.0,0,0
archive-10781,Jeff Jackson,LB,ATL,1985,0.0,0,0
archive-10781,Jeff Jackson,LB,LAC,1987,1.0,0,0
archive-10781,Jeff Jackson,LB,LAC,1988,0.0,0,0
archive-10784,Joe Jackson,LB,SEA,1987,0.0,0,0
archive-10788,Johnnie Jackson,DB,SF,1989,0.0,0,0
archive-10788,Johnnie Jackson,S,SF,1990,1.0,0,0
archive-10788,Johnnie Jackson,SAF,SF,1991,0.0,0,0
archive-10788,Johnnie Jackson,DB,GB,1992,0.0,0,0
archive-10788,Johnnie Jackson,DB,SF,1992,1.0,0,0
archive-10795,Kirby Jackson,DB,LAR,1987,0.0,0,0
archive-10795,Kirby Jackson,DB,BUF,1988,0.0,0,0
archive-10795,Kirby Jackson,CB,BUF,1989,0.0,0,0
archive-10795,Kirby Jackson,CB,BUF,1990,1.0,0,0
archive-10795,Kirby Jackson,CB,BUF,1991,1.0,0,0
archive-10795,Kirby Jackson,CB,BUF,1992,0.0,0,0
archive-10802,Leonard Jackson,LB,CHI,1987,0.0,0,0
archive-10802,Leonard Jackson,LB,LV,1987,0.0,0,0
archive-10806,Marcus Jackson,DE,IND,1987,0.0,0,0
archive-10813,Michael Jackson,LB,SEA,1982,0.0,0,0
archive-10813,Michael Jackson,LB,SEA,1983,3.0,0,0
archive-10813,Michael Jackson,LB,SEA,1984,1.0,0,0
archive-10813,Michael Jackson,LB,SEA,1985,2.0,0,0
archive-10813,Michael Jackson,LB,SEA,1986,0.0,0,0
archive-10815,Monte Jackson,DB,LV,1982,0.0,0,0
archive-10815,Monte Jackson,CB,LAR,1983,0.0,0,0
archive-10824,Raymond Jackson,DB,BUF,1996,0.0,0.0,1.0
archive-10824,Raymond Jackson,DB,BUF,1997,0.0,0.0,0.0
archive-10824,Raymond Jackson,DB,BUF,1998,0.0,0.0,3.0
archive-10827,Rickey Jackson,LB,NO,1982,4.5,0,0
archive-10827,Rickey Jackson,LB,NO,1983,12.0,0,0
archive-10827,Rickey Jackson,LB,NO,1984,12.0,0,0
archive-10827,Rickey Jackson,LB,NO,1985,11.0,0,0
archive-10827,Rickey Jackson,LB,NO,1986,9.0,0,0
archive-10827,Rickey Jackson,LB,NO,1987,10.5,0,0
archive-10827,Rickey Jackson,LB,NO,1988,7.0,0,0
archive-10827,Rickey Jackson,LB,NO,1989,7.5,0,0
archive-10827,Rickey Jackson,LB,NO,1990,6.0,0,0
archive-10827,Rickey Jackson,LB,NO,1991,12.5,0,0
archive-10827,Rickey Jackson,LB,NO,1992,14.5,0,0
archive-10827,Rickey Jackson,LB,NO,1993,11.5,0,0
archive-10827,Rickey Jackson,LB,SF,1994,3.5,0.0,0.0
archive-10827,Rickey Jackson,LB,SF,1995,9.5,0.0,1.0
archive-10830,Robert Jackson,LB,ATL,1982,0.0,0,0
archive-10831,Robert Jackson,DB,CIN,1982,0.0,0,0
archive-10831,Robert Jackson,FS,CIN,1983,0.0,0,0
archive-10831,Robert Jackson,FS,CIN,1984,0.0,0,0
archive-10831,Robert Jackson,FS,CIN,1985,0.0,0,0
archive-10831,Robert Jackson,DB,CIN,1986,0.0,0,0
archive-10831,Robert Jackson,DB,CIN,1987,0.0,0,0
archive-10831,Robert Jackson,DB,CIN,1989,0.0,0,0
archive-10832,Roger Jackson,DB,DEN,1982,0.0,0,0
archive-10832,Roger Jackson,FS,DEN,1983,1.0,0,0
archive-10832,Roger Jackson,DB,DEN,1984,0.0,0,0
archive-10832,Roger Jackson,DB,DEN,1985,0.0,0,0
archive-10832,Roger Jackson,DB,DEN,1987,0.0,0,0
archive-10838,Steve Jackson,CB,TEN,1991,1.0,0,0
archive-10838,Steve Jackson,CB,TEN,1992,1.0,0,0
archive-10838,Steve Jackson,CB,TEN,1993,0.0,0,0
archive-10838,Steve Jackson,CB,TEN,1994,1.0,0.0,1.0
archive-10838,Steve Jackson,CB,TEN,1995,1.0,0.0,2.0
archive-10838,Steve Jackson,DB,CIN,1996,0.0,0.0,0.0
archive-10838,Steve Jackson,DB,DAL,1996,0.0,0.0,0.0
archive-10838,Steve Jackson,CB,TEN,1996,2.0,0.0,0.0
archive-10838,Steve Jackson,DB,BUF,1997,0.0,0.0,0.0
archive-10838,Steve Jackson,CB,TEN,1997,1.0,0.0,0.0
archive-10838,Steve Jackson,FS,TEN,1998,1.5,0.0,1.0
archive-10844,Terry Jackson,CB,NYG,1982,1.0,0,0
archive-10844,Terry Jackson,CB,NYG,1983,0.0,0,0
archive-10844,Terry Jackson,DB,SEA,1984,0.0,0,0
archive-10844,Terry Jackson,DB,SEA,1985,4.0,0,0
archive-10846,Tim Jackson,DB,DAL,1989,0.0,0,0
archive-10847,Tom Jackson,LB,DEN,1982,1.0,0,0
archive-10847,Tom Jackson,LB,DEN,1983,5.5,0,0
archive-10847,Tom Jackson,LB,DEN,1984,6.0,0,0
archive-10847,Tom Jackson,LB,DEN,1985,0.0,0,0
archive-10847,Tom Jackson,LB,DEN,1986,0.5,0,0
archive-10849,Tyoka Jackson,DE,MIA,1994,0.0,0.0,0.0
archive-10849,Tyoka Jackson,DE,TB,1996,0.0,0.0,0.0
archive-10849,Tyoka Jackson,DE,TB,1997,3.5,0.0,0.0
archive-10849,Tyoka Jackson,DE,TB,1998,3.0,0.0,0.0
archive-10851,Vestee Jackson,DB,CHI,1986,1.0,0,0
archive-10851,Vestee Jackson,DB,CHI,1987,0.0,0,0
archive-10851,Vestee Jackson,DB,CHI,1988,0.0,0,0
archive-10851,Vestee Jackson,DB,CHI,1989,0.0,0,0
archive-10851,Vestee Jackson,DB,CHI,1990,0.0,0,0
archive-10851,Vestee Jackson,DB,MIA,1991,0.0,0,0
archive-10851,Vestee Jackson,DB,MIA,1992,0.0,0,0
archive-10851,Vestee Jackson,DB,MIA,1993,0.0,0,0
archive-10852,Victor Jackson,DB,IND,1986,0.0,0,0
archive-10852,Victor Jackson,DB,LV,1987,0.0,0,0
archive-10862,Cam Jacobs,LB,TB,1987,0.0,0,0
archive-10870,Ray Jacobs,LB,DEN,1994,0.0,0.0,0.0
archive-10870,Ray Jacobs,LB,DEN,1995,0.0,0.0,0.0
archive-10873,Tim Jacobs,CB,CLE,1993,0.0,0,0
archive-10873,Tim Jacobs,CB,CLE,1994,0.0,0.0,2.0
archive-10873,Tim Jacobs,CB,CLE,1995,0.0,0.0,0.0
archive-10873,Tim Jacobs,CB,MIA,1996,0.0,0.0,0.0
archive-10873,Tim Jacobs,DB,MIA,1997,0.0,0.0,0.0
archive-10888,Van Jakes,S,KC,1983,0.0,0,0
archive-10888,Van Jakes,DB,KC,1984,0.0,0,0
archive-10888,Van Jakes,DB,NO,1986,0.0,0,0
archive-10888,Van Jakes,DB,NO,1987,0.0,0,0
archive-10888,Van Jakes,CB,NO,1988,0.0,0,0
archive-10888,Van Jakes,DB,GB,1989,0.0,0,0
archive-10891,Angelo James,DB,PHI,1987,0.0,0,0
archive-10911,June James,LB,DET,1985,0.0,0,0
archive-10911,June James,LB,IND,1987,0.0,0,0
archive-10921,Roland James,S,NE,1982,2.0,0,0
archive-10921,Roland James,S,NE,1983,2.0,0,0
archive-10921,Roland James,S,NE,1984,0.0,0,0
archive-10921,Roland James,S,NE,1985,0.0,0,0
archive-10921,Roland James,DB,NE,1986,1.0,0,0
archive-10921,Roland James,DB,NE,1987,0.0,0,0
archive-10921,Roland James,S,NE,1988,0.0,0,0
archive-10921,Roland James,S,NE,1989,0.0,0,0
archive-10921,Roland James,S,NE,1990,0.0,0,0
archive-10924,Toran James,LB,LAC,1997,0.0,0.0,0.0
archive-10925,Tory James,DB,DEN,1996,0.0,0.0,2.0
archive-10925,Tory James,DB,NE,1996,0.0,0.0,0.0
archive-10925,Tory James,DB,DEN,1998,0.0,0.0,0.0
archive-10932,George Jamison,LB,DET,1987,1.0,0,0
archive-10932,George Jamison,LB,DET,1988,5.5,0,0
archive-10932,George Jamison,LB,DET,1989,2.0,0,0
archive-10932,George Jamison,LB,DET,1990,2.0,0,0
archive-10932,George Jamison,LB,DET,1991,4.0,0,0
archive-10932,George Jamison,LB,DET,1992,2.0,0,0
archive-10932,George Jamison,LB,DET,1993,2.0,0,0
archive-10932,George Jamison,LB,KC,1994,1.0,0.0,0.0
archive-10932,George Jamison,LB,KC,1995,0.0,0.0,0.0
archive-10932,George Jamison,LB,KC,1996,0.0,0.0,0.0
archive-10932,George Jamison,LB,DET,1997,1.0,0.0,0.0
archive-10932,George Jamison,LB,DET,1998,0.0,0.0,1.0
archive-10953,Mike January,LB,CHI,1987,1.0,0,0
archive-10959,Ilia Jarostchuk,LB,ARI,1987,0.0,0,0
archive-10959,Ilia Jarostchuk,LB,MIA,1988,0.0,0,0
archive-10959,Ilia Jarostchuk,LB,ARI,1989,0.0,0,0
archive-10959,Ilia Jarostchuk,LB,NE,1990,0.0,0,0
archive-10968,Curt Jarvis,NT,TB,1987,3.0,0,0
archive-10968,Curt Jarvis,NT,TB,1988,2.5,0,0
archive-10968,Curt Jarvis,NT,TB,1989,3.0,0,0
archive-10968,Curt Jarvis,NT,TB,1990,0.0,0,0
archive-10969,Ralph Jarvis,DE,IND,1990,0.0,0,0
archive-10972,Ed Jasper,DT,GB,1997,0.0,0.0,0.0
archive-10972,Ed Jasper,DT,PHI,1997,1.0,0.0,0.0
archive-10972,Ed Jasper,DT,PHI,1998,0.0,0.0,0.0
archive-10977,Matt Jaworski,LB,IND,1991,0.0,0,0
archive-10979,Garth Jax,LB,DAL,1986,0.0,0,0
archive-10979,Garth Jax,LB,DAL,1987,0.0,0,0
archive-10979,Garth Jax,LB,DAL,1988,0.0,0,0
archive-10979,Garth Jax,LB,ARI,1989,0.0,0,0
archive-10979,Garth Jax,LB,ARI,1990,3.0,0,0
archive-10979,Garth Jax,LB,ARI,1991,0.0,0,0
archive-10979,Garth Jax,LB,ARI,1992,0.0,0,0
archive-10979,Garth Jax,LB,ARI,1993,0.0,0,0
archive-10979,Garth Jax,LB,ARI,1994,0.0,0.0,0.0
archive-10979,Garth Jax,LB,ARI,1995,0.0,0.0,0.0
archive-10991,Jim Jeffcoat,DE,DAL,1983,2.0,0,0
archive-10991,Jim Jeffcoat,DE,DAL,1984,11.5,0,0
archive-10991,Jim Jeffcoat,DE,DAL,1985,12.0,0,0
archive-10991,Jim Jeffcoat,DE,DAL,1986,14.0,0,0
archive-10991,Jim Jeffcoat,DE,DAL,1987,5.0,0,0
archive-10991,Jim Jeffcoat,DE,DAL,1988,6.5,0,0
archive-10991,Jim Jeffcoat,DE,DAL,1989,11.5,0,0
archive-10991,Jim Jeffcoat,DE,DAL,1990,3.5,0,0
archive-10991,Jim Jeffcoat,DE,DAL,1991,5.0,0,0
archive-10991,Jim Jeffcoat,DE,DAL,1992,12.5,0,0
archive-10991,Jim Jeffcoat,DE,DAL,1993,8.5,0,0
archive-10991,Jim Jeffcoat,DE,DAL,1994,9.0,0.0,0.0
archive-10991,Jim Jeffcoat,DE,BUF,1995,2.5,0.0,0.0
archive-10991,Jim Jeffcoat,DE,BUF,1996,5.0,0.0,0.0
archive-10991,Jim Jeffcoat,DE,BUF,1997,0.5,0.0,0.0
archive-10999,Greg Jefferson,DE,PHI,1995,0.0,0.0,0.0
archive-10999,Greg Jefferson,DE,PHI,1996,2.5,0.0,0.0
archive-10999,Greg Jefferson,DE,GB,1997,0.0,0.0,0.0
archive-10999,Greg Jefferson,DE,PHI,1997,3.0,0.0,0.0
archive-10999,Greg Jefferson,DE,PHI,1998,4.0,0.0,0.0
archive-11000,James Jefferson,CB,SEA,1989,0.0,0,0
archive-11000,James Jefferson,DB,SEA,1990,0.0,0,0
archive-11000,James Jefferson,DB,SEA,1991,1.0,0,0
archive-11000,James Jefferson,DB,SEA,1992,0.0,0,0
archive-11000,James Jefferson,DB,SEA,1993,0.0,0,0
archive-11004,Kevin Jefferson,LB,CIN,1994,0.0,0.0,0.0
archive-11004,Kevin Jefferson,LB,CIN,1995,0.0,0.0,0.0
archive-11005,Norman Jefferson,DB,GB,1987,0.0,0,0
archive-11005,Norman Jefferson,DB,GB,1988,0.0,0,0
archive-11009,Thad Jefferson,LB,TEN,1987,0.0,0,0
archive-11018,Dameian Jeffries,DE,NO,1995,0.0,0.0,0.0
archive-11019,Eric Jeffries,DB,CHI,1987,0.0,0,0
archive-11020,Greg Jeffries,CB,DET,1993,0.0,0,0
archive-11020,Greg Jeffries,CB,DET,1994,0.0,0.0,0.0
archive-11020,Greg Jeffries,CB,DET,1995,0.5,0.0,0.0
archive-11020,Greg Jeffries,CB,DET,1996,0.0,0.0,1.0
archive-11020,Greg Jeffries,DB,DET,1997,1.0,0.0,1.0
archive-11020,Greg Jeffries,DB,DET,1998,0.0,0.0,0.0
archive-11029,A.J. Jenkins,LB,PIT,1989,0.0,0,0
archive-11029,A.J. Jenkins,LB,PIT,1990,2.0,0,0
archive-11033,Billy Jenkins,DB,LAR,1997,0.0,0.0,0.0
archive-11033,Billy Jenkins,S,LAR,1998,3.0,0.0,2.0
archive-11035,Carlos Jenkins,LB,MIN,1991,0.0,0,0
archive-11035,Carlos Jenkins,LB,MIN,1992,4.0,0,0
archive-11035,Carlos Jenkins,LB,MIN,1993,2.5,0,0
archive-11035,Carlos Jenkins,LB,MIN,1994,1.0,0.0,0.0
archive-11035,Carlos Jenkins,LB,LAR,1995,1.5,0.0,0.0
archive-11035,Carlos Jenkins,LB,LAR,1996,0.0,0.0,1.0
archive-11039,DeRon Jenkins,DB,BAL,1996,0.0,0.0,0.0
archive-11039,DeRon Jenkins,CB,BAL,1997,0.0,0.0,1.0
archive-11039,DeRon Jenkins,CB,BAL,1998,0.0,0.0,1.0
archive-11041,Fletcher Jenkins,DE,IND,1982,0.0,0,0
archive-11043,Izel Jenkins,DB,PHI,1988,0.0,0,0
archive-11043,Izel Jenkins,CB,PHI,1989,0.0,0,0
archive-11043,Izel Jenkins,CB,PHI,1990,0.0,0,0
archive-11043,Izel Jenkins,CB,PHI,1991,1.0,0,0
archive-11043,Izel Jenkins,CB,PHI,1992,0.0,0,0
archive-11043,Izel Jenkins,CB,MIN,1993,0.0,0,0
archive-11043,Izel Jenkins,CB,NYG,1993,0.0,0,0
archive-11050,John Jenkins,DB,PIT,1998,0.0,0.0,0.0
archive-11063,Mel Jenkins,DB,SEA,1987,0.0,0,0
archive-11063,Mel Jenkins,DB,SEA,1988,0.0,0,0
archive-11063,Mel Jenkins,DB,SEA,1989,0.0,0,0
archive-11063,Mel Jenkins,DB,SEA,1990,0.0,0,0
archive-11063,Mel Jenkins,DB,DET,1991,1.0,0,0
archive-11063,Mel Jenkins,DB,DET,1992,0.0,0,0
archive-11063,Mel Jenkins,DB,ATL,1993,0.0,0,0
archive-11063,Mel Jenkins,DB,DET,1993,0.0,0,0
archive-11095,Jerry Jensen,LB,CAR,1998,0.0,0.0,0.0
archive-11109,Mark Jerue,LB,LAR,1983,0.0,0,0
archive-11109,Mark Jerue,LB,LAR,1984,0.0,0,0
archive-11109,Mark Jerue,LB,LAR,1985,0.0,0,0
archive-11109,Mark Jerue,LB,LAR,1986,0.0,0,0
archive-11109,Mark Jerue,LB,LAR,1987,0.0,0,0
archive-11109,Mark Jerue,LB,LAR,1988,0.0,0,0
archive-11109,Mark Jerue,LB,LAR,1989,0.5,0,0
archive-11116,Gary Jeter,DE,NYG,1982,0.0,0,0
archive-11116,Gary Jeter,DE,LAR,1983,7.5,0,0
archive-11116,Gary Jeter,DE,LAR,1984,1.0,0,0
archive-11116,Gary Jeter,DE,LAR,1985,14.0,0,0
archive-11116,Gary Jeter,DE,LAR,1986,8.0,0,0
archive-11116,Gary Jeter,DE,LAR,1987,7.0,0,0
archive-11116,Gary Jeter,DE,LAR,1988,11.5,0,0
archive-11116,Gary Jeter,DE,NE,1989,7.0,0,0
archive-11119,Tommy Jeter,DT,PHI,1992,0.0,0,0
archive-11119,Tommy Jeter,DT,PHI,1993,0.0,0,0
archive-11119,Tommy Jeter,DT,PHI,1994,1.0,0.0,0.0
archive-11119,Tommy Jeter,DT,CAR,1996,0.0,0.0,0.0
archive-11129,Dwayne Jiles,LB,PHI,1985,0.0,0,0
archive-11129,Dwayne Jiles,LB,PHI,1986,2.0,0,0
archive-11129,Dwayne Jiles,LB,PHI,1987,1.5,0,0
archive-11129,Dwayne Jiles,LB,PHI,1988,0.0,0,0
archive-11129,Dwayne Jiles,LB,NYG,1989,0.0,0,0
archive-11129,Dwayne Jiles,LB,PHI,1989,0.0,0,0
archive-11130,A.J. Jimerson,LB,LV,1990,0.0,0,0
archive-11130,A.J. Jimerson,LB,LV,1991,0.0,0,0
archive-11140,Greg Joelson,DE,SF,1991,0.0,0,0
archive-11148,A.J. Johnson ,DB,WAS,1989,0.0,0,0
archive-11148,A.J. Johnson ,DB,WAS,1990,0.0,0,0
archive-11148,A.J. Johnson ,DB,WAS,1991,1.0,0,0
archive-11148,A.J. Johnson ,DB,WAS,1992,0.0,0,0
archive-11148,A.J. Johnson ,DB,WAS,1993,0.0,0,0
archive-11148,A.J. Johnson ,DB,WAS,1994,0.0,0.0,0.0
archive-11148,A.J. Johnson ,DB,LAC,1995,0.0,0.0,0.0
archive-11154,Alonzo Johnson ,LB,PHI,1986,1.0,0,0
archive-11154,Alonzo Johnson ,LB,PHI,1987,0.0,0,0
archive-11175,Bill Johnson ,DT,CLE,1992,2.0,0,0
archive-11175,Bill Johnson ,DT,CLE,1993,1.0,0,0
archive-11175,Bill Johnson ,DT,CLE,1994,1.0,0.0,0.0
archive-11175,Bill Johnson ,DT,PIT,1995,0.0,0.0,0.0
archive-11175,Bill Johnson ,DT,BUF,1996,0.0,0.0,0.0
archive-11175,Bill Johnson ,DT,NYJ,1996,0.0,0.0,0.0
archive-11175,Bill Johnson ,DT,PIT,1996,1.0,0.0,0.0
archive-11175,Bill Johnson ,DT,LAR,1997,4.0,0.0,0.0
archive-11175,Bill Johnson ,DT,PHI,1998,2.5,0.0,0.0
archive-11179,Bobby Johnson ,DB,NO,1983,0.0,0,0
archive-11179,Bobby Johnson ,DB,NO,1984,0.0,0,0
archive-11179,Bobby Johnson ,DB,ARI,1985,0.0,0,0
archive-11179,Bobby Johnson ,DB,ARI,1986,0.0,0,0
archive-11179,Bobby Johnson ,DB,NO,1986,0.0,0,0
archive-11188,Byron Johnson ,DB,TEN,1987,2.0,0,0
archive-11194,Cecil Johnson ,LB,TB,1982,0.0,0,0
archive-11194,Cecil Johnson ,LB,TB,1983,0.0,0,0
archive-11194,Cecil Johnson ,LB,TB,1984,0.0,0,0
archive-11194,Cecil Johnson ,LB,TB,1985,1.0,0,0
archive-11197,Charles Johnson ,NT,GB,1983,3.5,0,0
archive-11203,Charlie Johnson ,NT,MIN,1982,1.0,0,0
archive-11203,Charlie Johnson ,NT,MIN,1983,1.0,0,0
archive-11203,Charlie Johnson ,NT,MIN,1984,4.0,0,0
archive-11205,Chris Johnson ,DB,PHI,1987,0.0,0,0
archive-11206,Chris Johnson ,DB,MIN,1996,0.0,0.0,0.0
archive-11212,Clyde Johnson ,DB,KC,1997,0.0,0.0,0.0
archive-11217,D.J. Johnson ,DB,PIT,1989,0.0,0,0
archive-11217,D.J. Johnson ,DB,PIT,1990,0.0,0,0
archive-11217,D.J. Johnson ,DB,PIT,1991,1.0,0,0
archive-11217,D.J. Johnson ,DB,PIT,1992,0.0,0,0
archive-11217,D.J. Johnson ,DB,PIT,1993,0.0,0,0
archive-11217,D.J. Johnson ,DB,ATL,1994,0.0,0.0,5.0
archive-11217,D.J. Johnson ,DB,ATL,1995,0.0,0.0,2.0
archive-11217,D.J. Johnson ,DB,ARI,1996,0.0,0.0,0.0
archive-11217,D.J. Johnson ,DB,ATL,1996,0.0,0.0,0.0
archive-11227,Darrius Johnson ,DB,DEN,1996,0.0,0.0,0.0
archive-11227,Darrius Johnson ,DB,NE,1996,0.0,0.0,0.0
archive-11227,Darrius Johnson ,DB,DEN,1997,0.0,0.0,0.0
archive-11227,Darrius Johnson ,DB,DEN,1998,1.0,0.0,4.0
archive-11232,Demetrious Johnson ,DB,DET,1983,0.0,0,0
archive-11232,Demetrious Johnson ,DB,DET,1984,0.0,0,0
archive-11232,Demetrious Johnson ,DB,DET,1985,3.0,0,0
archive-11232,Demetrious Johnson ,DB,DET,1986,0.0,0,0
archive-11232,Demetrious Johnson ,DB,MIA,1987,0.0,0,0
archive-11235,Dennis Johnson ,LB,MIN,1982,0.0,0,0
archive-11235,Dennis Johnson ,LB,MIN,1983,1.0,0,0
archive-11235,Dennis Johnson ,LB,MIN,1984,0.0,0,0
archive-11235,Dennis Johnson ,LB,MIN,1985,0.0,0,0
archive-11235,Dennis Johnson ,LB,TB,1985,0.0,0,0
archive-11243,Donnell Johnson ,DE,CIN,1993,0.0,0,0
archive-11249,Earl Johnson ,DB,NO,1985,0.0,0,0
archive-11249,Earl Johnson ,DB,DEN,1987,0.0,0,0
archive-11250,Eddie Johnson ,LB,CLE,1982,0.0,0,0
archive-11250,Eddie Johnson ,LB,CLE,1983,0.0,0,0
archive-11250,Eddie Johnson ,LB,CLE,1984,0.5,0,0
archive-11250,Eddie Johnson ,LB,CLE,1985,0.5,0,0
archive-11250,Eddie Johnson ,LB,CLE,1986,0.0,0,0
archive-11250,Eddie Johnson ,LB,CLE,1987,1.0,0,0
archive-11250,Eddie Johnson ,LB,CLE,1988,3.0,0,0
archive-11250,Eddie Johnson ,LB,CLE,1989,0.0,0,0
archive-11250,Eddie Johnson ,LB,CLE,1990,0.0,0,0
archive-11254,Ellis Johnson ,DT,IND,1995,4.5,0.0,0.0
archive-11254,Ellis Johnson ,DT,BAL,1996,0.0,0.0,0.0
archive-11254,Ellis Johnson ,DT,IND,1996,0.0,0.0,0.0
archive-11254,Ellis Johnson ,DT,IND,1997,4.5,0.0,1.0
archive-11254,Ellis Johnson ,DT,IND,1998,8.0,0.0,0.0
archive-11259,Ezra Johnson,DE,GB,1982,7.0,0,0
archive-11259,Ezra Johnson,DE,GB,1983,14.5,0,0
archive-11259,Ezra Johnson,DE,GB,1984,7.0,0,0
archive-11259,Ezra Johnson,DE,GB,1985,9.5,0,0
archive-11259,Ezra Johnson,DE,GB,1986,3.0,0,0
archive-11259,Ezra Johnson,DE,GB,1987,2.0,0,0
archive-11259,Ezra Johnson,DE,IND,1988,3.0,0,0
archive-11259,Ezra Johnson,DE,IND,1989,8.5,0,0
archive-11259,Ezra Johnson,DE,TEN,1990,2.5,0,0
archive-11259,Ezra Johnson,DE,TEN,1991,0.0,0,0
archive-11261,Filmel Johnson,DB,BUF,1995,0.0,0.0,1.0
archive-11265,Gary Johnson,DT,LAC,1982,4.0,0,0
archive-11265,Gary Johnson,DT,LAC,1983,3.0,0,0
archive-11265,Gary Johnson,DT,LAC,1984,0.0,0,0
archive-11265,Gary Johnson,DT,SF,1984,8.0,0,0
archive-11265,Gary Johnson,DT,SF,1985,4.0,0,0
archive-11273,Gregg Johnson,DB,SEA,1982,0.0,0,0
archive-11273,Gregg Johnson,DB,SEA,1983,0.0,0,0
archive-11273,Gregg Johnson,DB,SEA,1986,1.0,0,0
archive-11273,Gregg Johnson,DB,ARI,1987,0.0,0,0
archive-11275,Henry Johnson,LB,MIN,1982,0.0,0,0
archive-11275,Henry Johnson,LB,MIN,1983,0.0,0,0
archive-11278,Holbert Johnson,DB,LAR,1987,0.0,0,0
archive-11287,James Johnson,LB,DET,1986,0.0,0,0
archive-11287,James Johnson,LB,LAC,1987,0.0,0,0
archive-11287,James Johnson,LB,SF,1987,0.0,0,0
archive-11308,Joe Johnson,DE,NO,1994,1.0,0.0,0.0
archive-11308,Joe Johnson,DE,NO,1995,5.5,0.0,0.0
archive-11308,Joe Johnson,DE,NO,1996,7.5,0.0,0.0
archive-11308,Joe Johnson,DE,NO,1997,8.5,0.0,0.0
archive-11308,Joe Johnson,DE,NO,1998,7.0,0.0,0.0
archive-11310,John Johnson,LB,SF,1991,0.0,0,0
archive-11310,John Johnson,LB,SF,1992,1.0,0,0
archive-11310,John Johnson,LB,SF,1993,2.0,0,0
archive-11310,John Johnson,LB,CIN,1994,0.0,0.0,0.0
archive-11310,John Johnson,LB,NO,1995,0.0,0.0,0.0
archive-11313,Johnnie Johnson,S,LAR,1982,1.0,0,0
archive-11313,Johnnie Johnson,FS,LAR,1983,1.0,0,0
archive-11313,Johnnie Johnson,FS,LAR,1984,0.0,0,0
archive-11313,Johnnie Johnson,FS,LAR,1985,0.0,0,0
archive-11313,Johnnie Johnson,DB,LAR,1986,0.0,0,0
archive-11313,Johnnie Johnson,DB,LAR,1987,0.0,0,0
archive-11313,Johnnie Johnson,FS,LAR,1988,0.0,0,0
archive-11313,Johnnie Johnson,DB,LAR,1989,0.0,0,0
archive-11313,Johnnie Johnson,FS,SEA,1989,0.0,0,0
archive-11323,Ken Johnson,DE,BUF,1982,0.0,0,0
archive-11323,Ken Johnson,DE,BUF,1983,2.0,0,0
archive-11323,Ken Johnson,DE,BUF,1984,3.5,0,0
archive-11323,Ken Johnson,DE,KC,1987,0.0,0,0
archive-11324,Ken Johnson,DB,MIN,1989,0.0,0,0
archive-11324,Ken Johnson,DB,MIN,1990,0.0,0,0
archive-11324,Ken Johnson,DB,NYJ,1990,0.0,0,0
archive-11325,Kenneth Johnson,DB,GB,1987,1.0,0,0
archive-11326,Kenny Johnson,CB,ATL,1982,1.0,0,0
archive-11326,Kenny Johnson,CB,ATL,1983,0.0,0,0
archive-11326,Kenny Johnson,FS,ATL,1984,1.0,0,0
archive-11326,Kenny Johnson,S,ATL,1985,0.0,0,0
archive-11326,Kenny Johnson,DB,ATL,1986,0.0,0,0
archive-11326,Kenny Johnson,DB,TEN,1986,0.0,0,0
archive-11326,Kenny Johnson,DB,TEN,1987,0.0,0,0
archive-11326,Kenny Johnson,DB,TEN,1988,0.0,0,0
archive-11326,Kenny Johnson,DB,TEN,1989,0.0,0,0
archive-11328,Keshon Johnson,CB,CHI,1993,0.0,0,0
archive-11328,Keshon Johnson,CB,CHI,1994,0.0,0.0,0.0
archive-11328,Keshon Johnson,CB,GB,1994,0.0,0.0,1.0
archive-11328,Keshon Johnson,CB,CHI,1995,0.0,0.0,0.0
archive-11329,Kevin Johnson,DT,PHI,1995,6.0,0.0,0.0
archive-11329,Kevin Johnson,DT,PHI,1996,1.0,0.0,0.0
archive-11329,Kevin Johnson,DT,LV,1997,0.0,0.0,0.0
archive-11338,Lawrence Johnson,CB,CLE,1982,0.0,0,0
archive-11338,Lawrence Johnson,CB,CLE,1983,0.0,0,0
archive-11338,Lawrence Johnson,DB,BUF,1984,0.0,0,0
archive-11338,Lawrence Johnson,CB,CLE,1984,0.0,0,0
archive-11338,Lawrence Johnson,CB,BUF,1985,1.5,0,0
archive-11338,Lawrence Johnson,S,BUF,1987,0.0,0,0
archive-11350,M.L. Johnson,LB,SEA,1987,0.0,0,0
archive-11350,M.L. Johnson,LB,SEA,1988,0.0,0,0
archive-11350,M.L. Johnson,LB,SEA,1989,0.0,0,0
archive-11356,Mario Johnson,DT,NYJ,1992,2.0,0,0
archive-11356,Mario Johnson,DT,NE,1993,0.0,0,0
archive-11358,Mark Johnson,DB,CIN,1987,0.0,0,0
archive-11364,Melvin Johnson,SAF,TB,1995,0.0,0.0,1.0
archive-11364,Melvin Johnson,FS,TB,1996,0.0,0.0,2.0
archive-11364,Melvin Johnson,FS,TB,1997,0.0,0.0,1.0
archive-11364,Melvin Johnson,DB,KC,1998,1.0,0.0,0.0
archive-11369,Mike Johnson,DE,TEN,1984,0.5,0,0
archive-11370,Mike Johnson,LB,CLE,1986,1.0,0,0
archive-11370,Mike Johnson,LB,CLE,1987,2.0,0,0
archive-11370,Mike Johnson,LB,CLE,1988,1.0,0,0
archive-11370,Mike Johnson,LB,CLE,1989,1.0,0,0
archive-11370,Mike Johnson,LB,CLE,1990,2.0,0,0
archive-11370,Mike Johnson,LB,CLE,1991,0.0,0,0
archive-11370,Mike Johnson,LB,CLE,1992,2.0,0,0
archive-11370,Mike Johnson,LB,CLE,1993,4.0,0,0
archive-11370,Mike Johnson,LB,DET,1994,1.5,0.0,1.0
archive-11370,Mike Johnson,LB,DET,1995,2.0,0.0,2.0
archive-11381,Pat Johnson,SAF,MIA,1995,0.0,0.0,0.0
archive-11383,Pepper Johnson,LB,NYG,1986,2.0,0,0
archive-11383,Pepper Johnson,LB,NYG,1987,1.0,0,0
archive-11383,Pepper Johnson,LB,NYG,1988,4.0,0,0
archive-11383,Pepper Johnson,LB,NYG,1989,1.0,0,0
archive-11383,Pepper Johnson,LB,NYG,1990,3.5,0,0
archive-11383,Pepper Johnson,LB,NYG,1991,6.5,0,0
archive-11383,Pepper Johnson,LB,NYG,1992,1.0,0,0
archive-11383,Pepper Johnson,LB,CLE,1993,1.0,0,0
archive-11383,Pepper Johnson,LB,CLE,1994,3.5,0.0,1.0
archive-11383,Pepper Johnson,LB,CLE,1995,2.0,0.0,2.0
archive-11383,Pepper Johnson,LB,DET,1996,0.0,0.0,0.0
archive-11383,Pepper Johnson,LB,NYJ,1997,0.0,0.0,1.0
archive-11383,Pepper Johnson,LB,NYJ,1998,1.0,0.0,1.0
archive-11394,Raylee Johnson,DE,LAC,1993,0.0,0,0
archive-11394,Raylee Johnson,DE,LAC,1994,3.5,0.0,0.0
archive-11394,Raylee Johnson,DE,LAC,1995,3.0,0.0,0.0
archive-11394,Raylee Johnson,DE,LAC,1996,3.0,0.0,0.0
archive-11394,Raylee Johnson,DE,LAC,1997,2.5,0.0,0.0
archive-11394,Raylee Johnson,DE,LAC,1998,5.5,0.0,0.0
archive-11398,Richard Johnson,CB,TEN,1985,0.0,0,0
archive-11398,Richard Johnson,DB,TEN,1986,1.0,0,0
archive-11398,Richard Johnson,DB,TEN,1987,0.0,0,0
archive-11398,Richard Johnson,DB,TEN,1988,0.0,0,0
archive-11398,Richard Johnson,DB,TEN,1989,0.0,0,0
archive-11398,Richard Johnson,CB,TEN,1990,0.0,0,0
archive-11398,Richard Johnson,CB,TEN,1991,0.0,0,0
archive-11398,Richard Johnson,DB,TEN,1992,0.0,0,0
archive-11406,Ron Johnson,FS,PIT,1982,0.0,0,0
archive-11406,Ron Johnson,FS,PIT,1983,0.0,0,0
archive-11406,Ron Johnson,DB,PIT,1984,0.0,0,0
archive-11417,Sidney Johnson,DB,KC,1988,0.0,0,0
archive-11417,Sidney Johnson,DB,WAS,1990,0.0,0,0
archive-11417,Sidney Johnson,DB,WAS,1991,1.0,0,0
archive-11417,Sidney Johnson,DB,WAS,1992,0.0,0,0
archive-11428,Ted Johnson,LB,NE,1995,0.5,0.0,0.0
archive-11428,Ted Johnson,LB,BUF,1996,0.0,0.0,0.0
archive-11428,Ted Johnson,LB,NE,1996,1.0,0.0,1.0
archive-11428,Ted Johnson,LB,NE,1997,5.0,0.0,0.0
archive-11428,Ted Johnson,LB,NE,1998,2.0,0.0,0.0
archive-11432,Tim Johnson,DT,PIT,1987,0.0,0,0
archive-11432,Tim Johnson,DT,PIT,1988,4.0,0,0
archive-11432,Tim Johnson,DT,PIT,1989,4.5,0,0
archive-11432,Tim Johnson,DT,WAS,1990,5.0,0,0
archive-11432,Tim Johnson,DT,WAS,1991,4.5,0,0
archive-11432,Tim Johnson,DT,WAS,1992,6.0,0,0
archive-11432,Tim Johnson,DT,WAS,1993,4.0,0,0
archive-11432,Tim Johnson,DT,WAS,1994,1.0,0.0,0.0
archive-11432,Tim Johnson,DT,WAS,1995,3.0,0.0,0.0
archive-11432,Tim Johnson,DT,CIN,1996,2.5,0.0,0.0
archive-11432,Tim Johnson,DT,LAC,1996,0.0,0.0,0.0
archive-11438,Tommy Johnson,DB,JAX,1995,0.0,0.0,0.0
archive-11445,Troy Johnson,LB,CHI,1988,1.0,0,0
archive-11445,Troy Johnson,LB,CHI,1989,0.0,0,0
archive-11445,Troy Johnson,LB,NYJ,1990,1.0,0,0
archive-11445,Troy Johnson,LB,NYJ,1991,0.0,0,0
archive-11445,Troy Johnson,LB,DET,1992,0.0,0,0
archive-11452,Vaughan Johnson,LB,NO,1986,1.0,0,0
archive-11452,Vaughan Johnson,LB,NO,1987,1.0,0,0
archive-11452,Vaughan Johnson,LB,NO,1988,2.0,0,0
archive-11452,Vaughan Johnson,LB,NO,1989,1.0,0,0
archive-11452,Vaughan Johnson,LB,NO,1990,1.0,0,0
archive-11452,Vaughan Johnson,LB,NO,1991,0.0,0,0
archive-11452,Vaughan Johnson,LB,NO,1992,1.0,0,0
archive-11452,Vaughan Johnson,LB,NO,1993,5.0,0,0
archive-11452,Vaughan Johnson,LB,PHI,1994,0.0,0.0,0.0
archive-11453,Walt Johnson,DT,DAL,1987,1.0,0,0
archive-11456,Walter Johnson,LB,TEN,1987,0.0,0,0
archive-11456,Walter Johnson,LB,TEN,1988,0.0,0,0
archive-11456,Walter Johnson,LB,NO,1989,0.0,0,0
archive-11458,Will Johnson,LB,CHI,1987,0.0,0,0
archive-11469,Lance Johnstone,DE,ARI,1996,0.0,0.0,0.0
archive-11469,Lance Johnstone,DE,LV,1996,1.0,0.0,0.0
archive-11469,Lance Johnstone,DE,LV,1997,3.5,0.0,0.0
archive-11469,Lance Johnstone,DE,LV,1998,11.0,0.0,0.0
archive-11471,Tim Joiner,LB,TEN,1983,0.0,0,0
archive-11471,Tim Joiner,LB,TEN,1984,0.0,0,0
archive-11471,Tim Joiner,LB,DEN,1987,0.0,0,0
archive-11479,Ken Jolly,LB,KC,1984,0.0,0,0
archive-11479,Ken Jolly,LB,KC,1985,0.0,0,0
archive-11480,Mike Jolly,DB,GB,1982,0.0,0,0
archive-11480,Mike Jolly,DB,GB,1983,0.0,0,0
archive-11486,Aaron Jones,DE,PIT,1988,1.5,0,0
archive-11486,Aaron Jones,DE,PIT,1989,3.0,0,0
archive-11486,Aaron Jones,DE,PIT,1990,2.0,0,0
archive-11486,Aaron Jones,DE,PIT,1991,2.0,0,0
archive-11486,Aaron Jones,DE,PIT,1992,2.0,0,0
archive-11486,Aaron Jones,DE,NE,1993,3.5,0,0
archive-11486,Aaron Jones,DE,NE,1994,4.0,0.0,0.0
archive-11486,Aaron Jones,DE,NE,1995,1.0,0.0,0.0
archive-11486,Aaron Jones,DE,MIA,1996,0.0,0.0,0.0
archive-11492,Andre Jones,LB,DET,1992,0.0,0,0
archive-11515,Brian Jones,LB,IND,1991,0.0,0,0
archive-11515,Brian Jones,LB,NO,1995,1.0,0.0,0.0
archive-11515,Brian Jones,LB,NO,1996,0.0,0.0,0.0
archive-11515,Brian Jones,LB,NO,1998,0.0,0.0,0.0
archive-11518,Bruce Jones,DB,PIT,1987,0.0,0,0
archive-11519,Bryant Jones,DB,IND,1987,0.0,0,0
archive-11526,Cedric Jones,DE,NYG,1996,0.0,0.0,0.0
archive-11526,Cedric Jones,DE,NYG,1997,0.0,0.0,0.0
archive-11526,Cedric Jones,DE,NYG,1998,4.0,0.0,0.0
archive-11538,Cody Jones,DT,LAR,1982,0.0,0,0
archive-11543,Dale Jones,LB,DAL,1987,0.0,0,0
archive-11546,Dante Jones,LB,CHI,1988,0.0,0,0
archive-11546,Dante Jones,LB,CHI,1989,0.0,0,0
archive-11546,Dante Jones,LB,CHI,1990,2.0,0,0
archive-11546,Dante Jones,LB,CHI,1991,0.0,0,0
archive-11546,Dante Jones,LB,CHI,1992,0.0,0,0
archive-11546,Dante Jones,LB,CHI,1993,1.0,0,0
archive-11546,Dante Jones,LB,CHI,1994,0.0,0.0,0.0
archive-11546,Dante Jones,LB,DEN,1995,0.0,0.0,0.0
archive-11549,Daryll Jones,DB,GB,1984,0.0,0,0
archive-11549,Daryll Jones,DB,GB,1985,0.0,0,0
archive-11549,Daryll Jones,DB,DEN,1987,0.0,0,0
archive-11561,Don Jones,LB,NYJ,1992,0.0,0,0
archive-11561,Don Jones,LB,NYJ,1993,1.0,0,0
archive-11565,Donta Jones,LB,PIT,1995,0.0,0.0,0.0
archive-11565,Donta Jones,LB,PIT,1996,1.0,0.0,0.0
archive-11565,Donta Jones,LB,CIN,1997,0.0,0.0,0.0
archive-11565,Donta Jones,LB,NYJ,1997,0.0,0.0,0.0
archive-11565,Donta Jones,LB,PIT,1997,0.0,0.0,0.0
archive-11565,Donta Jones,LB,PIT,1998,3.0,0.0,0.0
archive-11569,Earl Jones,DB,ATL,1982,0.0,0,0
archive-11569,Earl Jones,DB,ATL,1983,0.0,0,0
archive-11576,Ernest Jones,DT,NO,1995,0.0,0.0,0.0
archive-11576,Ernest Jones,DT,DEN,1996,0.0,0.0,0.0
archive-11576,Ernest Jones,DT,DEN,1997,0.0,0.0,0.0
archive-11576,Ernest Jones,DT,CAR,1998,1.0,0.0,0.0
archive-11576,Ernest Jones,DT,DEN,1998,0.0,0.0,0.0
archive-11581,Fred Jones,LB,KC,1987,0.0,0,0
archive-11585,Gary Jones,DB,PIT,1990,0.0,0,0
archive-11585,Gary Jones,DB,PIT,1991,0.0,0,0
archive-11585,Gary Jones,DB,PIT,1993,0.0,0,0
archive-11585,Gary Jones,DB,PIT,1994,0.0,0.0,1.0
archive-11585,Gary Jones,FS,NYJ,1995,0.0,0.0,2.0
archive-11585,Gary Jones,FS,NYJ,1996,0.0,0.0,0.0
archive-11590,Greg Jones,LB,WAS,1997,3.5,0.0,0.0
archive-11590,Greg Jones,LB,WAS,1998,1.0,0.0,1.0
archive-11598,Henry Jones,DB,BUF,1991,0.0,0,0
archive-11598,Henry Jones,S,BUF,1992,0.0,0,0
archive-11598,Henry Jones,S,BUF,1993,2.0,0,0
archive-11598,Henry Jones,S,BUF,1994,1.0,0.0,2.0
archive-11598,Henry Jones,S,BUF,1995,0.0,0.0,1.0
archive-11598,Henry Jones,S,BUF,1996,0.0,0.0,0.0
archive-11598,Henry Jones,S,BUF,1997,2.0,0.0,0.0
archive-11598,Henry Jones,S,BUF,1998,0.0,0.0,3.0
archive-11610,James Jones,DT,CLE,1991,1.0,0,0
archive-11610,James Jones,DT,CLE,1992,4.0,0,0
archive-11610,James Jones,DT,CLE,1993,5.5,0,0
archive-11610,James Jones,DT,CLE,1994,3.0,0.0,0.0
archive-11610,James Jones,DT,DEN,1995,1.0,0.0,0.0
archive-11610,James Jones,DT,BAL,1996,1.0,0.0,0.0
archive-11610,James Jones,DT,BAL,1997,6.0,0.0,0.0
archive-11610,James Jones,DT,BAL,1998,5.5,0.0,0.0
archive-11623,Jimmie Jones,DT,DAL,1990,7.5,0,0
archive-11623,Jimmie Jones,DT,DAL,1991,4.0,0,0
archive-11623,Jimmie Jones,DT,DAL,1992,4.0,0,0
archive-11623,Jimmie Jones,DT,DAL,1993,6.5,0,0
archive-11623,Jimmie Jones,DT,LAR,1994,5.0,0.0,0.0
archive-11623,Jimmie Jones,DT,LAR,1995,0.0,0.0,0.0
archive-11623,Jimmie Jones,DT,LAR,1996,5.5,0.0,0.0
archive-11623,Jimmie Jones,DT,WAS,1996,0.0,0.0,0.0
archive-11623,Jimmie Jones,DT,GB,1997,0.0,0.0,0.0
archive-11623,Jimmie Jones,DT,PHI,1997,2.5,0.0,0.0
archive-11624,Jock Jones,LB,CLE,1990,0.0,0,0
archive-11624,Jock Jones,LB,ARI,1991,0.0,0,0
archive-11624,Jock Jones,LB,CLE,1991,0.0,0,0
archive-11624,Jock Jones,LB,ARI,1992,1.0,0,0
archive-11624,Jock Jones,LB,ARI,1993,0.0,0,0
archive-11646,LaCurtis Jones,LB,TB,1996,0.0,0.0,0.0
archive-11650,Lenoy Jones,LB,CIN,1996,0.0,0.0,0.0
archive-11650,Lenoy Jones,LB,TEN,1996,0.0,0.0,0.0
archive-11650,Lenoy Jones,LB,BUF,1997,0.0,0.0,0.0
archive-11650,Lenoy Jones,LB,MIA,1997,0.0,0.0,0.0
archive-11650,Lenoy Jones,LB,TEN,1997,1.0,0.0,0.0
archive-11650,Lenoy Jones,LB,TEN,1998,0.0,0.0,0.0
archive-11651,Leonard Jones,DB,DEN,1987,0.0,0,0
archive-11652,Leroy Jones,DE,LAC,1982,1.5,0,0
archive-11652,Leroy Jones,DE,LAC,1983,0.0,0,0
archive-11655,Lyndell Jones,DB,ATL,1987,0.0,0,0
archive-11657,Marcus Jones,DE,TB,1996,1.0,0.0,0.0
archive-11657,Marcus Jones,DE,TB,1997,0.0,0.0,0.0
archive-11657,Marcus Jones,DE,TB,1998,0.0,0.0,0.0
archive-11659,Marlon Jones,DE,CLE,1987,0.0,0,0
archive-11659,Marlon Jones,DE,CLE,1988,1.0,0,0
archive-11659,Marlon Jones,DE,CLE,1989,0.0,0,0
archive-11661,Marvin Jones,LB,NYJ,1993,0.0,0,0
archive-11661,Marvin Jones,LB,NYJ,1994,0.5,0.0,0.0
archive-11661,Marvin Jones,LB,NYJ,1995,1.5,0.0,0.0
archive-11661,Marvin Jones,LB,NYJ,1996,1.0,0.0,0.0
archive-11661,Marvin Jones,LB,NYJ,1997,3.0,0.0,0.0
archive-11661,Marvin Jones,LB,TB,1997,0.0,0.0,0.0
archive-11670,Mike Jones,DE,ARI,1991,0.0,0,0
archive-11670,Mike Jones,DE,ARI,1992,6.0,0,0
archive-11670,Mike Jones,DE,ARI,1993,3.0,0,0
archive-11670,Mike Jones,DE,NE,1994,6.0,0.0,0.0
archive-11670,Mike Jones,DE,NE,1995,3.0,0.0,0.0
archive-11670,Mike Jones,DE,BUF,1996,0.0,0.0,0.0
archive-11670,Mike Jones,DE,NE,1996,2.5,0.0,0.0
archive-11670,Mike Jones,DE,NE,1997,4.0,0.0,0.0
archive-11670,Mike Jones,DE,LAR,1998,2.5,0.0,0.0
archive-11671,Mike Jones,LB,LV,1995,0.0,0.0,1.0
archive-11671,Mike Jones,LB,LV,1996,1.0,0.0,0.0
archive-11671,Mike Jones,LB,LAR,1997,2.0,0.0,1.0
archive-11671,Mike Jones,LB,LAR,1998,3.0,0.0,2.0
archive-11677,Quintin Jones,DB,TEN,1988,0.0,0,0
archive-11677,Quintin Jones,DB,TEN,1990,0.0,0,0
archive-11681,Reggie Jones,DB,NO,1991,0.0,0,0
archive-11681,Reggie Jones,CB,NO,1992,0.0,0,0
archive-11681,Reggie Jones,DB,NO,1993,1.0,0,0
archive-11681,Reggie Jones,DB,NO,1994,0.0,0.0,0.0
archive-11685,Richard Jones,DB,IND,1996,0.0,0.0,0.0
archive-11686,Ricky Jones,LB,IND,1982,0.0,0,0
archive-11686,Ricky Jones,LB,IND,1983,0.0,0,0
archive-11687,Robbie Jones,LB,NYG,1984,0.0,0,0
archive-11687,Robbie Jones,LB,NYG,1985,0.0,0,0
archive-11687,Robbie Jones,LB,NYG,1986,0.0,0,0
archive-11687,Robbie Jones,LB,NYG,1987,0.0,0,0
archive-11688,Robert Jones,LB,DAL,1992,1.0,0,0
archive-11688,Robert Jones,LB,DAL,1993,0.0,0,0
archive-11688,Robert Jones,LB,DAL,1994,0.0,0.0,0.0
archive-11688,Robert Jones,LB,DAL,1995,1.0,0.0,0.0
archive-11688,Robert Jones,LB,LAR,1996,0.0,0.0,1.0
archive-11688,Robert Jones,LB,WAS,1996,0.0,0.0,0.0
archive-11688,Robert Jones,LB,LAR,1997,1.0,0.0,0.0
archive-11688,Robert Jones,LB,MIA,1998,5.5,0.0,2.0
archive-11689,Rod Jones,DB,TB,1986,0.0,0,0
archive-11689,Rod Jones,DB,TB,1987,0.0,0,0
archive-11689,Rod Jones,DB,TB,1988,0.0,0,0
archive-11689,Rod Jones,DB,TB,1989,0.0,0,0
archive-11689,Rod Jones,CB,CIN,1990,0.0,0,0
archive-11689,Rod Jones,DB,CIN,1991,0.0,0,0
archive-11689,Rod Jones,CB,CIN,1992,0.0,0,0
archive-11689,Rod Jones,CB,CIN,1993,0.0,0,0
archive-11689,Rod Jones,CB,CIN,1994,0.0,0.0,0.0
archive-11689,Rod Jones,CB,CIN,1995,0.0,0.0,1.0
archive-11692,Roger Jones,DB,TB,1991,0.0,0,0
archive-11692,Roger Jones,DB,TB,1992,0.0,0,0
archive-11692,Roger Jones,DB,TB,1993,1.0,0,0
archive-11692,Roger Jones,DB,CIN,1994,1.5,0.0,0.0
archive-11692,Roger Jones,CB,CIN,1995,2.0,0.0,1.0
archive-11692,Roger Jones,DB,CIN,1996,0.0,0.0,1.0
archive-11692,Roger Jones,DB,LAC,1996,0.0,0.0,0.0
archive-11692,Roger Jones,DB,TEN,1997,0.0,0.0,1.0
archive-11694,Rondell Jones,DB,DEN,1993,0.0,0,0
archive-11694,Rondell Jones,SAF,DEN,1994,0.0,0.0,2.0
archive-11694,Rondell Jones,SAF,DEN,1995,0.0,0.0,0.0
archive-11694,Rondell Jones,DB,DEN,1996,0.0,0.0,0.0
archive-11694,Rondell Jones,DB,NE,1996,0.0,0.0,0.0
archive-11694,Rondell Jones,FS,BAL,1997,0.0,0.0,1.0
archive-11695,Rulon Jones,DE,DEN,1982,2.0,0,0
archive-11695,Rulon Jones,DE,DEN,1983,4.0,0,0
archive-11695,Rulon Jones,DE,DEN,1984,12.0,0,0
archive-11695,Rulon Jones,DE,DEN,1985,10.0,0,0
archive-11695,Rulon Jones,DE,DEN,1986,16.5,0,0
archive-11695,Rulon Jones,DE,DEN,1987,9.0,0,0
archive-11695,Rulon Jones,DE,DEN,1988,5.0,0,0
archive-11698,Sean Jones,DE,LV,1984,1.0,0,0
archive-11698,Sean Jones,DE,LV,1985,10.5,0,0
archive-11698,Sean Jones,DE,LV,1986,15.5,0,0
archive-11698,Sean Jones,DE,LV,1987,6.0,0,0
archive-11698,Sean Jones,DE,TEN,1988,7.5,0,0
archive-11698,Sean Jones,DE,TEN,1989,7.0,0,0
archive-11698,Sean Jones,DE,TEN,1990,12.5,0,0
archive-11698,Sean Jones,DE,TEN,1991,10.0,0,0
archive-11698,Sean Jones,DE,TEN,1992,9.5,0,0
archive-11698,Sean Jones,DE,TEN,1993,13.0,0,0
archive-11698,Sean Jones,DE,GB,1994,12.5,0.0,0.0
archive-11698,Sean Jones,DE,GB,1995,11.0,0.0,0.0
archive-11698,Sean Jones,DE,GB,1996,5.0,0.0,0.0
archive-11701,Selwyn Jones,DB,CLE,1993,0.0,0,0
archive-11701,Selwyn Jones,CB,SEA,1995,0.0,0.0,1.0
archive-11702,Shawn Jones,DB,MIN,1993,0.0,0,0
archive-11709,Tebucky Jones,DB,NE,1998,0.0,0.0,0.0
archive-11711,Terry Jones,NT,GB,1982,3.0,0,0
archive-11711,Terry Jones,NT,GB,1983,0.0,0,0
archive-11711,Terry Jones,NT,GB,1984,4.0,0,0
archive-11720,Too Tall Jones,DE,DAL,1982,7.0,0,0
archive-11720,Too Tall Jones,DE,DAL,1983,8.0,0,0
archive-11720,Too Tall Jones,DE,DAL,1984,8.0,0,0
archive-11720,Too Tall Jones,DE,DAL,1985,14.0,0,0
archive-11720,Too Tall Jones,DE,DAL,1986,5.5,0,0
archive-11720,Too Tall Jones,DE,DAL,1987,10.0,0,0
archive-11720,Too Tall Jones,DE,DAL,1988,7.0,0,0
archive-11720,Too Tall Jones,DE,DAL,1989,1.0,0,0
archive-11721,Tyrone Jones,LB,ARI,1988,0.0,0,0
archive-11722,Tyrone Jones,DB,PHI,1989,0.0,0,0
archive-11723,Victor Jones,LB,TB,1988,0.0,0,0
archive-11723,Victor Jones,LB,DET,1989,0.0,0,0
archive-11723,Victor Jones,LB,DET,1990,1.0,0,0
archive-11723,Victor Jones,LB,DET,1991,0.0,0,0
archive-11723,Victor Jones,LB,DET,1992,0.0,0,0
archive-11723,Victor Jones,LB,DET,1993,0.0,0,0
archive-11723,Victor Jones,LB,DET,1994,0.0,0.0,0.0
archive-11737,Antony Jordan,LB,IND,1998,0.0,0.0,0.0
archive-11738,Brian Jordan,DB,ATL,1989,0.0,0,0
archive-11738,Brian Jordan,S,ATL,1990,0.0,0,0
archive-11738,Brian Jordan,S,ATL,1991,4.0,0,0
archive-11742,Curtis Jordan,DB,WAS,1982,0.0,0,0
archive-11742,Curtis Jordan,S,WAS,1983,0.0,0,0
archive-11742,Curtis Jordan,FS,WAS,1984,0.0,0,0
archive-11742,Curtis Jordan,FS,WAS,1985,0.0,0,0
archive-11742,Curtis Jordan,DB,WAS,1986,0.0,0,0
archive-11743,Darin Jordan,LB,PIT,1988,0.0,0,0
archive-11743,Darin Jordan,LB,SF,1991,0.0,0,0
archive-11743,Darin Jordan,LB,SF,1992,0.0,0,0
archive-11743,Darin Jordan,LB,SF,1993,0.0,0,0
archive-11753,Ken Jordan,LB,GB,1987,1.0,0,0
archive-11762,Richard Jordan,LB,DET,1997,0.0,0.0,0.0
archive-11762,Richard Jordan,LB,DET,1998,0.0,0.0,1.0
archive-11766,Tim Jordan,LB,NE,1987,0.0,0,0
archive-11766,Tim Jordan,LB,NE,1988,3.0,0,0
archive-11766,Tim Jordan,LB,NE,1989,0.0,0,0
archive-11773,Dwayne Joseph,CB,CHI,1995,0.0,0.0,2.0
archive-11780,Kerry Joseph,DB,SEA,1998,0.0,0.0,0.0
archive-11784,Vance Joseph,CB,NYJ,1995,0.0,0.0,2.0
archive-11784,Vance Joseph,DB,IND,1996,0.0,0.0,0.0
archive-11799,Larry Joyner,LB,TEN,1987,0.0,0,0
archive-11800,Seth Joyner,LB,PHI,1986,2.0,0,0
archive-11800,Seth Joyner,LB,PHI,1987,4.0,0,0
archive-11800,Seth Joyner,LB,PHI,1988,3.5,0,0
archive-11800,Seth Joyner,LB,PHI,1989,5.0,0,0
archive-11800,Seth Joyner,LB,PHI,1990,7.5,0,0
archive-11800,Seth Joyner,LB,PHI,1991,6.5,0,0
archive-11800,Seth Joyner,LB,PHI,1992,6.5,0,0
archive-11800,Seth Joyner,LB,PHI,1993,2.0,0,0
archive-11800,Seth Joyner,LB,ARI,1994,6.0,0.0,3.0
archive-11800,Seth Joyner,LB,ARI,1995,1.0,0.0,3.0
archive-11800,Seth Joyner,LB,ARI,1996,5.0,0.0,1.0
archive-11800,Seth Joyner,LB,GB,1997,3.0,0.0,0.0
archive-11800,Seth Joyner,LB,DEN,1998,0.0,0.0,0.0
archive-11804,Ed Judie,LB,SF,1982,0.0,0,0
archive-11804,Ed Judie,LB,SF,1983,0.0,0,0
archive-11804,Ed Judie,LB,TB,1983,1.0,0,0
archive-11804,Ed Judie,LB,MIA,1984,0.0,0,0
archive-11806,William Judson,DB,MIA,1982,0.0,0,0
archive-11806,William Judson,CB,MIA,1983,0.0,0,0
archive-11806,William Judson,CB,MIA,1984,0.0,0,0
archive-11806,William Judson,CB,MIA,1985,0.0,0,0
archive-11806,William Judson,DB,MIA,1986,0.0,0,0
archive-11806,William Judson,DB,MIA,1987,0.0,0,0
archive-11806,William Judson,CB,MIA,1988,0.0,0,0
archive-11806,William Judson,CB,MIA,1989,0.0,0,0
archive-11814,E.J. Junior,LB,ARI,1982,1.5,0,0
archive-11814,E.J. Junior,LB,ARI,1983,7.5,0,0
archive-11814,E.J. Junior,LB,ARI,1984,9.5,0,0
archive-11814,E.J. Junior,LB,ARI,1985,2.0,0,0
archive-11814,E.J. Junior,LB,ARI,1986,0.0,0,0
archive-11814,E.J. Junior,LB,ARI,1987,2.0,0,0
archive-11814,E.J. Junior,LB,ARI,1988,2.0,0,0
archive-11814,E.J. Junior,LB,MIA,1989,1.0,0,0
archive-11814,E.J. Junior,LB,MIA,1990,6.0,0,0
archive-11814,E.J. Junior,LB,MIA,1991,5.0,0,0
archive-11814,E.J. Junior,LB,SEA,1992,0.0,0,0
archive-11814,E.J. Junior,LB,TB,1992,0.0,0,0
archive-11814,E.J. Junior,LB,SEA,1993,0.0,0,0
archive-11816,Mike Junkin,LB,CLE,1987,0.0,0,0
archive-11816,Mike Junkin,LB,CLE,1988,0.0,0,0
archive-11816,Mike Junkin,LB,KC,1989,0.0,0,0
archive-11824,John Jurkovic,DT,GB,1991,0.0,0,0
archive-11824,John Jurkovic,DT,GB,1992,2.0,0,0
archive-11824,John Jurkovic,DT,GB,1993,5.5,0,0
archive-11824,John Jurkovic,DT,GB,1994,0.0,0.0,0.0
archive-11824,John Jurkovic,DT,GB,1995,1.0,0.0,0.0
archive-11824,John Jurkovic,DT,JAX,1996,1.0,0.0,0.0
archive-11824,John Jurkovic,DT,MIA,1996,0.0,0.0,0.0
archive-11824,John Jurkovic,DT,NE,1996,0.0,0.0,0.0
archive-11824,John Jurkovic,DT,JAX,1997,0.0,0.0,0.0
archive-11824,John Jurkovic,DT,MIA,1997,0.0,0.0,0.0
archive-11824,John Jurkovic,DT,JAX,1998,0.5,0.0,0.0
archive-11831,Kerry Justin,CB,SEA,1982,0.0,0,0
archive-11831,Kerry Justin,CB,SEA,1983,0.0,0,0
archive-11831,Kerry Justin,DB,SEA,1986,0.0,0,0
archive-11831,Kerry Justin,DB,SEA,1987,0.0,0,0
archive-11833,Sid Justin,DB,IND,1982,0.0,0,0
archive-11838,John Kacherski,LB,DEN,1992,0.0,0,0
archive-11839,Jeff Kacmarek,NT,DET,1987,0.0,0,0
archive-11852,Kurt Kafentzis,DB,TEN,1987,0.0,0,0
archive-11853,Mark Kafentzis,DB,CLE,1982,0.0,0,0
archive-11853,Mark Kafentzis,S,IND,1983,0.0,0,0
archive-11853,Mark Kafentzis,S,IND,1984,0.0,0,0
archive-11860,Jason Kaiser,CB,KC,1998,0.0,0.0,0.0
archive-11861,John Kaiser,LB,SEA,1984,0.0,0,0
archive-11861,John Kaiser,LB,SEA,1985,0.0,0,0
archive-11861,John Kaiser,LB,SEA,1986,0.0,0,0
archive-11861,John Kaiser,LB,BUF,1987,0.0,0,0
archive-11864,Jim Kalafat,LB,LAR,1987,0.0,0,0
archive-11873,N.D. Kalu,DE,WAS,1998,3.0,0.0,0.0
archive-11914,Keith Karpinski,LB,DET,1989,0.0,0,0
archive-11921,Ted Karras,DT,WAS,1987,1.0,0,0
archive-11952,Mel Kaufman,LB,WAS,1982,1.5,0,0
archive-11952,Mel Kaufman,LB,WAS,1983,1.5,0,0
archive-11952,Mel Kaufman,LB,WAS,1984,5.5,0,0
archive-11952,Mel Kaufman,LB,WAS,1985,4.0,0,0
archive-11952,Mel Kaufman,LB,WAS,1986,3.0,0,0
archive-11952,Mel Kaufman,LB,WAS,1987,2.0,0,0
archive-11952,Mel Kaufman,LB,WAS,1988,1.0,0,0
archive-11955,Steve Kaufusi,DE,PHI,1989,0.0,0,0
archive-11955,Steve Kaufusi,DE,PHI,1990,0.0,0,0
archive-11956,Thom Kaumeyer,DB,SEA,1989,0.0,0,0
archive-11956,Thom Kaumeyer,DB,SEA,1990,0.0,0,0
archive-11962,Bill Kay,CB,TEN,1982,0.0,0,0
archive-11962,Bill Kay,CB,TEN,1983,0.0,0,0
archive-11962,Bill Kay,DB,ARI,1984,0.0,0,0
archive-11962,Bill Kay,DB,LAC,1984,0.0,0,0
archive-11965,Muadianvita Kazadi,LB,LAR,1997,0.0,0.0,0.0
archive-11981,Chris Keating,LB,BUF,1982,0.0,0,0
archive-11981,Chris Keating,LB,BUF,1983,0.0,0,0
archive-11981,Chris Keating,LB,BUF,1984,2.0,0,0
archive-11981,Chris Keating,LB,WAS,1985,0.0,0,0
archive-11987,Jerry Keeble,LB,SF,1987,0.0,0,0
archive-11998,Brad Keeney,DT,NYJ,1996,0.0,0.0,0.0
archive-12002,Carl Keever,LB,SF,1987,0.0,0,0
archive-12019,Louie Kelcher,DT,LAC,1982,2.0,0,0
archive-12019,Louie Kelcher,DT,LAC,1983,0.0,0,0
archive-12019,Louie Kelcher,DT,SF,1984,0.0,0,0
archive-12025,Scott Kellar,NT,IND,1986,1.0,0,0
archive-12025,Scott Kellar,NT,IND,1987,0.0,0,0
archive-12034,Brian Kelley,LB,NYG,1982,0.0,0,0
archive-12034,Brian Kelley,LB,NYG,1983,1.5,0,0
archive-12047,Kevin Kellin,DT,TB,1986,2.0,0,0
archive-12047,Kevin Kellin,DT,TB,1987,3.5,0,0
archive-12047,Kevin Kellin,DT,TB,1988,0.0,0,0
archive-12058,Brian Kelly,DB,TB,1998,0.0,0.0,1.0
archive-12068,Joe Kelly,LB,CIN,1986,1.0,0,0
archive-12068,Joe Kelly,LB,CIN,1987,1.0,0,0
archive-12068,Joe Kelly,LB,CIN,1988,0.0,0,0
archive-12068,Joe Kelly,LB,CIN,1989,1.0,0,0
archive-12068,Joe Kelly,LB,NYJ,1990,0.0,0,0
archive-12068,Joe Kelly,LB,NYJ,1991,0.0,0,0
archive-12068,Joe Kelly,LB,NYJ,1992,0.0,0,0
archive-12068,Joe Kelly,LB,LV,1993,1.0,0,0
archive-12068,Joe Kelly,LB,LAR,1994,2.0,0.0,1.0
archive-12068,Joe Kelly,LB,GB,1995,0.0,0.0,1.0
archive-12068,Joe Kelly,LB,PHI,1996,0.0,0.0,0.0
archive-12077,Rob Kelly,DB,NO,1997,0.0,0.0,1.0
archive-12077,Rob Kelly,DB,NO,1998,0.0,0.0,2.0
archive-12081,Todd Kelly,LB,SF,1993,1.0,0,0
archive-12081,Todd Kelly,LB,SF,1994,3.5,0.0,0.0
archive-12081,Todd Kelly,LB,CIN,1995,1.0,0.0,0.0
archive-12081,Todd Kelly,LB,ATL,1996,0.0,0.0,0.0
archive-12081,Todd Kelly,LB,CIN,1996,0.0,0.0,0.0
archive-12081,Todd Kelly,LB,LAC,1996,0.0,0.0,0.0
archive-12084,Larry Kelm,LB,LAR,1987,0.0,0,0
archive-12084,Larry Kelm,LB,LAR,1988,0.0,0,0
archive-12084,Larry Kelm,LB,LAR,1989,1.0,0,0
archive-12084,Larry Kelm,LB,LAR,1990,0.0,0,0
archive-12084,Larry Kelm,LB,LAR,1991,2.0,0,0
archive-12084,Larry Kelm,LB,LAR,1992,0.0,0,0
archive-12084,Larry Kelm,LB,SF,1993,0.0,0,0
archive-12089,Mark Kelso,DB,BUF,1986,0.0,0,0
archive-12089,Mark Kelso,FS,BUF,1987,0.0,0,0
archive-12089,Mark Kelso,FS,BUF,1988,0.0,0,0
archive-12089,Mark Kelso,FS,BUF,1989,0.0,0,0
archive-12089,Mark Kelso,FS,BUF,1990,0.0,0,0
archive-12089,Mark Kelso,FS,BUF,1991,0.0,0,0
archive-12089,Mark Kelso,FS,BUF,1992,0.0,0,0
archive-12089,Mark Kelso,FS,BUF,1993,0.0,0,0
archive-12092,Bobby Kemp,S,CIN,1982,1.0,0,0
archive-12092,Bobby Kemp,S,CIN,1983,1.0,0,0
archive-12092,Bobby Kemp,S,CIN,1984,0.0,0,0
archive-12092,Bobby Kemp,S,CIN,1985,1.0,0,0
archive-12092,Bobby Kemp,DB,CIN,1986,0.0,0,0
archive-12092,Bobby Kemp,DB,TB,1987,0.0,0,0
archive-12114,Ken Kennard,NT,TEN,1982,3.0,0,0
archive-12120,Cortez Kennedy ,DT,SEA,1990,1.0,0,0
archive-12120,Cortez Kennedy ,DT,SEA,1991,6.5,0,0
archive-12120,Cortez Kennedy ,DT,SEA,1992,14.0,0,0
archive-12120,Cortez Kennedy ,DT,SEA,1993,6.5,0,0
archive-12120,Cortez Kennedy ,DT,SEA,1994,4.0,0.0,0.0
archive-12120,Cortez Kennedy ,DT,SEA,1995,6.5,0.0,0.0
archive-12120,Cortez Kennedy ,DT,SEA,1996,8.0,0.0,0.0
archive-12120,Cortez Kennedy ,DT,SEA,1997,2.0,0.0,0.0
archive-12120,Cortez Kennedy ,DT,SEA,1998,2.0,0.0,0.0
archive-12126,Mike Kennedy ,DB,BUF,1983,0.0,0,0
archive-12126,Mike Kennedy ,DB,TEN,1984,0.0,0,0
archive-12127,Sam Kennedy ,LB,SF,1988,0.0,0,0
archive-12153,Marlon Kerner,CB,BUF,1995,0.0,0.0,0.0
archive-12153,Marlon Kerner,DB,BUF,1996,1.0,0.0,1.0
archive-12153,Marlon Kerner,CB,BUF,1997,0.0,0.0,2.0
archive-12153,Marlon Kerner,DB,BUF,1998,0.0,0.0,0.0
archive-12175,David Key,DB,NE,1991,0.0,0,0
archive-12181,Marcus Keyes ,DT,CHI,1996,0.0,0.0,0.0
archive-12185,Tyrone Keys,DE,CHI,1983,1.0,0,0
archive-12185,Tyrone Keys,DE,CHI,1984,3.5,0,0
archive-12185,Tyrone Keys,DE,CHI,1985,2.0,0,0
archive-12185,Tyrone Keys,DE,TB,1986,0.0,0,0
archive-12185,Tyrone Keys,DE,TB,1987,0.5,0,0
archive-12185,Tyrone Keys,DE,LAC,1988,3.0,0,0
archive-12192,Carl Kidd,CB,LV,1995,0.0,0.0,0.0
archive-12192,Carl Kidd,DB,LV,1996,0.0,0.0,1.0
archive-12213,Terry Killens,LB,CIN,1996,0.0,0.0,0.0
archive-12213,Terry Killens,LB,DAL,1996,0.0,0.0,0.0
archive-12213,Terry Killens,LB,TEN,1996,0.0,0.0,0.0
archive-12213,Terry Killens,LB,BUF,1997,0.0,0.0,0.0
archive-12213,Terry Killens,LB,MIA,1997,0.0,0.0,0.0
archive-12213,Terry Killens,LB,TEN,1997,0.0,0.0,0.0
archive-12213,Terry Killens,LB,TEN,1998,0.0,0.0,0.0
archive-12228,Garry Kimble,DB,WAS,1987,0.0,0,0
archive-12234,Jamie Kimmel,LB,LV,1986,0.0,0,0
archive-12234,Jamie Kimmel,LB,LV,1987,0.0,0,0
archive-12235,Jerry Kimmel,LB,NYG,1987,0.0,0,0
archive-12236,Jon Kimmel,LB,PHI,1985,0.0,0,0
archive-12236,Jon Kimmel,LB,WAS,1987,0.0,0,0
archive-12241,Terry Kinard,FS,NYG,1983,1.0,0,0
archive-12241,Terry Kinard,FS,NYG,1984,0.0,0,0
archive-12241,Terry Kinard,FS,NYG,1985,1.0,0,0
archive-12241,Terry Kinard,DB,NYG,1986,1.0,0,0
archive-12241,Terry Kinard,DB,NYG,1987,0.0,0,0
archive-12241,Terry Kinard,FS,NYG,1988,0.0,0,0
archive-12241,Terry Kinard,FS,NYG,1989,0.0,0,0
archive-12241,Terry Kinard,FS,TEN,1990,0.0,0,0
archive-12265,Angelo King,LB,DAL,1982,0.0,0,0
archive-12265,Angelo King,LB,DAL,1983,0.0,0,0
archive-12265,Angelo King,LB,DET,1984,0.0,0,0
archive-12265,Angelo King,LB,DET,1985,4.0,0,0
archive-12265,Angelo King,LB,DET,1986,2.0,0,0
archive-12265,Angelo King,LB,DET,1987,0.0,0,0
archive-12273,David King,DB,LAC,1985,0.0,0,0
archive-12273,David King,DB,GB,1987,0.0,0,0
archive-12279,Don King,DB,GB,1987,0.0,0,0
archive-12282,Emanuel King,LB,CIN,1985,2.0,0,0
archive-12282,Emanuel King,LB,CIN,1986,9.0,0,0
archive-12282,Emanuel King,LB,CIN,1987,4.0,0,0
archive-12282,Emanuel King,LB,CIN,1988,0.0,0,0
archive-12282,Emanuel King,LB,LV,1989,0.0,0,0
archive-12294,Joe King,CB,CIN,1991,0.0,0,0
archive-12294,Joe King,CB,CLE,1991,0.0,0,0
archive-12294,Joe King,CB,TB,1992,0.0,0,0
archive-12294,Joe King,FS,TB,1993,0.0,0,0
archive-12294,Joe King,SAF,LV,1995,0.0,0.0,0.0
archive-12300,Linden King,LB,LAC,1982,1.0,0,0
archive-12300,Linden King,LB,LAC,1983,8.0,0,0
archive-12300,Linden King,LB,LAC,1984,4.0,0,0
archive-12300,Linden King,LB,LAC,1985,6.0,0,0
archive-12300,Linden King,LB,LV,1986,0.0,0,0
archive-12300,Linden King,LB,LV,1987,4.5,0,0
archive-12300,Linden King,LB,LV,1988,1.0,0,0
archive-12300,Linden King,LB,LV,1989,0.0,0,0
archive-12307,Shawn King,DE,CAR,1995,2.0,0.0,0.0
archive-12307,Shawn King,DE,CAR,1996,3.0,0.0,1.0
archive-12307,Shawn King,DE,KC,1996,0.0,0.0,0.0
archive-12307,Shawn King,DE,CAR,1997,2.0,0.0,0.0
archive-12310,Tim King,DB,TB,1987,0.0,0,0
archive-12318,Reggie Kinlaw,NT,LV,1982,1.0,0,0
archive-12318,Reggie Kinlaw,NT,LV,1983,1.0,0,0
archive-12318,Reggie Kinlaw,NT,LV,1984,0.0,0,0
archive-12318,Reggie Kinlaw,NT,SEA,1985,0.0,0,0
archive-12318,Reggie Kinlaw,NT,SEA,1986,0.0,0,0
archive-12323,Kelvin Kinney,DE,LAC,1997,0.0,0.0,0.0
archive-12323,Kelvin Kinney,DE,WAS,1997,0.0,0.0,0.0
archive-12323,Kelvin Kinney,DE,WAS,1998,1.0,0.0,0.0
archive-12332,Kelly Kirchbaum,LB,PHI,1987,0.0,0,0
archive-12339,Randy Kirk,LB,LAC,1987,1.0,0,0
archive-12339,Randy Kirk,LB,LAC,1988,0.0,0,0
archive-12339,Randy Kirk,LB,ARI,1989,0.0,0,0
archive-12339,Randy Kirk,LB,WAS,1990,0.0,0,0
archive-12339,Randy Kirk,LB,CLE,1991,0.0,0,0
archive-12339,Randy Kirk,LB,LAC,1991,0.0,0,0
archive-12339,Randy Kirk,LB,CIN,1992,0.0,0,0
archive-12339,Randy Kirk,LB,CIN,1993,0.0,0,0
archive-12339,Randy Kirk,LB,ARI,1994,0.0,0.0,0.0
archive-12339,Randy Kirk,LB,ARI,1995,0.0,0.0,0.0
archive-12339,Randy Kirk,LB,NYJ,1996,0.0,0.0,0.0
archive-12339,Randy Kirk,LB,SF,1996,0.0,0.0,0.0
archive-12339,Randy Kirk,LB,SF,1997,0.0,0.0,0.0
archive-12339,Randy Kirk,LB,SF,1998,0.0,0.0,0.0
archive-12343,Levon Kirkland,LB,PIT,1992,0.0,0,0
archive-12343,Levon Kirkland,LB,PIT,1993,1.0,0,0
archive-12343,Levon Kirkland,LB,PIT,1994,3.0,0.0,2.0
archive-12343,Levon Kirkland,LB,PIT,1995,2.0,0.0,1.0
archive-12343,Levon Kirkland,LB,BUF,1996,0.0,0.0,0.0
archive-12343,Levon Kirkland,LB,NYJ,1996,0.0,0.0,0.0
archive-12343,Levon Kirkland,LB,PIT,1996,4.0,0.0,5.0
archive-12343,Levon Kirkland,LB,CIN,1997,0.0,0.0,0.0
archive-12343,Levon Kirkland,LB,NYJ,1997,0.0,0.0,0.0
archive-12343,Levon Kirkland,LB,PIT,1997,6.0,0.0,4.0
archive-12343,Levon Kirkland,LB,PIT,1998,2.5,0.0,1.0
archive-12349,Jon Kirksey,DT,LAR,1996,0.0,0.0,0.0
archive-12351,William Kirksey,LB,MIN,1990,0.0,0,0
archive-12355,Travis Kirschke,DT,DET,1997,0.0,0.0,0.0
archive-12381,Joe Klecko,DT,NYJ,1982,2.0,0,0
archive-12381,Joe Klecko,DT,NYJ,1983,6.5,0,0
archive-12381,Joe Klecko,DT,NYJ,1984,3.0,0,0
archive-12381,Joe Klecko,DT,NYJ,1985,7.5,0,0
archive-12381,Joe Klecko,DT,NYJ,1986,4.0,0,0
archive-12381,Joe Klecko,DT,NYJ,1987,1.0,0,0
archive-12381,Joe Klecko,DT,IND,1988,0.0,0,0
archive-12396,Chuck Klingbeil,DT,MIA,1991,5.0,0,0
archive-12396,Chuck Klingbeil,DT,MIA,1992,1.0,0,0
archive-12396,Chuck Klingbeil,DT,MIA,1993,1.5,0,0
archive-12396,Chuck Klingbeil,DT,MIA,1994,0.0,0.0,0.0
archive-12396,Chuck Klingbeil,DT,MIA,1995,0.0,0.0,0.0
archive-12397,John Klingel,DE,PHI,1987,0.0,0,0
archive-12397,John Klingel,DE,PHI,1988,0.0,0,0
archive-12401,Bruce Klosterman,LB,DEN,1987,0.0,0,0
archive-12401,Bruce Klosterman,LB,DEN,1988,0.0,0,0
archive-12401,Bruce Klosterman,LB,DEN,1989,0.0,0,0
archive-12401,Bruce Klosterman,LB,LAR,1990,0.0,0,0
archive-12406,Dave Klug,LB,KC,1982,0.0,0,0
archive-12406,Dave Klug,LB,KC,1983,0.0,0,0
archive-12428,Leander Knight,DB,ATL,1987,0.0,0,0
archive-12428,Leander Knight,DB,ATL,1988,0.0,0,0
archive-12428,Leander Knight,DB,NYJ,1989,0.0,0,0
archive-12428,Leander Knight,S,TEN,1990,0.0,0,0
archive-12432,Sammy Knight,FS,NO,1997,0.0,0.0,5.0
archive-12432,Sammy Knight,FS,NO,1998,0.0,0.0,6.0
archive-12433,Shawn Knight,DE,NO,1987,0.0,0,0
archive-12433,Shawn Knight,DE,DEN,1988,0.0,0,0
archive-12433,Shawn Knight,DE,ARI,1989,0.0,0,0
archive-12435,Suge Knight,DE,LAR,1987,0.0,0,0
archive-12436,Tom Knight,CB,ARI,1997,0.0,0.0,0.0
archive-12436,Tom Knight,DB,DET,1997,0.0,0.0,0.0
archive-12436,Tom Knight,CB,ARI,1998,1.0,0.0,0.0
archive-12438,Kurt Knoff,S,MIN,1982,1.0,0,0
archive-12446,Daryl Knox,LB,PIT,1987,0.0,0,0
archive-12450,Mike Knox,LB,DEN,1987,0.0,0,0
archive-12455,Matt Koart,DE,GB,1986,0.0,0,0
archive-12461,Markus Koch,DE,WAS,1986,0.0,0,0
archive-12461,Markus Koch,DE,WAS,1987,2.5,0,0
archive-12461,Markus Koch,DE,WAS,1988,3.5,0,0
archive-12461,Markus Koch,DE,WAS,1989,2.0,0,0
archive-12461,Markus Koch,DE,WAS,1990,2.0,0,0
archive-12461,Markus Koch,DE,WAS,1991,1.0,0,0
archive-12462,Pete Koch,NT,CIN,1984,0.0,0,0
archive-12462,Pete Koch,NT,KC,1985,2.0,0,0
archive-12462,Pete Koch,NT,KC,1986,5.5,0,0
archive-12462,Pete Koch,NT,KC,1987,0.5,0,0
archive-12462,Pete Koch,NT,LV,1989,0.0,0,0
archive-12481,Joe Kohlbrand,LB,NO,1985,0.0,0,0
archive-12481,Joe Kohlbrand,LB,NO,1986,0.0,0,0
archive-12481,Joe Kohlbrand,LB,NO,1987,0.0,0,0
archive-12481,Joe Kohlbrand,LB,NO,1988,2.0,0,0
archive-12481,Joe Kohlbrand,LB,NO,1989,0.0,0,0
archive-12482,Bob Kohrs,DE,PIT,1982,2.0,0,0
archive-12482,Bob Kohrs,DE,PIT,1983,1.5,0,0
archive-12482,Bob Kohrs,DE,PIT,1984,0.0,0,0
archive-12482,Bob Kohrs,DE,PIT,1985,0.0,0,0
archive-12489,Larry Kolic,LB,MIA,1986,0.0,0,0
archive-12489,Larry Kolic,LB,MIA,1987,0.0,0,0
archive-12489,Larry Kolic,LB,MIA,1988,0.0,0,0
archive-12512,George Koonce,LB,GB,1992,1.5,0,0
archive-12512,George Koonce,LB,GB,1993,3.0,0,0
archive-12512,George Koonce,LB,GB,1994,1.0,0.0,0.0
archive-12512,George Koonce,LB,GB,1995,1.0,0.0,1.0
archive-12512,George Koonce,LB,GB,1996,0.0,0.0,3.0
archive-12512,George Koonce,LB,GB,1997,0.0,0.0,0.0
archive-12512,George Koonce,LB,GB,1998,1.0,0.0,1.0
archive-12520,Jeff Kopp,LB,MIA,1995,0.0,0.0,0.0
archive-12520,Jeff Kopp,LB,JAX,1996,0.0,0.0,0.0
archive-12520,Jeff Kopp,LB,MIA,1996,0.0,0.0,0.0
archive-12520,Jeff Kopp,LB,NE,1996,0.0,0.0,0.0
archive-12520,Jeff Kopp,LB,JAX,1997,1.0,0.0,1.0
archive-12520,Jeff Kopp,LB,MIA,1997,0.0,0.0,0.0
archive-12520,Jeff Kopp,LB,NE,1997,0.0,0.0,0.0
archive-12520,Jeff Kopp,LB,BAL,1998,0.0,0.0,0.0
archive-12520,Jeff Kopp,LB,JAX,1998,0.0,0.0,0.0
archive-12523,Mark Korff,LB,SF,1987,1.5,0,0
archive-12525,R.J. Kors,DB,NYJ,1991,0.0,0,0
archive-12525,R.J. Kors,DB,NYJ,1992,0.0,0,0
archive-12525,R.J. Kors,DB,CIN,1993,0.0,0,0
archive-12550,Jim Kovach,LB,NO,1982,2.5,0,0
archive-12550,Jim Kovach,LB,NO,1983,3.0,0,0
archive-12550,Jim Kovach,LB,NO,1984,1.0,0,0
archive-12550,Jim Kovach,LB,NO,1985,1.0,0,0
archive-12550,Jim Kovach,LB,SF,1985,0.0,0,0
archive-12553,Mike Kovaleski,LB,CLE,1987,0.0,0,0
archive-12559,Scott Kowalkowski,LB,PHI,1991,0.0,0,0
archive-12559,Scott Kowalkowski,LB,PHI,1992,0.0,0,0
archive-12559,Scott Kowalkowski,LB,DET,1994,0.0,0.0,0.0
archive-12559,Scott Kowalkowski,LB,DET,1995,0.0,0.0,0.0
archive-12559,Scott Kowalkowski,LB,DET,1996,0.0,0.0,0.0
archive-12559,Scott Kowalkowski,LB,DET,1997,0.0,0.0,0.0
archive-12559,Scott Kowalkowski,LB,DET,1998,0.0,0.0,0.0
archive-12568,Scott Kozak,LB,TEN,1989,0.0,0,0
archive-12568,Scott Kozak,LB,TEN,1990,0.0,0,0
archive-12568,Scott Kozak,LB,TEN,1991,0.5,0,0
archive-12568,Scott Kozak,LB,TEN,1992,0.0,0,0
archive-12568,Scott Kozak,LB,TEN,1993,0.0,0,0
archive-12574,Mike Kozlowski ,DB,MIA,1982,1.0,0,0
archive-12574,Mike Kozlowski ,DB,MIA,1983,1.0,0,0
archive-12574,Mike Kozlowski ,DB,MIA,1984,0.0,0,0
archive-12574,Mike Kozlowski ,DB,MIA,1985,0.0,0,0
archive-12574,Mike Kozlowski ,DB,MIA,1986,0.0,0,0
archive-12585,Greg Kragen,NT,DEN,1985,2.0,0,0
archive-12585,Greg Kragen,NT,DEN,1986,0.0,0,0
archive-12585,Greg Kragen,NT,DEN,1987,2.0,0,0
archive-12585,Greg Kragen,NT,DEN,1988,2.5,0,0
archive-12585,Greg Kragen,NT,DEN,1989,2.0,0,0
archive-12585,Greg Kragen,NT,DEN,1990,2.0,0,0
archive-12585,Greg Kragen,NT,DEN,1991,3.5,0,0
archive-12585,Greg Kragen,NT,DEN,1992,5.5,0,0
archive-12585,Greg Kragen,NT,DEN,1993,3.0,0,0
archive-12585,Greg Kragen,NT,KC,1994,0.0,0.0,0.0
archive-12585,Greg Kragen,NT,CAR,1995,1.0,0.0,1.0
archive-12585,Greg Kragen,NT,CAR,1996,3.0,0.0,0.0
archive-12585,Greg Kragen,NT,KC,1996,0.0,0.0,0.0
archive-12585,Greg Kragen,NT,CAR,1997,2.0,0.0,0.0
archive-12590,Joe Krakoski,LB,WAS,1986,0.0,0,0
archive-12599,Kyle Kramer ,DB,CLE,1989,0.0,0,0
archive-12614,Barry Krauss,LB,IND,1982,2.0,0,0
archive-12614,Barry Krauss,LB,IND,1983,1.0,0,0
archive-12614,Barry Krauss,LB,IND,1984,1.0,0,0
archive-12614,Barry Krauss,LB,IND,1985,1.0,0,0
archive-12614,Barry Krauss,LB,IND,1986,0.0,0,0
archive-12614,Barry Krauss,LB,IND,1987,2.0,0,0
archive-12614,Barry Krauss,LB,IND,1988,0.0,0,0
archive-12614,Barry Krauss,LB,MIA,1989,1.0,0,0
archive-12615,Rich Kraynak,LB,PHI,1983,0.0,0,0
archive-12615,Rich Kraynak,LB,PHI,1984,0.0,0,0
archive-12615,Rich Kraynak,LB,PHI,1985,0.0,0,0
archive-12615,Rich Kraynak,LB,PHI,1986,0.0,0,0
archive-12615,Rich Kraynak,LB,ATL,1987,0.0,0,0
archive-12623,Ken Kremer,NT,KC,1982,1.0,0,0
archive-12623,Ken Kremer,NT,KC,1983,2.0,0,0
archive-12623,Ken Kremer,NT,KC,1984,2.5,0,0
archive-12642,John Krimm,DB,NO,1982,0.0,0,0
archive-12663,Todd Krumm,LB,CHI,1988,0.0,0,0
archive-12664,Tim Krumrie,NT,CIN,1983,1.5,0,0
archive-12664,Tim Krumrie,NT,CIN,1984,5.0,0,0
archive-12664,Tim Krumrie,NT,CIN,1985,3.5,0,0
archive-12664,Tim Krumrie,NT,CIN,1986,1.0,0,0
archive-12664,Tim Krumrie,NT,CIN,1987,3.5,0,0
archive-12664,Tim Krumrie,NT,CIN,1988,3.0,0,0
archive-12664,Tim Krumrie,NT,CIN,1989,3.0,0,0
archive-12664,Tim Krumrie,NT,CIN,1990,2.0,0,0
archive-12664,Tim Krumrie,NT,CIN,1991,4.0,0,0
archive-12664,Tim Krumrie,NT,CIN,1992,4.0,0,0
archive-12664,Tim Krumrie,NT,CIN,1993,3.0,0,0
archive-12664,Tim Krumrie,NT,CIN,1994,1.0,0.0,0.0
archive-12671,Bob Kuberski ,DT,GB,1995,2.0,0.0,0.0
archive-12671,Bob Kuberski ,DT,GB,1996,0.0,0.0,0.0
archive-12671,Bob Kuberski ,DT,GB,1997,0.0,0.0,0.0
archive-12671,Bob Kuberski ,DT,GB,1998,0.0,0.0,0.0
archive-12673,Larry Kubin,LB,WAS,1982,0.5,0,0
archive-12673,Larry Kubin,LB,WAS,1983,0.0,0,0
archive-12673,Larry Kubin,LB,WAS,1984,0.0,0,0
archive-12673,Larry Kubin,LB,BUF,1985,0.0,0,0
archive-12673,Larry Kubin,LB,TB,1985,0.0,0,0
archive-12681,Ryan Kuehl,DT,WAS,1996,0.0,0.0,0.0
archive-12681,Ryan Kuehl,DT,LAC,1997,0.0,0.0,0.0
archive-12681,Ryan Kuehl,DT,WAS,1997,0.0,0.0,0.0
archive-12685,Pete Kugler,NT,SF,1982,2.0,0,0
archive-12685,Pete Kugler,NT,SF,1983,4.0,0,0
archive-12685,Pete Kugler,NT,SF,1986,0.0,0,0
archive-12685,Pete Kugler,NT,SF,1987,4.5,0,0
archive-12685,Pete Kugler,NT,SF,1988,0.0,0,0
archive-12685,Pete Kugler,NT,SF,1989,4.0,0,0
archive-12685,Pete Kugler,NT,SF,1990,0.0,0,0
archive-12694,Mike Kullman,DB,PHI,1987,0.0,0,0
archive-12695,Eric Kumerow,DE,MIA,1988,3.0,0,0
archive-12695,Eric Kumerow,DE,MIA,1989,2.0,0,0
archive-12695,Eric Kumerow,DE,MIA,1990,0.0,0,0
archive-12712,Rod Kush ,DB,BUF,1982,0.0,0,0
archive-12712,Rod Kush ,DB,BUF,1983,0.0,0,0
archive-12712,Rod Kush ,DB,BUF,1984,2.0,0,0
archive-12712,Rod Kush ,DB,TEN,1985,5.0,0,0
archive-12718,Fulton Kuykendall,LB,ATL,1982,0.0,0,0
archive-12718,Fulton Kuykendall,LB,ATL,1983,1.0,0,0
archive-12718,Fulton Kuykendall,LB,ATL,1984,1.0,0,0
archive-12718,Fulton Kuykendall,LB,SF,1985,0.0,0,0
archive-12725,Aaron Kyle,CB,DEN,1982,0.0,0,0
archive-12726,Jason Kyle,LB,SEA,1995,0.0,0.0,0.0
archive-12726,Jason Kyle,LB,SEA,1996,0.0,0.0,0.0
archive-12726,Jason Kyle,LB,SEA,1998,0.0,0.0,0.0
archive-12733,Sandy LaBeaux,DB,TB,1983,0.0,0,0
archive-12736,Matt LaBounty,DE,SF,1993,0.0,0,0
archive-12736,Matt LaBounty,DE,GB,1995,4.0,0.0,0.0
archive-12736,Matt LaBounty,DE,SEA,1996,0.0,0.0,0.0
archive-12736,Matt LaBounty,DE,NYJ,1997,0.0,0.0,0.0
archive-12736,Matt LaBounty,DE,SEA,1997,3.0,0.0,0.0
archive-12736,Matt LaBounty,DE,SEA,1998,6.0,0.0,0.0
archive-12769,Jeff Lageman,DE,NYJ,1989,4.5,0,0
archive-12769,Jeff Lageman,DE,NYJ,1990,4.0,0,0
archive-12769,Jeff Lageman,DE,NYJ,1991,11.0,0,0
archive-12769,Jeff Lageman,DE,NYJ,1992,1.0,0,0
archive-12769,Jeff Lageman,DE,NYJ,1993,8.5,0,0
archive-12769,Jeff Lageman,DE,NYJ,1994,6.5,0.0,0.0
archive-12769,Jeff Lageman,DE,JAX,1995,3.0,0.0,0.0
archive-12769,Jeff Lageman,DE,JAX,1996,4.5,0.0,0.0
archive-12769,Jeff Lageman,DE,MIA,1996,0.0,0.0,0.0
archive-12769,Jeff Lageman,DE,NE,1996,0.0,0.0,0.0
archive-12769,Jeff Lageman,DE,JAX,1997,5.0,0.0,0.0
archive-12769,Jeff Lageman,DE,MIA,1997,0.0,0.0,0.0
archive-12769,Jeff Lageman,DE,NE,1997,0.0,0.0,0.0
archive-12769,Jeff Lageman,DE,JAX,1998,0.0,0.0,0.0
archive-12779,Bruce Laird,DB,LAC,1982,0.0,0,0
archive-12779,Bruce Laird,DB,LAC,1983,0.0,0,0
archive-12783,Carnell Lake,S,PIT,1989,1.0,0,0
archive-12783,Carnell Lake,S,PIT,1990,1.0,0,0
archive-12783,Carnell Lake,S,PIT,1991,1.0,0,0
archive-12783,Carnell Lake,S,PIT,1992,3.0,0,0
archive-12783,Carnell Lake,S,PIT,1993,5.0,0,0
archive-12783,Carnell Lake,S,PIT,1994,2.0,0.0,1.0
archive-12783,Carnell Lake,CB,PIT,1995,1.5,0.0,2.0
archive-12783,Carnell Lake,DB,BUF,1996,0.0,0.0,0.0
archive-12783,Carnell Lake,DB,NYJ,1996,0.0,0.0,0.0
archive-12783,Carnell Lake,S,PIT,1996,2.0,0.0,1.0
archive-12783,Carnell Lake,DB,CIN,1997,0.0,0.0,0.0
archive-12783,Carnell Lake,DB,NYJ,1997,0.0,0.0,0.0
archive-12783,Carnell Lake,S,PIT,1997,6.0,0.0,3.0
archive-12783,Carnell Lake,CB,PIT,1998,1.0,0.0,4.0
archive-12798,Dion Lambert,DB,NE,1992,1.0,0,0
archive-12798,Dion Lambert,DB,NE,1993,0.0,0,0
archive-12798,Dion Lambert,DB,SEA,1994,0.0,0.0,0.0
archive-12801,Jack Lambert,LB,PIT,1982,4.0,0,0
archive-12801,Jack Lambert,LB,PIT,1983,4.0,0,0
archive-12801,Jack Lambert,LB,PIT,1984,0.0,0,0
archive-12804,Mike Lambrecht,DT,MIA,1987,1.5,0,0
archive-12804,Mike Lambrecht,DT,MIA,1988,0.0,0,0
archive-12804,Mike Lambrecht,DT,MIA,1989,0.0,0,0
archive-12813,Dan Land,DB,TB,1987,0.0,0,0
archive-12813,Dan Land,DB,LV,1989,0.0,0,0
archive-12813,Dan Land,DB,LV,1990,0.0,0,0
archive-12813,Dan Land,DB,LV,1991,0.0,0,0
archive-12813,Dan Land,DB,LV,1992,0.0,0,0
archive-12813,Dan Land,DB,LV,1993,0.0,0,0
archive-12813,Dan Land,DB,LV,1994,0.0,0.0,0.0
archive-12813,Dan Land,DB,LV,1995,0.0,0.0,0.0
archive-12813,Dan Land,DB,ARI,1996,0.0,0.0,0.0
archive-12813,Dan Land,DB,LV,1996,0.0,0.0,0.0
archive-12813,Dan Land,DB,LV,1997,0.0,0.0,1.0
archive-12838,Garcia Lane,DB,KC,1985,0.5,0,0
archive-12838,Garcia Lane,DB,KC,1987,0.0,0,0
archive-12848,Skip Lane,DB,KC,1984,0.0,0,0
archive-12848,Skip Lane,DB,NYJ,1984,0.0,0,0
archive-12848,Skip Lane,DB,WAS,1987,0.0,0,0
archive-12854,Kenard Lang,DE,WAS,1997,1.5,0.0,0.0
archive-12854,Kenard Lang,DE,WAS,1998,7.0,0.0,0.0
archive-12855,Le-Lo Lang,DB,DEN,1990,0.0,0,0
archive-12855,Le-Lo Lang,DB,DEN,1991,0.0,0,0
archive-12855,Le-Lo Lang,DB,DEN,1992,1.0,0,0
archive-12855,Le-Lo Lang,DB,DEN,1993,0.0,0,0
archive-12861,Jevon Langford,DE,CIN,1996,2.0,0.0,1.0
archive-12861,Jevon Langford,DE,CIN,1997,1.0,0.0,0.0
archive-12861,Jevon Langford,DE,MIN,1997,0.0,0.0,0.0
archive-12861,Jevon Langford,DE,CIN,1998,0.5,0.0,0.0
archive-12864,Antonio Langham,CB,CLE,1994,0.0,0.0,2.0
archive-12864,Antonio Langham,CB,CLE,1995,0.0,0.0,2.0
archive-12864,Antonio Langham,CB,BAL,1996,0.0,0.0,5.0
archive-12864,Antonio Langham,CB,BAL,1997,1.0,0.0,3.0
archive-12864,Antonio Langham,CB,SF,1998,0.0,0.0,1.0
archive-12874,Paul Lankford,DB,MIA,1982,0.0,0,0
archive-12874,Paul Lankford,CB,MIA,1983,0.0,0,0
archive-12874,Paul Lankford,CB,MIA,1984,0.0,0,0
archive-12874,Paul Lankford,CB,MIA,1985,1.0,0,0
archive-12874,Paul Lankford,DB,MIA,1986,0.0,0,0
archive-12874,Paul Lankford,DB,MIA,1987,0.0,0,0
archive-12874,Paul Lankford,CB,MIA,1988,1.0,0,0
archive-12874,Paul Lankford,CB,MIA,1989,1.0,0,0
archive-12874,Paul Lankford,DB,MIA,1990,0.0,0,0
archive-12874,Paul Lankford,DB,MIA,1991,0.0,0,0
archive-12888,Myron Lapka,NT,LAR,1982,0.0,0,0
archive-12888,Myron Lapka,NT,LAR,1983,0.0,0,0
archive-12896,Eric Larkin,DE,TEN,1987,0.0,0,0
archive-12912,Kurt Larson,LB,IND,1989,1.0,0,0
archive-12912,Kurt Larson,LB,IND,1990,0.0,0,0
archive-12912,Kurt Larson,LB,GB,1991,0.0,0,0
archive-12926,Greg Lasker,DB,NYG,1986,1.0,0,0
archive-12926,Greg Lasker,DB,NYG,1987,1.5,0,0
archive-12926,Greg Lasker,DB,ARI,1988,0.0,0,0
archive-12926,Greg Lasker,DB,CHI,1988,0.0,0,0
archive-12926,Greg Lasker,DB,NYG,1988,0.0,0,0
archive-12929,Jim Laslavic,LB,GB,1982,0.0,0,0
archive-12935,Kwamie Lassiter,DB,ARI,1995,0.0,0.0,0.0
archive-12935,Kwamie Lassiter,DB,ARI,1996,0.0,0.0,1.0
archive-12935,Kwamie Lassiter,DB,ARI,1997,3.0,0.0,1.0
archive-12935,Kwamie Lassiter,DB,DET,1997,0.0,0.0,0.0
archive-12935,Kwamie Lassiter,FS,ARI,1998,0.0,0.0,8.0
archive-12940,Lamar Lathon,LB,TEN,1990,0.0,0,0
archive-12940,Lamar Lathon,LB,TEN,1991,2.0,0,0
archive-12940,Lamar Lathon,LB,TEN,1992,1.5,0,0
archive-12940,Lamar Lathon,LB,TEN,1993,3.0,0,0
archive-12940,Lamar Lathon,LB,TEN,1994,8.5,0.0,0.0
archive-12940,Lamar Lathon,LB,CAR,1995,8.0,0.0,0.0
archive-12940,Lamar Lathon,LB,CAR,1996,14.5,0.0,0.0
archive-12940,Lamar Lathon,LB,KC,1996,0.0,0.0,0.0
archive-12940,Lamar Lathon,LB,CAR,1997,2.0,0.0,1.0
archive-12940,Lamar Lathon,LB,CAR,1998,0.0,0.0,0.0
archive-12941,Kit Lathrop,DE,KC,1986,0.0,0,0
archive-12941,Kit Lathrop,DE,WAS,1987,0.0,0,0
archive-12942,Al Latimer,CB,DET,1982,0.0,0,0
archive-12942,Al Latimer,CB,DET,1983,0.0,0,0
archive-12942,Al Latimer,DB,DET,1984,0.0,0,0
archive-12944,Don Latimer,NT,DEN,1982,1.0,0,0
archive-12944,Don Latimer,NT,DEN,1983,0.5,0,0
archive-12961,Jim Laughlin,LB,ATL,1982,0.0,0,0
archive-12961,Jim Laughlin,LB,GB,1983,0.0,0,0
archive-12961,Jim Laughlin,LB,LAR,1984,0.0,0,0
archive-12961,Jim Laughlin,LB,LAR,1985,0.0,0,0
archive-12961,Jim Laughlin,LB,LAR,1986,0.0,0,0
archive-12961,Jim Laughlin,LB,ATL,1987,0.0,0,0
archive-12973,Joe Lavender,CB,WAS,1982,0.0,0,0
archive-12975,Paul Lavine,LB,SEA,1987,0.0,0,0
archive-12980,Ty Law,CB,NE,1995,1.0,0.0,3.0
archive-12980,Ty Law,DB,BUF,1996,0.0,0.0,0.0
archive-12980,Ty Law,CB,NE,1996,0.0,0.0,3.0
archive-12980,Ty Law,CB,NE,1997,0.5,0.0,3.0
archive-12980,Ty Law,CB,NE,1998,0.0,0.0,9.0
archive-13028,Scott Leach,LB,NO,1987,1.5,0,0
archive-13042,Wesley Leasy,LB,ARI,1995,0.0,0.0,0.0
archive-13042,Wesley Leasy,LB,ARI,1996,0.0,0.0,0.0
archive-13053,Bob LeBlanc,LB,BUF,1987,0.0,0,0
archive-13063,Jim LeClair,LB,CIN,1982,2.5,0,0
archive-13063,Jim LeClair,LB,CIN,1983,1.0,0,0
archive-13083,Byron Lee ,LB,PHI,1986,0.0,0,0
archive-13083,Byron Lee ,LB,PHI,1987,1.0,0,0
archive-13084,Carl Lee ,DB,MIN,1983,0.0,0,0
archive-13084,Carl Lee ,DB,MIN,1984,0.0,0,0
archive-13084,Carl Lee ,DB,MIN,1985,0.0,0,0
archive-13084,Carl Lee ,DB,MIN,1986,0.0,0,0
archive-13084,Carl Lee ,DB,MIN,1987,0.0,0,0
archive-13084,Carl Lee ,DB,MIN,1988,0.0,0,0
archive-13084,Carl Lee ,DB,MIN,1989,0.0,0,0
archive-13084,Carl Lee ,DB,MIN,1990,0.0,0,0
archive-13084,Carl Lee ,DB,MIN,1991,0.0,0,0
archive-13084,Carl Lee ,DB,MIN,1992,0.0,0,0
archive-13084,Carl Lee ,DB,MIN,1993,0.0,0,0
archive-13084,Carl Lee ,DB,NO,1994,0.0,0.0,2.0
archive-13097,Greg Lee ,DB,PIT,1988,0.0,0,0
archive-13106,Keith Lee ,DB,NE,1982,0.0,0,0
archive-13106,Keith Lee ,DB,NE,1983,0.0,0,0
archive-13106,Keith Lee ,DB,NE,1984,0.0,0,0
archive-13106,Keith Lee ,DB,IND,1985,1.0,0,0
archive-13111,Lloyd Lee ,DB,LAC,1998,0.0,0.0,0.0
archive-13112,Mark Lee ,DB,GB,1982,0.0,0,0
archive-13112,Mark Lee ,DB,GB,1983,0.0,0,0
archive-13112,Mark Lee ,DB,GB,1984,0.0,0,0
archive-13112,Mark Lee ,DB,GB,1985,0.0,0,0
archive-13112,Mark Lee ,DB,GB,1986,0.0,0,0
archive-13112,Mark Lee ,DB,GB,1987,0.0,0,0
archive-13112,Mark Lee ,DB,GB,1988,0.0,0,0
archive-13112,Mark Lee ,DB,GB,1989,0.0,0,0
archive-13112,Mark Lee ,DB,GB,1990,0.0,0,0
archive-13112,Mark Lee ,DB,NO,1991,0.0,0,0
archive-13112,Mark Lee ,DB,SF,1991,0.0,0,0
archive-13124,Shawn Lee ,DT,TB,1988,2.0,0,0
archive-13124,Shawn Lee ,DT,TB,1989,1.0,0,0
archive-13124,Shawn Lee ,DT,MIA,1990,1.5,0,0
archive-13124,Shawn Lee ,DT,MIA,1991,0.0,0,0
archive-13124,Shawn Lee ,DT,LAC,1992,2.5,0,0
archive-13124,Shawn Lee ,DT,LAC,1993,3.0,0,0
archive-13124,Shawn Lee ,DT,LAC,1994,6.5,0.0,0.0
archive-13124,Shawn Lee ,DT,LAC,1995,9.0,0.0,0.0
archive-13124,Shawn Lee ,DT,LAC,1996,1.0,0.0,1.0
archive-13124,Shawn Lee ,DT,LAC,1997,3.0,0.0,0.0
archive-13124,Shawn Lee ,DT,CHI,1998,2.0,0.0,0.0
archive-13126,Zeph Lee ,DB,DEN,1987,0.0,0,0
archive-13126,Zeph Lee ,DB,LV,1987,0.0,0,0
archive-13126,Zeph Lee ,DB,LV,1988,0.0,0,0
archive-13126,Zeph Lee ,DB,LV,1989,0.0,0,0
archive-13138,Tyrone Legette,DB,NO,1992,0.0,0,0
archive-13138,Tyrone Legette,DB,NO,1993,0.0,0,0
archive-13138,Tyrone Legette,DB,NO,1994,1.0,0.0,0.0
archive-13138,Tyrone Legette,CB,NO,1995,1.0,0.0,1.0
archive-13138,Tyrone Legette,DB,TB,1996,0.0,0.0,0.0
archive-13138,Tyrone Legette,CB,TB,1997,0.0,0.0,1.0
archive-13138,Tyrone Legette,DB,SF,1998,0.0,0.0,0.0
archive-13152,Jeff Leiding,LB,IND,1986,0.0,0,0
archive-13152,Jeff Leiding,LB,IND,1987,1.0,0,0
archive-13156,Tony Leiker,DE,GB,1987,0.0,0,0
archive-13167,Frank LeMaster,LB,PHI,1982,2.0,0,0
archive-13204,Bobby Leopold,LB,SF,1982,0.0,0,0
archive-13204,Bobby Leopold,LB,SF,1983,1.0,0,0
archive-13204,Bobby Leopold,LB,GB,1986,1.5,0,0
archive-13224,Leon Lett,DT,DAL,1991,0.0,0,0
archive-13224,Leon Lett,DT,DAL,1992,4.5,0,0
archive-13224,Leon Lett,DT,DAL,1993,0.0,0,0
archive-13224,Leon Lett,DT,DAL,1994,4.0,0.0,0.0
archive-13224,Leon Lett,DT,DAL,1995,5.0,0.0,1.0
archive-13224,Leon Lett,DT,DAL,1996,3.5,0.0,0.0
archive-13224,Leon Lett,DT,DAL,1997,0.5,0.0,0.0
archive-13224,Leon Lett,DT,DAL,1998,4.0,0.0,0.0
archive-13229,Dave Levenick,LB,ATL,1983,0.0,0,0
archive-13229,Dave Levenick,LB,ATL,1984,0.0,0,0
archive-13247,Albert Lewis,CB,KC,1983,0.0,0,0
archive-13247,Albert Lewis,CB,KC,1984,1.0,0,0
archive-13247,Albert Lewis,CB,KC,1985,1.5,0,0
archive-13247,Albert Lewis,DB,KC,1986,1.0,0,0
archive-13247,Albert Lewis,DB,KC,1987,0.0,0,0
archive-13247,Albert Lewis,CB,KC,1988,0.0,0,0
archive-13247,Albert Lewis,CB,KC,1989,1.0,0,0
archive-13247,Albert Lewis,CB,KC,1990,0.0,0,0
archive-13247,Albert Lewis,CB,KC,1991,0.0,0,0
archive-13247,Albert Lewis,CB,KC,1992,1.0,0,0
archive-13247,Albert Lewis,CB,KC,1993,2.0,0,0
archive-13247,Albert Lewis,CB,LV,1994,1.0,0.0,0.0
archive-13247,Albert Lewis,CB,LV,1995,1.0,0.0,0.0
archive-13247,Albert Lewis,DB,ARI,1996,0.0,0.0,0.0
archive-13247,Albert Lewis,CB,LV,1996,3.0,0.0,2.0
archive-13247,Albert Lewis,CB,LV,1997,2.0,0.0,0.0
archive-13247,Albert Lewis,FS,LV,1998,1.0,0.0,2.0
archive-13256,Cliff Lewis,LB,GB,1982,0.0,0,0
archive-13256,Cliff Lewis,LB,GB,1983,2.0,0,0
archive-13256,Cliff Lewis,LB,GB,1984,0.0,0,0
archive-13263,Darryll Lewis,CB,TEN,1991,1.0,0,0
archive-13263,Darryll Lewis,CB,TEN,1992,1.0,0,0
archive-13263,Darryll Lewis,CB,TEN,1993,0.0,0,0
archive-13263,Darryll Lewis,CB,TEN,1994,0.0,0.0,5.0
archive-13263,Darryll Lewis,CB,TEN,1995,1.0,0.0,6.0
archive-13263,Darryll Lewis,DB,CIN,1996,0.0,0.0,0.0
archive-13263,Darryll Lewis,DB,DAL,1996,0.0,0.0,0.0
archive-13263,Darryll Lewis,CB,TEN,1996,0.0,0.0,5.0
archive-13263,Darryll Lewis,DB,BUF,1997,0.0,0.0,0.0
archive-13263,Darryll Lewis,DB,MIA,1997,0.0,0.0,0.0
archive-13263,Darryll Lewis,CB,TEN,1997,0.0,0.0,5.0
archive-13263,Darryll Lewis,CB,TEN,1998,1.0,0.0,4.0
archive-13265,Dave Lewis,LB,LAC,1982,0.0,0,0
archive-13265,Dave Lewis,LB,LAR,1983,0.0,0,0
archive-13274,Garry Lewis,CB,LV,1990,0.0,0,0
archive-13274,Garry Lewis,DB,LV,1991,0.0,0,0
archive-13274,Garry Lewis,DB,TB,1992,0.0,0,0
archive-13274,Garry Lewis,DB,KC,1993,0.0,0,0
archive-13288,John Lewis,DB,BUF,1987,0.0,0,0
archive-13296,Kevin Lewis,DB,SF,1990,0.0,0,0
archive-13296,Kevin Lewis,DB,SF,1991,0.0,0,0
archive-13308,Mo Lewis,LB,NYJ,1991,3.0,0,0
archive-13308,Mo Lewis,LB,NYJ,1992,2.0,0,0
archive-13308,Mo Lewis,LB,NYJ,1993,4.0,0,0
archive-13308,Mo Lewis,LB,NYJ,1994,6.0,0.0,4.0
archive-13308,Mo Lewis,LB,NYJ,1995,5.0,0.0,2.0
archive-13308,Mo Lewis,LB,NYJ,1996,0.5,0.0,0.0
archive-13308,Mo Lewis,LB,NYJ,1997,8.0,0.0,1.0
archive-13308,Mo Lewis,LB,TB,1997,0.0,0.0,0.0
archive-13308,Mo Lewis,LB,NYJ,1998,7.0,0.0,1.0
archive-13312,Ray Lewis,LB,BAL,1996,2.5,0.0,1.0
archive-13312,Ray Lewis,LB,BAL,1997,4.0,0.0,1.0
archive-13312,Ray Lewis,LB,BAL,1998,3.0,0.0,2.0
archive-13314,Reggie Lewis,DE,NO,1982,3.0,0,0
archive-13314,Reggie Lewis,DE,NO,1983,6.5,0,0
archive-13314,Reggie Lewis,DE,NO,1984,2.0,0,0
archive-13317,Rodney Lewis,DB,NO,1982,0.0,0,0
archive-13317,Rodney Lewis,CB,NO,1983,0.0,0,0
archive-13317,Rodney Lewis,DB,NO,1984,0.0,0,0
archive-13324,Sid Lewis,DB,NYJ,1987,0.0,0,0
archive-13326,Tahaun Lewis,DB,KC,1992,0.0,0,0
archive-13327,Terry Lewis,DB,LAC,1985,0.0,0,0
archive-13330,Tim Lewis,CB,GB,1983,0.0,0,0
archive-13330,Tim Lewis,CB,GB,1984,0.0,0,0
archive-13330,Tim Lewis,CB,GB,1985,0.0,0,0
archive-13330,Tim Lewis,DB,GB,1986,0.0,0,0
archive-13335,Vernon Lewis,DB,NE,1993,0.0,0,0
archive-13335,Vernon Lewis,DB,NE,1994,0.0,0.0,0.0
archive-13335,Vernon Lewis,CB,NE,1995,1.5,0.0,0.0
archive-13335,Vernon Lewis,DB,BUF,1996,0.0,0.0,0.0
archive-13335,Vernon Lewis,DB,NE,1996,0.0,0.0,0.0
archive-13349,Todd Liebenstein,DE,WAS,1982,1.0,0,0
archive-13349,Todd Liebenstein,DE,WAS,1983,1.5,0,0
archive-13349,Todd Liebenstein,DE,WAS,1984,0.0,0,0
archive-13349,Todd Liebenstein,DE,WAS,1985,0.0,0,0
archive-13359,Kevin Lilly,DE,SF,1988,0.0,0,0
archive-13359,Kevin Lilly,DE,DAL,1989,0.0,0,0
archive-13359,Kevin Lilly,DE,SF,1989,0.0,0,0
archive-13360,Sammy Lilly,DB,PHI,1989,0.0,0,0
archive-13360,Sammy Lilly,DB,LAC,1990,0.0,0,0
archive-13360,Sammy Lilly,DB,PHI,1990,0.0,0,0
archive-13360,Sammy Lilly,DB,LAR,1991,0.0,0,0
archive-13360,Sammy Lilly,DB,LAR,1992,0.0,0,0
archive-13361,Tony Lilly,DB,DEN,1984,0.0,0,0
archive-13361,Tony Lilly,FS,DEN,1985,0.0,0,0
archive-13361,Tony Lilly,DB,DEN,1986,1.0,0,0
archive-13361,Tony Lilly,DB,DEN,1987,0.0,0,0
archive-13365,Jeremy Lincoln,CB,CHI,1993,0.0,0,0
archive-13365,Jeremy Lincoln,CB,CHI,1994,0.0,0.0,2.0
archive-13365,Jeremy Lincoln,CB,CHI,1995,1.0,0.0,1.0
archive-13365,Jeremy Lincoln,DB,LAR,1996,0.0,0.0,1.0
archive-13365,Jeremy Lincoln,DB,WAS,1996,0.0,0.0,0.0
archive-13365,Jeremy Lincoln,DB,SEA,1997,0.0,0.0,0.0
archive-13365,Jeremy Lincoln,DB,NYG,1998,0.0,0.0,1.0
archive-13385,Chris Lindstrom,DE,CIN,1983,0.0,0,0
archive-13385,Chris Lindstrom,DE,SF,1983,0.0,0,0
archive-13385,Chris Lindstrom,DE,TB,1985,0.0,0,0
archive-13385,Chris Lindstrom,DE,KC,1987,0.0,0,0
archive-13386,Dave Lindstrom,DE,KC,1982,3.0,0,0
archive-13386,Dave Lindstrom,DE,KC,1983,1.0,0,0
archive-13386,Dave Lindstrom,DE,KC,1984,2.0,0,0
archive-13386,Dave Lindstrom,DE,KC,1985,1.5,0,0
archive-13406,Ronnie Lippett,CB,NE,1983,0.0,0,0
archive-13406,Ronnie Lippett,CB,NE,1984,0.0,0,0
archive-13406,Ronnie Lippett,CB,NE,1985,0.0,0,0
archive-13406,Ronnie Lippett,DB,NE,1986,0.0,0,0
archive-13406,Ronnie Lippett,DB,NE,1987,1.0,0,0
archive-13406,Ronnie Lippett,CB,NE,1988,0.0,0,0
archive-13406,Ronnie Lippett,CB,NE,1990,0.0,0,0
archive-13406,Ronnie Lippett,CB,NE,1991,0.0,0,0
archive-13419,Greg Liter,DE,PHI,1987,0.0,0,0
archive-13419,Greg Liter,DE,SF,1987,0.0,0,0
archive-13422,David Little,LB,PIT,1982,0.0,0,0
archive-13422,David Little,LB,PIT,1983,0.0,0,0
archive-13422,David Little,LB,PIT,1984,3.0,0,0
archive-13422,David Little,LB,PIT,1985,1.0,0,0
archive-13422,David Little,LB,PIT,1986,0.5,0,0
archive-13422,David Little,LB,PIT,1987,1.5,0,0
archive-13422,David Little,LB,PIT,1988,0.0,0,0
archive-13422,David Little,LB,PIT,1989,2.0,0,0
archive-13422,David Little,LB,PIT,1990,0.0,0,0
archive-13422,David Little,LB,PIT,1991,0.0,0,0
archive-13422,David Little,LB,PIT,1992,3.0,0,0
archive-13423,Earl Little,CB,NO,1998,0.0,0.0,0.0
archive-13426,George Little,DE,MIA,1985,1.0,0,0
archive-13426,George Little,DE,MIA,1986,4.0,0,0
archive-13426,George Little,DE,MIA,1987,0.0,0,0
archive-13432,Leonard Little,DE,LAR,1998,0.5,0.0,0.0
archive-13444,Bruce Livingston,DB,DAL,1987,0.0,0,0
archive-13458,Greg Lloyd,LB,PIT,1988,0.5,0,0
archive-13458,Greg Lloyd,LB,PIT,1989,7.0,0,0
archive-13458,Greg Lloyd,LB,PIT,1990,4.5,0,0
archive-13458,Greg Lloyd,LB,PIT,1991,8.0,0,0
archive-13458,Greg Lloyd,LB,PIT,1992,6.5,0,0
archive-13458,Greg Lloyd,LB,PIT,1993,7.0,0,0
archive-13458,Greg Lloyd,LB,PIT,1994,10.0,0.0,1.0
archive-13458,Greg Lloyd,LB,PIT,1995,8.5,0.0,3.0
archive-13458,Greg Lloyd,LB,PIT,1996,1.0,0.0,0.0
archive-13458,Greg Lloyd,LB,CIN,1997,0.0,0.0,0.0
archive-13458,Greg Lloyd,LB,NYJ,1997,0.0,0.0,0.0
archive-13458,Greg Lloyd,LB,PIT,1997,3.5,0.0,0.0
archive-13458,Greg Lloyd,LB,CAR,1998,1.0,0.0,1.0
archive-13463,Bill Lobenstein,DE,DEN,1987,0.0,0,0
archive-13469,Danny Lockett,LB,DET,1987,1.0,0,0
archive-13469,Danny Lockett,LB,DET,1988,1.0,0,0
archive-13476,Eugene Lockhart ,LB,DAL,1984,2.5,0,0
archive-13476,Eugene Lockhart ,LB,DAL,1985,3.5,0,0
archive-13476,Eugene Lockhart ,LB,DAL,1986,5.0,0,0
archive-13476,Eugene Lockhart ,LB,DAL,1987,2.0,0,0
archive-13476,Eugene Lockhart ,LB,DAL,1988,0.0,0,0
archive-13476,Eugene Lockhart ,LB,DAL,1989,2.0,0,0
archive-13476,Eugene Lockhart ,LB,DAL,1990,1.0,0,0
archive-13476,Eugene Lockhart ,LB,NE,1991,0.0,0,0
archive-13476,Eugene Lockhart ,LB,NE,1992,0.0,0,0
archive-13483,Mike Lodish,NT,BUF,1990,2.0,0,0
archive-13483,Mike Lodish,NT,BUF,1991,1.5,0,0
archive-13483,Mike Lodish,NT,BUF,1992,0.0,0,0
archive-13483,Mike Lodish,NT,BUF,1993,0.5,0,0
archive-13483,Mike Lodish,NT,BUF,1994,0.0,0.0,0.0
archive-13483,Mike Lodish,NT,DEN,1995,0.0,0.0,0.0
archive-13483,Mike Lodish,NT,DEN,1996,1.5,0.0,0.0
archive-13483,Mike Lodish,NT,NE,1996,0.0,0.0,0.0
archive-13483,Mike Lodish,NT,DEN,1997,1.0,0.0,0.0
archive-13483,Mike Lodish,NT,DEN,1998,2.0,0.0,0.0
archive-13491,Steve Lofton,DB,ARI,1991,0.0,0,0
archive-13491,Steve Lofton,DB,ARI,1992,0.0,0,0
archive-13491,Steve Lofton,DB,ARI,1993,0.0,0,0
archive-13491,Steve Lofton,CB,CAR,1995,0.0,0.0,0.0
archive-13491,Steve Lofton,DB,CAR,1996,0.0,0.0,1.0
archive-13491,Steve Lofton,DB,NE,1997,0.0,0.0,0.0
archive-13491,Steve Lofton,CB,CAR,1998,0.0,0.0,0.0
archive-13491,Steve Lofton,DB,NE,1998,0.0,0.0,0.0
archive-13496,David Logan,NT,TB,1982,6.3,0,0
archive-13496,David Logan,NT,TB,1983,9.5,0,0
archive-13496,David Logan,NT,TB,1984,5.5,0,0
archive-13496,David Logan,NT,TB,1985,6.5,0,0
archive-13496,David Logan,NT,TB,1986,2.0,0,0
archive-13496,David Logan,NT,GB,1987,0.0,0,0
archive-13498,Ernie Logan,NT,CLE,1991,0.5,0,0
archive-13498,Ernie Logan,NT,CLE,1992,1.0,0,0
archive-13498,Ernie Logan,NT,ATL,1993,1.0,0,0
archive-13498,Ernie Logan,NT,JAX,1995,3.0,0.0,0.0
archive-13498,Ernie Logan,NT,JAX,1996,0.0,0.0,0.0
archive-13498,Ernie Logan,NT,NYJ,1997,0.0,0.0,0.0
archive-13498,Ernie Logan,NT,TB,1997,0.0,0.0,0.0
archive-13498,Ernie Logan,NT,NYJ,1998,2.5,0.0,0.0
archive-13499,James Logan,LB,CIN,1995,0.0,0.0,0.0
archive-13499,James Logan,LB,SEA,1995,0.0,0.0,0.0
archive-13499,James Logan,LB,TEN,1995,0.0,0.0,0.0
archive-13499,James Logan,LB,SEA,1996,0.0,0.0,0.0
archive-13499,James Logan,LB,NYJ,1997,0.0,0.0,0.0
archive-13499,James Logan,LB,SEA,1997,0.0,0.0,0.0
archive-13499,James Logan,LB,SEA,1998,1.0,0.0,0.0
archive-13503,Mike Logan,CB,JAX,1997,0.0,0.0,0.0
archive-13503,Mike Logan,DB,JAX,1998,0.0,0.0,0.0
archive-13505,Randy Logan,S,PHI,1982,0.0,0,0
archive-13505,Randy Logan,S,PHI,1983,0.0,0,0
archive-13520,Antonio London,LB,DET,1993,1.0,0,0
archive-13520,Antonio London,LB,DET,1994,0.0,0.0,0.0
archive-13520,Antonio London,LB,DET,1995,7.0,0.0,0.0
archive-13520,Antonio London,LB,DET,1996,3.0,0.0,0.0
archive-13520,Antonio London,LB,DET,1997,3.0,0.0,0.0
archive-13520,Antonio London,LB,GB,1998,0.0,0.0,0.0
archive-13540,Howie Long ,DE,LV,1982,7.5,0,0
archive-13540,Howie Long ,DE,LV,1983,13.0,0,0
archive-13540,Howie Long ,DE,LV,1984,12.0,0,0
archive-13540,Howie Long ,DE,LV,1985,10.0,0,0
archive-13540,Howie Long ,DE,LV,1986,7.5,0,0
archive-13540,Howie Long ,DE,LV,1987,4.0,0,0
archive-13540,Howie Long ,DE,LV,1988,3.0,0,0
archive-13540,Howie Long ,DE,LV,1989,5.0,0,0
archive-13540,Howie Long ,DE,LV,1990,7.0,0,0
archive-13540,Howie Long ,DE,LV,1991,3.0,0,0
archive-13540,Howie Long ,DE,LV,1992,9.0,0,0
archive-13540,Howie Long ,DE,LV,1993,7.0,0,0
archive-13592,Anthone Lott,CB,CIN,1997,0.0,0.0,0.0
archive-13592,Anthone Lott,DB,NE,1997,0.0,0.0,0.0
archive-13596,Ronnie Lott,CB,SF,1982,0.0,0,0
archive-13596,Ronnie Lott,CB,SF,1983,1.0,0,0
archive-13596,Ronnie Lott,CB,SF,1984,1.0,0,0
archive-13596,Ronnie Lott,CB,SF,1985,1.5,0,0
archive-13596,Ronnie Lott,FS,SF,1986,2.0,0,0
archive-13596,Ronnie Lott,FS,SF,1987,0.0,0,0
archive-13596,Ronnie Lott,FS,SF,1988,0.0,0,0
archive-13596,Ronnie Lott,FS,SF,1989,0.0,0,0
archive-13596,Ronnie Lott,FS,SF,1990,0.0,0,0
archive-13596,Ronnie Lott,S,LV,1991,1.0,0,0
archive-13596,Ronnie Lott,S,LV,1992,0.0,0,0
archive-13596,Ronnie Lott,FS,NYJ,1993,1.0,0,0
archive-13596,Ronnie Lott,FS,NYJ,1994,1.0,0.0,0.0
archive-13601,Fletcher Louallen,DB,MIN,1987,0.0,0,0
archive-13614,Clarence Love,DB,PHI,1998,0.0,0.0,0.0
archive-13621,Terry Love,DB,MIN,1987,0.0,0,0
archive-13623,Calvin Loveall,DB,ATL,1988,0.0,0,0
archive-13623,Calvin Loveall,DB,KC,1988,0.0,0,0
archive-13623,Calvin Loveall,DB,TEN,1988,0.0,0,0
archive-13638,Reggie Lowe,DE,JAX,1998,0.0,0.0,0.0
archive-13640,Woodrow Lowe,LB,LAC,1982,2.0,0,0
archive-13640,Woodrow Lowe,LB,LAC,1983,4.5,0,0
archive-13640,Woodrow Lowe,LB,LAC,1984,3.0,0,0
archive-13640,Woodrow Lowe,LB,LAC,1985,5.5,0,0
archive-13640,Woodrow Lowe,LB,LAC,1986,0.0,0,0
archive-13644,Michael Lowery,LB,CHI,1996,0.0,0.0,0.0
archive-13644,Michael Lowery,LB,CHI,1997,0.0,0.0,0.0
archive-13648,Orlando Lowry,LB,IND,1985,0.0,0,0
archive-13648,Orlando Lowry,LB,IND,1986,0.0,0,0
archive-13648,Orlando Lowry,LB,IND,1987,0.0,0,0
archive-13648,Orlando Lowry,LB,IND,1988,0.0,0,0
archive-13648,Orlando Lowry,LB,IND,1989,0.0,0,0
archive-13648,Orlando Lowry,LB,NE,1989,0.0,0,0
archive-13649,Quentin Lowry,LB,WAS,1982,0.0,0,0
archive-13649,Quentin Lowry,LB,TB,1983,0.0,0,0
archive-13649,Quentin Lowry,LB,WAS,1983,0.0,0,0
archive-13655,Steve Lubischer,LB,MIA,1987,0.0,0,0
archive-13667,Tim Lucas,LB,DEN,1987,2.0,0,0
archive-13667,Tim Lucas,LB,DEN,1988,0.0,0,0
archive-13667,Tim Lucas,LB,DEN,1989,2.0,0,0
archive-13667,Tim Lucas,LB,DEN,1990,1.0,0,0
archive-13667,Tim Lucas,LB,DEN,1991,0.0,0,0
archive-13667,Tim Lucas,LB,DEN,1992,0.0,0,0
archive-13667,Tim Lucas,LB,DEN,1993,0.0,0,0
archive-13693,Joey Lumpkin,LB,BUF,1982,0.0,0,0
archive-13693,Joey Lumpkin,LB,BUF,1983,0.0,0,0
archive-13697,Sean Lumpkin,DB,NO,1992,0.0,0,0
archive-13697,Sean Lumpkin,DB,NO,1993,0.0,0,0
archive-13697,Sean Lumpkin,S,NO,1994,0.0,0.0,1.0
archive-13697,Sean Lumpkin,S,NO,1995,0.0,0.0,1.0
archive-13697,Sean Lumpkin,DB,NO,1996,0.0,0.0,0.0
archive-13713,Mike Lush,DB,IND,1986,0.0,0,0
archive-13713,Mike Lush,DB,MIN,1986,0.0,0,0
archive-13713,Mike Lush,DB,ATL,1987,0.0,0,0
archive-13724,Allen Lyday,DB,TEN,1984,0.0,0,0
archive-13724,Allen Lyday,DB,TEN,1985,0.0,0,0
archive-13724,Allen Lyday,DB,TEN,1986,0.0,0,0
archive-13724,Allen Lyday,DB,TEN,1987,0.0,0,0
archive-13725,Todd Lyght,CB,LAR,1991,0.0,0,0
archive-13725,Todd Lyght,CB,LAR,1992,0.0,0,0
archive-13725,Todd Lyght,CB,LAR,1993,0.0,0,0
archive-13725,Todd Lyght,CB,LAR,1994,0.0,0.0,1.0
archive-13725,Todd Lyght,CB,LAR,1995,0.0,0.0,4.0
archive-13725,Todd Lyght,CB,LAR,1996,0.0,0.0,5.0
archive-13725,Todd Lyght,DB,WAS,1996,0.0,0.0,0.0
archive-13725,Todd Lyght,CB,LAR,1997,1.0,0.0,4.0
archive-13725,Todd Lyght,CB,LAR,1998,1.5,0.0,3.0
archive-13728,Keith Lyle,SAF,LAR,1994,0.0,0.0,2.0
archive-13728,Keith Lyle,FS,LAR,1995,0.0,0.0,3.0
archive-13728,Keith Lyle,FS,LAR,1996,0.0,0.0,9.0
archive-13728,Keith Lyle,FS,LAR,1997,2.0,0.0,8.0
archive-13728,Keith Lyle,FS,LAR,1998,1.0,0.0,3.0
archive-13729,Rick Lyle,DE,CLE,1994,0.0,0.0,0.0
archive-13729,Rick Lyle,DE,BAL,1996,1.0,0.0,0.0
archive-13729,Rick Lyle,DE,NYJ,1997,3.0,0.0,0.0
archive-13729,Rick Lyle,DE,TB,1997,0.0,0.0,0.0
archive-13729,Rick Lyle,DE,NYJ,1998,1.5,0.0,0.0
archive-13731,Lester Lyles,DB,NYJ,1985,3.0,0,0
archive-13731,Lester Lyles,DB,NYJ,1986,1.0,0,0
archive-13731,Lester Lyles,DB,NYJ,1987,0.0,0,0
archive-13731,Lester Lyles,DB,ARI,1988,0.0,0,0
archive-13731,Lester Lyles,DB,LAC,1989,1.0,0,0
archive-13731,Lester Lyles,DB,LAC,1990,0.0,0,0
archive-13732,Robert Lyles,LB,TEN,1984,0.0,0,0
archive-13732,Robert Lyles,LB,TEN,1985,0.0,0,0
archive-13732,Robert Lyles,LB,TEN,1986,3.0,0,0
archive-13732,Robert Lyles,LB,TEN,1987,2.5,0,0
archive-13732,Robert Lyles,LB,TEN,1988,1.5,0,0
archive-13732,Robert Lyles,LB,TEN,1989,2.0,0,0
archive-13732,Robert Lyles,LB,ATL,1990,1.5,0,0
archive-13732,Robert Lyles,LB,TEN,1990,0.0,0,0
archive-13732,Robert Lyles,LB,ATL,1991,0.0,0,0
archive-13748,John Lynch ,DB,TB,1993,0.0,0,0
archive-13748,John Lynch ,DB,TB,1994,0.0,0.0,0.0
archive-13748,John Lynch ,DB,TB,1995,0.0,0.0,3.0
archive-13748,John Lynch ,DB,TB,1996,1.0,0.0,3.0
archive-13748,John Lynch ,DB,TB,1997,0.0,0.0,2.0
archive-13748,John Lynch ,DB,TB,1998,2.0,0.0,2.0
archive-13749,Lorenzo Lynch ,DB,CHI,1987,0.0,0,0
archive-13749,Lorenzo Lynch ,DB,CHI,1988,0.0,0,0
archive-13749,Lorenzo Lynch ,DB,CHI,1989,0.0,0,0
archive-13749,Lorenzo Lynch ,DB,ARI,1990,0.0,0,0
archive-13749,Lorenzo Lynch ,DB,ARI,1991,0.0,0,0
archive-13749,Lorenzo Lynch ,DB,ARI,1992,0.0,0,0
archive-13749,Lorenzo Lynch ,DB,ARI,1993,1.0,0,0
archive-13749,Lorenzo Lynch ,DB,ARI,1994,0.5,0.0,2.0
archive-13749,Lorenzo Lynch ,DB,ARI,1995,1.0,0.0,1.0
archive-13749,Lorenzo Lynch ,DB,ARI,1996,0.0,0.0,0.0
archive-13749,Lorenzo Lynch ,DB,LV,1996,0.0,0.0,3.0
archive-13749,Lorenzo Lynch ,DB,LV,1997,1.0,0.0,2.0
archive-13757,Johnny Lynn,DB,NYJ,1982,1.0,0,0
archive-13757,Johnny Lynn,CB,NYJ,1983,0.0,0,0
archive-13757,Johnny Lynn,CB,NYJ,1984,0.0,0,0
archive-13757,Johnny Lynn,CB,NYJ,1985,0.0,0,0
archive-13757,Johnny Lynn,DB,NYJ,1986,0.0,0,0
archive-13759,Billy Lyon,DE,GB,1998,1.0,0.0,0.0
archive-13762,Lamar Lyons,DB,LV,1996,0.0,0.0,0.0
archive-13762,Lamar Lyons,DB,BAL,1997,0.0,0.0,0.0
archive-13763,Marty Lyons,DE,NYJ,1982,4.5,0,0
archive-13763,Marty Lyons,DE,NYJ,1983,4.0,0,0
archive-13763,Marty Lyons,DE,NYJ,1984,2.0,0,0
archive-13763,Marty Lyons,DE,NYJ,1985,6.5,0,0
archive-13763,Marty Lyons,DE,NYJ,1986,6.0,0,0
archive-13763,Marty Lyons,DE,NYJ,1987,3.5,0,0
archive-13763,Marty Lyons,DE,NYJ,1988,7.5,0,0
archive-13763,Marty Lyons,DE,NYJ,1989,1.0,0,0
archive-13765,Pratt Lyons,DE,BUF,1997,0.0,0.0,0.0
archive-13765,Pratt Lyons,DE,MIA,1997,0.0,0.0,0.0
archive-13765,Pratt Lyons,DE,TEN,1997,2.5,0.0,0.0
archive-13765,Pratt Lyons,DE,TEN,1998,2.0,0.0,0.0
archive-13766,Robert Lyons,DB,CLE,1989,0.0,0,0
archive-13772,Bill Maas,NT,KC,1984,5.0,0,0
archive-13772,Bill Maas,NT,KC,1985,7.0,0,0
archive-13772,Bill Maas,NT,KC,1986,8.0,0,0
archive-13772,Bill Maas,NT,KC,1987,6.0,0,0
archive-13772,Bill Maas,NT,KC,1988,4.0,0,0
archive-13772,Bill Maas,NT,KC,1989,0.0,0,0
archive-13772,Bill Maas,NT,KC,1990,5.5,0,0
archive-13772,Bill Maas,NT,KC,1991,4.0,0,0
archive-13772,Bill Maas,NT,KC,1992,1.5,0,0
archive-13772,Bill Maas,NT,GB,1993,0.0,0,0
archive-13782,Dan MacDonald,LB,DEN,1987,0.0,0,0
archive-13794,Cedric Mack,CB,ARI,1983,0.0,0,0
archive-13794,Cedric Mack,DB,ARI,1984,0.0,0,0
archive-13794,Cedric Mack,CB,ARI,1985,0.0,0,0
archive-13794,Cedric Mack,DB,ARI,1986,0.0,0,0
archive-13794,Cedric Mack,DB,ARI,1987,1.0,0,0
archive-13794,Cedric Mack,CB,ARI,1988,0.0,0,0
archive-13794,Cedric Mack,DB,ARI,1989,1.0,0,0
archive-13794,Cedric Mack,CB,ARI,1990,1.0,0,0
archive-13794,Cedric Mack,DB,LAC,1991,0.0,0,0
archive-13794,Cedric Mack,DB,KC,1992,0.0,0,0
archive-13794,Cedric Mack,DB,NO,1992,0.0,0,0
archive-13794,Cedric Mack,DB,NO,1993,0.0,0,0
archive-13798,Kim Mack,DB,SEA,1987,0.0,0,0
archive-13800,Milton Mack,DB,NO,1987,0.0,0,0
archive-13800,Milton Mack,DB,NO,1988,1.0,0,0
archive-13800,Milton Mack,DB,NO,1989,1.0,0,0
archive-13800,Milton Mack,DB,NO,1990,0.0,0,0
archive-13800,Milton Mack,DB,NO,1991,0.0,0,0
archive-13800,Milton Mack,DB,NO,1992,0.0,0,0
archive-13800,Milton Mack,CB,TB,1992,0.0,0,0
archive-13800,Milton Mack,CB,TB,1993,0.0,0,0
archive-13800,Milton Mack,DB,DET,1994,0.0,0.0,1.0
archive-13802,Rico Mack,LB,PIT,1993,0.0,0,0
archive-13804,Terence Mack,LB,ARI,1987,0.0,0,0
archive-13806,Tremain Mack,S,CIN,1997,0.0,0.0,1.0
archive-13806,Tremain Mack,DB,NE,1997,0.0,0.0,0.0
archive-13806,Tremain Mack,DB,CIN,1998,0.0,0.0,0.0
archive-13838,Mark Maddox,LB,BUF,1992,0.0,0,0
archive-13838,Mark Maddox,LB,BUF,1993,0.0,0,0
archive-13838,Mark Maddox,LB,BUF,1994,0.0,0.0,1.0
archive-13838,Mark Maddox,LB,BUF,1995,0.0,0.0,0.0
archive-13838,Mark Maddox,LB,BUF,1996,0.0,0.0,0.0
archive-13838,Mark Maddox,LB,BUF,1997,0.0,0.0,1.0
archive-13838,Mark Maddox,LB,ARI,1998,1.0,0.0,0.0
archive-13845,Sam Madison,CB,MIA,1997,0.0,0.0,1.0
archive-13845,Sam Madison,CB,MIA,1998,1.0,0.0,8.0
archive-13847,Lynn Madsen,DT,TEN,1986,1.0,0,0
archive-13895,Steve Maidlow,LB,CIN,1983,0.0,0,0
archive-13895,Steve Maidlow,LB,CIN,1984,0.0,0,0
archive-13895,Steve Maidlow,LB,BUF,1985,0.0,0,0
archive-13895,Steve Maidlow,LB,BUF,1987,0.0,0,0
archive-13906,Rydell Malancon,LB,ATL,1984,0.0,0,0
archive-13906,Rydell Malancon,LB,GB,1987,0.0,0,0
archive-13928,Darrell Malone ,DB,KC,1992,0.0,0,0
archive-13928,Darrell Malone ,DB,MIA,1992,0.0,0,0
archive-13928,Darrell Malone ,DB,MIA,1993,0.0,0,0
archive-13928,Darrell Malone ,DB,MIA,1994,0.0,0.0,1.0
archive-13932,Ralph Malone ,DE,CLE,1986,0.0,0,0
archive-13934,Van Malone ,DB,DET,1994,0.0,0.0,0.0
archive-13934,Van Malone ,DB,DET,1995,0.0,0.0,1.0
archive-13934,Van Malone ,DB,DET,1996,0.0,0.0,1.0
archive-13934,Van Malone ,DB,DET,1997,0.0,0.0,1.0
archive-13937,Mike Mamula,DE,PHI,1995,6.5,0.0,0.0
archive-13937,Mike Mamula,DE,PHI,1996,8.0,0.0,0.0
archive-13937,Mike Mamula,DE,GB,1997,0.0,0.0,0.0
archive-13937,Mike Mamula,DE,PHI,1997,4.0,0.0,0.0
archive-13947,Chris Mandeville,DB,GB,1987,0.0,0,0
archive-13947,Chris Mandeville,DB,GB,1988,0.0,0,0
archive-13947,Chris Mandeville,DB,WAS,1989,0.0,0,0
archive-13954,Dino Mangiero,NT,KC,1982,1.0,0,0
archive-13954,Dino Mangiero,NT,KC,1983,5.0,0,0
archive-13954,Dino Mangiero,NT,SEA,1984,2.0,0,0
archive-13954,Dino Mangiero,NT,NE,1987,1.0,0,0
archive-13957,John Mangum,DB,CHI,1990,0.0,0,0
archive-13957,John Mangum,DB,CHI,1991,1.0,0,0
archive-13957,John Mangum,DB,CHI,1992,0.0,0,0
archive-13957,John Mangum,DB,CHI,1993,0.0,0,0
archive-13957,John Mangum,DB,CHI,1994,0.5,0.0,0.0
archive-13957,John Mangum,SAF,CHI,1995,1.0,0.0,1.0
archive-13957,John Mangum,DB,CHI,1996,1.0,0.0,0.0
archive-13957,John Mangum,FS,CHI,1997,1.0,0.0,2.0
archive-13957,John Mangum,DB,CHI,1998,0.0,0.0,0.0
archive-13962,Jason Maniecki,DT,TB,1996,0.0,0.0,0.0
archive-13962,Jason Maniecki,DT,TB,1997,1.0,0.0,0.0
archive-13962,Jason Maniecki,DT,TB,1998,0.0,0.0,0.0
archive-13967,Dexter Manley,DE,WAS,1982,9.5,0,0
archive-13967,Dexter Manley,DE,WAS,1983,12.0,0,0
archive-13967,Dexter Manley,DE,WAS,1984,14.5,0,0
archive-13967,Dexter Manley,DE,WAS,1985,15.0,0,0
archive-13967,Dexter Manley,DE,WAS,1986,18.5,0,0
archive-13967,Dexter Manley,DE,WAS,1987,11.5,0,0
archive-13967,Dexter Manley,DE,WAS,1988,9.0,0,0
archive-13967,Dexter Manley,DE,WAS,1989,9.0,0,0
archive-13967,Dexter Manley,DE,ARI,1990,0.0,0,0
archive-13967,Dexter Manley,DE,TB,1991,6.5,0,0
archive-13973,Charles Mann,DE,WAS,1983,4.0,0,0
archive-13973,Charles Mann,DE,WAS,1984,7.0,0,0
archive-13973,Charles Mann,DE,WAS,1985,14.5,0,0
archive-13973,Charles Mann,DE,WAS,1986,11.0,0,0
archive-13973,Charles Mann,DE,WAS,1987,14.0,0,0
archive-13973,Charles Mann,DE,WAS,1988,5.5,0,0
archive-13973,Charles Mann,DE,WAS,1989,10.0,0,0
archive-13973,Charles Mann,DE,WAS,1990,8.0,0,0
archive-13973,Charles Mann,DE,WAS,1991,12.5,0,0
archive-13973,Charles Mann,DE,WAS,1992,4.5,0,0
archive-13973,Charles Mann,DE,WAS,1993,1.0,0,0
archive-13973,Charles Mann,DE,SF,1994,1.0,0.0,0.0
archive-13978,Aaron Manning,DB,CIN,1987,0.0,0,0
archive-13994,Brison Manor,DE,DEN,1982,2.0,0,0
archive-13994,Brison Manor,DE,DEN,1983,4.0,0,0
archive-13994,Brison Manor,DE,DEN,1984,0.0,0,0
archive-13994,Brison Manor,DE,TB,1984,1.0,0,0
archive-13999,Von Mansfield,DB,PHI,1982,0.0,0,0
archive-13999,Von Mansfield,DB,GB,1987,0.0,0,0
archive-14007,Rod Manuel,DE,PIT,1997,0.0,0.0,0.0
archive-14007,Rod Manuel,DE,PIT,1998,0.0,0.0,0.0
archive-14011,Greg Manusky,LB,WAS,1988,0.0,0,0
archive-14011,Greg Manusky,LB,WAS,1989,0.0,0,0
archive-14011,Greg Manusky,LB,WAS,1990,0.0,0,0
archive-14011,Greg Manusky,LB,MIN,1991,0.0,0,0
archive-14011,Greg Manusky,LB,MIN,1992,0.0,0,0
archive-14011,Greg Manusky,LB,MIN,1993,0.0,0,0
archive-14011,Greg Manusky,LB,KC,1994,0.0,0.0,0.0
archive-14011,Greg Manusky,LB,KC,1995,0.0,0.0,0.0
archive-14011,Greg Manusky,LB,KC,1996,0.0,0.0,0.0
archive-14011,Greg Manusky,LB,KC,1997,0.0,0.0,0.0
archive-14011,Greg Manusky,LB,KC,1998,0.0,0.0,0.0
archive-14028,Ken Marchiol,LB,NO,1987,0.0,0,0
archive-14051,Brock Marion,DB,DAL,1993,0.0,0,0
archive-14051,Brock Marion,SAF,DAL,1994,1.0,0.0,1.0
archive-14051,Brock Marion,FS,DAL,1995,0.0,0.0,7.0
archive-14051,Brock Marion,FS,DAL,1996,0.0,0.0,0.0
archive-14051,Brock Marion,FS,DAL,1997,0.0,0.0,0.0
archive-14051,Brock Marion,FS,MIA,1998,0.0,0.0,1.0
archive-14053,Frank Marion,LB,NYG,1982,0.5,0,0
archive-14053,Frank Marion,LB,NYG,1983,0.0,0,0
archive-14054,Fred Marion,DB,NE,1982,0.0,0,0
archive-14054,Fred Marion,DB,NE,1983,0.0,0,0
archive-14054,Fred Marion,FS,NE,1984,1.0,0,0
archive-14054,Fred Marion,FS,NE,1985,0.0,0,0
archive-14054,Fred Marion,DB,NE,1986,0.0,0,0
archive-14054,Fred Marion,DB,NE,1987,0.0,0,0
archive-14054,Fred Marion,FS,NE,1988,0.0,0,0
archive-14054,Fred Marion,FS,NE,1989,0.0,0,0
archive-14054,Fred Marion,FS,NE,1990,0.0,0,0
archive-14054,Fred Marion,FS,NE,1991,0.0,0,0
archive-14057,Greg Mark,DE,MIA,1990,0.0,0,0
archive-14057,Greg Mark,DE,PHI,1990,0.0,0,0
archive-14094,Anthony Marshall,DB,CHI,1994,0.0,0.0,0.0
archive-14094,Anthony Marshall,SAF,CHI,1995,0.0,0.0,1.0
archive-14094,Anthony Marshall,DB,CHI,1996,0.0,0.0,2.0
archive-14094,Anthony Marshall,DB,CHI,1997,3.0,0.0,2.0
archive-14094,Anthony Marshall,DB,PHI,1998,0.0,0.0,0.0
archive-14103,David Marshall,LB,CLE,1984,0.0,0,0
archive-14103,David Marshall,LB,MIA,1987,0.0,0,0
archive-14113,Leonard Marshall,DE,NYG,1983,0.5,0,0
archive-14113,Leonard Marshall,DE,NYG,1984,6.5,0,0
archive-14113,Leonard Marshall,DE,NYG,1985,16.5,0,0
archive-14113,Leonard Marshall,DE,NYG,1986,15.0,0,0
archive-14113,Leonard Marshall,DE,NYG,1987,8.0,0,0
archive-14113,Leonard Marshall,DE,NYG,1988,8.0,0,0
archive-14113,Leonard Marshall,DE,NYG,1989,9.5,0,0
archive-14113,Leonard Marshall,DE,NYG,1990,7.5,0,0
archive-14113,Leonard Marshall,DE,NYG,1991,11.0,0,0
archive-14113,Leonard Marshall,DE,NYG,1992,4.0,0,0
archive-14113,Leonard Marshall,DE,NYJ,1993,2.0,0,0
archive-14113,Leonard Marshall,DE,WAS,1994,2.0,0.0,0.0
archive-14123,Whit Marshall,LB,PHI,1996,0.0,0.0,0.0
archive-14124,Wilber Marshall,LB,CHI,1984,0.0,0,0
archive-14124,Wilber Marshall,LB,CHI,1985,6.5,0,0
archive-14124,Wilber Marshall,LB,CHI,1986,5.5,0,0
archive-14124,Wilber Marshall,LB,CHI,1987,5.0,0,0
archive-14124,Wilber Marshall,LB,WAS,1988,4.0,0,0
archive-14124,Wilber Marshall,LB,WAS,1989,4.0,0,0
archive-14124,Wilber Marshall,LB,WAS,1990,5.0,0,0
archive-14124,Wilber Marshall,LB,WAS,1991,9.5,0,0
archive-14124,Wilber Marshall,LB,WAS,1992,6.0,0,0
archive-14124,Wilber Marshall,LB,TEN,1993,2.0,0,0
archive-14124,Wilber Marshall,LB,ARI,1994,1.0,0.0,0.0
archive-14124,Wilber Marshall,LB,NYJ,1995,1.0,0.0,2.0
archive-14138,Charles Martin ,NT,GB,1984,3.0,0,0
archive-14138,Charles Martin ,NT,GB,1985,3.0,0,0
archive-14138,Charles Martin ,NT,GB,1986,1.0,0,0
archive-14138,Charles Martin ,NT,GB,1987,1.0,0,0
archive-14138,Charles Martin ,NT,TEN,1987,4.0,0,0
archive-14138,Charles Martin ,NT,ATL,1988,0.0,0,0
archive-14140,Chris Martin ,LB,NO,1983,0.0,0,0
archive-14140,Chris Martin ,LB,MIN,1984,1.0,0,0
archive-14140,Chris Martin ,LB,MIN,1985,3.5,0,0
archive-14140,Chris Martin ,LB,MIN,1986,0.0,0,0
archive-14140,Chris Martin ,LB,MIN,1987,0.0,0,0
archive-14140,Chris Martin ,LB,KC,1988,0.0,0,0
archive-14140,Chris Martin ,LB,MIN,1988,1.0,0,0
archive-14140,Chris Martin ,LB,KC,1989,4.0,0,0
archive-14140,Chris Martin ,LB,KC,1990,5.5,0,0
archive-14140,Chris Martin ,LB,KC,1991,6.0,0,0
archive-14140,Chris Martin ,LB,KC,1992,0.5,0,0
archive-14140,Chris Martin ,LB,LAR,1993,0.0,0,0
archive-14140,Chris Martin ,LB,LAR,1994,0.0,0.0,0.0
archive-14141,Chris Martin ,DB,CHI,1996,0.0,0.0,0.0
archive-14144,David Martin ,DB,LAC,1986,0.0,0,0
archive-14144,David Martin ,DB,BUF,1987,1.0,0,0
archive-14147,Derrick Martin ,DB,SF,1987,0.0,0,0
archive-14150,Doug Martin ,DE,MIN,1982,11.5,0,0
archive-14150,Doug Martin ,DE,MIN,1983,13.0,0,0
archive-14150,Doug Martin ,DE,MIN,1984,1.0,0,0
archive-14150,Doug Martin ,DE,MIN,1985,4.0,0,0
archive-14150,Doug Martin ,DE,MIN,1986,9.0,0,0
archive-14150,Doug Martin ,DE,MIN,1987,9.0,0,0
archive-14150,Doug Martin ,DE,MIN,1988,3.0,0,0
archive-14150,Doug Martin ,DE,MIN,1989,0.0,0,0
archive-14152,Emanuel Martin ,DB,BUF,1996,0.0,0.0,2.0
archive-14152,Emanuel Martin ,DB,BUF,1997,0.0,0.0,1.0
archive-14152,Emanuel Martin ,DB,BUF,1998,0.0,0.0,1.0
archive-14158,George Martin ,DE,NYG,1982,6.0,0,0
archive-14158,George Martin ,DE,NYG,1983,9.0,0,0
archive-14158,George Martin ,DE,NYG,1984,6.5,0,0
archive-14158,George Martin ,DE,NYG,1985,10.0,0,0
archive-14158,George Martin ,DE,NYG,1986,5.0,0,0
archive-14158,George Martin ,DE,NYG,1987,5.0,0,0
archive-14158,George Martin ,DE,NYG,1988,7.5,0,0
archive-14159,Harvey Martin ,DE,DAL,1982,8.0,0,0
archive-14159,Harvey Martin ,DE,DAL,1983,2.0,0,0
archive-14182,Rod Martin ,LB,LV,1982,3.0,0,0
archive-14182,Rod Martin ,LB,LV,1983,8.0,0,0
archive-14182,Rod Martin ,LB,LV,1984,11.0,0,0
archive-14182,Rod Martin ,LB,LV,1985,7.0,0,0
archive-14182,Rod Martin ,LB,LV,1986,5.0,0,0
archive-14182,Rod Martin ,LB,LV,1987,3.5,0,0
archive-14182,Rod Martin ,LB,LV,1988,0.0,0,0
archive-14189,Steve Martin ,DE,WAS,1987,5.0,0,0
archive-14190,Steve Martin ,DT,BAL,1996,0.0,0.0,0.0
archive-14190,Steve Martin ,DT,IND,1996,1.0,0.0,0.0
archive-14190,Steve Martin ,DT,IND,1997,0.0,0.0,0.0
archive-14190,Steve Martin ,DT,IND,1998,0.0,0.0,0.0
archive-14190,Steve Martin ,DT,PHI,1998,1.0,0.0,0.0
archive-14197,Wayne Martin ,DE,NO,1989,2.5,0,0
archive-14197,Wayne Martin ,DE,NO,1990,4.0,0,0
archive-14197,Wayne Martin ,DE,NO,1991,4.5,0,0
archive-14197,Wayne Martin ,DE,NO,1992,15.5,0,0
archive-14197,Wayne Martin ,DE,NO,1993,5.0,0,0
archive-14197,Wayne Martin ,DE,NO,1994,10.0,0.0,0.0
archive-14197,Wayne Martin ,DE,NO,1995,13.0,0.0,1.0
archive-14197,Wayne Martin ,DE,NO,1996,11.0,0.0,0.0
archive-14197,Wayne Martin ,DE,NO,1997,10.5,0.0,0.0
archive-14197,Wayne Martin ,DE,NO,1998,3.0,0.0,0.0
archive-14207,Lonnie Marts,LB,KC,1991,1.0,0,0
archive-14207,Lonnie Marts,LB,KC,1992,0.0,0,0
archive-14207,Lonnie Marts,LB,KC,1993,2.0,0,0
archive-14207,Lonnie Marts,LB,TB,1994,0.0,0.0,0.0
archive-14207,Lonnie Marts,LB,TB,1995,0.0,0.0,1.0
archive-14207,Lonnie Marts,LB,TB,1996,7.0,0.0,0.0
archive-14207,Lonnie Marts,LB,BUF,1997,0.0,0.0,0.0
archive-14207,Lonnie Marts,LB,TEN,1997,1.0,0.0,0.0
archive-14207,Lonnie Marts,LB,TEN,1998,4.0,0.0,1.0
archive-14209,Eugene Marve,LB,BUF,1982,0.0,0,0
archive-14209,Eugene Marve,LB,BUF,1983,2.0,0,0
archive-14209,Eugene Marve,LB,BUF,1984,0.0,0,0
archive-14209,Eugene Marve,LB,BUF,1985,0.0,0,0
archive-14209,Eugene Marve,LB,BUF,1986,2.5,0,0
archive-14209,Eugene Marve,LB,BUF,1987,0.0,0,0
archive-14209,Eugene Marve,LB,TB,1988,1.5,0,0
archive-14209,Eugene Marve,LB,TB,1989,0.0,0,0
archive-14209,Eugene Marve,LB,TB,1990,2.0,0,0
archive-14209,Eugene Marve,LB,TB,1991,0.0,0,0
archive-14209,Eugene Marve,LB,LAC,1992,0.0,0,0
archive-14212,Russell Maryland ,DT,DAL,1991,5.5,0,0
archive-14212,Russell Maryland ,DT,DAL,1992,4.5,0,0
archive-14212,Russell Maryland ,DT,DAL,1993,3.5,0,0
archive-14212,Russell Maryland ,DT,DAL,1994,3.0,0.0,0.0
archive-14212,Russell Maryland ,DT,DAL,1995,2.0,0.0,0.0
archive-14212,Russell Maryland ,DT,ARI,1996,0.0,0.0,0.0
archive-14212,Russell Maryland ,DT,LV,1996,2.0,0.0,0.0
archive-14212,Russell Maryland ,DT,LV,1997,4.5,0.0,0.0
archive-14212,Russell Maryland ,DT,LV,1998,2.0,0.0,0.0
archive-14220,Eddie Mason,LB,NYJ,1995,0.0,0.0,0.0
archive-14220,Eddie Mason,LB,JAX,1998,0.0,0.0,0.0
archive-14237,Robert Massey,DB,NO,1989,0.0,0,0
archive-14237,Robert Massey,CB,NO,1990,0.0,0,0
archive-14237,Robert Massey,CB,ARI,1991,0.0,0,0
archive-14237,Robert Massey,CB,ARI,1992,0.0,0,0
archive-14237,Robert Massey,CB,ARI,1993,0.0,0,0
archive-14237,Robert Massey,CB,DET,1994,0.0,0.0,4.0
archive-14237,Robert Massey,CB,DET,1995,0.0,0.0,0.0
archive-14237,Robert Massey,DB,JAX,1996,0.0,0.0,0.0
archive-14237,Robert Massey,DB,MIA,1996,0.0,0.0,0.0
archive-14237,Robert Massey,DB,NE,1996,0.0,0.0,0.0
archive-14237,Robert Massey,DB,NYG,1997,0.0,0.0,0.0
archive-14237,Robert Massey,DB,SEA,1997,0.0,0.0,0.0
archive-14252,Stan Mataele,NT,GB,1987,0.0,0,0
archive-14269,Ric Mathias,DB,CIN,1998,0.0,0.0,0.0
archive-14272,Dedric Mathis,DB,BAL,1996,0.0,0.0,0.0
archive-14272,Dedric Mathis,CB,IND,1996,0.0,0.0,0.0
archive-14272,Dedric Mathis,CB,IND,1997,0.0,0.0,1.0
archive-14275,Kevin Mathis,CB,DAL,1997,0.0,0.0,0.0
archive-14275,Kevin Mathis,CB,DAL,1998,1.0,0.0,3.0
archive-14276,Mark Mathis,DB,ARI,1987,0.0,0,0
archive-14304,Clay Matthews,LB,CLE,1982,1.0,0,0
archive-14304,Clay Matthews,LB,CLE,1983,6.0,0,0
archive-14304,Clay Matthews,LB,CLE,1984,12.0,0,0
archive-14304,Clay Matthews,LB,CLE,1985,6.0,0,0
archive-14304,Clay Matthews,LB,CLE,1986,2.0,0,0
archive-14304,Clay Matthews,LB,CLE,1987,2.5,0,0
archive-14304,Clay Matthews,LB,CLE,1988,6.0,0,0
archive-14304,Clay Matthews,LB,CLE,1989,4.0,0,0
archive-14304,Clay Matthews,LB,CLE,1990,3.5,0,0
archive-14304,Clay Matthews,LB,CLE,1991,6.5,0,0
archive-14304,Clay Matthews,LB,CLE,1992,9.0,0,0
archive-14304,Clay Matthews,LB,CLE,1993,5.5,0,0
archive-14304,Clay Matthews,LB,ATL,1994,1.0,0.0,0.0
archive-14304,Clay Matthews,LB,ATL,1995,0.0,0.0,2.0
archive-14304,Clay Matthews,LB,ATL,1996,6.5,0.0,0.0
archive-14318,Frank Mattiace,DE,IND,1987,1.0,0,0
archive-14339,Chris Maumalanga,DT,NYG,1994,0.0,0.0,0.0
archive-14339,Chris Maumalanga,DT,ARI,1995,0.0,0.0,0.0
archive-14339,Chris Maumalanga,DT,ARI,1996,0.0,0.0,0.0
archive-14348,Curtis Maxey,DE,CIN,1988,0.0,0,0
archive-14348,Curtis Maxey,DE,ATL,1989,0.0,0,0
archive-14351,Brett Maxie,DB,NO,1985,0.0,0,0
archive-14351,Brett Maxie,DB,NO,1986,0.0,0,0
archive-14351,Brett Maxie,DB,NO,1987,2.0,0,0
archive-14351,Brett Maxie,FS,NO,1988,0.0,0,0
archive-14351,Brett Maxie,DB,NO,1989,0.0,0,0
archive-14351,Brett Maxie,S,NO,1990,0.0,0,0
archive-14351,Brett Maxie,S,NO,1991,0.0,0,0
archive-14351,Brett Maxie,S,NO,1992,1.0,0,0
archive-14351,Brett Maxie,DB,NO,1993,0.0,0,0
archive-14351,Brett Maxie,SAF,ATL,1994,0.0,0.0,0.0
archive-14351,Brett Maxie,S,CAR,1995,0.0,0.0,6.0
archive-14351,Brett Maxie,S,CAR,1996,0.0,0.0,1.0
archive-14351,Brett Maxie,DB,KC,1996,0.0,0.0,0.0
archive-14351,Brett Maxie,DB,SF,1997,1.0,0.0,1.0
archive-14359,Vernon Maxwell,LB,IND,1983,11.0,0,0
archive-14359,Vernon Maxwell,LB,IND,1984,8.5,0,0
archive-14359,Vernon Maxwell,LB,DET,1985,0.0,0,0
archive-14359,Vernon Maxwell,LB,DET,1986,2.0,0,0
archive-14359,Vernon Maxwell,LB,DET,1987,0.0,0,0
archive-14359,Vernon Maxwell,LB,SEA,1989,0.0,0,0
archive-14384,Michael Mayes,DB,NO,1989,0.0,0,0
archive-14384,Michael Mayes,DB,NYJ,1990,0.0,0,0
archive-14384,Michael Mayes,DB,MIN,1991,1.0,0,0
archive-14387,Tony Mayes,DB,ARI,1987,0.0,0,0
archive-14388,Corey Mayfield,DT,TB,1992,0.0,0,0
archive-14388,Corey Mayfield,DT,JAX,1995,1.5,0.0,0.0
archive-14390,Martin Mayhew,DB,WAS,1989,0.0,0,0
archive-14390,Martin Mayhew,CB,WAS,1990,0.0,0,0
archive-14390,Martin Mayhew,CB,WAS,1991,0.0,0,0
archive-14390,Martin Mayhew,CB,WAS,1992,0.0,0,0
archive-14390,Martin Mayhew,CB,TB,1993,0.0,0,0
archive-14390,Martin Mayhew,CB,TB,1994,0.0,0.0,2.0
archive-14390,Martin Mayhew,CB,TB,1995,0.0,0.0,5.0
archive-14390,Martin Mayhew,CB,TB,1996,1.0,0.0,1.0
archive-14400,Mike Mayock ,DB,NYG,1982,0.0,0,0
archive-14400,Mike Mayock ,DB,NYG,1983,0.0,0,0
archive-14402,Alvoid Mays,DB,WAS,1990,0.0,0,0
archive-14402,Alvoid Mays,DB,WAS,1991,1.0,0,0
archive-14402,Alvoid Mays,DB,WAS,1992,1.0,0,0
archive-14402,Alvoid Mays,DB,WAS,1993,0.0,0,0
archive-14402,Alvoid Mays,DB,WAS,1994,0.0,0.0,0.0
archive-14402,Alvoid Mays,CB,PIT,1995,0.0,0.0,2.0
archive-14410,Kivuusama Mays,LB,MIN,1998,0.0,0.0,0.0
archive-14412,Stafford Mays,DE,ARI,1982,0.0,0,0
archive-14412,Stafford Mays,DE,ARI,1983,2.5,0,0
archive-14412,Stafford Mays,DE,ARI,1984,3.5,0,0
archive-14412,Stafford Mays,DE,ARI,1985,2.0,0,0
archive-14412,Stafford Mays,DE,ARI,1986,0.0,0,0
archive-14412,Stafford Mays,DE,MIN,1987,7.0,0,0
archive-14412,Stafford Mays,DE,MIN,1988,0.0,0,0
archive-14434,Ken McAlister,LB,SEA,1982,0.0,0,0
archive-14434,Ken McAlister,LB,SEA,1983,0.0,0,0
archive-14434,Ken McAlister,LB,SF,1983,0.0,0,0
archive-14434,Ken McAlister,LB,KC,1984,4.0,0,0
archive-14434,Ken McAlister,LB,KC,1986,1.0,0,0
archive-14434,Ken McAlister,LB,KC,1987,0.0,0,0
archive-14437,Kevin McArthur,LB,NYJ,1986,1.0,0,0
archive-14437,Kevin McArthur,LB,NYJ,1987,0.0,0,0
archive-14437,Kevin McArthur,LB,NYJ,1988,2.0,0,0
archive-14437,Kevin McArthur,LB,NYJ,1989,0.0,0,0
archive-14453,Gerald McBurrows,SAF,LAR,1995,1.0,0.0,0.0
archive-14453,Gerald McBurrows,S,LAR,1996,0.0,0.0,1.0
archive-14453,Gerald McBurrows,DB,WAS,1996,0.0,0.0,0.0
archive-14453,Gerald McBurrows,DB,LAR,1997,0.0,0.0,0.0
archive-14453,Gerald McBurrows,DB,LAR,1998,0.0,0.0,0.0
archive-14454,Jerry McCabe,LB,NE,1987,1.0,0,0
archive-14454,Jerry McCabe,LB,KC,1988,0.0,0,0
archive-14475,Fred McCallister,LB,TB,1987,1.0,0,0
archive-14484,Keith McCants,DE,TB,1990,2.0,0,0
archive-14484,Keith McCants,DE,TB,1991,5.0,0,0
archive-14484,Keith McCants,DE,TB,1992,5.0,0,0
archive-14484,Keith McCants,DE,TEN,1993,0.0,0,0
archive-14484,Keith McCants,DE,ARI,1994,1.0,0.0,1.0
archive-14484,Keith McCants,DE,TEN,1994,0.0,0.0,0.0
archive-14484,Keith McCants,DE,ARI,1995,0.5,0.0,0.0
archive-14524,Randy McClanahan,LB,LV,1982,0.0,0,0
archive-14532,Skip McClendon,DE,CIN,1987,0.0,0,0
archive-14532,Skip McClendon,DE,CIN,1988,2.0,0,0
archive-14532,Skip McClendon,DE,CIN,1989,1.5,0,0
archive-14532,Skip McClendon,DE,CIN,1990,2.0,0,0
archive-14532,Skip McClendon,DE,CIN,1991,0.0,0,0
archive-14532,Skip McClendon,DE,LAC,1991,0.0,0,0
archive-14532,Skip McClendon,DE,IND,1992,1.0,0,0
archive-14532,Skip McClendon,DE,MIN,1992,0.0,0,0
archive-14532,Skip McClendon,DE,IND,1993,1.5,0,0
archive-14534,Dexter McCleon,DB,LAR,1997,1.0,0.0,1.0
archive-14534,Dexter McCleon,CB,LAR,1998,0.0,0.0,2.0
archive-14535,J.J. McCleskey,SAF,NO,1995,0.0,0.0,1.0
archive-14535,J.J. McCleskey,CB,ARI,1996,0.0,0.0,0.0
archive-14535,J.J. McCleskey,CB,NO,1996,0.0,0.0,0.0
archive-14535,J.J. McCleskey,DB,ARI,1997,1.0,0.0,1.0
archive-14535,J.J. McCleskey,DB,DET,1997,0.0,0.0,0.0
archive-14535,J.J. McCleskey,CB,ARI,1998,0.0,0.0,1.0
archive-14538,Tyrus McCloud ,LB,BAL,1997,0.0,0.0,0.0
archive-14538,Tyrus McCloud ,LB,BAL,1998,0.0,0.0,0.0
archive-14539,Dave McCloughan,DB,IND,1991,0.0,0,0
archive-14539,Dave McCloughan,DB,GB,1992,0.0,0,0
archive-14539,Dave McCloughan,DB,SEA,1993,0.0,0,0
archive-14539,Dave McCloughan,DB,SEA,1994,0.0,0.0,0.0
archive-14553,Milt McColl,LB,SF,1982,0.5,0,0
archive-14553,Milt McColl,LB,SF,1983,1.0,0,0
archive-14553,Milt McColl,LB,SF,1984,5.0,0,0
archive-14553,Milt McColl,LB,SF,1985,0.0,0,0
archive-14553,Milt McColl,LB,SF,1986,2.0,0,0
archive-14553,Milt McColl,LB,SF,1987,1.0,0,0
archive-14553,Milt McColl,LB,LV,1988,0.0,0,0
archive-14559,Tony McCombs,LB,ARI,1997,0.0,0.0,0.0
archive-14559,Tony McCombs,LB,DET,1997,0.0,0.0,0.0
archive-14559,Tony McCombs,LB,ARI,1998,0.0,0.0,1.0
archive-14567,Hurvin McCormack,DT,DAL,1994,0.0,0.0,0.0
archive-14567,Hurvin McCormack,DT,DAL,1995,2.0,0.0,0.0
archive-14567,Hurvin McCormack,DT,DAL,1996,2.5,0.0,0.0
archive-14567,Hurvin McCormack,DT,DAL,1997,0.5,0.0,0.0
archive-14567,Hurvin McCormack,DT,DAL,1998,5.0,0.0,0.0
archive-14589,Larry McCoy,LB,LV,1984,0.0,0,0
archive-14589,Larry McCoy,LB,NO,1987,2.0,0,0
archive-14595,Mike McCoy,CB,GB,1982,0.0,0,0
archive-14595,Mike McCoy,CB,GB,1983,0.0,0,0
archive-14596,Tony McCoy,DT,IND,1992,1.0,0,0
archive-14596,Tony McCoy,DT,IND,1993,0.0,0,0
archive-14596,Tony McCoy,DT,IND,1994,6.0,0.0,0.0
archive-14596,Tony McCoy,DT,IND,1995,3.5,0.0,0.0
archive-14596,Tony McCoy,DT,BAL,1996,0.0,0.0,0.0
archive-14596,Tony McCoy,DT,IND,1996,5.0,0.0,0.0
archive-14596,Tony McCoy,DT,IND,1997,2.5,0.0,0.0
archive-14596,Tony McCoy,DT,IND,1998,6.0,0.0,0.0
archive-14600,Michael McCrary,DE,SEA,1993,4.0,0,0
archive-14600,Michael McCrary,DE,SEA,1994,1.5,0.0,0.0
archive-14600,Michael McCrary,DE,SEA,1995,1.0,0.0,0.0
archive-14600,Michael McCrary,DE,SEA,1996,13.5,0.0,0.0
archive-14600,Michael McCrary,DE,BAL,1997,9.0,0.0,0.0
archive-14600,Michael McCrary,DE,BAL,1998,14.5,0.0,0.0
archive-14602,Bruce McCray,DB,CHI,1987,0.0,0,0
archive-14621,George McCullough,DB,MIA,1997,0.0,0.0,0.0
archive-14621,George McCullough,DB,TEN,1997,0.0,0.0,0.0
archive-14621,George McCullough,DB,TEN,1998,0.0,0.0,0.0
archive-14624,Jake McCullough,DE,DEN,1989,0.0,0,0
archive-14624,Jake McCullough,DE,DEN,1990,0.0,0,0
archive-14634,Ed McDaniel,LB,MIN,1992,0.0,0,0
archive-14634,Ed McDaniel,LB,MIN,1993,0.0,0,0
archive-14634,Ed McDaniel,LB,MIN,1994,1.5,0.0,1.0
archive-14634,Ed McDaniel,LB,MIN,1995,4.5,0.0,1.0
archive-14634,Ed McDaniel,LB,MIN,1997,1.5,0.0,1.0
archive-14634,Ed McDaniel,LB,MIN,1998,7.0,0.0,0.0
archive-14635,Emmanuel McDaniel,DB,CAR,1996,0.0,0.0,0.0
archive-14635,Emmanuel McDaniel,DB,IND,1997,0.0,0.0,0.0
archive-14639,LeCharls McDaniel,DB,WAS,1982,0.0,0,0
archive-14639,LeCharls McDaniel,DB,NYG,1983,0.0,0,0
archive-14642,Terry McDaniel,DB,LV,1988,0.0,0,0
archive-14642,Terry McDaniel,CB,LV,1989,1.0,0,0
archive-14642,Terry McDaniel,CB,LV,1990,2.0,0,0
archive-14642,Terry McDaniel,CB,LV,1991,0.0,0,0
archive-14642,Terry McDaniel,CB,LV,1992,0.0,0,0
archive-14642,Terry McDaniel,CB,LV,1993,0.0,0,0
archive-14642,Terry McDaniel,CB,LV,1994,0.0,0.0,7.0
archive-14642,Terry McDaniel,CB,LV,1995,0.0,0.0,6.0
archive-14642,Terry McDaniel,DB,ARI,1996,0.0,0.0,0.0
archive-14642,Terry McDaniel,CB,LV,1996,0.0,0.0,5.0
archive-14642,Terry McDaniel,CB,LV,1997,0.0,0.0,1.0
archive-14642,Terry McDaniel,DB,SEA,1998,0.0,0.0,1.0
archive-14646,Pellom McDaniels,LB,KC,1993,0.0,0,0
archive-14646,Pellom McDaniels,LB,KC,1994,2.0,0.0,0.0
archive-14646,Pellom McDaniels,LB,KC,1995,2.0,0.0,0.0
archive-14646,Pellom McDaniels,LB,KC,1996,0.0,0.0,0.0
archive-14646,Pellom McDaniels,LB,KC,1997,3.5,0.0,0.0
archive-14646,Pellom McDaniels,LB,KC,1998,0.0,0.0,0.0
archive-14661,Devon McDonald,LB,IND,1993,0.0,0,0
archive-14661,Devon McDonald,LB,IND,1994,1.0,0.0,0.0
archive-14661,Devon McDonald,LB,IND,1995,0.0,0.0,0.0
archive-14661,Devon McDonald,LB,ARI,1996,0.0,0.0,0.0
archive-14675,Mike McDonald,LB,LAR,1984,0.0,0,0
archive-14675,Mike McDonald,LB,LAR,1986,0.0,0,0
archive-14675,Mike McDonald,LB,LAR,1987,0.0,0,0
archive-14675,Mike McDonald,LB,LAR,1988,0.0,0,0
archive-14675,Mike McDonald,LB,LAR,1989,0.0,0,0
archive-14675,Mike McDonald,LB,LAR,1990,0.0,0,0
archive-14675,Mike McDonald,LB,LAR,1991,0.0,0,0
archive-14675,Mike McDonald,LB,DET,1992,0.0,0,0
archive-14678,Quintus McDonald,LB,IND,1989,2.0,0,0
archive-14678,Quintus McDonald,LB,IND,1990,0.0,0,0
archive-14678,Quintus McDonald,LB,IND,1991,0.0,0,0
archive-14679,Ramos McDonald,CB,MIN,1998,0.0,0.0,0.0
archive-14682,Ricardo McDonald,LB,CIN,1992,0.0,0,0
archive-14682,Ricardo McDonald,LB,CIN,1993,1.0,0,0
archive-14682,Ricardo McDonald,LB,CIN,1994,1.0,0.0,0.0
archive-14682,Ricardo McDonald,LB,CIN,1995,5.0,0.0,0.0
archive-14682,Ricardo McDonald,LB,CIN,1996,5.0,0.0,0.0
archive-14682,Ricardo McDonald,LB,LAC,1996,0.0,0.0,0.0
archive-14682,Ricardo McDonald,LB,CIN,1997,1.0,0.0,0.0
archive-14682,Ricardo McDonald,LB,NE,1997,0.0,0.0,0.0
archive-14682,Ricardo McDonald,LB,CHI,1998,1.0,0.0,0.0
archive-14686,Tim McDonald,DB,ARI,1987,0.0,0,0
archive-14686,Tim McDonald,S,ARI,1988,2.0,0,0
archive-14686,Tim McDonald,DB,ARI,1989,0.0,0,0
archive-14686,Tim McDonald,S,ARI,1990,0.0,0,0
archive-14686,Tim McDonald,S,ARI,1991,0.0,0,0
archive-14686,Tim McDonald,S,ARI,1992,0.5,0,0
archive-14686,Tim McDonald,S,SF,1993,0.0,0,0
archive-14686,Tim McDonald,S,SF,1994,0.0,0.0,2.0
archive-14686,Tim McDonald,S,SF,1995,0.0,0.0,4.0
archive-14686,Tim McDonald,DB,NYJ,1996,0.0,0.0,0.0
archive-14686,Tim McDonald,S,SF,1996,1.0,0.0,3.0
archive-14686,Tim McDonald,S,SF,1997,1.0,0.0,3.0
archive-14686,Tim McDonald,S,SF,1998,4.0,0.0,4.0
archive-14693,Bob McDonough,DB,DET,1987,0.0,0,0
archive-14705,Bubba McDowell,S,TEN,1989,1.0,0,0
archive-14705,Bubba McDowell,S,TEN,1990,0.5,0,0
archive-14705,Bubba McDowell,S,TEN,1991,1.0,0,0
archive-14705,Bubba McDowell,S,TEN,1992,1.5,0,0
archive-14705,Bubba McDowell,S,TEN,1993,1.0,0,0
archive-14705,Bubba McDowell,SAF,TEN,1994,0.0,0.0,0.0
archive-14705,Bubba McDowell,S,CAR,1995,0.0,0.0,1.0
archive-14707,George McDuffie,DE,DET,1987,2.0,0,0
archive-14710,Blaine McElmurry,DB,GB,1997,0.0,0.0,0.0
archive-14710,Blaine McElmurry,DB,JAX,1998,0.0,0.0,0.0
archive-14714,Ray McElroy,DB,IND,1995,0.0,0.0,1.0
archive-14714,Ray McElroy,DB,BAL,1996,0.0,0.0,0.0
archive-14714,Ray McElroy,S,IND,1996,0.0,0.0,1.0
archive-14714,Ray McElroy,CB,IND,1997,0.0,0.0,0.0
archive-14714,Ray McElroy,DB,IND,1998,0.0,0.0,0.0
archive-14716,Vann McElroy,FS,LV,1982,0.0,0,0
archive-14716,Vann McElroy,FS,LV,1983,0.0,0,0
archive-14716,Vann McElroy,FS,LV,1984,0.0,0,0
archive-14716,Vann McElroy,FS,LV,1985,0.0,0,0
archive-14716,Vann McElroy,DB,LV,1986,0.0,0,0
archive-14716,Vann McElroy,DB,LV,1987,0.0,0,0
archive-14716,Vann McElroy,FS,LV,1988,0.0,0,0
archive-14716,Vann McElroy,FS,LV,1989,0.0,0,0
archive-14716,Vann McElroy,DB,LV,1990,0.0,0,0
archive-14716,Vann McElroy,DB,SEA,1990,1.0,0,0
archive-14744,Scott McGarrahan,DB,GB,1998,0.0,0.0,0.0
archive-14754,Dell McGee,DB,ARI,1998,0.0,0.0,0.0
archive-14766,Tony McGee,DE,WAS,1982,7.5,0,0
archive-14766,Tony McGee,DE,WAS,1983,10.0,0,0
archive-14766,Tony McGee,DE,WAS,1984,4.5,0,0
archive-14772,Kanavis McGhee,LB,NYG,1991,0.0,0,0
archive-14772,Kanavis McGhee,LB,NYG,1992,0.0,0,0
archive-14772,Kanavis McGhee,LB,NYG,1993,2.0,0,0
archive-14772,Kanavis McGhee,LB,CIN,1994,0.0,0.0,0.0
archive-14772,Kanavis McGhee,LB,TEN,1995,1.5,0.0,0.0
archive-14777,Karmeeleyah McGill,LB,CIN,1993,0.0,0,0
archive-14779,Lenny McGill,CB,GB,1994,0.0,0.0,2.0
archive-14779,Lenny McGill,CB,GB,1995,0.0,0.0,0.0
archive-14779,Lenny McGill,CB,ATL,1996,0.0,0.0,0.0
archive-14779,Lenny McGill,DB,ATL,1997,0.0,0.0,1.0
archive-14779,Lenny McGill,DB,CAR,1998,1.0,0.0,1.0
archive-14783,Willie McGinest,DE,NE,1994,5.5,0.0,0.0
archive-14783,Willie McGinest,DE,NE,1995,11.0,0.0,0.0
archive-14783,Willie McGinest,DE,BUF,1996,0.0,0.0,0.0
archive-14783,Willie McGinest,DE,NE,1996,10.5,0.0,1.0
archive-14783,Willie McGinest,DE,NE,1997,4.5,0.0,0.0
archive-14783,Willie McGinest,DE,NE,1998,3.5,0.0,0.0
archive-14788,Chester McGlockton,DT,LV,1992,3.0,0,0
archive-14788,Chester McGlockton,DT,LV,1993,7.0,0,0
archive-14788,Chester McGlockton,DT,LV,1994,9.5,0.0,0.0
archive-14788,Chester McGlockton,DT,LV,1995,7.5,0.0,0.0
archive-14788,Chester McGlockton,DT,ARI,1996,0.0,0.0,0.0
archive-14788,Chester McGlockton,DT,LV,1996,8.0,0.0,0.0
archive-14788,Chester McGlockton,DT,LV,1997,4.5,0.0,0.0
archive-14788,Chester McGlockton,DT,KC,1998,1.0,0.0,0.0
archive-14795,Rob McGovern,LB,KC,1989,0.0,0,0
archive-14795,Rob McGovern,LB,KC,1990,0.0,0,0
archive-14795,Rob McGovern,LB,PIT,1991,0.0,0,0
archive-14795,Rob McGovern,LB,NE,1992,0.0,0,0
archive-14798,Joe McGrail,NT,BUF,1987,0.0,0,0
archive-14809,Larry McGrew,LB,NE,1982,1.5,0,0
archive-14809,Larry McGrew,LB,NE,1983,2.0,0,0
archive-14809,Larry McGrew,LB,NE,1984,0.5,0,0
archive-14809,Larry McGrew,LB,NE,1985,1.0,0,0
archive-14809,Larry McGrew,LB,NE,1986,1.0,0,0
archive-14809,Larry McGrew,LB,NE,1987,1.0,0,0
archive-14809,Larry McGrew,LB,NE,1988,2.0,0,0
archive-14809,Larry McGrew,LB,NE,1989,4.5,0,0
archive-14809,Larry McGrew,LB,NYG,1990,0.0,0,0
archive-14811,Sylvester McGrew,DE,GB,1987,0.0,0,0
archive-14812,Curtis McGriff,DE,NYG,1982,0.0,0,0
archive-14812,Curtis McGriff,DE,NYG,1983,0.0,0,0
archive-14812,Curtis McGriff,DE,NYG,1984,0.0,0,0
archive-14812,Curtis McGriff,DE,NYG,1985,0.0,0,0
archive-14812,Curtis McGriff,DE,WAS,1987,0.0,0,0
archive-14816,Lamar McGriggs,DB,NYG,1991,0.0,0,0
archive-14816,Lamar McGriggs,S,NYG,1992,0.0,0,0
archive-14816,Lamar McGriggs,S,MIN,1993,0.0,0,0
archive-14816,Lamar McGriggs,DB,MIN,1994,0.0,0.0,1.0
archive-14818,Michael McGruder,DB,SF,1993,0.0,0,0
archive-14818,Michael McGruder,DB,TB,1994,0.0,0.0,1.0
archive-14818,Michael McGruder,DB,NE,1996,0.5,0.0,0.0
archive-14818,Michael McGruder,DB,NE,1997,1.0,0.0,0.0
archive-14825,Joe McHale,LB,NE,1987,0.0,0,0
archive-14837,Sean McInerney,DE,CHI,1987,6.5,0,0
archive-14844,Toddrick McIntosh,DE,TB,1994,0.0,0.0,0.0
archive-14844,Toddrick McIntosh,DE,TB,1995,2.0,0.0,0.0
archive-14860,Vito McKeever,DB,TB,1986,0.0,0,0
archive-14860,Vito McKeever,DB,TB,1987,0.0,0,0
archive-14866,Keith McKenzie,DE,GB,1996,2.0,0.0,0.0
archive-14866,Keith McKenzie,DE,GB,1997,4.5,0.0,0.0
archive-14866,Keith McKenzie,DE,GB,1998,8.0,0.0,1.0
archive-14871,Reggie McKenzie,LB,LV,1985,1.0,0,0
archive-14871,Reggie McKenzie,LB,LV,1986,1.0,0,0
archive-14871,Reggie McKenzie,LB,LV,1987,0.0,0,0
archive-14871,Reggie McKenzie,LB,LV,1988,1.0,0,0
archive-14871,Reggie McKenzie,LB,SF,1992,0.0,0,0
archive-14872,Rich McKenzie,LB,CLE,1995,1.5,0.0,0.0
archive-14888,Odis McKinney,DB,LV,1982,1.0,0,0
archive-14888,Odis McKinney,DB,LV,1983,0.0,0,0
archive-14888,Odis McKinney,DB,LV,1984,1.0,0,0
archive-14888,Odis McKinney,DB,KC,1985,0.0,0,0
archive-14888,Odis McKinney,FS,LV,1985,0.0,0,0
archive-14888,Odis McKinney,DB,LV,1986,0.0,0,0
archive-14898,Ronald McKinnon ,LB,ARI,1996,0.0,0.0,0.0
archive-14898,Ronald McKinnon ,LB,ARI,1997,1.0,0.0,3.0
archive-14898,Ronald McKinnon ,LB,DET,1997,0.0,0.0,0.0
archive-14898,Ronald McKinnon ,LB,ARI,1998,3.0,0.0,5.0
archive-14906,Tim McKyer,DB,SF,1986,0.0,0,0
archive-14906,Tim McKyer,DB,SF,1987,0.0,0,0
archive-14906,Tim McKyer,CB,SF,1988,0.0,0,0
archive-14906,Tim McKyer,DB,SF,1989,0.0,0,0
archive-14906,Tim McKyer,CB,MIA,1990,0.0,0,0
archive-14906,Tim McKyer,CB,ATL,1991,0.0,0,0
archive-14906,Tim McKyer,CB,ATL,1992,1.0,0,0
archive-14906,Tim McKyer,CB,DET,1993,0.0,0,0
archive-14906,Tim McKyer,DB,PIT,1994,0.0,0.0,1.0
archive-14906,Tim McKyer,CB,CAR,1995,0.0,0.0,3.0
archive-14906,Tim McKyer,CB,ATL,1996,1.0,0.0,0.0
archive-14906,Tim McKyer,DB,DEN,1997,1.0,0.0,1.0
archive-14911,Joe McLaughlin,LB,NYG,1982,0.0,0,0
archive-14911,Joe McLaughlin,LB,NYG,1983,0.0,0,0
archive-14911,Joe McLaughlin,LB,NYG,1984,0.0,0,0
archive-14920,Ron McLean ,NT,DEN,1987,0.0,0,0
archive-14920,Ron McLean ,NT,KC,1988,0.0,0,0
archive-14921,Scott McLean ,LB,DAL,1983,0.0,0,0
archive-14930,Mike McLeod,DB,GB,1984,0.0,0,0
archive-14930,Mike McLeod,DB,GB,1985,0.0,0,0
archive-14943,Tom McManus,LB,JAX,1995,0.0,0.0,0.0
archive-14943,Tom McManus,LB,JAX,1996,0.0,0.0,0.0
archive-14943,Tom McManus,LB,MIA,1996,0.0,0.0,0.0
archive-14943,Tom McManus,LB,NE,1996,0.0,0.0,0.0
archive-14943,Tom McManus,LB,JAX,1998,0.0,0.0,0.0
archive-14946,Steve McMichael,DT,CHI,1982,2.5,0,0
archive-14946,Steve McMichael,DT,CHI,1983,8.5,0,0
archive-14946,Steve McMichael,DT,CHI,1984,11.5,0,0
archive-14946,Steve McMichael,DT,CHI,1985,9.0,0,0
archive-14946,Steve McMichael,DT,CHI,1986,8.0,0,0
archive-14946,Steve McMichael,DT,CHI,1987,7.0,0,0
archive-14946,Steve McMichael,DT,CHI,1988,12.5,0,0
archive-14946,Steve McMichael,DT,CHI,1989,7.5,0,0
archive-14946,Steve McMichael,DT,CHI,1990,6.0,0,0
archive-14946,Steve McMichael,DT,CHI,1991,9.0,0,0
archive-14946,Steve McMichael,DT,CHI,1992,10.5,0,0
archive-14946,Steve McMichael,DT,CHI,1993,6.0,0,0
archive-14946,Steve McMichael,DT,GB,1994,2.5,0.0,0.0
archive-14951,Erik McMillan,FS,NYJ,1988,0.0,0,0
archive-14951,Erik McMillan,FS,NYJ,1989,2.0,0,0
archive-14951,Erik McMillan,FS,NYJ,1990,0.0,0,0
archive-14951,Erik McMillan,FS,NYJ,1991,1.0,0,0
archive-14951,Erik McMillan,DB,NYJ,1992,2.0,0,0
archive-14951,Erik McMillan,DB,CLE,1993,0.0,0,0
archive-14951,Erik McMillan,DB,KC,1993,0.0,0,0
archive-14951,Erik McMillan,DB,PHI,1993,0.0,0,0
archive-14954,Dan McMillen,DE,LV,1987,1.0,0,0
archive-14954,Dan McMillen,DE,PHI,1987,0.0,0,0
archive-14956,Audray McMillian,DB,TEN,1985,0.0,0,0
archive-14956,Audray McMillian,DB,TEN,1986,0.0,0,0
archive-14956,Audray McMillian,DB,TEN,1987,0.0,0,0
archive-14956,Audray McMillian,DB,MIN,1989,0.0,0,0
archive-14956,Audray McMillian,FS,MIN,1990,0.0,0,0
archive-14956,Audray McMillian,CB,MIN,1991,0.0,0,0
archive-14956,Audray McMillian,CB,MIN,1992,0.0,0,0
archive-14956,Audray McMillian,CB,MIN,1993,0.0,0,0
archive-14957,Henry McMillian,DT,SEA,1995,0.0,0.0,0.0
archive-14957,Henry McMillian,DT,SEA,1996,0.0,0.0,0.0
archive-14959,Mark McMillian,DB,PHI,1992,0.0,0,0
archive-14959,Mark McMillian,CB,PHI,1993,0.0,0,0
archive-14959,Mark McMillian,CB,PHI,1994,0.0,0.0,2.0
archive-14959,Mark McMillian,CB,PHI,1995,0.0,0.0,5.0
archive-14959,Mark McMillian,CB,NO,1996,0.0,0.0,2.0
archive-14959,Mark McMillian,DB,KC,1997,0.0,0.0,8.0
archive-14959,Mark McMillian,CB,KC,1998,0.0,0.0,3.0
archive-14977,Sean McNanie,DE,BUF,1984,3.0,0,0
archive-14977,Sean McNanie,DE,BUF,1985,3.0,0,0
archive-14977,Sean McNanie,DE,BUF,1986,6.5,0,0
archive-14977,Sean McNanie,DE,BUF,1987,2.5,0,0
archive-14977,Sean McNanie,DE,ARI,1988,0.0,0,0
archive-14977,Sean McNanie,DE,IND,1990,0.0,0,0
archive-14979,Don McNeal,CB,MIA,1982,0.0,0,0
archive-14979,Don McNeal,CB,MIA,1984,0.0,0,0
archive-14979,Don McNeal,DB,MIA,1985,0.0,0,0
archive-14979,Don McNeal,DB,MIA,1986,0.0,0,0
archive-14979,Don McNeal,DB,MIA,1987,0.0,0,0
archive-14979,Don McNeal,DB,MIA,1988,0.0,0,0
archive-14979,Don McNeal,DB,MIA,1989,0.0,0,0
archive-14984,Emanuel McNeil,NT,NE,1989,0.0,0,0
archive-14984,Emanuel McNeil,NT,NYJ,1990,0.0,0,0
archive-14989,Ryan McNeil,CB,DET,1993,0.0,0,0
archive-14989,Ryan McNeil,CB,DET,1994,0.0,0.0,1.0
archive-14989,Ryan McNeil,CB,DET,1995,0.0,0.0,2.0
archive-14989,Ryan McNeil,CB,DET,1996,0.0,0.0,5.0
archive-14989,Ryan McNeil,CB,LAR,1997,0.0,0.0,9.0
archive-14989,Ryan McNeil,CB,LAR,1998,0.0,0.0,1.0
archive-14990,Fred McNeill,LB,MIN,1982,1.0,0,0
archive-14990,Fred McNeill,LB,MIN,1983,0.5,0,0
archive-14990,Fred McNeill,LB,MIN,1984,1.0,0,0
archive-14990,Fred McNeill,LB,MIN,1985,0.0,0,0
archive-14996,Bruce McNorton,DB,DET,1982,0.0,0,0
archive-14996,Bruce McNorton,CB,DET,1983,0.0,0,0
archive-14996,Bruce McNorton,CB,DET,1984,0.0,0,0
archive-14996,Bruce McNorton,CB,DET,1985,0.0,0,0
archive-14996,Bruce McNorton,DB,DET,1986,0.0,0,0
archive-14996,Bruce McNorton,DB,DET,1987,0.0,0,0
archive-14996,Bruce McNorton,CB,DET,1988,0.0,0,0
archive-14996,Bruce McNorton,DB,DET,1989,1.0,0,0
archive-14996,Bruce McNorton,CB,DET,1990,0.0,0,0
archive-15007,Miles McPherson ,DB,LAC,1982,0.0,0,0
archive-15007,Miles McPherson ,DB,LAC,1983,1.0,0,0
archive-15007,Miles McPherson ,DB,LAC,1984,0.0,0,0
archive-15007,Miles McPherson ,DB,LAC,1985,0.0,0,0
archive-15012,R.W. McQuarters,CB,SF,1998,0.0,0.0,0.0
archive-15032,Rod McSwain,DB,NE,1984,0.0,0,0
archive-15032,Rod McSwain,DB,NE,1985,0.0,0,0
archive-15032,Rod McSwain,DB,NE,1986,0.0,0,0
archive-15032,Rod McSwain,DB,NE,1987,0.0,0,0
archive-15032,Rod McSwain,DB,NE,1988,0.0,0,0
archive-15032,Rod McSwain,CB,NE,1989,0.0,0,0
archive-15032,Rod McSwain,S,NE,1990,2.0,0,0
archive-15033,Tim McTyer,DB,GB,1997,0.0,0.0,0.0
archive-15033,Tim McTyer,DB,PHI,1997,0.0,0.0,0.0
archive-15033,Tim McTyer,DB,PHI,1998,0.5,0.0,1.0
archive-15036,John McVeigh,LB,SEA,1987,0.0,0,0
archive-15048,Darryl Meadows,DB,TEN,1983,0.0,0,0
archive-15048,Darryl Meadows,DB,TEN,1984,0.0,0,0
archive-15050,Johnny Meads,LB,TEN,1984,0.0,0,0
archive-15050,Johnny Meads,LB,TEN,1985,1.5,0,0
archive-15050,Johnny Meads,LB,TEN,1986,3.5,0,0
archive-15050,Johnny Meads,LB,TEN,1987,4.5,0,0
archive-15050,Johnny Meads,LB,TEN,1988,8.0,0,0
archive-15050,Johnny Meads,LB,TEN,1989,4.0,0,0
archive-15050,Johnny Meads,LB,TEN,1990,2.5,0,0
archive-15050,Johnny Meads,LB,TEN,1991,0.0,0,0
archive-15050,Johnny Meads,LB,TEN,1992,0.0,0,0
archive-15050,Johnny Meads,LB,WAS,1992,0.0,0,0
archive-15053,Tim Meamber,LB,MIN,1985,0.0,0,0
archive-15059,Karl Mecklenburg,LB,DEN,1983,2.0,0,0
archive-15059,Karl Mecklenburg,LB,DEN,1984,7.0,0,0
archive-15059,Karl Mecklenburg,LB,DEN,1985,13.0,0,0
archive-15059,Karl Mecklenburg,LB,DEN,1986,10.5,0,0
archive-15059,Karl Mecklenburg,LB,DEN,1987,8.0,0,0
archive-15059,Karl Mecklenburg,LB,DEN,1988,1.0,0,0
archive-15059,Karl Mecklenburg,LB,DEN,1989,7.5,0,0
archive-15059,Karl Mecklenburg,LB,DEN,1990,5.0,0,0
archive-15059,Karl Mecklenburg,LB,DEN,1991,9.0,0,0
archive-15059,Karl Mecklenburg,LB,DEN,1992,7.5,0,0
archive-15059,Karl Mecklenburg,LB,DEN,1993,9.0,0,0
archive-15059,Karl Mecklenburg,LB,DEN,1994,1.5,0.0,0.0
archive-15079,Lance Mehl,LB,NYJ,1982,0.0,0,0
archive-15079,Lance Mehl,LB,NYJ,1983,2.5,0,0
archive-15079,Lance Mehl,LB,NYJ,1984,5.0,0,0
archive-15079,Lance Mehl,LB,NYJ,1985,5.5,0,0
archive-15079,Lance Mehl,LB,NYJ,1986,1.0,0,0
archive-15079,Lance Mehl,LB,NYJ,1987,0.0,0,0
archive-15091,Greg Meisner,NT,LAR,1982,1.0,0,0
archive-15091,Greg Meisner,NT,LAR,1983,0.0,0,0
archive-15091,Greg Meisner,NT,LAR,1984,3.5,0,0
archive-15091,Greg Meisner,NT,LAR,1985,0.0,0,0
archive-15091,Greg Meisner,NT,LAR,1986,2.0,0,0
archive-15091,Greg Meisner,NT,LAR,1987,3.0,0,0
archive-15091,Greg Meisner,NT,LAR,1988,1.0,0,0
archive-15091,Greg Meisner,NT,KC,1989,0.5,0,0
archive-15091,Greg Meisner,NT,KC,1990,1.0,0,0
archive-15091,Greg Meisner,NT,NYG,1991,0.0,0,0
archive-15096,Jim Melka,LB,GB,1987,0.0,0,0
archive-15111,Mat Mendenhall,DE,WAS,1982,1.0,0,0
archive-15141,Casey Merrill ,DE,GB,1982,4.0,0,0
archive-15141,Casey Merrill ,DE,GB,1983,0.0,0,0
archive-15141,Casey Merrill ,DE,NYG,1983,3.0,0,0
archive-15141,Casey Merrill ,DE,NYG,1984,9.5,0,0
archive-15141,Casey Merrill ,DE,NYG,1985,3.0,0,0
archive-15141,Casey Merrill ,DE,NO,1986,0.0,0,0
archive-15142,Mark Merrill ,LB,DEN,1982,0.0,0,0
archive-15142,Mark Merrill ,LB,GB,1982,0.0,0,0
archive-15142,Mark Merrill ,LB,BUF,1983,0.0,0,0
archive-15142,Mark Merrill ,LB,BUF,1984,0.0,0,0
archive-15142,Mark Merrill ,LB,LV,1984,0.0,0,0
archive-15145,Sam Merriman,LB,SEA,1983,0.0,0,0
archive-15145,Sam Merriman,LB,SEA,1984,0.0,0,0
archive-15145,Sam Merriman,LB,SEA,1985,0.0,0,0
archive-15145,Sam Merriman,LB,SEA,1986,2.0,0,0
archive-15145,Sam Merriman,LB,SEA,1987,0.0,0,0
archive-15148,David Merritt,LB,ARI,1993,0.0,0,0
archive-15148,David Merritt,LB,MIA,1993,0.0,0,0
archive-15148,David Merritt,LB,ARI,1994,0.0,0.0,0.0
archive-15148,David Merritt,LB,ARI,1995,0.0,0.0,0.0
archive-15149,Jim Merritts,DE,IND,1987,0.0,0,0
archive-15150,Mike Merriweather,LB,PIT,1982,0.0,0,0
archive-15150,Mike Merriweather,LB,PIT,1983,0.5,0,0
archive-15150,Mike Merriweather,LB,PIT,1984,16.0,0,0
archive-15150,Mike Merriweather,LB,PIT,1985,4.0,0,0
archive-15150,Mike Merriweather,LB,PIT,1986,6.0,0,0
archive-15150,Mike Merriweather,LB,PIT,1987,5.5,0,0
archive-15150,Mike Merriweather,LB,MIN,1989,3.5,0,0
archive-15150,Mike Merriweather,LB,MIN,1990,2.5,0,0
archive-15150,Mike Merriweather,LB,MIN,1991,1.0,0,0
archive-15150,Mike Merriweather,LB,MIN,1992,3.0,0,0
archive-15150,Mike Merriweather,LB,GB,1993,0.0,0,0
archive-15150,Mike Merriweather,LB,NYJ,1993,0.0,0,0
archive-15151,Jeff Merrow,DE,ATL,1982,2.5,0,0
archive-15151,Jeff Merrow,DE,ATL,1983,3.0,0,0
archive-15152,Scott Mersereau,DT,NYJ,1987,1.5,0,0
archive-15152,Scott Mersereau,DT,NYJ,1988,4.5,0,0
archive-15152,Scott Mersereau,DT,NYJ,1989,0.5,0,0
archive-15152,Scott Mersereau,DT,NYJ,1990,4.5,0,0
archive-15152,Scott Mersereau,DT,NYJ,1991,2.0,0,0
archive-15152,Scott Mersereau,DT,NYJ,1992,5.0,0,0
archive-15152,Scott Mersereau,DT,NYJ,1993,1.0,0,0
archive-15161,Bruce Mesner,NT,BUF,1987,0.0,0,0
archive-15164,Mark Messner,LB,LAR,1989,0.0,0,0
archive-15167,Bo Metcalf,DB,IND,1984,0.0,0,0
archive-15192,Rich Miano,DB,NYJ,1985,0.0,0,0
archive-15192,Rich Miano,DB,NYJ,1986,0.0,0,0
archive-15192,Rich Miano,DB,NYJ,1987,0.0,0,0
archive-15192,Rich Miano,S,NYJ,1988,0.5,0,0
archive-15192,Rich Miano,S,NYJ,1989,0.0,0,0
archive-15192,Rich Miano,DB,PHI,1991,0.0,0,0
archive-15192,Rich Miano,S,PHI,1992,0.0,0,0
archive-15192,Rich Miano,FS,PHI,1993,0.0,0,0
archive-15192,Rich Miano,DB,PHI,1994,0.0,0.0,0.0
archive-15192,Rich Miano,SAF,ATL,1995,0.0,0.0,0.0
archive-15193,Phil Micech,DE,MIN,1987,0.0,0,0
archive-15210,Darren Mickell,DE,KC,1992,0.0,0,0
archive-15210,Darren Mickell,DE,KC,1993,1.0,0,0
archive-15210,Darren Mickell,DE,KC,1994,7.0,0.0,0.0
archive-15210,Darren Mickell,DE,KC,1995,5.5,0.0,0.0
archive-15210,Darren Mickell,DE,NO,1996,3.0,0.0,0.0
archive-15210,Darren Mickell,DE,NO,1997,3.5,0.0,0.0
archive-15213,Ray Mickens,CB,NYJ,1996,0.0,0.0,0.0
archive-15213,Ray Mickens,DB,NYJ,1997,1.0,0.0,4.0
archive-15213,Ray Mickens,DB,TB,1997,0.0,0.0,0.0
archive-15213,Ray Mickens,DB,NYJ,1998,0.0,0.0,3.0
archive-15225,Kelvin Middleton,DB,PIT,1987,0.0,0,0
archive-15233,Paul Migliazzo,LB,CHI,1987,0.0,0,0
archive-15246,Doug Mikolas,NT,SF,1987,0.0,0,0
archive-15246,Doug Mikolas,NT,SF,1988,0.0,0,0
archive-15246,Doug Mikolas,NT,TEN,1988,1.0,0,0
archive-15255,Darryl Milburn,DE,DET,1991,0.0,0,0
archive-15260,Eddie Miles,LB,PIT,1990,0.0,0,0
archive-15270,Keith Millard,DT,MIN,1985,11.0,0,0
archive-15270,Keith Millard,DT,MIN,1986,10.5,0,0
archive-15270,Keith Millard,DT,MIN,1987,4.5,0,0
archive-15270,Keith Millard,DT,MIN,1988,8.0,0,0
archive-15270,Keith Millard,DT,MIN,1989,18.0,0,0
archive-15270,Keith Millard,DT,MIN,1990,2.0,0,0
archive-15270,Keith Millard,DT,GB,1992,0.0,0,0
archive-15270,Keith Millard,DT,SEA,1992,1.0,0,0
archive-15270,Keith Millard,DT,PHI,1993,4.0,0,0
archive-15272,Matt Millen,LB,LV,1982,2.5,0,0
archive-15272,Matt Millen,LB,LV,1983,3.0,0,0
archive-15272,Matt Millen,LB,LV,1984,2.5,0,0
archive-15272,Matt Millen,LB,LV,1985,1.0,0,0
archive-15272,Matt Millen,LB,LV,1986,1.0,0,0
archive-15272,Matt Millen,LB,LV,1987,1.0,0,0
archive-15272,Matt Millen,LB,LV,1988,1.0,0,0
archive-15272,Matt Millen,LB,SF,1989,0.0,0,0
archive-15272,Matt Millen,LB,SF,1990,0.0,0,0
archive-15272,Matt Millen,LB,WAS,1991,0.0,0,0
archive-15289,Bronzell Miller,DE,JAX,1995,0.0,0.0,0.0
archive-15296,Chuckie Miller,DB,IND,1988,0.0,0,0
archive-15301,Corey Miller,LB,NYG,1991,2.5,0,0
archive-15301,Corey Miller,LB,NYG,1992,2.0,0,0
archive-15301,Corey Miller,LB,NYG,1993,6.5,0,0
archive-15301,Corey Miller,LB,NYG,1994,0.0,0.0,2.0
archive-15301,Corey Miller,LB,NYG,1995,0.0,0.0,0.0
archive-15301,Corey Miller,LB,NYG,1996,2.0,0.0,0.0
archive-15301,Corey Miller,LB,NYG,1997,1.0,0.0,0.0
archive-15301,Corey Miller,LB,SEA,1997,0.0,0.0,0.0
archive-15304,Darrin Miller,LB,SEA,1988,0.0,0,0
archive-15304,Darrin Miller,LB,SEA,1989,0.0,0,0
archive-15307,Donald Miller,LB,SEA,1990,0.0,0,0
archive-15308,Doug Miller,LB,LAC,1993,0.0,0,0
archive-15308,Doug Miller,LB,LAC,1994,0.0,0.0,0.0
archive-15322,Jamir Miller,LB,ARI,1994,3.0,0.0,0.0
archive-15322,Jamir Miller,LB,ARI,1995,1.0,0.0,0.0
archive-15322,Jamir Miller,LB,ARI,1996,1.0,0.0,0.0
archive-15322,Jamir Miller,LB,ARI,1997,5.5,0.0,0.0
archive-15322,Jamir Miller,LB,DET,1997,0.0,0.0,0.0
archive-15322,Jamir Miller,LB,ARI,1998,5.0,0.0,0.0
archive-15328,John Miller,LB,GB,1987,0.0,0,0
archive-15329,John Miller,DB,DET,1989,0.0,0,0
archive-15329,John Miller,DB,DET,1990,0.0,0,0
archive-15342,Les Miller,NT,LAC,1987,3.0,0,0
archive-15342,Les Miller,NT,LAC,1988,0.0,0,0
archive-15342,Les Miller,NT,LAC,1989,2.5,0,0
archive-15342,Les Miller,NT,LAC,1990,1.0,0,0
archive-15342,Les Miller,NT,NO,1991,1.0,0,0
archive-15342,Les Miller,NT,NO,1992,1.0,0,0
archive-15342,Les Miller,NT,NO,1993,2.5,0,0
archive-15342,Les Miller,NT,LAC,1994,0.5,0.0,0.0
archive-15342,Les Miller,NT,NO,1994,0.0,0.0,0.0
archive-15342,Les Miller,NT,CAR,1996,4.0,0.0,0.0
archive-15342,Les Miller,NT,KC,1996,0.0,0.0,0.0
archive-15342,Les Miller,NT,CAR,1997,5.5,0.0,0.0
archive-15342,Les Miller,NT,CAR,1998,0.0,0.0,0.0
archive-15349,Nick Miller,LB,CLE,1987,0.0,0,0
archive-15352,Pat Miller,LB,LAC,1987,0.0,0,0
archive-15352,Pat Miller,LB,LAC,1988,1.0,0,0
archive-15364,Shawn Miller,DE,LAR,1984,0.0,0,0
archive-15364,Shawn Miller,DE,LAR,1985,5.0,0,0
archive-15364,Shawn Miller,DE,LAR,1986,5.0,0,0
archive-15364,Shawn Miller,DE,LAR,1987,6.0,0,0
archive-15364,Shawn Miller,DE,LAR,1988,4.0,0,0
archive-15364,Shawn Miller,DE,LAR,1989,1.0,0,0
archive-15381,Lawyer Milloy,DB,BUF,1996,0.0,0.0,0.0
archive-15381,Lawyer Milloy,S,NE,1996,1.0,0.0,3.0
archive-15381,Lawyer Milloy,S,NE,1997,0.0,0.0,3.0
archive-15381,Lawyer Milloy,S,NE,1998,1.0,0.0,6.0
archive-15389,Jeff Mills,LB,DEN,1990,0.0,0,0
archive-15389,Jeff Mills,LB,LAC,1990,0.0,0,0
archive-15389,Jeff Mills,LB,DEN,1991,3.0,0,0
archive-15389,Jeff Mills,LB,DEN,1992,2.0,0,0
archive-15389,Jeff Mills,LB,DEN,1993,0.0,0,0
archive-15393,John Henry Mills,LB,TEN,1993,0.0,0,0
archive-15393,John Henry Mills,LB,TEN,1994,0.0,0.0,0.0
archive-15393,John Henry Mills,LB,TEN,1995,0.0,0.0,0.0
archive-15393,John Henry Mills,LB,CIN,1996,0.0,0.0,0.0
archive-15393,John Henry Mills,LB,DAL,1996,0.0,0.0,0.0
archive-15393,John Henry Mills,LB,TEN,1996,0.0,0.0,0.0
archive-15393,John Henry Mills,LB,LV,1997,0.0,0.0,0.0
archive-15393,John Henry Mills,LB,LV,1998,0.0,0.0,0.0
archive-15395,Lamar Mills,DE,WAS,1994,0.0,0.0,0.0
archive-15397,Sam Mills,LB,NO,1986,0.0,0,0
archive-15397,Sam Mills,LB,NO,1987,0.0,0,0
archive-15397,Sam Mills,LB,NO,1988,0.0,0,0
archive-15397,Sam Mills,LB,NO,1989,3.0,0,0
archive-15397,Sam Mills,LB,NO,1990,0.5,0,0
archive-15397,Sam Mills,LB,NO,1991,2.0,0,0
archive-15397,Sam Mills,LB,NO,1992,3.0,0,0
archive-15397,Sam Mills,LB,NO,1993,2.0,0,0
archive-15397,Sam Mills,LB,NO,1994,1.0,0.0,1.0
archive-15397,Sam Mills,LB,CAR,1995,4.5,0.0,5.0
archive-15397,Sam Mills,LB,CAR,1996,5.5,0.0,3.0
archive-15397,Sam Mills,LB,KC,1996,0.0,0.0,0.0
archive-15397,Sam Mills,LB,CAR,1997,0.0,0.0,1.0
archive-15404,Rich Milot,LB,WAS,1982,3.0,0,0
archive-15404,Rich Milot,LB,WAS,1983,2.5,0,0
archive-15404,Rich Milot,LB,WAS,1984,7.5,0,0
archive-15404,Rich Milot,LB,WAS,1985,3.0,0,0
archive-15404,Rich Milot,LB,WAS,1986,2.0,0,0
archive-15404,Rich Milot,LB,WAS,1987,1.0,0,0
archive-15409,Eldridge Milton,LB,CHI,1987,0.0,0,0
archive-15413,Chris Mims,DE,LAC,1992,10.0,0,0
archive-15413,Chris Mims,DE,LAC,1993,7.0,0,0
archive-15413,Chris Mims,DE,LAC,1994,11.0,0.0,0.0
archive-15413,Chris Mims,DE,LAC,1995,3.0,0.0,0.0
archive-15413,Chris Mims,DE,LAC,1996,6.0,0.0,0.0
archive-15413,Chris Mims,DE,LAC,1997,0.0,0.0,0.0
archive-15413,Chris Mims,DE,WAS,1997,4.0,0.0,0.0
archive-15413,Chris Mims,DE,LAC,1998,2.0,0.0,0.0
archive-15418,Charles Mincy,FS,KC,1992,0.0,0,0
archive-15418,Charles Mincy,DB,KC,1993,0.0,0,0
archive-15418,Charles Mincy,S,KC,1994,0.0,0.0,3.0
archive-15418,Charles Mincy,FS,MIN,1995,0.0,0.0,3.0
archive-15418,Charles Mincy,DB,TB,1996,0.0,0.0,1.0
archive-15418,Charles Mincy,FS,TB,1997,0.0,0.0,1.0
archive-15418,Charles Mincy,FS,TB,1998,0.0,0.0,4.0
archive-15423,Kevin Miniefield,CB,CHI,1993,0.0,0,0
archive-15423,Kevin Miniefield,CB,CHI,1994,0.0,0.0,0.0
archive-15423,Kevin Miniefield,CB,CHI,1995,0.0,0.0,3.0
archive-15423,Kevin Miniefield,CB,CHI,1996,1.5,0.0,0.0
archive-15423,Kevin Miniefield,DB,ARI,1997,0.0,0.0,0.0
archive-15428,Frank Minnifield,CB,CLE,1984,0.0,0,0
archive-15428,Frank Minnifield,CB,CLE,1985,0.0,0,0
archive-15428,Frank Minnifield,DB,CLE,1986,0.0,0,0
archive-15428,Frank Minnifield,DB,CLE,1987,0.0,0,0
archive-15428,Frank Minnifield,CB,CLE,1988,0.0,0,0
archive-15428,Frank Minnifield,CB,CLE,1989,0.0,0,0
archive-15428,Frank Minnifield,CB,CLE,1990,0.0,0,0
archive-15428,Frank Minnifield,CB,CLE,1991,0.0,0,0
archive-15428,Frank Minnifield,CB,CLE,1992,0.0,0,0
archive-15435,Barry Minter,LB,CHI,1993,0.0,0,0
archive-15435,Barry Minter,LB,CHI,1994,0.0,0.0,1.0
archive-15435,Barry Minter,LB,CHI,1995,0.0,0.0,1.0
archive-15435,Barry Minter,LB,CHI,1996,1.5,0.0,1.0
archive-15435,Barry Minter,LB,CHI,1997,6.0,0.0,0.0
archive-15435,Barry Minter,LB,CHI,1998,1.0,0.0,1.0
archive-15438,Michael Minter,NT,PIT,1987,0.0,0,0
archive-15439,Mike Minter,FS,CAR,1997,3.5,0.0,0.0
archive-15439,Mike Minter,S,CAR,1998,0.0,0.0,1.0
archive-15466,Brandon Mitchell ,DE,NE,1997,0.0,0.0,0.0
archive-15466,Brandon Mitchell ,DE,NE,1998,2.0,0.0,0.0
archive-15468,Brian Mitchell ,DB,ATL,1991,2.0,0,0
archive-15468,Brian Mitchell ,DB,ATL,1992,0.0,0,0
archive-15468,Brian Mitchell ,DB,ATL,1993,0.0,0,0
archive-15476,Devon Mitchell ,DB,DET,1986,0.0,0,0
archive-15476,Devon Mitchell ,DB,DET,1988,0.0,0,0
archive-15489,Keith Mitchell ,LB,NO,1997,4.0,0.0,0.0
archive-15489,Keith Mitchell ,LB,NO,1998,2.5,0.0,0.0
archive-15491,Kevin Mitchell ,LB,SF,1994,0.0,0.0,0.0
archive-15491,Kevin Mitchell ,LB,SF,1995,0.0,0.0,0.0
archive-15491,Kevin Mitchell ,LB,NYJ,1996,0.0,0.0,0.0
archive-15491,Kevin Mitchell ,LB,SF,1996,1.0,0.0,0.0
archive-15491,Kevin Mitchell ,LB,SF,1997,0.0,0.0,0.0
archive-15491,Kevin Mitchell ,LB,NO,1998,2.5,0.0,0.0
archive-15503,Michael Mitchell ,DB,WAS,1987,0.0,0,0
archive-15508,Randall Mitchell ,NT,PHI,1987,1.0,0,0
archive-15509,Roland Mitchell ,DB,BUF,1987,0.0,0,0
archive-15509,Roland Mitchell ,DB,ARI,1988,0.0,0,0
archive-15509,Roland Mitchell ,DB,BUF,1988,0.0,0,0
archive-15509,Roland Mitchell ,DB,ARI,1989,0.0,0,0
archive-15509,Roland Mitchell ,DB,ATL,1990,0.0,0,0
archive-15509,Roland Mitchell ,DB,GB,1991,1.0,0,0
archive-15509,Roland Mitchell ,DB,GB,1992,0.0,0,0
archive-15509,Roland Mitchell ,DB,GB,1993,0.0,0,0
archive-15509,Roland Mitchell ,DB,GB,1994,0.0,0.0,0.0
archive-15523,Alonzo Mitz,DE,SEA,1986,1.0,0,0
archive-15523,Alonzo Mitz,DE,SEA,1987,0.0,0,0
archive-15523,Alonzo Mitz,DE,SEA,1988,3.0,0,0
archive-15523,Alonzo Mitz,DE,SEA,1989,1.0,0,0
archive-15523,Alonzo Mitz,DE,CIN,1991,0.0,0,0
archive-15523,Alonzo Mitz,DE,CIN,1992,3.0,0,0
archive-15525,Bryant Mix,DE,CIN,1996,0.0,0.0,0.0
archive-15525,Bryant Mix,DE,TEN,1996,1.0,0.0,0.0
archive-15525,Bryant Mix,DE,TEN,1997,0.0,0.0,0.0
archive-15529,Kenny Mixon,DE,MIA,1998,2.0,0.0,0.0
archive-15536,John Mobley,LB,DEN,1996,1.5,0.0,1.0
archive-15536,John Mobley,LB,NE,1996,0.0,0.0,0.0
archive-15536,John Mobley,LB,DEN,1997,4.0,0.0,1.0
archive-15536,John Mobley,LB,DEN,1998,2.0,0.0,1.0
archive-15539,Singor Mobley,DB,DAL,1997,0.0,0.0,0.0
archive-15539,Singor Mobley,DB,DAL,1998,0.0,0.0,0.0
archive-15558,Mike Mohring,DT,LAC,1997,0.0,0.0,0.0
archive-15558,Mike Mohring,DT,LAC,1998,1.0,0.0,0.0
archive-15562,Alex Molden,DB,NO,1996,2.0,0.0,2.0
archive-15562,Alex Molden,CB,NO,1997,4.0,0.0,0.0
archive-15562,Alex Molden,CB,NO,1998,0.0,0.0,2.0
archive-15565,Fred Molden,DT,MIN,1987,1.0,0,0
archive-15579,Ron Monaco,LB,ARI,1986,0.0,0,0
archive-15579,Ron Monaco,LB,GB,1987,0.0,0,0
archive-15586,Matt Monger,LB,NYJ,1985,0.0,0,0
archive-15586,Matt Monger,LB,NYJ,1986,0.0,0,0
archive-15586,Matt Monger,LB,NYJ,1987,0.0,0,0
archive-15586,Matt Monger,LB,BUF,1989,0.0,0,0
archive-15586,Matt Monger,LB,BUF,1990,0.0,0,0
archive-15598,Alton Montgomery,CB,DEN,1990,0.0,0,0
archive-15598,Alton Montgomery,DB,DEN,1991,0.0,0,0
archive-15598,Alton Montgomery,DB,DEN,1992,0.0,0,0
archive-15598,Alton Montgomery,DB,ATL,1993,0.0,0,0
archive-15598,Alton Montgomery,LB,ATL,1994,0.0,0.0,0.0
archive-15598,Alton Montgomery,SAF,ATL,1995,3.0,0.0,1.0
archive-15602,Blanchard Montgomery,LB,SF,1983,0.0,0,0
archive-15602,Blanchard Montgomery,LB,SF,1984,0.0,0,0
archive-15605,Glenn Montgomery,DT,TEN,1989,1.5,0,0
archive-15605,Glenn Montgomery,DT,TEN,1990,0.5,0,0
archive-15605,Glenn Montgomery,DT,TEN,1991,0.0,0,0
archive-15605,Glenn Montgomery,DT,TEN,1992,0.5,0,0
archive-15605,Glenn Montgomery,DT,TEN,1993,6.0,0,0
archive-15605,Glenn Montgomery,DT,TEN,1994,3.0,0.0,0.0
archive-15605,Glenn Montgomery,DT,TEN,1995,2.0,0.0,0.0
archive-15605,Glenn Montgomery,DT,SEA,1996,0.0,0.0,0.0
archive-15612,Monty Montgomery,DB,IND,1997,1.0,0.0,0.0
archive-15612,Monty Montgomery,CB,IND,1998,2.0,0.0,1.0
archive-15622,Sankar Montoute,LB,TB,1987,1.5,0,0
archive-15624,Mark Montreuil,DB,LAC,1995,0.0,0.0,0.0
archive-15624,Mark Montreuil,DB,LAC,1996,0.0,0.0,0.0
archive-15624,Mark Montreuil,DB,LAC,1997,0.0,0.0,0.0
archive-15625,Pete Monty,LB,NYG,1997,0.0,0.0,0.0
archive-15625,Pete Monty,LB,SEA,1997,0.0,0.0,0.0
archive-15625,Pete Monty,LB,NYG,1998,0.0,0.0,0.0
archive-15630,Aaron Moog,DE,CLE,1987,0.0,0,0
archive-15638,Tim Mooney,DE,PHI,1987,0.0,0,0
archive-15640,Buddy Moor,DE,ATL,1987,4.0,0,0
archive-15654,Brent Moore,LB,GB,1987,0.0,0,0
archive-15671,Derland Moore,DT,NO,1982,4.0,0,0
archive-15671,Derland Moore,DT,NO,1983,6.0,0,0
archive-15671,Derland Moore,DT,NO,1984,2.0,0,0
archive-15671,Derland Moore,DT,NO,1985,0.0,0,0
archive-15671,Derland Moore,DT,NYJ,1986,0.0,0,0
archive-15683,Greg Moore,LB,NE,1987,0.0,0,0
archive-15697,Kelvin Moore,DB,CIN,1998,0.0,0.0,0.0
archive-15709,Mack Moore,DE,MIA,1985,6.5,0,0
archive-15709,Mack Moore,DE,LAC,1986,0.0,0,0
archive-15709,Mack Moore,DE,MIA,1986,1.0,0,0
archive-15712,Mark Moore,DB,SEA,1987,0.0,0,0
archive-15714,Marty Moore,LB,NE,1994,0.0,0.0,0.0
archive-15714,Marty Moore,LB,NE,1995,0.0,0.0,0.0
archive-15714,Marty Moore,LB,BUF,1996,0.0,0.0,0.0
archive-15714,Marty Moore,LB,NE,1996,0.0,0.0,0.0
archive-15714,Marty Moore,LB,NE,1997,0.0,0.0,2.0
archive-15714,Marty Moore,LB,NE,1998,0.0,0.0,0.0
archive-15730,Robert Moore,DB,ATL,1986,1.0,0,0
archive-15730,Robert Moore,DB,ATL,1987,0.0,0,0
archive-15730,Robert Moore,S,ATL,1988,0.0,0,0
archive-15730,Robert Moore,DB,ATL,1989,0.0,0,0
archive-15738,Stevon Moore,DB,MIA,1990,0.0,0,0
archive-15738,Stevon Moore,DB,CLE,1992,2.0,0,0
archive-15738,Stevon Moore,S,CLE,1993,0.0,0,0
archive-15738,Stevon Moore,S,CLE,1994,0.0,0.0,0.0
archive-15738,Stevon Moore,S,CLE,1995,1.0,0.0,5.0
archive-15738,Stevon Moore,S,BAL,1996,0.0,0.0,1.0
archive-15738,Stevon Moore,S,BAL,1997,0.0,0.0,4.0
archive-15738,Stevon Moore,S,BAL,1998,0.0,0.0,0.0
archive-15753,Tim Morabito,DT,CIN,1996,0.5,0.0,0.0
archive-15753,Tim Morabito,DT,CAR,1997,0.0,0.0,0.0
archive-15753,Tim Morabito,DT,CAR,1998,0.0,0.0,0.0
archive-15761,Sean Moran,LB,BUF,1996,0.0,0.0,0.0
archive-15761,Sean Moran,LB,BUF,1997,4.5,0.0,2.0
archive-15761,Sean Moran,LB,BUF,1998,0.0,0.0,0.0
archive-15797,Karl Morgan,NT,TB,1984,0.0,0,0
archive-15797,Karl Morgan,NT,TB,1985,4.0,0,0
archive-15797,Karl Morgan,NT,TB,1986,0.0,0,0
archive-15797,Karl Morgan,NT,TEN,1986,0.0,0,0
archive-15816,Kyle Morrell,DB,MIN,1986,0.0,0,0
archive-15827,Dwaine Morris ,NT,PHI,1985,0.0,0,0
archive-15827,Dwaine Morris ,NT,ATL,1987,0.5,0,0
archive-15835,Jim Bob Morris ,DB,GB,1987,1.0,0,0
archive-15847,Raymond Morris ,LB,CHI,1987,1.0,0,0
archive-15853,Tom Morris ,DB,TB,1982,0.0,0,0
archive-15853,Tom Morris ,DB,TB,1983,0.0,0,0
archive-15854,Victor Morris ,LB,MIA,1987,0.0,0,0
archive-15857,Darryl Morrison ,DB,WAS,1993,0.0,0,0
archive-15857,Darryl Morrison ,DB,WAS,1994,0.0,0.0,0.0
archive-15857,Darryl Morrison ,DB,WAS,1995,0.0,0.0,0.0
archive-15857,Darryl Morrison ,DB,WAS,1996,0.0,0.0,1.0
archive-15864,Pat Morrison ,DB,NYG,1987,0.0,0,0
archive-15868,Steve Morrison ,LB,IND,1995,0.0,0.0,0.0
archive-15868,Steve Morrison ,LB,BAL,1996,0.0,0.0,0.0
archive-15868,Steve Morrison ,LB,IND,1996,0.0,0.0,1.0
archive-15868,Steve Morrison ,LB,IND,1997,1.0,0.0,1.0
archive-15868,Steve Morrison ,LB,IND,1998,1.0,0.0,0.0
archive-15869,Tim Morrison ,DB,WAS,1986,0.0,0,0
archive-15869,Tim Morrison ,DB,WAS,1987,0.0,0,0
archive-15872,Jim Morrissey ,LB,CHI,1985,0.0,0,0
archive-15872,Jim Morrissey ,LB,CHI,1986,0.0,0,0
archive-15872,Jim Morrissey ,LB,CHI,1987,0.0,0,0
archive-15872,Jim Morrissey ,LB,CHI,1988,0.0,0,0
archive-15872,Jim Morrissey ,LB,CHI,1989,0.0,0,0
archive-15872,Jim Morrissey ,LB,CHI,1990,0.0,0,0
archive-15872,Jim Morrissey ,LB,CHI,1991,0.0,0,0
archive-15872,Jim Morrissey ,LB,CHI,1992,1.0,0,0
archive-15872,Jim Morrissey ,LB,CHI,1993,0.0,0,0
archive-15872,Jim Morrissey ,LB,GB,1993,0.0,0,0
archive-15896,Mike Morton,LB,LV,1995,0.0,0.0,0.0
archive-15896,Mike Morton,LB,ARI,1996,0.0,0.0,0.0
archive-15896,Mike Morton,LB,LV,1996,1.0,0.0,2.0
archive-15896,Mike Morton,LB,LV,1997,0.0,0.0,0.0
archive-15896,Mike Morton,LB,LV,1998,0.0,0.0,0.0
archive-15928,Gary Moss,DB,ATL,1987,0.0,0,0
archive-15931,Martin Moss,DE,DET,1982,0.0,0,0
archive-15931,Martin Moss,DE,DET,1983,0.5,0,0
archive-15931,Martin Moss,DE,DET,1984,0.0,0,0
archive-15931,Martin Moss,DE,DET,1985,0.0,0,0
archive-15938,Winston Moss,LB,TB,1987,1.5,0,0
archive-15938,Winston Moss,LB,TB,1988,0.0,0,0
archive-15938,Winston Moss,LB,TB,1989,5.5,0,0
archive-15938,Winston Moss,LB,TB,1990,3.5,0,0
archive-15938,Winston Moss,LB,LV,1991,3.0,0,0
archive-15938,Winston Moss,LB,LV,1992,2.0,0,0
archive-15938,Winston Moss,LB,LV,1993,0.0,0,0
archive-15938,Winston Moss,LB,LV,1994,2.0,0.0,0.0
archive-15938,Winston Moss,LB,SEA,1995,2.0,0.0,1.0
archive-15938,Winston Moss,LB,SEA,1996,1.0,0.0,1.0
archive-15938,Winston Moss,LB,NYJ,1997,0.0,0.0,0.0
archive-15938,Winston Moss,LB,SEA,1997,0.0,0.0,0.0
archive-15946,Gary Moten,LB,SF,1983,0.0,0,0
archive-15946,Gary Moten,LB,KC,1987,0.0,0,0
archive-15952,Joe Mott,LB,NYJ,1989,0.0,0,0
archive-15952,Joe Mott,LB,NYJ,1990,0.0,0,0
archive-15952,Joe Mott,LB,GB,1993,0.0,0,0
archive-15961,Alex Moyer,LB,MIA,1985,0.0,0,0
archive-15961,Alex Moyer,LB,MIA,1986,0.0,0,0
archive-15963,Paul Moyer,S,SEA,1983,0.0,0,0
archive-15963,Paul Moyer,DB,SEA,1984,1.0,0,0
archive-15963,Paul Moyer,S,SEA,1985,1.0,0,0
archive-15963,Paul Moyer,DB,SEA,1986,1.0,0,0
archive-15963,Paul Moyer,DB,SEA,1987,1.0,0,0
archive-15963,Paul Moyer,S,SEA,1988,0.0,0,0
archive-15963,Paul Moyer,FS,SEA,1989,0.0,0,0
archive-15966,Mark Mraz,DE,ATL,1987,0.0,0,0
archive-15966,Mark Mraz,DE,LV,1989,0.5,0,0
archive-15974,Jerry Muckensturm,LB,CHI,1982,0.0,0,0
archive-15974,Jerry Muckensturm,LB,CHI,1983,0.0,0,0
archive-15998,Mark Mullaney,DE,MIN,1982,5.0,0,0
archive-15998,Mark Mullaney,DE,MIN,1983,2.5,0,0
archive-15998,Mark Mullaney,DE,MIN,1984,2.0,0,0
archive-15998,Mark Mullaney,DE,MIN,1985,2.0,0,0
archive-15998,Mark Mullaney,DE,MIN,1986,2.0,0,0
archive-16000,Davlin Mullen,DB,NYJ,1983,0.0,0,0
archive-16000,Davlin Mullen,CB,NYJ,1984,0.0,0,0
archive-16000,Davlin Mullen,DB,NYJ,1985,0.0,0,0
archive-16000,Davlin Mullen,DB,NYJ,1986,0.0,0,0
archive-16002,Roderick Mullen,DB,GB,1995,0.0,0.0,0.0
archive-16002,Roderick Mullen,DB,GB,1996,0.0,0.0,0.0
archive-16002,Roderick Mullen,DB,GB,1997,0.0,0.0,1.0
archive-16022,Lloyd Mumphrey,DE,KC,1987,0.0,0,0
archive-16029,Marc Munford,LB,DEN,1987,0.0,0,0
archive-16029,Marc Munford,LB,DEN,1988,0.0,0,0
archive-16029,Marc Munford,LB,DEN,1989,1.0,0,0
archive-16029,Marc Munford,LB,DEN,1990,0.0,0,0
archive-16059,Kevin Murphy,LB,TB,1986,0.0,0,0
archive-16059,Kevin Murphy,LB,TB,1987,0.0,0,0
archive-16059,Kevin Murphy,LB,TB,1988,1.0,0,0
archive-16059,Kevin Murphy,LB,TB,1989,6.0,0,0
archive-16059,Kevin Murphy,LB,TB,1990,4.0,0,0
archive-16059,Kevin Murphy,LB,TB,1991,1.0,0,0
archive-16059,Kevin Murphy,LB,LAC,1992,0.0,0,0
archive-16059,Kevin Murphy,LB,SEA,1993,0.0,0,0
archive-16064,Mark Murphy,FS,WAS,1982,2.0,0,0
archive-16064,Mark Murphy,FS,WAS,1983,1.0,0,0
archive-16064,Mark Murphy,DB,WAS,1984,0.0,0,0
archive-16065,Mark Murphy,DB,GB,1982,0.0,0,0
archive-16065,Mark Murphy,S,GB,1983,0.0,0,0
archive-16065,Mark Murphy,S,GB,1984,2.0,0,0
archive-16065,Mark Murphy,S,GB,1985,4.0,0,0
archive-16065,Mark Murphy,DB,GB,1987,2.0,0,0
archive-16065,Mark Murphy,S,GB,1988,0.0,0,0
archive-16065,Mark Murphy,DB,GB,1989,1.0,0,0
archive-16065,Mark Murphy,S,GB,1990,1.0,0,0
archive-16065,Mark Murphy,S,GB,1991,1.0,0,0
archive-16112,Najee Mustafaa,CB,MIN,1988,0.0,0,0
archive-16112,Najee Mustafaa,DB,MIN,1989,0.0,0,0
archive-16112,Najee Mustafaa,CB,MIN,1990,0.0,0,0
archive-16112,Najee Mustafaa,CB,MIN,1991,0.0,0,0
archive-16112,Najee Mustafaa,CB,CLE,1993,0.0,0,0
archive-16127,Greg Myers,DB,CIN,1996,0.0,0.0,2.0
archive-16127,Greg Myers,FS,CIN,1997,0.0,0.0,1.0
archive-16131,Michael Myers,DT,DAL,1998,3.0,0.0,0.0
archive-16141,Godfrey Myles,LB,DAL,1992,0.0,0,0
archive-16141,Godfrey Myles,LB,DAL,1995,1.0,0.0,1.0
archive-16168,Rob Nairne,LB,NO,1982,1.0,0,0
archive-16168,Rob Nairne,LB,NO,1983,2.0,0,0
archive-16181,Eric Naposki,LB,NE,1988,0.0,0,0
archive-16181,Eric Naposki,LB,IND,1989,0.0,0,0
archive-16181,Eric Naposki,LB,NE,1989,0.0,0,0
archive-16186,Joe Nash,NT,SEA,1982,1.0,0,0
archive-16186,Joe Nash,NT,SEA,1983,3.0,0,0
archive-16186,Joe Nash,NT,SEA,1984,7.0,0,0
archive-16186,Joe Nash,NT,SEA,1985,9.0,0,0
archive-16186,Joe Nash,NT,SEA,1986,5.0,0,0
archive-16186,Joe Nash,NT,SEA,1987,3.5,0,0
archive-16186,Joe Nash,NT,SEA,1988,2.0,0,0
archive-16186,Joe Nash,NT,SEA,1989,8.0,0,0
archive-16186,Joe Nash,NT,SEA,1990,1.0,0,0
archive-16186,Joe Nash,NT,SEA,1991,0.0,0,0
archive-16186,Joe Nash,NT,SEA,1992,4.5,0,0
archive-16186,Joe Nash,NT,SEA,1993,0.5,0,0
archive-16186,Joe Nash,NT,SEA,1994,2.0,0.0,0.0
archive-16186,Joe Nash,NT,SEA,1995,1.0,0.0,0.0
archive-16186,Joe Nash,NT,SEA,1996,0.0,0.0,0.0
archive-16206,Steve Nave,LB,CLE,1987,0.0,0,0
archive-16221,Randy Neal,LB,CIN,1995,0.0,0.0,0.0
archive-16221,Randy Neal,LB,SF,1998,0.0,0.0,0.0
archive-16244,Kenny Neil,DE,NYJ,1982,5.0,0,0
archive-16244,Kenny Neil,DE,NYJ,1983,5.5,0,0
archive-16244,Kenny Neil,DE,TEN,1987,0.0,0,0
archive-16246,Bill Neill,NT,NYG,1982,2.0,0,0
archive-16246,Bill Neill,NT,NYG,1983,0.0,0,0
archive-16246,Bill Neill,NT,GB,1984,1.0,0,0
archive-16251,Mike Nelms,DB,WAS,1982,0.0,0,0
archive-16251,Mike Nelms,DB,WAS,1983,0.0,0,0
archive-16251,Mike Nelms,DB,WAS,1984,0.0,0,0
archive-16258,Bob Nelson,LB,LV,1982,1.0,0,0
archive-16258,Bob Nelson,LB,LV,1983,2.0,0,0
archive-16258,Bob Nelson,LB,LV,1984,1.5,0,0
archive-16259,Bob Nelson,NT,TB,1986,1.0,0,0
archive-16259,Bob Nelson,NT,GB,1988,0.0,0,0
archive-16259,Bob Nelson,NT,GB,1989,1.0,0,0
archive-16259,Bob Nelson,NT,GB,1990,1.0,0,0
archive-16268,Derrie Nelson,LB,LAC,1983,0.0,0,0
archive-16268,Derrie Nelson,LB,LAC,1984,0.0,0,0
archive-16268,Derrie Nelson,LB,LAC,1985,0.0,0,0
archive-16268,Derrie Nelson,LB,LAC,1986,0.0,0,0
archive-16271,Edmund Nelson,DE,PIT,1982,0.0,0,0
archive-16271,Edmund Nelson,DE,PIT,1983,3.0,0,0
archive-16271,Edmund Nelson,DE,PIT,1984,7.0,0,0
archive-16271,Edmund Nelson,DE,PIT,1985,1.0,0,0
archive-16271,Edmund Nelson,DE,PIT,1986,5.0,0,0
archive-16271,Edmund Nelson,DE,PIT,1987,0.0,0,0
archive-16271,Edmund Nelson,DE,NE,1988,0.0,0,0
archive-16282,Lee Nelson,S,ARI,1982,0.0,0,0
archive-16282,Lee Nelson,S,ARI,1983,2.0,0,0
archive-16282,Lee Nelson,S,ARI,1984,3.0,0,0
archive-16282,Lee Nelson,DB,ARI,1985,0.0,0,0
archive-16291,Shane Nelson,LB,BUF,1982,0.0,0,0
archive-16293,Steve Nelson,LB,NE,1982,0.0,0,0
archive-16293,Steve Nelson,LB,NE,1983,1.0,0,0
archive-16293,Steve Nelson,LB,NE,1984,4.0,0,0
archive-16293,Steve Nelson,LB,NE,1985,2.0,0,0
archive-16293,Steve Nelson,LB,NE,1986,1.0,0,0
archive-16293,Steve Nelson,LB,NE,1987,0.0,0,0
archive-16331,Richard Newbill,LB,MIN,1990,0.0,0,0
archive-16331,Richard Newbill,LB,SEA,1990,0.0,0,0
archive-16331,Richard Newbill,LB,SEA,1991,0.0,0,0
archive-16331,Richard Newbill,LB,SEA,1992,0.0,0,0
archive-16339,Anthony Newman,DB,LAR,1988,0.0,0,0
archive-16339,Anthony Newman,DB,LAR,1989,0.0,0,0
archive-16339,Anthony Newman,S,LAR,1990,0.0,0,0
archive-16339,Anthony Newman,DB,LAR,1991,1.0,0,0
archive-16339,Anthony Newman,S,LAR,1992,0.0,0,0
archive-16339,Anthony Newman,FS,LAR,1993,0.0,0,0
archive-16339,Anthony Newman,FS,LAR,1994,0.0,0.0,2.0
archive-16339,Anthony Newman,SAF,NO,1995,0.0,0.0,0.0
archive-16339,Anthony Newman,S,NO,1996,0.0,0.0,3.0
archive-16339,Anthony Newman,S,NO,1997,0.0,0.0,3.0
archive-16339,Anthony Newman,S,LV,1998,0.0,0.0,2.0
archive-16349,Tony Newsom,DB,TEN,1987,1.0,0,0
archive-16351,Craig Newsome,CB,GB,1995,0.0,0.0,2.0
archive-16351,Craig Newsome,CB,GB,1996,0.0,0.0,5.0
archive-16351,Craig Newsome,DB,GB,1997,0.0,0.0,0.0
archive-16351,Craig Newsome,CB,GB,1998,0.0,0.0,1.0
archive-16358,Vince Newsome,FS,LAR,1983,0.0,0,0
archive-16358,Vince Newsome,S,LAR,1984,1.0,0,0
archive-16358,Vince Newsome,DB,LAR,1985,1.0,0,0
archive-16358,Vince Newsome,DB,LAR,1986,0.0,0,0
archive-16358,Vince Newsome,DB,LAR,1987,0.0,0,0
archive-16358,Vince Newsome,S,LAR,1988,0.0,0,0
archive-16358,Vince Newsome,DB,LAR,1989,0.0,0,0
archive-16358,Vince Newsome,S,LAR,1990,0.0,0,0
archive-16358,Vince Newsome,S,CLE,1991,0.0,0,0
archive-16358,Vince Newsome,FS,CLE,1992,2.0,0,0
archive-16369,Tim Newton,DT,MIN,1985,2.0,0,0
archive-16369,Tim Newton,DT,MIN,1986,5.0,0,0
archive-16369,Tim Newton,DT,MIN,1987,0.0,0,0
archive-16369,Tim Newton,DT,MIN,1988,1.0,0,0
archive-16369,Tim Newton,DT,MIN,1989,0.0,0,0
archive-16369,Tim Newton,DT,TB,1990,3.0,0,0
archive-16369,Tim Newton,DT,TB,1991,5.0,0,0
archive-16369,Tim Newton,DT,KC,1993,1.0,0,0
archive-16382,Gerald Nichols,DT,NYJ,1987,2.5,0,0
archive-16382,Gerald Nichols,DT,NYJ,1988,1.5,0,0
archive-16382,Gerald Nichols,DT,NYJ,1989,4.0,0,0
archive-16382,Gerald Nichols,DT,NYJ,1990,3.5,0,0
archive-16382,Gerald Nichols,DT,TB,1991,1.0,0,0
archive-16382,Gerald Nichols,DT,PHI,1993,0.0,0,0
archive-16382,Gerald Nichols,DT,WAS,1993,0.0,0,0
archive-16393,Calvin Nicholson,DB,NO,1989,0.0,0,0
archive-16393,Calvin Nicholson,DB,NO,1991,0.0,0,0
archive-16395,Frank Nicholson,LB,NYG,1987,0.0,0,0
archive-16399,Hardy Nickerson,LB,PIT,1987,0.0,0,0
archive-16399,Hardy Nickerson,LB,PIT,1988,3.5,0,0
archive-16399,Hardy Nickerson,LB,PIT,1989,1.0,0,0
archive-16399,Hardy Nickerson,LB,PIT,1990,2.0,0,0
archive-16399,Hardy Nickerson,LB,PIT,1991,1.0,0,0
archive-16399,Hardy Nickerson,LB,PIT,1992,2.0,0,0
archive-16399,Hardy Nickerson,LB,TB,1993,1.0,0,0
archive-16399,Hardy Nickerson,LB,TB,1994,1.0,0.0,2.0
archive-16399,Hardy Nickerson,LB,TB,1995,1.5,0.0,0.0
archive-16399,Hardy Nickerson,LB,TB,1996,3.0,0.0,2.0
archive-16399,Hardy Nickerson,LB,TB,1997,1.0,0.0,0.0
archive-16399,Hardy Nickerson,LB,TB,1998,1.0,0.0,0.0
archive-16408,Scott Nicolas,LB,CLE,1982,0.0,0,0
archive-16408,Scott Nicolas,LB,CLE,1983,0.0,0,0
archive-16408,Scott Nicolas,LB,CLE,1984,0.0,0,0
archive-16408,Scott Nicolas,LB,CLE,1985,1.0,0,0
archive-16408,Scott Nicolas,LB,CLE,1986,0.0,0,0
archive-16408,Scott Nicolas,LB,MIA,1987,0.0,0,0
archive-16413,Robert Niehoff,DB,CIN,1987,0.0,0,0
archive-16445,Roosevelt Nix,DE,CIN,1992,1.0,0,0
archive-16445,Roosevelt Nix,DE,CIN,1993,0.0,0,0
archive-16445,Roosevelt Nix,DE,MIN,1994,0.0,0.0,0.0
archive-16450,Jeff Nixon,DB,BUF,1982,0.0,0,0
archive-16453,Tory Nixon,DB,SF,1985,0.0,0,0
archive-16453,Tory Nixon,DB,SF,1986,0.0,0,0
archive-16453,Tory Nixon,DB,SF,1987,0.0,0,0
archive-16453,Tory Nixon,DB,SF,1988,0.0,0,0
archive-16463,Brian Noble,LB,GB,1985,3.0,0,0
archive-16463,Brian Noble,LB,GB,1986,2.0,0,0
archive-16463,Brian Noble,LB,GB,1987,1.0,0,0
archive-16463,Brian Noble,LB,GB,1988,0.5,0,0
archive-16463,Brian Noble,LB,GB,1989,2.0,0,0
archive-16463,Brian Noble,LB,GB,1990,1.0,0,0
archive-16463,Brian Noble,LB,GB,1991,2.5,0,0
archive-16463,Brian Noble,LB,GB,1992,2.0,0,0
archive-16463,Brian Noble,LB,GB,1993,0.0,0,0
archive-16470,Mike Noble,LB,LV,1987,0.0,0,0
archive-16474,Al Noga,DE,MIN,1988,0.0,0,0
archive-16474,Al Noga,DE,MIN,1989,11.5,0,0
archive-16474,Al Noga,DE,MIN,1990,6.0,0,0
archive-16474,Al Noga,DE,MIN,1991,3.0,0,0
archive-16474,Al Noga,DE,MIN,1992,9.0,0,0
archive-16474,Al Noga,DE,WAS,1993,4.0,0,0
archive-16474,Al Noga,DE,IND,1994,1.0,0.0,0.0
archive-16475,Niko Noga,LB,ARI,1984,0.0,0,0
archive-16475,Niko Noga,LB,ARI,1985,1.0,0,0
archive-16475,Niko Noga,LB,ARI,1986,2.0,0,0
archive-16475,Niko Noga,LB,ARI,1987,3.0,0,0
archive-16475,Niko Noga,LB,ARI,1988,1.0,0,0
archive-16475,Niko Noga,LB,DET,1989,0.0,0,0
archive-16475,Niko Noga,LB,DET,1990,0.0,0,0
archive-16475,Niko Noga,LB,DET,1991,0.0,0,0
archive-16476,Pete Noga,LB,ARI,1987,0.0,0,0
archive-16489,Danny Noonan,DT,DAL,1987,1.0,0,0
archive-16489,Danny Noonan,DT,DAL,1988,7.5,0,0
archive-16489,Danny Noonan,DT,DAL,1989,1.0,0,0
archive-16489,Danny Noonan,DT,DAL,1990,4.5,0,0
archive-16489,Danny Noonan,DT,DAL,1991,1.0,0,0
archive-16489,Danny Noonan,DT,DAL,1992,0.0,0,0
archive-16489,Danny Noonan,DT,GB,1992,0.0,0,0
archive-16496,Keith Nord,DB,MIN,1982,0.0,0,0
archive-16496,Keith Nord,DB,MIN,1983,1.0,0,0
archive-16496,Keith Nord,FS,MIN,1985,0.0,0,0
archive-16497,Fred Nordgren,NT,TB,1987,1.0,0,0
archive-16510,Joe Norman,LB,SEA,1983,0.0,0,0
archive-16515,Tony Norman,DE,MIN,1987,0.0,0,0
archive-16521,Jerome Norris,DB,ATL,1987,0.0,0,0
archive-16523,Jimmy Norris,DB,NYG,1987,0.0,0,0
archive-16524,Jon Norris,DE,CHI,1987,2.0,0,0
archive-16533,Gabe Northern,LB,BUF,1996,5.0,0.0,0.0
archive-16533,Gabe Northern,LB,BUF,1997,0.0,0.0,0.0
archive-16533,Gabe Northern,LB,BUF,1998,2.0,0.0,1.0
archive-16539,Ken Norton,LB,DAL,1988,0.0,0,0
archive-16539,Ken Norton,LB,DAL,1989,2.5,0,0
archive-16539,Ken Norton,LB,DAL,1990,2.5,0,0
archive-16539,Ken Norton,LB,DAL,1991,0.0,0,0
archive-16539,Ken Norton,LB,DAL,1992,0.0,0,0
archive-16539,Ken Norton,LB,DAL,1993,2.0,0,0
archive-16539,Ken Norton,LB,SF,1994,0.0,0.0,1.0
archive-16539,Ken Norton,LB,SF,1995,1.0,0.0,3.0
archive-16539,Ken Norton,LB,NYJ,1996,0.0,0.0,0.0
archive-16539,Ken Norton,LB,SF,1996,0.0,0.0,0.0
archive-16539,Ken Norton,LB,SF,1997,1.5,0.0,1.0
archive-16539,Ken Norton,LB,SF,1998,2.0,0.0,0.0
archive-16545,Jay Norvell,LB,CHI,1987,4.0,0,0
archive-16556,Dexter Nottage,DE,WAS,1994,1.0,0.0,0.0
archive-16556,Dexter Nottage,DE,WAS,1995,0.0,0.0,0.0
archive-16556,Dexter Nottage,DE,WAS,1996,5.0,0.0,0.0
archive-16556,Dexter Nottage,DE,KC,1997,0.0,0.0,0.0
archive-16585,Jeremy Nunley,DE,TEN,1994,0.0,0.0,0.0
archive-16586,Freddie Joe Nunn,DE,ARI,1985,3.0,0,0
archive-16586,Freddie Joe Nunn,DE,ARI,1986,7.0,0,0
archive-16586,Freddie Joe Nunn,DE,ARI,1987,11.0,0,0
archive-16586,Freddie Joe Nunn,DE,ARI,1988,14.0,0,0
archive-16586,Freddie Joe Nunn,DE,ARI,1989,5.0,0,0
archive-16586,Freddie Joe Nunn,DE,ARI,1990,9.0,0,0
archive-16586,Freddie Joe Nunn,DE,ARI,1991,7.0,0,0
archive-16586,Freddie Joe Nunn,DE,ARI,1992,4.0,0,0
archive-16586,Freddie Joe Nunn,DE,ARI,1993,6.5,0,0
archive-16586,Freddie Joe Nunn,DE,IND,1994,1.0,0.0,0.0
archive-16586,Freddie Joe Nunn,DE,IND,1995,1.0,0.0,0.0
archive-16586,Freddie Joe Nunn,DE,BAL,1996,0.0,0.0,0.0
archive-16586,Freddie Joe Nunn,DE,IND,1996,0.0,0.0,0.0
archive-16595,Chip Nuzzo,DB,BUF,1987,0.0,0,0
archive-16606,Ronnie O'Bard,DB,LAC,1985,0.0,0,0
archive-16607,Herman O'Berry ,DB,LAR,1996,0.0,0.0,0.0
archive-16661,Leslie O'Neal,DE,LAC,1986,12.5,0,0
archive-16661,Leslie O'Neal,DE,LAC,1988,4.0,0,0
archive-16661,Leslie O'Neal,DE,LAC,1989,12.5,0,0
archive-16661,Leslie O'Neal,DE,LAC,1990,13.5,0,0
archive-16661,Leslie O'Neal,DE,LAC,1991,9.0,0,0
archive-16661,Leslie O'Neal,DE,LAC,1992,19.0,0,0
archive-16661,Leslie O'Neal,DE,LAC,1993,12.0,0,0
archive-16661,Leslie O'Neal,DE,LAC,1994,12.5,0.0,0.0
archive-16661,Leslie O'Neal,DE,LAC,1995,12.5,0.0,0.0
archive-16661,Leslie O'Neal,DE,LAR,1996,7.0,0.0,0.0
archive-16661,Leslie O'Neal,DE,WAS,1996,0.0,0.0,0.0
archive-16661,Leslie O'Neal,DE,LAR,1997,10.0,0.0,1.0
archive-16661,Leslie O'Neal,DE,KC,1998,4.5,0.0,0.0
archive-16663,Robert O'Neal,DB,IND,1994,0.0,0.0,0.0
archive-16670,Kevin O'Neill,LB,DET,1998,0.0,0.0,0.0
archive-16678,Dwayne O'Steen ,DB,IND,1982,0.0,0,0
archive-16678,Dwayne O'Steen ,DB,TB,1982,0.0,0,0
archive-16678,Dwayne O'Steen ,DB,GB,1983,0.0,0,0
archive-16678,Dwayne O'Steen ,DB,TB,1983,0.0,0,0
archive-16678,Dwayne O'Steen ,DB,GB,1984,0.0,0,0
archive-16703,Don Odegard,DB,NYJ,1990,0.0,0,0
archive-16703,Don Odegard,DB,NYJ,1991,0.0,0,0
archive-16706,Derrick Oden,LB,PHI,1993,0.0,0,0
archive-16706,Derrick Oden,LB,PHI,1994,0.0,0.0,0.0
archive-16706,Derrick Oden,LB,PHI,1995,0.0,0.0,0.0
archive-16713,Cliff Odom,LB,IND,1982,0.0,0,0
archive-16713,Cliff Odom,LB,IND,1983,1.0,0,0
archive-16713,Cliff Odom,LB,IND,1984,3.0,0,0
archive-16713,Cliff Odom,LB,IND,1985,2.0,0,0
archive-16713,Cliff Odom,LB,IND,1986,1.0,0,0
archive-16713,Cliff Odom,LB,IND,1987,0.0,0,0
archive-16713,Cliff Odom,LB,IND,1988,2.0,0,0
archive-16713,Cliff Odom,LB,IND,1989,0.0,0,0
archive-16713,Cliff Odom,LB,MIA,1990,1.0,0,0
archive-16713,Cliff Odom,LB,MIA,1991,1.0,0,0
archive-16713,Cliff Odom,LB,MIA,1992,0.0,0,0
archive-16713,Cliff Odom,LB,MIA,1993,0.0,0,0
archive-16720,Nate Odomes,CB,BUF,1987,0.0,0,0
archive-16720,Nate Odomes,CB,BUF,1988,0.0,0,0
archive-16720,Nate Odomes,CB,BUF,1989,1.0,0,0
archive-16720,Nate Odomes,CB,BUF,1990,0.0,0,0
archive-16720,Nate Odomes,CB,BUF,1991,1.0,0,0
archive-16720,Nate Odomes,CB,BUF,1992,1.0,0,0
archive-16720,Nate Odomes,CB,BUF,1993,0.0,0,0
archive-16720,Nate Odomes,CB,ATL,1996,0.0,0.0,0.0
archive-16728,John Offerdahl,LB,MIA,1986,2.0,0,0
archive-16728,John Offerdahl,LB,MIA,1987,1.5,0,0
archive-16728,John Offerdahl,LB,MIA,1988,0.5,0,0
archive-16728,John Offerdahl,LB,MIA,1989,1.5,0,0
archive-16728,John Offerdahl,LB,MIA,1990,1.0,0,0
archive-16728,John Offerdahl,LB,MIA,1991,1.5,0,0
archive-16728,John Offerdahl,LB,MIA,1992,1.5,0,0
archive-16728,John Offerdahl,LB,MIA,1993,0.0,0,0
archive-16730,Tony Office,LB,DET,1987,0.0,0,0
archive-16735,Eric Ogbogu,DE,NYJ,1998,0.0,0.0,0.0
archive-16743,Alfred Oglesby,NT,MIA,1990,2.5,0,0
archive-16743,Alfred Oglesby,NT,MIA,1991,0.0,0,0
archive-16743,Alfred Oglesby,NT,GB,1992,0.0,0,0
archive-16743,Alfred Oglesby,NT,MIA,1992,0.0,0,0
archive-16743,Alfred Oglesby,NT,NYJ,1994,0.5,0.0,0.0
archive-16743,Alfred Oglesby,NT,CIN,1995,1.0,0.0,0.0
archive-16748,Craig Ogletree,LB,CIN,1990,0.0,0,0
archive-16750,Pat Ogrin,DT,WAS,1982,0.0,0,0
archive-16779,Chris Oldham,DB,DET,1990,0.0,0,0
archive-16779,Chris Oldham,DB,ARI,1991,0.0,0,0
archive-16779,Chris Oldham,DB,BUF,1991,0.0,0,0
archive-16779,Chris Oldham,S,ARI,1992,0.0,0,0
archive-16779,Chris Oldham,DB,ARI,1993,1.0,0,0
archive-16779,Chris Oldham,DB,ARI,1994,0.0,0.0,0.0
archive-16779,Chris Oldham,DB,PIT,1995,0.0,0.0,1.0
archive-16779,Chris Oldham,DB,BUF,1996,0.0,0.0,0.0
archive-16779,Chris Oldham,DB,NYJ,1996,0.0,0.0,0.0
archive-16779,Chris Oldham,DB,PIT,1996,2.0,0.0,0.0
archive-16779,Chris Oldham,DB,CIN,1997,0.0,0.0,0.0
archive-16779,Chris Oldham,DB,NYJ,1997,0.0,0.0,0.0
archive-16779,Chris Oldham,DB,PIT,1997,4.0,0.0,2.0
archive-16779,Chris Oldham,DB,PIT,1998,0.5,0.0,1.0
archive-16781,Ray Oldham,S,DET,1982,1.0,0,0
archive-16784,John Olenchalk,LB,KC,1982,0.0,0,0
archive-16803,Louis Oliver,FS,MIA,1989,0.0,0,0
archive-16803,Louis Oliver,FS,MIA,1990,1.0,0,0
archive-16803,Louis Oliver,FS,MIA,1991,0.0,0,0
archive-16803,Louis Oliver,FS,MIA,1992,0.0,0,0
archive-16803,Louis Oliver,FS,MIA,1993,0.0,0,0
archive-16803,Louis Oliver,S,CIN,1994,1.0,0.0,3.0
archive-16803,Louis Oliver,FS,MIA,1995,0.0,0.0,0.0
archive-16803,Louis Oliver,S,MIA,1996,0.0,0.0,3.0
archive-16804,Maurice Oliver,LB,TB,1991,0.0,0,0
archive-16806,Muhammad Oliver,DB,DEN,1992,0.0,0,0
archive-16806,Muhammad Oliver,DB,GB,1993,0.0,0,0
archive-16806,Muhammad Oliver,DB,KC,1993,0.0,0,0
archive-16806,Muhammad Oliver,DB,MIA,1994,0.0,0.0,1.0
archive-16806,Muhammad Oliver,DB,WAS,1995,0.0,0.0,0.0
archive-16811,Neal Olkewicz,LB,WAS,1982,3.0,0,0
archive-16811,Neal Olkewicz,LB,WAS,1983,2.0,0,0
archive-16811,Neal Olkewicz,LB,WAS,1984,1.0,0,0
archive-16811,Neal Olkewicz,LB,WAS,1985,0.0,0,0
archive-16811,Neal Olkewicz,LB,WAS,1986,3.0,0,0
archive-16811,Neal Olkewicz,LB,WAS,1987,2.0,0,0
archive-16811,Neal Olkewicz,LB,WAS,1988,2.0,0,0
archive-16811,Neal Olkewicz,LB,WAS,1989,0.0,0,0
archive-16813,Jerry Olsavsky,LB,PIT,1989,1.0,0,0
archive-16813,Jerry Olsavsky,LB,PIT,1990,0.0,0,0
archive-16813,Jerry Olsavsky,LB,PIT,1991,0.0,0,0
archive-16813,Jerry Olsavsky,LB,PIT,1992,0.0,0,0
archive-16813,Jerry Olsavsky,LB,PIT,1993,0.0,0,0
archive-16813,Jerry Olsavsky,LB,PIT,1994,0.0,0.0,0.0
archive-16813,Jerry Olsavsky,LB,PIT,1995,1.0,0.0,1.0
archive-16813,Jerry Olsavsky,LB,BUF,1996,0.0,0.0,0.0
archive-16813,Jerry Olsavsky,LB,NYJ,1996,0.0,0.0,0.0
archive-16813,Jerry Olsavsky,LB,PIT,1996,0.5,0.0,1.0
archive-16813,Jerry Olsavsky,LB,CIN,1997,0.0,0.0,0.0
archive-16813,Jerry Olsavsky,LB,NYJ,1997,0.0,0.0,0.0
archive-16813,Jerry Olsavsky,LB,PIT,1997,0.0,0.0,0.0
archive-16813,Jerry Olsavsky,LB,BAL,1998,0.0,0.0,0.0
archive-16844,Bob Ontko,LB,IND,1987,0.0,0,0
archive-16849,Dave Opfar,NT,PIT,1987,0.0,0,0
archive-16858,Bo Orlando,DB,TEN,1990,0.0,0,0
archive-16858,Bo Orlando,FS,TEN,1991,0.0,0,0
archive-16858,Bo Orlando,DB,TEN,1992,0.0,0,0
archive-16858,Bo Orlando,DB,TEN,1993,0.0,0,0
archive-16858,Bo Orlando,SAF,TEN,1994,0.0,0.0,0.0
archive-16858,Bo Orlando,DB,LAC,1995,0.0,0.0,0.0
archive-16858,Bo Orlando,FS,CIN,1996,1.0,0.0,2.0
archive-16858,Bo Orlando,DB,LAC,1996,0.0,0.0,0.0
archive-16858,Bo Orlando,DB,CIN,1997,1.0,0.0,1.0
archive-16858,Bo Orlando,DB,MIN,1997,0.0,0.0,0.0
archive-16858,Bo Orlando,DB,NE,1997,0.0,0.0,0.0
archive-16858,Bo Orlando,DB,PIT,1998,0.0,0.0,0.0
archive-16862,Fred Orns,LB,SEA,1987,0.0,0,0
archive-16883,Chuck Osborne,DT,LAR,1996,1.0,0.0,0.0
archive-16883,Chuck Osborne,DT,WAS,1996,0.0,0.0,0.0
archive-16883,Chuck Osborne,DT,LV,1998,0.0,0.0,0.0
archive-16885,Eldonta Osborne,LB,ARI,1990,1.0,0,0
archive-16886,Jim Osborne,DT,CHI,1982,4.5,0,0
archive-16886,Jim Osborne,DT,CHI,1983,5.0,0,0
archive-16886,Jim Osborne,DT,CHI,1984,1.0,0,0
archive-16889,Vince Osby,LB,LAC,1984,0.0,0,0
archive-16889,Vince Osby,LB,LAC,1985,0.0,0,0
archive-16893,Willie Oshodin,DE,DEN,1993,1.0,0,0
archive-16893,Willie Oshodin,DE,DEN,1994,0.0,0.0,0.0
archive-16893,Willie Oshodin,DE,DEN,1995,0.0,0.0,0.0
archive-16911,Brad Ottis,DE,LAR,1994,1.0,0.0,0.0
archive-16911,Brad Ottis,DE,LAR,1995,0.0,0.0,0.0
archive-16911,Brad Ottis,DE,ARI,1996,1.0,0.0,0.0
archive-16911,Brad Ottis,DE,ARI,1997,0.0,0.0,0.0
archive-16911,Brad Ottis,DE,DET,1997,0.0,0.0,0.0
archive-16913,Bob Otto,DE,DAL,1986,0.0,0,0
archive-16913,Bob Otto,DE,TEN,1987,0.0,0,0
archive-16934,Billy Owens,DB,DAL,1988,1.0,0,0
archive-16936,Burgess Owens,FS,LV,1982,0.0,0,0
archive-16939,Dan Owens,DE,DET,1990,3.0,0,0
archive-16939,Dan Owens,DE,DET,1991,6.5,0,0
archive-16939,Dan Owens,DE,DET,1992,2.0,0,0
archive-16939,Dan Owens,DE,DET,1993,3.0,0,0
archive-16939,Dan Owens,DE,DET,1994,3.0,0.0,0.0
archive-16939,Dan Owens,DE,DET,1995,0.0,0.0,0.0
archive-16939,Dan Owens,DE,ATL,1996,5.5,0.0,0.0
archive-16939,Dan Owens,DE,ATL,1997,8.0,0.0,1.0
archive-16939,Dan Owens,DE,DET,1998,2.5,0.0,0.0
archive-16941,Dennis Owens,NT,NE,1982,2.0,0,0
archive-16941,Dennis Owens,NT,NE,1983,4.0,0,0
archive-16941,Dennis Owens,NT,NE,1984,6.5,0,0
archive-16941,Dennis Owens,NT,NE,1985,2.0,0,0
archive-16941,Dennis Owens,NT,NE,1986,1.0,0,0
archive-16951,Mel Owens,LB,LAR,1982,0.0,0,0
archive-16951,Mel Owens,LB,LAR,1983,5.0,0,0
archive-16951,Mel Owens,LB,LAR,1984,3.5,0,0
archive-16951,Mel Owens,LB,LAR,1985,9.0,0,0
archive-16951,Mel Owens,LB,LAR,1986,4.0,0,0
archive-16951,Mel Owens,LB,LAR,1987,1.0,0,0
archive-16951,Mel Owens,LB,LAR,1988,5.0,0,0
archive-16951,Mel Owens,LB,LAR,1989,0.0,0,0
archive-16956,Rich Owens,DE,WAS,1995,3.0,0.0,0.0
archive-16956,Rich Owens,DE,WAS,1996,11.0,0.0,0.0
archive-16956,Rich Owens,DE,LAC,1997,0.0,0.0,0.0
archive-16956,Rich Owens,DE,WAS,1997,2.5,0.0,0.0
archive-16974,Chris Pacheco,NT,LAR,1987,0.0,0,0
archive-16977,Gary Padjen,LB,IND,1982,0.0,0,0
archive-16977,Gary Padjen,LB,IND,1983,0.0,0,0
archive-16977,Gary Padjen,LB,IND,1984,0.0,0,0
archive-16977,Gary Padjen,LB,IND,1987,0.0,0,0
archive-16995,Shane Pahukoa,SAF,NO,1995,0.0,0.0,2.0
archive-16996,Lee Paige,DB,TB,1987,0.0,0,0
archive-17000,Jeff Paine,LB,KC,1984,0.0,0,0
archive-17000,Jeff Paine,LB,KC,1985,1.0,0,0
archive-17000,Jeff Paine,LB,WAS,1986,0.0,0,0
archive-17000,Jeff Paine,LB,ARI,1987,0.0,0,0
archive-17021,Emile Palmer,DT,NO,1996,0.0,0.0,0.0
archive-17028,Mitch Palmer,LB,TB,1998,0.0,0.0,0.0
archive-17034,Sterling Palmer,DE,WAS,1993,4.5,0,0
archive-17034,Sterling Palmer,DE,WAS,1994,1.0,0.0,0.0
archive-17034,Sterling Palmer,DE,WAS,1995,4.5,0.0,0.0
archive-17034,Sterling Palmer,DE,WAS,1996,1.0,0.0,0.0
archive-17071,Anthony Parker,DB,IND,1989,0.0,0,0
archive-17071,Anthony Parker,DB,KC,1991,0.0,0,0
archive-17071,Anthony Parker,DB,MIN,1992,0.0,0,0
archive-17071,Anthony Parker,DB,MIN,1993,0.0,0,0
archive-17071,Anthony Parker,CB,MIN,1994,1.0,0.0,5.0
archive-17071,Anthony Parker,CB,LAR,1995,0.0,0.0,2.0
archive-17071,Anthony Parker,CB,LAR,1996,0.0,0.0,4.0
archive-17071,Anthony Parker,DB,WAS,1996,0.0,0.0,0.0
archive-17071,Anthony Parker,CB,TB,1997,1.0,0.0,2.0
archive-17071,Anthony Parker,CB,TB,1998,1.0,0.0,0.0
archive-17086,Ervin Parker,LB,BUF,1982,0.0,0,0
archive-17086,Ervin Parker,LB,BUF,1983,4.0,0,0
archive-17094,Jerry Parker,LB,CLE,1987,0.0,0,0
archive-17099,Kerry Parker,DB,KC,1984,0.0,0,0
archive-17099,Kerry Parker,CB,BUF,1987,0.0,0,0
archive-17104,Ricky Parker,DB,JAX,1997,0.0,0.0,0.0
archive-17104,Ricky Parker,DB,NE,1997,0.0,0.0,0.0
archive-17105,Riddick Parker,DT,NYJ,1997,0.0,0.0,0.0
archive-17105,Riddick Parker,DT,SEA,1997,0.0,0.0,0.0
archive-17105,Riddick Parker,DT,SEA,1998,1.0,0.0,0.0
archive-17112,Steve Parker,DE,IND,1983,1.5,0,0
archive-17112,Steve Parker,DE,IND,1984,1.0,0,0
archive-17131,Chet Parlavecchio,LB,ARI,1983,0.0,0,0
archive-17131,Chet Parlavecchio,LB,GB,1983,0.0,0,0
archive-17138,John Parrella,DT,BUF,1993,1.0,0,0
archive-17138,John Parrella,DT,LAC,1994,1.0,0.0,0.0
archive-17138,John Parrella,DT,LAC,1995,2.0,0.0,0.0
archive-17138,John Parrella,DT,LAC,1996,2.0,0.0,0.0
archive-17138,John Parrella,DT,LAC,1997,3.5,0.0,0.0
archive-17138,John Parrella,DT,LAC,1998,1.5,0.0,0.0
archive-17142,Don Parrish,NT,KC,1982,1.0,0,0
archive-17144,Lemar Parrish,DB,BUF,1982,0.0,0,0
archive-17146,Tony Parrish,FS,CHI,1998,1.0,0.0,1.0
archive-17160,Ty Parten,DE,CIN,1993,0.0,0,0
archive-17160,Ty Parten,DE,CIN,1994,0.0,0.0,0.0
archive-17160,Ty Parten,DE,CIN,1995,0.0,0.0,0.0
archive-17160,Ty Parten,DE,KC,1997,0.0,0.0,0.0
archive-17160,Ty Parten,DE,KC,1998,0.0,0.0,0.0
archive-17209,Craig Patterson,DE,ARI,1991,0.0,0,0
archive-17213,Elvis Patterson ,DB,NYG,1984,0.0,0,0
archive-17213,Elvis Patterson ,DB,NYG,1985,0.5,0,0
archive-17213,Elvis Patterson ,DB,NYG,1986,0.0,0,0
archive-17213,Elvis Patterson ,DB,LAC,1987,0.0,0,0
archive-17213,Elvis Patterson ,DB,NYG,1987,0.0,0,0
archive-17213,Elvis Patterson ,DB,LAC,1988,1.0,0,0
archive-17213,Elvis Patterson ,DB,LAC,1989,0.0,0,0
archive-17213,Elvis Patterson ,DB,LV,1990,0.0,0,0
archive-17213,Elvis Patterson ,DB,LV,1991,0.0,0,0
archive-17213,Elvis Patterson ,DB,LV,1992,0.0,0,0
archive-17213,Elvis Patterson ,DB,DAL,1993,0.0,0,0
archive-17213,Elvis Patterson ,DB,LV,1993,0.0,0,0
archive-17219,Reno Patterson,NT,SF,1987,0.0,0,0
archive-17220,Shawn Patterson,DE,GB,1988,4.0,0,0
archive-17220,Shawn Patterson,DE,GB,1989,0.5,0,0
archive-17220,Shawn Patterson,DE,GB,1990,4.0,0,0
archive-17220,Shawn Patterson,DE,GB,1991,1.5,0,0
archive-17220,Shawn Patterson,DE,GB,1993,1.0,0,0
archive-17221,Darrell Pattillo,DB,LAC,1983,0.0,0,0
archive-17225,James Patton,NT,BUF,1994,0.0,0.0,0.0
archive-17229,Marvcus Patton,LB,BUF,1990,0.5,0,0
archive-17229,Marvcus Patton,LB,BUF,1991,0.0,0,0
archive-17229,Marvcus Patton,LB,BUF,1992,2.0,0,0
archive-17229,Marvcus Patton,LB,BUF,1993,1.0,0,0
archive-17229,Marvcus Patton,LB,BUF,1994,0.0,0.0,2.0
archive-17229,Marvcus Patton,LB,WAS,1995,2.0,0.0,2.0
archive-17229,Marvcus Patton,LB,WAS,1996,2.0,0.0,2.0
archive-17229,Marvcus Patton,LB,WAS,1997,4.5,0.0,2.0
archive-17229,Marvcus Patton,LB,WAS,1998,3.0,0.0,0.0
archive-17238,Markus Paul,DB,CHI,1989,0.0,0,0
archive-17238,Markus Paul,DB,CHI,1990,0.0,0,0
archive-17238,Markus Paul,S,CHI,1991,0.0,0,0
archive-17238,Markus Paul,S,CHI,1992,0.0,0,0
archive-17238,Markus Paul,DB,CHI,1993,0.0,0,0
archive-17238,Markus Paul,DB,TB,1993,0.0,0,0
archive-17240,Tito Paul,CB,ARI,1995,0.0,0.0,1.0
archive-17240,Tito Paul,DB,ARI,1996,0.0,0.0,0.0
archive-17240,Tito Paul,DB,ARI,1997,0.0,0.0,0.0
archive-17240,Tito Paul,CB,CIN,1997,0.0,0.0,0.0
archive-17240,Tito Paul,DB,MIN,1997,0.0,0.0,0.0
archive-17240,Tito Paul,DB,DEN,1998,0.0,0.0,0.0
archive-17241,Whitney Paul,LB,NO,1982,3.0,0,0
archive-17241,Whitney Paul,LB,NO,1983,5.5,0,0
archive-17241,Whitney Paul,LB,NO,1984,9.5,0,0
archive-17241,Whitney Paul,LB,NO,1985,5.0,0,0
archive-17241,Whitney Paul,LB,KC,1986,1.5,0,0
archive-17249,Bryce Paup,LB,GB,1990,0.0,0,0
archive-17249,Bryce Paup,LB,GB,1991,7.5,0,0
archive-17249,Bryce Paup,LB,GB,1992,6.5,0,0
archive-17249,Bryce Paup,LB,GB,1993,12.0,0,0
archive-17249,Bryce Paup,LB,GB,1994,9.5,0.0,4.0
archive-17249,Bryce Paup,LB,BUF,1995,17.5,0.0,2.0
archive-17249,Bryce Paup,LB,BUF,1996,6.0,0.0,0.0
archive-17249,Bryce Paup,LB,BUF,1997,9.5,0.0,0.0
archive-17249,Bryce Paup,LB,JAX,1998,6.5,0.0,0.0
archive-17264,Seth Payne,DT,JAX,1997,0.0,0.0,0.0
archive-17264,Seth Payne,DT,NE,1997,0.0,0.0,0.0
archive-17264,Seth Payne,DT,JAX,1998,0.0,0.0,0.0
archive-17286,Aaron Pearson,LB,KC,1986,0.0,0,0
archive-17286,Aaron Pearson,LB,KC,1987,0.0,0,0
archive-17286,Aaron Pearson,LB,KC,1988,0.0,0,0
archive-17293,J.C. Pearson,DB,KC,1986,1.0,0,0
archive-17293,J.C. Pearson,DB,KC,1987,0.0,0,0
archive-17293,J.C. Pearson,CB,KC,1988,0.0,0,0
archive-17293,J.C. Pearson,CB,KC,1989,1.0,0,0
archive-17293,J.C. Pearson,DB,KC,1990,0.0,0,0
archive-17293,J.C. Pearson,CB,KC,1991,1.0,0,0
archive-17293,J.C. Pearson,DB,KC,1992,1.0,0,0
archive-17293,J.C. Pearson,DB,MIN,1993,0.0,0,0
archive-17319,Willis Peguese,DE,TEN,1990,0.0,0,0
archive-17319,Willis Peguese,DE,TEN,1991,0.0,0,0
archive-17319,Willis Peguese,DE,IND,1992,0.0,0,0
archive-17319,Willis Peguese,DE,TEN,1992,0.0,0,0
archive-17319,Willis Peguese,DE,IND,1993,2.0,0,0
archive-17331,Scott Pelluer,LB,NO,1982,0.0,0,0
archive-17331,Scott Pelluer,LB,NO,1983,0.0,0,0
archive-17331,Scott Pelluer,LB,NO,1984,0.0,0,0
archive-17331,Scott Pelluer,LB,NO,1985,0.0,0,0
archive-17342,Jesse Penn,LB,DAL,1985,0.0,0,0
archive-17342,Jesse Penn,LB,DAL,1986,2.5,0,0
archive-17342,Jesse Penn,LB,DAL,1987,0.0,0,0
archive-17345,Leon Pennington,LB,TB,1987,0.0,0,0
archive-17384,Ray Perkins ,DE,DAL,1987,2.0,0,0
archive-17388,Mike Perko,NT,ATL,1982,1.0,0,0
archive-17398,Benny Perrin ,DB,ARI,1982,0.0,0,0
archive-17398,Benny Perrin ,DB,ARI,1983,1.0,0,0
archive-17398,Benny Perrin ,DB,ARI,1984,0.0,0,0
archive-17398,Benny Perrin ,DB,ARI,1985,0.0,0,0
archive-17406,Darren Perry ,DB,PIT,1992,0.0,0,0
archive-17406,Darren Perry ,DB,PIT,1993,0.0,0,0
archive-17406,Darren Perry ,DB,PIT,1994,0.0,0.0,8.0
archive-17406,Darren Perry ,DB,PIT,1995,0.0,0.0,4.0
archive-17406,Darren Perry ,DB,PIT,1996,1.0,0.0,5.0
archive-17406,Darren Perry ,DB,CIN,1997,0.0,0.0,0.0
archive-17406,Darren Perry ,DB,NYJ,1997,0.0,0.0,0.0
archive-17406,Darren Perry ,DB,PIT,1997,1.0,0.0,4.0
archive-17406,Darren Perry ,DB,PIT,1998,0.5,0.0,2.0
archive-17417,Marlo Perry ,LB,BUF,1994,0.0,0.0,0.0
archive-17417,Marlo Perry ,LB,BUF,1995,0.0,0.0,1.0
archive-17417,Marlo Perry ,LB,BUF,1996,0.0,0.0,1.0
archive-17417,Marlo Perry ,LB,BUF,1997,0.0,0.0,1.0
archive-17417,Marlo Perry ,LB,BUF,1998,0.0,0.0,0.0
archive-17418,Michael Dean Perry ,DT,CLE,1988,6.0,0,0
archive-17418,Michael Dean Perry ,DT,CLE,1989,7.0,0,0
archive-17418,Michael Dean Perry ,DT,CLE,1990,11.5,0,0
archive-17418,Michael Dean Perry ,DT,CLE,1991,8.5,0,0
archive-17418,Michael Dean Perry ,DT,CLE,1992,8.5,0,0
archive-17418,Michael Dean Perry ,DT,CLE,1993,6.0,0,0
archive-17418,Michael Dean Perry ,DT,CLE,1994,4.0,0.0,0.0
archive-17418,Michael Dean Perry ,DT,DEN,1995,6.0,0.0,0.0
archive-17418,Michael Dean Perry ,DT,DEN,1996,3.5,0.0,0.0
archive-17418,Michael Dean Perry ,DT,NE,1996,0.0,0.0,0.0
archive-17418,Michael Dean Perry ,DT,DEN,1997,0.0,0.0,0.0
archive-17418,Michael Dean Perry ,DT,KC,1997,0.0,0.0,0.0
archive-17420,Rod Perry ,DB,LAR,1982,0.0,0,0
archive-17420,Rod Perry ,DB,CLE,1983,0.0,0,0
archive-17420,Rod Perry ,DB,CLE,1984,0.0,0,0
archive-17425,Vernon Perry ,DB,TEN,1982,0.0,0,0
archive-17425,Vernon Perry ,DB,NO,1983,0.0,0,0
archive-17427,William Perry ,DT,CHI,1985,6.0,0,0
archive-17427,William Perry ,DT,CHI,1986,5.0,0,0
archive-17427,William Perry ,DT,CHI,1987,3.0,0,0
archive-17427,William Perry ,DT,CHI,1988,0.0,0,0
archive-17427,William Perry ,DT,CHI,1989,4.0,0,0
archive-17427,William Perry ,DT,CHI,1990,4.0,0,0
archive-17427,William Perry ,DT,CHI,1991,5.5,0,0
archive-17427,William Perry ,DT,CHI,1992,2.0,0,0
archive-17427,William Perry ,DT,CHI,1993,0.0,0,0
archive-17427,William Perry ,DT,PHI,1993,1.0,0,0
archive-17427,William Perry ,DT,PHI,1994,0.0,0.0,0.0
archive-17432,Jim Perryman ,DB,BUF,1985,2.0,0,0
archive-17432,Jim Perryman ,DB,IND,1987,1.0,0,0
archive-17441,Lawrence Pete,NT,DET,1989,1.0,0,0
archive-17441,Lawrence Pete,NT,DET,1990,0.0,0,0
archive-17441,Lawrence Pete,NT,DET,1991,1.5,0,0
archive-17441,Lawrence Pete,NT,DET,1992,1.0,0,0
archive-17441,Lawrence Pete,NT,DET,1993,0.0,0,0
archive-17442,Christian Peter,DT,NYG,1997,0.5,0.0,0.0
archive-17442,Christian Peter,DT,SEA,1997,0.0,0.0,0.0
archive-17442,Christian Peter,DT,NYG,1998,1.0,0.0,0.0
archive-17443,Jason Peter,DE,CAR,1998,1.0,0.0,0.0
archive-17455,Tony Peters,S,WAS,1982,0.0,0,0
archive-17455,Tony Peters,S,WAS,1984,0.0,0,0
archive-17455,Tony Peters,S,WAS,1985,0.0,0,0
archive-17456,Tyrell Peters,LB,BAL,1997,0.0,0.0,0.0
archive-17456,Tyrell Peters,LB,BAL,1998,0.0,0.0,0.0
archive-17467,Cal Peterson,LB,LV,1982,0.0,0,0
archive-17474,Joe Peterson,DB,NE,1987,0.0,0,0
archive-17486,Tony Peterson,LB,SF,1994,0.0,0.0,0.0
archive-17486,Tony Peterson,LB,SF,1995,0.0,0.0,0.0
archive-17486,Tony Peterson,LB,NYJ,1996,0.0,0.0,0.0
archive-17486,Tony Peterson,LB,SF,1996,0.0,0.0,0.0
archive-17486,Tony Peterson,LB,CHI,1997,0.0,0.0,0.0
archive-17486,Tony Peterson,LB,SF,1998,1.0,0.0,0.0
archive-17500,Stan Petry,DB,KC,1989,0.5,0,0
archive-17500,Stan Petry,DB,KC,1990,0.0,0,0
archive-17500,Stan Petry,DB,KC,1991,0.0,0,0
archive-17500,Stan Petry,DB,NO,1991,0.0,0,0
archive-17506,Duane Pettitt,DE,LAC,1987,0.0,0,0
archive-17522,Perry Phenix,DB,TEN,1998,0.0,0.0,0.0
archive-17523,Roman Phifer,LB,LAR,1991,2.0,0,0
archive-17523,Roman Phifer,LB,LAR,1992,0.0,0,0
archive-17523,Roman Phifer,LB,LAR,1993,0.0,0,0
archive-17523,Roman Phifer,LB,LAR,1994,1.5,0.0,2.0
archive-17523,Roman Phifer,LB,LAR,1995,3.0,0.0,3.0
archive-17523,Roman Phifer,LB,LAR,1996,1.5,0.0,0.0
archive-17523,Roman Phifer,LB,WAS,1996,0.0,0.0,0.0
archive-17523,Roman Phifer,LB,LAR,1997,2.0,0.0,0.0
archive-17523,Roman Phifer,LB,LAR,1998,6.5,0.0,1.0
archive-17526,Ed Philion,DT,BUF,1994,0.0,0.0,0.0
archive-17526,Ed Philion,DT,BUF,1995,0.0,0.0,0.0
archive-17528,Anthony Phillips,CB,ATL,1994,0.0,0.0,1.0
archive-17528,Anthony Phillips,CB,ATL,1995,0.0,0.0,1.0
archive-17528,Anthony Phillips,CB,ATL,1996,0.0,0.0,0.0
archive-17528,Anthony Phillips,DB,MIN,1998,0.0,0.0,0.0
archive-17535,Irvin Phillips,DB,LV,1983,0.0,0,0
archive-17541,Joe Phillips,NT,MIN,1986,0.0,0,0
archive-17541,Joe Phillips,NT,LAC,1987,5.0,0,0
archive-17541,Joe Phillips,NT,LAC,1988,2.0,0,0
archive-17541,Joe Phillips,NT,LAC,1989,1.0,0,0
archive-17541,Joe Phillips,NT,LAC,1990,0.5,0,0
archive-17541,Joe Phillips,NT,LAC,1991,1.0,0,0
archive-17541,Joe Phillips,NT,KC,1992,2.5,0,0
archive-17541,Joe Phillips,NT,KC,1993,3.5,0,0
archive-17541,Joe Phillips,NT,KC,1994,3.0,0.0,0.0
archive-17541,Joe Phillips,NT,KC,1995,4.5,0.0,1.0
archive-17541,Joe Phillips,NT,KC,1996,2.0,0.0,0.0
archive-17541,Joe Phillips,NT,KC,1997,0.5,0.0,0.0
archive-17541,Joe Phillips,NT,LAR,1998,0.0,0.0,0.0
archive-17545,Kim Phillips,DB,NO,1989,0.0,0,0
archive-17545,Kim Phillips,DB,BUF,1990,0.0,0,0
archive-17553,Ray Phillips,LB,ATL,1986,0.0,0,0
archive-17553,Ray Phillips,LB,PHI,1987,2.0,0,0
archive-17555,Reggie Phillips,DB,CHI,1985,0.0,0,0
archive-17555,Reggie Phillips,DB,CHI,1986,0.0,0,0
archive-17555,Reggie Phillips,DB,CHI,1987,0.0,0,0
archive-17555,Reggie Phillips,DB,ARI,1988,0.0,0,0
archive-17557,Ryan Phillips,LB,NYG,1997,1.0,0.0,0.0
archive-17557,Ryan Phillips,LB,NYG,1998,0.0,0.0,0.0
archive-17574,Bill Pickel,NT,LV,1983,8.0,0,0
archive-17574,Bill Pickel,NT,LV,1984,12.5,0,0
archive-17574,Bill Pickel,NT,LV,1985,12.5,0,0
archive-17574,Bill Pickel,NT,LV,1986,11.5,0,0
archive-17574,Bill Pickel,NT,LV,1987,1.0,0,0
archive-17574,Bill Pickel,NT,LV,1988,5.0,0,0
archive-17574,Bill Pickel,NT,LV,1989,3.0,0,0
archive-17574,Bill Pickel,NT,LV,1990,1.5,0,0
archive-17574,Bill Pickel,NT,NYJ,1991,2.0,0,0
archive-17574,Bill Pickel,NT,NYJ,1992,1.0,0,0
archive-17574,Bill Pickel,NT,NYJ,1993,0.0,0,0
archive-17574,Bill Pickel,NT,NYJ,1994,0.0,0.0,0.0
archive-17576,Bruce Pickens,CB,ATL,1991,0.0,0,0
archive-17576,Bruce Pickens,CB,ATL,1992,1.0,0,0
archive-17576,Bruce Pickens,CB,ATL,1993,0.0,0,0
archive-17576,Bruce Pickens,CB,GB,1993,0.0,0,0
archive-17576,Bruce Pickens,CB,KC,1993,0.0,0,0
archive-17576,Bruce Pickens,CB,LV,1995,0.0,0.0,0.0
archive-17578,Lyle Pickens,DB,DEN,1987,0.0,0,0
archive-17582,Tim Pidgeon,LB,MIA,1987,0.0,0,0
archive-17583,Mike Piel,DE,LAR,1989,4.0,0,0
archive-17583,Mike Piel,DE,LAR,1990,5.0,0,0
archive-17583,Mike Piel,DE,LAR,1991,1.0,0,0
archive-17583,Mike Piel,DE,LAR,1992,3.0,0,0
archive-17595,Damon Pieri,DB,NYJ,1993,0.0,0,0
archive-17595,Damon Pieri,SAF,CAR,1996,0.0,0.0,1.0
archive-17595,Damon Pieri,DB,KC,1996,0.0,0.0,0.0
archive-17595,Damon Pieri,DB,CAR,1997,0.0,0.0,0.0
archive-17611,Chris Pike,DT,CLE,1989,1.0,0,0
archive-17611,Chris Pike,DT,CLE,1990,0.0,0,0
archive-17611,Chris Pike,DT,LAR,1991,0.0,0,0
archive-17612,Mark Pike,DE,BUF,1987,0.0,0,0
archive-17612,Mark Pike,DE,BUF,1988,0.0,0,0
archive-17612,Mark Pike,DE,BUF,1989,0.0,0,0
archive-17612,Mark Pike,DE,BUF,1990,0.0,0,0
archive-17612,Mark Pike,DE,BUF,1991,0.0,0,0
archive-17612,Mark Pike,DE,BUF,1992,1.0,0,0
archive-17612,Mark Pike,DE,BUF,1993,0.0,0,0
archive-17612,Mark Pike,DE,BUF,1994,0.0,0.0,0.0
archive-17612,Mark Pike,DE,BUF,1995,0.0,0.0,0.0
archive-17612,Mark Pike,DE,BUF,1996,0.0,0.0,0.0
archive-17612,Mark Pike,DE,BUF,1997,0.0,0.0,0.0
archive-17612,Mark Pike,DE,BUF,1998,0.0,0.0,0.0
archive-17620,Lawrence Pillers,DE,SF,1982,3.0,0,0
archive-17620,Lawrence Pillers,DE,SF,1983,4.0,0,0
archive-17620,Lawrence Pillers,DE,SF,1984,2.5,0,0
archive-17620,Lawrence Pillers,DE,ATL,1985,2.0,0,0
archive-17621,Brian Pillman,LB,CIN,1984,0.0,0,0
archive-17660,Julian Pittman,DE,NO,1998,0.0,0.0,0.0
archive-17661,Kavika Pittman,DE,DAL,1996,0.0,0.0,0.0
archive-17661,Kavika Pittman,DE,DAL,1997,1.0,0.0,0.0
archive-17661,Kavika Pittman,DE,DAL,1998,6.0,0.0,0.0
archive-17672,Mike Pitts ,DT,ATL,1983,7.0,0,0
archive-17672,Mike Pitts ,DT,ATL,1984,5.5,0,0
archive-17672,Mike Pitts ,DT,ATL,1985,7.0,0,0
archive-17672,Mike Pitts ,DT,ATL,1986,5.5,0,0
archive-17672,Mike Pitts ,DT,PHI,1987,2.0,0,0
archive-17672,Mike Pitts ,DT,PHI,1988,1.5,0,0
archive-17672,Mike Pitts ,DT,PHI,1989,7.0,0,0
archive-17672,Mike Pitts ,DT,PHI,1990,3.0,0,0
archive-17672,Mike Pitts ,DT,PHI,1991,2.0,0,0
archive-17672,Mike Pitts ,DT,PHI,1992,4.0,0,0
archive-17672,Mike Pitts ,DT,NE,1993,3.0,0,0
archive-17672,Mike Pitts ,DT,NE,1994,2.0,0.0,0.0
archive-17673,Ron Pitts ,DB,BUF,1986,0.0,0,0
archive-17673,Ron Pitts ,DB,BUF,1987,0.0,0,0
archive-17673,Ron Pitts ,DB,GB,1988,0.0,0,0
archive-17673,Ron Pitts ,DB,GB,1989,0.0,0,0
archive-17673,Ron Pitts ,DB,GB,1990,0.0,0,0
archive-17678,Doug Plank,FS,CHI,1982,0.0,0,0
archive-17686,Anthony Pleasant,DE,CLE,1990,3.5,0,0
archive-17686,Anthony Pleasant,DE,CLE,1991,2.5,0,0
archive-17686,Anthony Pleasant,DE,CLE,1992,4.0,0,0
archive-17686,Anthony Pleasant,DE,CLE,1993,11.0,0,0
archive-17686,Anthony Pleasant,DE,CLE,1994,4.5,0.0,0.0
archive-17686,Anthony Pleasant,DE,CLE,1995,8.0,0.0,0.0
archive-17686,Anthony Pleasant,DE,BAL,1996,4.0,0.0,0.0
archive-17686,Anthony Pleasant,DE,ATL,1997,0.5,0.0,0.0
archive-17686,Anthony Pleasant,DE,NYJ,1998,6.0,0.0,0.0
archive-17690,Reggie Pleasant,DB,ATL,1985,0.0,0,0
archive-17692,Kurt Ploeger,DE,DAL,1986,0.0,0,0
archive-17692,Kurt Ploeger,DE,GB,1986,0.0,0,0
archive-17692,Kurt Ploeger,DE,MIN,1987,0.0,0,0
archive-17695,Bruce Plummer,DB,DEN,1987,0.0,0,0
archive-17695,Bruce Plummer,DB,DEN,1988,0.0,0,0
archive-17695,Bruce Plummer,DB,MIA,1988,0.0,0,0
archive-17695,Bruce Plummer,CB,IND,1989,1.0,0,0
archive-17695,Bruce Plummer,DB,DEN,1990,0.0,0,0
archive-17695,Bruce Plummer,DB,SF,1990,0.0,0,0
archive-17695,Bruce Plummer,DB,PHI,1991,0.0,0,0
archive-17697,Gary Plummer,LB,LAC,1986,2.5,0,0
archive-17697,Gary Plummer,LB,LAC,1987,0.0,0,0
archive-17697,Gary Plummer,LB,LAC,1988,0.0,0,0
archive-17697,Gary Plummer,LB,LAC,1989,0.0,0,0
archive-17697,Gary Plummer,LB,LAC,1990,0.0,0,0
archive-17697,Gary Plummer,LB,LAC,1991,1.0,0,0
archive-17697,Gary Plummer,LB,LAC,1992,0.0,0,0
archive-17697,Gary Plummer,LB,LAC,1993,0.0,0,0
archive-17697,Gary Plummer,LB,SF,1994,0.0,0.0,1.0
archive-17697,Gary Plummer,LB,SF,1995,1.0,0.0,0.0
archive-17697,Gary Plummer,LB,SF,1996,0.0,0.0,0.0
archive-17697,Gary Plummer,LB,SF,1997,0.0,0.0,0.0
archive-17719,Johnnie Poe,CB,NO,1982,0.0,0,0
archive-17719,Johnnie Poe,CB,NO,1983,0.0,0,0
archive-17719,Johnnie Poe,CB,NO,1984,0.0,0,0
archive-17719,Johnnie Poe,CB,NO,1985,0.0,0,0
archive-17719,Johnnie Poe,DB,NO,1986,1.0,0,0
archive-17719,Johnnie Poe,DB,NO,1987,0.0,0,0
archive-17724,John Pointer,LB,GB,1987,0.0,0,0
archive-17740,Darryl Pollard,DB,SF,1987,0.0,0,0
archive-17740,Darryl Pollard,DB,SF,1988,0.0,0,0
archive-17740,Darryl Pollard,DB,SF,1989,0.0,0,0
archive-17740,Darryl Pollard,CB,SF,1990,0.0,0,0
archive-17740,Darryl Pollard,DB,TB,1992,0.0,0,0
archive-17747,Tom Polley,LB,PHI,1985,0.0,0,0
archive-17747,Tom Polley,LB,CLE,1987,0.0,0,0
archive-17756,David Ponder,DT,DAL,1985,0.5,0,0
archive-17758,Antwaune Ponds,LB,WAS,1998,0.0,0.0,0.0
archive-17761,David Pool,DB,BUF,1990,0.0,0,0
archive-17761,David Pool,DB,NE,1991,0.0,0,0
archive-17761,David Pool,CB,NE,1992,0.0,0,0
archive-17761,David Pool,DB,BUF,1993,0.0,0,0
archive-17761,David Pool,DB,MIA,1994,0.0,0.0,0.0
archive-17777,Tyrone Poole,CB,CAR,1995,2.0,0.0,2.0
archive-17777,Tyrone Poole,CB,CAR,1996,0.0,0.0,1.0
archive-17777,Tyrone Poole,CB,CAR,1997,1.0,0.0,2.0
archive-17777,Tyrone Poole,CB,IND,1998,0.0,0.0,1.0
archive-17788,Marquez Pope,DB,LAC,1992,0.0,0,0
archive-17788,Marquez Pope,DB,LAC,1993,0.5,0,0
archive-17788,Marquez Pope,S,LAR,1994,0.0,0.0,3.0
archive-17788,Marquez Pope,CB,SF,1995,0.0,0.0,1.0
archive-17788,Marquez Pope,DB,NYJ,1996,0.0,0.0,0.0
archive-17788,Marquez Pope,CB,SF,1996,0.0,0.0,7.0
archive-17788,Marquez Pope,CB,SF,1997,0.0,0.0,1.0
archive-17788,Marquez Pope,DB,SF,1998,0.0,0.0,1.0
archive-17797,Robert Porcher,DE,DET,1992,1.0,0,0
archive-17797,Robert Porcher,DE,DET,1993,8.5,0,0
archive-17797,Robert Porcher,DE,DET,1994,3.0,0.0,0.0
archive-17797,Robert Porcher,DE,DET,1995,5.0,0.0,0.0
archive-17797,Robert Porcher,DE,DET,1996,10.0,0.0,0.0
archive-17797,Robert Porcher,DE,DET,1997,12.5,0.0,1.0
archive-17797,Robert Porcher,DE,DET,1998,11.5,0.0,0.0
archive-17798,Tom Porell,NT,NE,1987,0.0,0,0
archive-17801,Daryl Porter,DB,DET,1997,0.0,0.0,0.0
archive-17801,Daryl Porter,DB,BUF,1998,0.0,0.0,0.0
archive-17807,Kevin Porter,S,KC,1988,0.5,0,0
archive-17807,Kevin Porter,S,KC,1989,0.0,0,0
archive-17807,Kevin Porter,S,KC,1990,0.0,0,0
archive-17807,Kevin Porter,S,KC,1991,1.0,0,0
archive-17807,Kevin Porter,DB,KC,1992,0.0,0,0
archive-17807,Kevin Porter,DB,NYJ,1992,0.0,0,0
archive-17812,Rob Porter,DB,NYG,1987,0.0,0,0
archive-17814,Rufus Porter,LB,SEA,1988,0.0,0,0
archive-17814,Rufus Porter,LB,SEA,1989,10.5,0,0
archive-17814,Rufus Porter,LB,SEA,1990,5.0,0,0
archive-17814,Rufus Porter,LB,SEA,1991,10.0,0,0
archive-17814,Rufus Porter,LB,SEA,1992,9.5,0,0
archive-17814,Rufus Porter,LB,SEA,1993,1.0,0,0
archive-17814,Rufus Porter,LB,SEA,1994,1.5,0.0,1.0
archive-17814,Rufus Porter,LB,NO,1995,3.0,0.0,0.0
archive-17814,Rufus Porter,LB,NO,1996,0.0,0.0,0.0
archive-17814,Rufus Porter,LB,TB,1997,0.5,0.0,0.0
archive-17825,Jeff Posey,LB,SF,1998,0.5,0.0,0.0
archive-17836,Kevin Potter,DB,CHI,1983,0.0,0,0
archive-17836,Kevin Potter,DB,CHI,1984,0.0,0,0
archive-17838,Steve Potter,LB,MIA,1982,0.0,0,0
archive-17838,Steve Potter,LB,KC,1983,0.0,0,0
archive-17838,Steve Potter,LB,BUF,1984,0.0,0,0
archive-17849,Darryl Pounds,DB,WAS,1995,0.0,0.0,1.0
archive-17849,Darryl Pounds,DB,WAS,1996,0.0,0.0,2.0
archive-17849,Darryl Pounds,DB,LAC,1997,0.0,0.0,0.0
archive-17849,Darryl Pounds,DB,WAS,1997,2.0,0.0,3.0
archive-17849,Darryl Pounds,DB,WAS,1998,0.5,0.0,0.0
archive-17854,Keith Powe,DE,TB,1994,0.0,0.0,0.0
archive-17854,Keith Powe,DE,TB,1995,1.0,0.0,0.0
archive-17856,Andre Powell,LB,NYG,1993,0.0,0,0
archive-17856,Andre Powell,LB,NYG,1994,0.0,0.0,0.0
archive-17859,Carl Powell,DE,IND,1997,0.0,0.0,0.0
archive-17863,Craig Powell,LB,CLE,1995,0.0,0.0,0.0
archive-17863,Craig Powell,LB,BAL,1996,0.0,0.0,0.0
archive-17863,Craig Powell,LB,NYJ,1998,0.0,0.0,0.0
archive-17891,Warren Powers,DE,DEN,1989,3.0,0,0
archive-17891,Warren Powers,DE,DEN,1990,4.0,0,0
archive-17891,Warren Powers,DE,DEN,1991,2.0,0,0
archive-17891,Warren Powers,DE,LAR,1992,0.0,0,0
archive-17894,Dean Prater,DE,KC,1982,0.0,0,0
archive-17894,Dean Prater,DE,KC,1983,0.0,0,0
archive-17894,Dean Prater,DE,BUF,1984,0.0,0,0
archive-17894,Dean Prater,DE,BUF,1985,0.0,0,0
archive-17894,Dean Prater,DE,BUF,1986,1.0,0,0
archive-17894,Dean Prater,DE,BUF,1987,0.0,0,0
archive-17894,Dean Prater,DE,BUF,1988,0.0,0,0
archive-17898,Guy Prather ,LB,GB,1982,0.0,0,0
archive-17898,Guy Prather ,LB,GB,1983,0.0,0,0
archive-17898,Guy Prather ,LB,GB,1984,0.0,0,0
archive-17898,Guy Prather ,LB,GB,1985,2.0,0,0
archive-17919,John Preston,DB,ARI,1987,0.0,0,0
archive-17922,Ray Preston,LB,LAC,1982,0.0,0,0
archive-17922,Ray Preston,LB,LAC,1983,0.0,0,0
archive-17922,Ray Preston,LB,LAC,1984,0.0,0,0
archive-17927,Art Price,LB,ATL,1987,0.0,0,0
archive-17931,Daryl Price,DE,NYJ,1996,0.0,0.0,0.0
archive-17931,Daryl Price,DE,SF,1996,0.0,0.0,0.0
archive-17931,Daryl Price,DE,SF,1997,0.0,0.0,0.0
archive-17932,Dennis Price,CB,LV,1988,0.0,0,0
archive-17932,Dennis Price,DB,LV,1989,0.0,0,0
archive-17932,Dennis Price,DB,NYJ,1992,0.0,0,0
archive-17944,Mitchell Price,S,CIN,1990,0.0,0,0
archive-17944,Mitchell Price,DB,CIN,1991,0.0,0,0
archive-17944,Mitchell Price,DB,ARI,1992,0.0,0,0
archive-17944,Mitchell Price,DB,CIN,1992,0.0,0,0
archive-17944,Mitchell Price,DB,CIN,1993,0.0,0,0
archive-17944,Mitchell Price,DB,LAR,1993,0.0,0,0
archive-17948,Shawn Price,DE,TB,1993,3.0,0,0
archive-17948,Shawn Price,DE,TB,1994,0.0,0.0,0.0
archive-17948,Shawn Price,DE,CAR,1995,1.0,0.0,0.0
archive-17948,Shawn Price,DE,BUF,1996,0.0,0.0,0.0
archive-17948,Shawn Price,DE,BUF,1997,0.0,0.0,0.0
archive-17948,Shawn Price,DE,BUF,1998,5.0,0.0,0.0
archive-17950,Stacy Price,LB,LAC,1987,0.0,0,0
archive-17952,Terry Price,DE,CHI,1990,0.0,0,0
archive-17955,Tom Pridemore,FS,ATL,1982,0.0,0,0
archive-17955,Tom Pridemore,S,ATL,1983,0.0,0,0
archive-17955,Tom Pridemore,S,ATL,1984,0.0,0,0
archive-17955,Tom Pridemore,S,ATL,1985,0.0,0,0
archive-17968,Anthony Prior,DB,NYJ,1993,0.0,0,0
archive-17968,Anthony Prior,DB,NYJ,1994,0.0,0.0,0.0
archive-17968,Anthony Prior,CB,NYJ,1995,0.0,0.0,0.0
archive-17968,Anthony Prior,DB,MIN,1996,0.0,0.0,0.0
archive-17968,Anthony Prior,DB,MIN,1997,0.0,0.0,0.0
archive-17968,Anthony Prior,DB,LV,1998,0.0,0.0,0.0
archive-17969,Mike Prior,DB,TB,1985,0.0,0,0
archive-17969,Mike Prior,DB,IND,1987,1.0,0,0
archive-17969,Mike Prior,FS,IND,1988,1.0,0,0
archive-17969,Mike Prior,FS,IND,1989,0.0,0,0
archive-17969,Mike Prior,FS,IND,1990,0.0,0,0
archive-17969,Mike Prior,FS,IND,1991,0.0,0,0
archive-17969,Mike Prior,FS,IND,1992,0.0,0,0
archive-17969,Mike Prior,FS,GB,1993,0.0,0,0
archive-17969,Mike Prior,DB,GB,1994,0.0,0.0,0.0
archive-17969,Mike Prior,SAF,GB,1995,1.5,0.0,2.0
archive-17969,Mike Prior,DB,GB,1996,0.0,0.0,2.0
archive-17969,Mike Prior,DB,GB,1997,0.0,0.0,5.0
archive-17969,Mike Prior,DB,GB,1998,0.0,0.0,1.0
archive-17977,Kelvin Pritchett,DT,DET,1991,1.5,0,0
archive-17977,Kelvin Pritchett,DT,DET,1992,6.5,0,0
archive-17977,Kelvin Pritchett,DT,DET,1993,4.0,0,0
archive-17977,Kelvin Pritchett,DT,DET,1994,5.5,0.0,0.0
archive-17977,Kelvin Pritchett,DT,JAX,1995,1.5,0.0,0.0
archive-17977,Kelvin Pritchett,DT,JAX,1996,2.0,0.0,0.0
archive-17977,Kelvin Pritchett,DT,MIA,1996,0.0,0.0,0.0
archive-17977,Kelvin Pritchett,DT,NE,1996,0.0,0.0,0.0
archive-17977,Kelvin Pritchett,DT,JAX,1997,3.0,0.0,0.0
archive-17977,Kelvin Pritchett,DT,MIA,1997,0.0,0.0,0.0
archive-17977,Kelvin Pritchett,DT,JAX,1998,3.0,0.0,0.0
archive-17979,Wes Pritchett,LB,ATL,1991,0.0,0,0
archive-17981,Bryan Proby,DT,KC,1995,0.0,0.0,0.0
archive-17987,Gene Profit,DB,NE,1986,0.0,0,0
archive-17987,Gene Profit,DB,NE,1987,0.0,0,0
archive-17987,Gene Profit,DB,NE,1988,0.0,0,0
archive-17998,Andrew Provence,DT,ATL,1983,1.5,0,0
archive-17998,Andrew Provence,DT,ATL,1984,2.5,0,0
archive-17998,Andrew Provence,DT,ATL,1985,1.0,0,0
archive-17998,Andrew Provence,DT,ATL,1986,0.0,0,0
archive-17998,Andrew Provence,DT,ATL,1987,0.0,0,0
archive-18009,Mickey Pruitt,LB,CHI,1988,0.0,0,0
archive-18009,Mickey Pruitt,LB,CHI,1989,0.0,0,0
archive-18009,Mickey Pruitt,LB,CHI,1990,1.0,0,0
archive-18009,Mickey Pruitt,LB,DAL,1991,0.0,0,0
archive-18009,Mickey Pruitt,LB,DAL,1992,0.0,0,0
archive-18012,Trevor Pryce,DT,DEN,1997,3.0,0.0,0.0
archive-18012,Trevor Pryce,DT,DEN,1998,8.5,0.0,1.0
archive-18030,Craig Puki,LB,ARI,1982,0.0,0,0
archive-18041,Dave Pureifory ,DE,DET,1982,7.5,0,0
archive-18044,Dave Purling,DT,LAR,1987,0.0,0,0
archive-18048,Andre Purvis,DT,CIN,1997,0.0,0.0,0.0
archive-18048,Andre Purvis,DT,CIN,1998,1.0,0.0,0.0
archive-18055,Rollin Putzier,DT,PIT,1988,0.0,0,0
archive-18055,Rollin Putzier,DT,SF,1989,0.0,0,0
archive-18056,Dave Puzzuoli,NT,CLE,1983,2.0,0,0
archive-18056,Dave Puzzuoli,NT,CLE,1984,2.0,0,0
archive-18056,Dave Puzzuoli,NT,CLE,1985,0.0,0,0
archive-18056,Dave Puzzuoli,NT,CLE,1986,7.0,0,0
archive-18056,Dave Puzzuoli,NT,CLE,1987,6.5,0,0
archive-18073,Shelton Quarles,LB,TB,1997,0.0,0.0,0.0
archive-18073,Shelton Quarles,LB,TB,1998,1.0,0.0,0.0
archive-18095,Kelly Quinn,LB,MIN,1987,0.0,0,0
archive-18096,Marcus Quinn,DB,TB,1987,0.0,0,0
archive-18117,George Radachowsky,DB,IND,1984,0.0,0,0
archive-18117,George Radachowsky,DB,IND,1985,0.0,0,0
archive-18117,George Radachowsky,DB,NYJ,1987,0.0,0,0
archive-18117,George Radachowsky,DB,NYJ,1988,1.5,0,0
archive-18117,George Radachowsky,S,NYJ,1989,0.0,0,0
archive-18118,John Rade,LB,ATL,1983,1.5,0,0
archive-18118,John Rade,LB,ATL,1984,0.0,0,0
archive-18118,John Rade,LB,ATL,1985,5.0,0,0
archive-18118,John Rade,LB,ATL,1986,1.0,0,0
archive-18118,John Rade,LB,ATL,1987,1.0,0,0
archive-18118,John Rade,LB,ATL,1988,2.0,0,0
archive-18118,John Rade,LB,ATL,1989,0.0,0,0
archive-18118,John Rade,LB,ATL,1990,0.0,0,0
archive-18118,John Rade,LB,ATL,1991,0.0,0,0
archive-18120,Scott Radecic,LB,KC,1984,0.0,0,0
archive-18120,Scott Radecic,LB,KC,1985,3.0,0,0
archive-18120,Scott Radecic,LB,KC,1986,1.0,0,0
archive-18120,Scott Radecic,LB,BUF,1987,0.0,0,0
archive-18120,Scott Radecic,LB,BUF,1988,1.5,0,0
archive-18120,Scott Radecic,LB,BUF,1989,2.0,0,0
archive-18120,Scott Radecic,LB,IND,1990,0.0,0,0
archive-18120,Scott Radecic,LB,IND,1991,0.0,0,0
archive-18120,Scott Radecic,LB,IND,1992,0.0,0,0
archive-18120,Scott Radecic,LB,IND,1993,0.0,0,0
archive-18120,Scott Radecic,LB,IND,1994,0.0,0.0,0.0
archive-18120,Scott Radecic,LB,IND,1995,0.0,0.0,0.0
archive-18154,Dan Rains,LB,CHI,1982,0.0,0,0
archive-18154,Dan Rains,LB,CHI,1983,0.0,0,0
archive-18154,Dan Rains,LB,CHI,1984,0.0,0,0
archive-18154,Dan Rains,LB,CHI,1986,0.0,0,0
archive-18161,Dan Ralph,DT,ARI,1984,0.0,0,0
archive-18165,Jim Ramey,DE,TB,1987,0.0,0,0
archive-18174,Greg Ramsey,DE,SEA,1987,0.0,0,0
archive-18193,Ervin Randle ,LB,TB,1985,1.0,0,0
archive-18193,Ervin Randle ,LB,TB,1986,0.5,0,0
archive-18193,Ervin Randle ,LB,TB,1987,0.0,0,0
archive-18193,Ervin Randle ,LB,TB,1988,0.0,0,0
archive-18193,Ervin Randle ,LB,TB,1989,1.0,0,0
archive-18193,Ervin Randle ,LB,TB,1990,5.5,0,0
archive-18193,Ervin Randle ,LB,KC,1991,0.0,0,0
archive-18193,Ervin Randle ,LB,KC,1992,0.0,0,0
archive-18194,John Randle ,DT,MIN,1990,1.0,0,0
archive-18194,John Randle ,DT,MIN,1991,9.5,0,0
archive-18194,John Randle ,DT,MIN,1992,11.5,0,0
archive-18194,John Randle ,DT,MIN,1993,12.5,0,0
archive-18194,John Randle ,DT,MIN,1994,13.5,0.0,0.0
archive-18194,John Randle ,DT,MIN,1995,10.5,0.0,0.0
archive-18194,John Randle ,DT,MIN,1996,11.5,0.0,0.0
archive-18194,John Randle ,DT,MIN,1997,16.5,0.0,0.0
archive-18194,John Randle ,DT,MIN,1998,10.5,0.0,0.0
archive-18198,Tate Randle ,DB,TEN,1982,0.0,0,0
archive-18198,Tate Randle ,DB,IND,1983,0.0,0,0
archive-18198,Tate Randle ,DB,TEN,1983,0.0,0,0
archive-18198,Tate Randle ,DB,IND,1984,0.0,0,0
archive-18198,Tate Randle ,DB,IND,1985,0.0,0,0
archive-18198,Tate Randle ,DB,IND,1986,0.0,0,0
archive-18198,Tate Randle ,DB,MIA,1987,0.0,0,0
archive-18204,Thomas Randolph,CB,NYG,1994,0.0,0.0,1.0
archive-18204,Thomas Randolph,CB,NYG,1995,0.0,0.0,2.0
archive-18204,Thomas Randolph,DB,NYG,1996,0.0,0.0,0.0
archive-18204,Thomas Randolph,CB,NYG,1997,0.0,0.0,1.0
archive-18204,Thomas Randolph,DB,SEA,1997,0.0,0.0,0.0
archive-18204,Thomas Randolph,DB,CIN,1998,0.0,0.0,1.0
archive-18209,Derrick Ransom,DT,KC,1998,0.0,0.0,0.0
archive-18217,Lou Rash,DB,PHI,1984,0.0,0,0
archive-18217,Lou Rash,DB,GB,1987,0.0,0,0
archive-18234,Brian Ratigan,LB,IND,1994,0.0,0.0,0.0
archive-18246,Eric Ravotti,LB,PIT,1994,0.0,0.0,0.0
archive-18246,Eric Ravotti,LB,PIT,1995,0.0,0.0,0.0
archive-18246,Eric Ravotti,LB,BUF,1996,0.0,0.0,0.0
archive-18246,Eric Ravotti,LB,NYJ,1996,0.0,0.0,0.0
archive-18246,Eric Ravotti,LB,PIT,1996,2.0,0.0,0.0
archive-18250,Darrol Ray,FS,NYJ,1982,0.0,0,0
archive-18250,Darrol Ray,FS,NYJ,1983,0.0,0,0
archive-18250,Darrol Ray,FS,NYJ,1984,0.0,0,0
archive-18257,Terry Ray,DB,ATL,1992,0.0,0,0
archive-18257,Terry Ray,DB,NE,1993,0.0,0,0
archive-18257,Terry Ray,DB,NE,1994,0.0,0.0,1.0
archive-18257,Terry Ray,S,NE,1995,0.0,0.0,1.0
archive-18257,Terry Ray,DB,BUF,1996,0.0,0.0,0.0
archive-18257,Terry Ray,S,NE,1996,1.0,0.0,1.0
archive-18259,Israel Raybon,DE,PIT,1996,1.0,0.0,0.0
archive-18259,Israel Raybon,DE,CAR,1997,0.5,0.0,0.0
archive-18267,Corey Raymond,DB,NYG,1992,1.0,0,0
archive-18267,Corey Raymond,CB,NYG,1993,0.0,0,0
archive-18267,Corey Raymond,CB,NYG,1994,0.0,0.0,1.0
archive-18267,Corey Raymond,CB,DET,1995,2.0,0.0,6.0
archive-18267,Corey Raymond,CB,DET,1996,0.0,0.0,1.0
archive-18267,Corey Raymond,CB,DET,1997,0.0,0.0,1.0
archive-18271,Rick Razzano,LB,CIN,1982,0.0,0,0
archive-18271,Rick Razzano,LB,CIN,1983,0.0,0,0
archive-18271,Rick Razzano,LB,CIN,1984,0.0,0,0
archive-18277,Ike Readon,NT,MIA,1987,2.0,0,0
archive-18285,Gary Reasons,LB,NYG,1984,1.0,0,0
archive-18285,Gary Reasons,LB,NYG,1985,0.5,0,0
archive-18285,Gary Reasons,LB,NYG,1986,1.0,0,0
archive-18285,Gary Reasons,LB,NYG,1987,1.0,0,0
archive-18285,Gary Reasons,LB,NYG,1988,0.0,0,0
archive-18285,Gary Reasons,LB,NYG,1989,1.0,0,0
archive-18285,Gary Reasons,LB,NYG,1990,0.0,0,0
archive-18285,Gary Reasons,LB,NYG,1991,0.0,0,0
archive-18285,Gary Reasons,LB,CIN,1992,0.0,0,0
archive-18298,Glen Redd,LB,NO,1983,0.0,0,0
archive-18298,Glen Redd,LB,NO,1984,0.0,0,0
archive-18298,Glen Redd,LB,NO,1985,1.0,0,0
archive-18298,Glen Redd,LB,IND,1986,0.0,0,0
archive-18298,Glen Redd,LB,NO,1986,0.0,0,0
archive-18323,Beasley Reece,FS,NYG,1982,0.0,0,0
archive-18323,Beasley Reece,FS,NYG,1983,0.0,0,0
archive-18323,Beasley Reece,FS,TB,1983,0.0,0,0
archive-18323,Beasley Reece,S,TB,1984,0.0,0,0
archive-18327,John Reece,CB,LAR,1995,0.0,0.0,0.0
archive-18332,Ben Reed,DE,NE,1987,0.0,0,0
archive-18339,Doug Reed,DE,LAR,1984,1.0,0,0
archive-18339,Doug Reed,DE,LAR,1985,9.0,0,0
archive-18339,Doug Reed,DE,LAR,1986,6.5,0,0
archive-18339,Doug Reed,DE,LAR,1987,2.0,0,0
archive-18339,Doug Reed,DE,LAR,1988,1.0,0,0
archive-18339,Doug Reed,DE,LAR,1989,3.0,0,0
archive-18339,Doug Reed,DE,LAR,1990,2.0,0,0
archive-18357,Michael Reed,DB,CAR,1995,0.0,0.0,0.0
archive-18357,Michael Reed,DB,CAR,1996,0.0,0.0,0.0
archive-18371,Albert Reese,DT,SF,1997,0.0,0.0,0.0
archive-18373,Archie Reese,DE,LV,1982,1.0,0,0
archive-18373,Archie Reese,DE,LV,1983,4.0,0,0
archive-18374,Booker Reese,DE,TB,1982,1.0,0,0
archive-18374,Booker Reese,DE,TB,1983,1.0,0,0
archive-18374,Booker Reese,DE,LAR,1984,0.0,0,0
archive-18374,Booker Reese,DE,TB,1984,0.0,0,0
archive-18374,Booker Reese,DE,LAR,1985,0.0,0,0
archive-18379,Ike Reese,LB,PHI,1998,0.0,0.0,0.0
archive-18380,Izell Reese,DB,DAL,1998,0.0,0.0,1.0
archive-18382,Jerry Reese,DE,PIT,1988,1.0,0,0
archive-18390,Carl Reeves,DE,CHI,1996,0.0,0.0,0.0
archive-18390,Carl Reeves,DE,CHI,1997,0.5,0.0,0.0
archive-18390,Carl Reeves,DE,CHI,1998,1.0,0.0,0.0
archive-18405,Moses Regular,LB,NYG,1996,0.0,0.0,0.0
archive-18406,Steve Rehage,DB,NYG,1987,0.0,0,0
archive-18413,Mike Reichenbach,LB,PHI,1984,0.0,0,0
archive-18413,Mike Reichenbach,LB,PHI,1985,0.0,0,0
archive-18413,Mike Reichenbach,LB,PHI,1986,0.0,0,0
archive-18413,Mike Reichenbach,LB,PHI,1987,1.0,0,0
archive-18413,Mike Reichenbach,LB,PHI,1988,1.0,0,0
archive-18413,Mike Reichenbach,LB,PHI,1989,0.0,0,0
archive-18413,Mike Reichenbach,LB,MIA,1990,0.0,0,0
archive-18413,Mike Reichenbach,LB,MIA,1991,0.0,0,0
archive-18430,Michael Reid,LB,ATL,1987,0.0,0,0
archive-18430,Michael Reid,LB,ATL,1988,0.0,0,0
archive-18430,Michael Reid,LB,ATL,1989,1.0,0,0
archive-18430,Michael Reid,LB,ATL,1990,3.0,0,0
archive-18430,Michael Reid,LB,ATL,1991,0.0,0,0
archive-18430,Michael Reid,LB,ATL,1992,0.0,0,0
archive-18432,Mike Reid,DB,PHI,1993,0.0,0,0
archive-18432,Mike Reid,SAF,PHI,1994,0.0,0.0,0.0
archive-18433,Spencer Reid,LB,CAR,1998,0.0,0.0,0.0
archive-18442,Mike Reilly,LB,LAR,1982,0.0,0,0
archive-18445,Mike Reinfeldt,FS,TEN,1982,0.0,0,0
archive-18445,Mike Reinfeldt,FS,TEN,1983,0.0,0,0
archive-18448,Jeff Reinke,DE,CIN,1987,0.0,0,0
archive-18457,Johnny Rembert,LB,NE,1983,2.0,0,0
archive-18457,Johnny Rembert,LB,NE,1984,0.5,0,0
archive-18457,Johnny Rembert,LB,NE,1985,0.0,0,0
archive-18457,Johnny Rembert,LB,NE,1986,4.0,0,0
archive-18457,Johnny Rembert,LB,NE,1987,2.0,0,0
archive-18457,Johnny Rembert,LB,NE,1988,3.0,0,0
archive-18457,Johnny Rembert,LB,NE,1989,2.5,0,0
archive-18457,Johnny Rembert,LB,NE,1990,1.0,0,0
archive-18457,Johnny Rembert,LB,NE,1991,0.0,0,0
archive-18457,Johnny Rembert,LB,NE,1992,1.0,0,0
archive-18462,Roger Remo,LB,IND,1987,0.0,0,0
archive-18467,Leonard Renfro,DT,PHI,1993,0.0,0,0
archive-18467,Leonard Renfro,DT,PHI,1994,0.0,0.0,0.0
archive-18509,Ed Reynolds,LB,NE,1983,0.0,0,0
archive-18509,Ed Reynolds,LB,NE,1984,0.0,0,0
archive-18509,Ed Reynolds,LB,NE,1985,0.0,0,0
archive-18509,Ed Reynolds,LB,NE,1986,1.0,0,0
archive-18509,Ed Reynolds,LB,NE,1987,2.0,0,0
archive-18509,Ed Reynolds,LB,NE,1988,0.0,0,0
archive-18509,Ed Reynolds,LB,NE,1989,0.0,0,0
archive-18509,Ed Reynolds,LB,NE,1990,1.0,0,0
archive-18509,Ed Reynolds,LB,NE,1991,0.0,0,0
archive-18509,Ed Reynolds,LB,NYG,1992,0.0,0,0
archive-18513,Jack Reynolds,LB,SF,1982,0.0,0,0
archive-18513,Jack Reynolds,LB,SF,1983,1.0,0,0
archive-18513,Jack Reynolds,LB,SF,1984,0.0,0,0
archive-18526,Ricky Reynolds,DB,TB,1987,0.0,0,0
archive-18526,Ricky Reynolds,CB,TB,1988,0.0,0,0
archive-18526,Ricky Reynolds,DB,TB,1989,0.0,0,0
archive-18526,Ricky Reynolds,CB,TB,1990,0.0,0,0
archive-18526,Ricky Reynolds,CB,TB,1991,1.0,0,0
archive-18526,Ricky Reynolds,CB,TB,1992,1.0,0,0
archive-18526,Ricky Reynolds,CB,TB,1993,1.0,0,0
archive-18526,Ricky Reynolds,CB,NE,1994,2.0,0.0,1.0
archive-18526,Ricky Reynolds,CB,NE,1995,2.5,0.0,3.0
archive-18526,Ricky Reynolds,DB,BUF,1996,0.0,0.0,0.0
archive-18526,Ricky Reynolds,CB,NE,1996,0.0,0.0,2.0
archive-18532,Leonta Rheams,DT,NE,1998,0.0,0.0,0.0
archive-18547,Earnest Rhone,LB,MIA,1982,3.0,0,0
archive-18547,Earnest Rhone,LB,MIA,1983,3.0,0,0
archive-18547,Earnest Rhone,LB,MIA,1984,1.0,0,0
archive-18568,Rodney Rice,DB,NE,1989,0.0,0,0
archive-18568,Rodney Rice,CB,TB,1990,0.0,0,0
archive-18569,Ron Rice,DB,DET,1996,0.0,0.0,0.0
archive-18569,Ron Rice,S,DET,1997,1.0,0.0,2.0
archive-18569,Ron Rice,S,DET,1998,3.5,0.0,3.0
archive-18571,Simeon Rice,DE,ARI,1996,12.5,0.0,0.0
archive-18571,Simeon Rice,DE,ARI,1997,5.0,0.0,1.0
archive-18571,Simeon Rice,DE,DET,1997,0.0,0.0,0.0
archive-18571,Simeon Rice,DE,ARI,1998,10.0,0.0,0.0
archive-18574,Gary Richard,DB,GB,1988,0.0,0,0
archive-18578,Stanley Richard,DB,LAC,1991,0.0,0,0
archive-18578,Stanley Richard,DB,LAC,1992,0.0,0,0
archive-18578,Stanley Richard,DB,LAC,1993,2.0,0,0
archive-18578,Stanley Richard,DB,LAC,1994,0.0,0.0,4.0
archive-18578,Stanley Richard,FS,WAS,1995,0.0,0.0,3.0
archive-18578,Stanley Richard,FS,WAS,1996,0.0,0.0,3.0
archive-18578,Stanley Richard,DB,LAC,1997,0.0,0.0,0.0
archive-18578,Stanley Richard,FS,WAS,1997,0.0,0.0,4.0
archive-18578,Stanley Richard,FS,WAS,1998,0.0,0.0,1.0
archive-18593,Al Richardson ,LB,ATL,1982,2.0,0,0
archive-18593,Al Richardson ,LB,ATL,1983,0.0,0,0
archive-18593,Al Richardson ,LB,ATL,1984,3.5,0,0
archive-18593,Al Richardson ,LB,ATL,1985,3.5,0,0
archive-18598,C.J. Richardson ,DB,ARI,1995,0.0,0.0,0.0
archive-18598,C.J. Richardson ,DB,NYJ,1997,0.0,0.0,0.0
archive-18598,C.J. Richardson ,DB,SEA,1997,0.0,0.0,0.0
archive-18601,Damien Richardson ,DB,CAR,1998,0.0,0.0,0.0
archive-18609,Huey Richardson ,LB,PIT,1991,0.0,0,0
archive-18609,Huey Richardson ,LB,NYJ,1992,0.0,0,0
archive-18609,Huey Richardson ,LB,WAS,1992,0.0,0,0
archive-18618,Mike Richardson ,DB,CHI,1983,0.0,0,0
archive-18618,Mike Richardson ,DB,CHI,1984,0.0,0,0
archive-18618,Mike Richardson ,DB,CHI,1985,0.0,0,0
archive-18618,Mike Richardson ,DB,CHI,1986,0.0,0,0
archive-18618,Mike Richardson ,DB,CHI,1987,0.0,0,0
archive-18618,Mike Richardson ,DB,CHI,1988,0.0,0,0
archive-18618,Mike Richardson ,DB,SF,1989,0.0,0,0
archive-18623,Reggie Richardson ,DB,LAR,1987,0.0,0,0
archive-18638,David Richie,NT,DEN,1997,0.5,0.0,0.0
archive-18638,David Richie,NT,SF,1998,0.0,0.0,0.0
archive-18641,Rock Richmond,DB,PIT,1987,0.0,0,0
archive-18651,Louis Riddick,DB,ATL,1992,1.0,0,0
archive-18651,Louis Riddick,DB,CLE,1993,0.0,0,0
archive-18651,Louis Riddick,DB,CLE,1994,0.0,0.0,1.0
archive-18651,Louis Riddick,SAF,CLE,1995,0.0,0.0,0.0
archive-18651,Louis Riddick,DB,ATL,1996,1.0,0.0,0.0
archive-18651,Louis Riddick,DB,LV,1998,0.0,0.0,0.0
archive-18660,Elston Ridgle,DE,SF,1987,0.0,0,0
archive-18660,Elston Ridgle,DE,BUF,1989,0.0,0,0
archive-18660,Elston Ridgle,DE,SEA,1989,0.0,0,0
archive-18660,Elston Ridgle,DE,ARI,1990,0.0,0,0
archive-18660,Elston Ridgle,DE,CIN,1992,3.0,0,0
archive-18675,Charles Riggins,DE,TB,1987,2.0,0,0
archive-18684,Avon Riley,LB,TEN,1982,1.5,0,0
archive-18684,Avon Riley,LB,TEN,1983,0.5,0,0
archive-18684,Avon Riley,LB,TEN,1984,2.5,0,0
archive-18684,Avon Riley,LB,TEN,1985,2.0,0,0
archive-18684,Avon Riley,LB,TEN,1986,0.0,0,0
archive-18684,Avon Riley,LB,PIT,1987,0.0,0,0
archive-18688,Cameron Riley,DB,PIT,1987,0.0,0,0
archive-18698,Ken Riley,CB,CIN,1982,0.0,0,0
archive-18698,Ken Riley,CB,CIN,1983,0.0,0,0
archive-18701,Pat Riley,DE,CHI,1995,0.0,0.0,0.0
archive-18732,Gabe Rivera ,NT,PIT,1983,2.0,0,0
archive-18737,Ron Rivera ,LB,CHI,1984,0.0,0,0
archive-18737,Ron Rivera ,LB,CHI,1985,0.5,0,0
archive-18737,Ron Rivera ,LB,CHI,1986,1.0,0,0
archive-18737,Ron Rivera ,LB,CHI,1987,1.0,0,0
archive-18737,Ron Rivera ,LB,CHI,1988,3.0,0,0
archive-18737,Ron Rivera ,LB,CHI,1989,2.0,0,0
archive-18737,Ron Rivera ,LB,CHI,1990,0.0,0,0
archive-18737,Ron Rivera ,LB,CHI,1991,0.0,0,0
archive-18737,Ron Rivera ,LB,CHI,1992,1.0,0,0
archive-18739,Garland Rivers,DB,CHI,1987,0.0,0,0
archive-18765,Austin Robbins ,DT,LV,1994,0.0,0.0,0.0
archive-18765,Austin Robbins ,DT,LV,1995,2.0,0.0,0.0
archive-18765,Austin Robbins ,DT,NO,1996,1.0,0.0,0.0
archive-18765,Austin Robbins ,DT,NO,1997,0.0,0.0,0.0
archive-18765,Austin Robbins ,DT,NO,1998,1.0,0.0,0.0
archive-18770,Randy Robbins ,DB,DEN,1984,1.0,0,0
archive-18770,Randy Robbins ,DB,DEN,1985,0.0,0,0
archive-18770,Randy Robbins ,DB,DEN,1986,4.0,0,0
archive-18770,Randy Robbins ,DB,DEN,1987,1.0,0,0
archive-18770,Randy Robbins ,DB,DEN,1988,2.0,0,0
archive-18770,Randy Robbins ,DB,DEN,1989,0.0,0,0
archive-18770,Randy Robbins ,DB,DEN,1990,0.0,0,0
archive-18770,Randy Robbins ,DB,DEN,1991,0.0,0,0
archive-18770,Randy Robbins ,DB,NE,1992,0.0,0,0
archive-18776,James Roberson,DE,CIN,1996,0.0,0.0,0.0
archive-18776,James Roberson,DE,DAL,1996,0.0,0.0,0.0
archive-18776,James Roberson,DE,TEN,1996,3.0,0.0,0.0
archive-18776,James Roberson,DE,BUF,1997,0.0,0.0,0.0
archive-18776,James Roberson,DE,MIA,1997,0.0,0.0,0.0
archive-18776,James Roberson,DE,TEN,1997,2.0,0.0,0.0
archive-18776,James Roberson,DE,TEN,1998,0.0,0.0,0.0
archive-18797,Larry Roberts ,DE,SF,1986,5.5,0,0
archive-18797,Larry Roberts ,DE,SF,1987,2.5,0,0
archive-18797,Larry Roberts ,DE,SF,1988,8.5,0,0
archive-18797,Larry Roberts ,DE,SF,1989,5.5,0,0
archive-18797,Larry Roberts ,DE,SF,1990,1.0,0,0
archive-18797,Larry Roberts ,DE,SF,1991,7.0,0,0
archive-18797,Larry Roberts ,DE,SF,1992,1.0,0,0
archive-18797,Larry Roberts ,DE,SF,1993,1.5,0,0
archive-18804,Tim Roberts,DE,TEN,1992,0.0,0,0
archive-18804,Tim Roberts,DE,TEN,1993,0.0,0,0
archive-18804,Tim Roberts,DE,TEN,1994,0.0,0.0,0.0
archive-18804,Tim Roberts,DE,NE,1995,1.0,0.0,0.0
archive-18817,Isiah Robertson,LB,BUF,1982,0.0,0,0
archive-18820,Marcus Robertson,DB,TEN,1991,1.0,0,0
archive-18820,Marcus Robertson,FS,TEN,1992,0.0,0,0
archive-18820,Marcus Robertson,FS,TEN,1993,0.0,0,0
archive-18820,Marcus Robertson,FS,TEN,1994,0.0,0.0,3.0
archive-18820,Marcus Robertson,SAF,TEN,1995,0.0,0.0,0.0
archive-18820,Marcus Robertson,DB,CIN,1996,0.0,0.0,0.0
archive-18820,Marcus Robertson,DB,DAL,1996,0.0,0.0,0.0
archive-18820,Marcus Robertson,FS,TEN,1996,0.0,0.0,4.0
archive-18820,Marcus Robertson,FS,TEN,1997,0.0,0.0,5.0
archive-18820,Marcus Robertson,FS,TEN,1998,0.0,0.0,1.0
archive-18835,Billy Robinson,DB,CLE,1987,0.0,0,0
archive-18837,Bryan Robinson ,DT,LAR,1997,1.0,0.0,0.0
archive-18837,Bryan Robinson ,DT,CHI,1998,0.5,0.0,0.0
archive-18842,Damien Robinson,DB,TB,1998,0.0,0.0,0.0
archive-18844,DeJuan Robinson,DB,CLE,1987,0.0,0,0
archive-18852,Ed Robinson,LB,PIT,1994,0.0,0.0,0.0
archive-18853,Eddie Robinson,LB,TEN,1992,1.0,0,0
archive-18853,Eddie Robinson,LB,TEN,1993,1.0,0,0
archive-18853,Eddie Robinson,LB,TEN,1994,0.0,0.0,0.0
archive-18853,Eddie Robinson,LB,TEN,1995,3.5,0.0,1.0
archive-18853,Eddie Robinson,LB,JAX,1996,2.5,0.0,0.0
archive-18853,Eddie Robinson,LB,MIA,1996,0.0,0.0,0.0
archive-18853,Eddie Robinson,LB,NE,1996,0.0,0.0,0.0
archive-18853,Eddie Robinson,LB,JAX,1997,2.0,0.0,1.0
archive-18853,Eddie Robinson,LB,MIA,1997,0.0,0.0,0.0
archive-18853,Eddie Robinson,LB,NE,1997,0.0,0.0,0.0
archive-18853,Eddie Robinson,LB,TEN,1998,3.5,0.0,1.0
archive-18855,Eugene Robinson ,DB,SEA,1985,0.0,0,0
archive-18855,Eugene Robinson ,DB,SEA,1986,0.0,0,0
archive-18855,Eugene Robinson ,DB,SEA,1987,0.0,0,0
archive-18855,Eugene Robinson ,DB,SEA,1988,1.0,0,0
archive-18855,Eugene Robinson ,DB,SEA,1989,0.0,0,0
archive-18855,Eugene Robinson ,DB,SEA,1990,0.0,0,0
archive-18855,Eugene Robinson ,DB,SEA,1991,1.0,0,0
archive-18855,Eugene Robinson ,DB,SEA,1992,0.0,0,0
archive-18855,Eugene Robinson ,DB,SEA,1993,2.0,0,0
archive-18855,Eugene Robinson ,DB,SEA,1994,1.0,0.0,3.0
archive-18855,Eugene Robinson ,DB,SEA,1995,0.0,0.0,1.0
archive-18855,Eugene Robinson ,DB,GB,1996,0.0,0.0,8.0
archive-18855,Eugene Robinson ,DB,GB,1997,2.5,0.0,3.0
archive-18855,Eugene Robinson ,DB,ATL,1998,0.0,0.0,5.0
archive-18856,Frank Robinson,DB,CIN,1992,0.0,0,0
archive-18856,Frank Robinson,DB,DEN,1992,0.0,0,0
archive-18856,Frank Robinson,DB,DEN,1993,0.0,0,0
archive-18858,Fred Robinson,LB,LAC,1984,4.5,0,0
archive-18858,Fred Robinson,LB,LAC,1985,7.0,0,0
archive-18858,Fred Robinson,LB,LAC,1986,1.0,0,0
archive-18858,Fred Robinson,LB,MIA,1986,2.0,0,0
archive-18859,Freddie Robinson,DB,IND,1987,0.0,0,0
archive-18859,Freddie Robinson,S,IND,1988,0.0,0,0
archive-18860,Gerald Robinson,DE,MIN,1986,3.5,0,0
archive-18860,Gerald Robinson,DE,MIN,1987,0.0,0,0
archive-18860,Gerald Robinson,DE,LAC,1989,0.0,0,0
archive-18860,Gerald Robinson,DE,LAC,1990,2.0,0,0
archive-18860,Gerald Robinson,DE,LAR,1991,3.0,0,0
archive-18860,Gerald Robinson,DE,LAR,1992,5.0,0,0
archive-18860,Gerald Robinson,DE,LAR,1993,3.0,0,0
archive-18860,Gerald Robinson,DE,LAR,1994,2.5,0.0,0.0
archive-18872,Jeroy Robinson,LB,ARI,1990,0.0,0,0
archive-18872,Jeroy Robinson,LB,DEN,1990,0.0,0,0
archive-18874,Jerry Robinson,LB,PHI,1982,1.0,0,0
archive-18874,Jerry Robinson,LB,PHI,1983,1.0,0,0
archive-18874,Jerry Robinson,LB,PHI,1984,1.0,0,0
archive-18874,Jerry Robinson,LB,LV,1985,0.0,0,0
archive-18874,Jerry Robinson,LB,LV,1986,2.0,0,0
archive-18874,Jerry Robinson,LB,LV,1987,4.5,0,0
archive-18874,Jerry Robinson,LB,LV,1988,2.0,0,0
archive-18874,Jerry Robinson,LB,LV,1989,0.5,0,0
archive-18874,Jerry Robinson,LB,LV,1990,2.0,0,0
archive-18874,Jerry Robinson,LB,LV,1991,0.0,0,0
archive-18878,Johnny Robinson,NT,LV,1982,2.0,0,0
archive-18878,Johnny Robinson,NT,LV,1983,0.0,0,0
archive-18881,Junior Robinson,DB,NE,1990,0.0,0,0
archive-18881,Junior Robinson,DB,DET,1992,0.0,0,0
archive-18887,Larry Robinson,DB,NYJ,1987,0.0,0,0
archive-18891,Lybrant Robinson,DE,WAS,1989,0.0,0,0
archive-18893,Mark Robinson,DB,KC,1984,0.0,0,0
archive-18893,Mark Robinson,DB,KC,1985,2.0,0,0
archive-18893,Mark Robinson,DB,KC,1986,0.0,0,0
archive-18893,Mark Robinson,DB,KC,1987,0.0,0,0
archive-18893,Mark Robinson,S,TB,1988,0.0,0,0
archive-18893,Mark Robinson,DB,TB,1989,2.5,0,0
archive-18893,Mark Robinson,S,TB,1990,0.0,0,0
archive-18896,Mike Robinson,DE,CLE,1982,4.0,0,0
archive-18897,Mike Robinson,CB,GB,1996,0.0,0.0,0.0
archive-18901,Rafael Robinson,DB,SEA,1992,0.0,0,0
archive-18901,Rafael Robinson,DB,SEA,1993,1.5,0,0
archive-18901,Rafael Robinson,DB,SEA,1994,0.0,0.0,1.0
archive-18901,Rafael Robinson,SAF,SEA,1995,0.0,0.0,0.0
archive-18901,Rafael Robinson,DB,CIN,1996,0.0,0.0,0.0
archive-18901,Rafael Robinson,DB,DAL,1996,0.0,0.0,0.0
archive-18901,Rafael Robinson,DB,TEN,1996,0.0,0.0,1.0
archive-18901,Rafael Robinson,DB,BUF,1997,0.0,0.0,0.0
archive-18901,Rafael Robinson,DB,TEN,1997,0.0,0.0,0.0
archive-18907,Shelton Robinson,LB,SEA,1982,0.0,0,0
archive-18907,Shelton Robinson,LB,SEA,1983,1.5,0,0
archive-18907,Shelton Robinson,LB,SEA,1984,0.5,0,0
archive-18907,Shelton Robinson,LB,SEA,1985,0.0,0,0
archive-18907,Shelton Robinson,LB,DET,1986,0.5,0,0
archive-18907,Shelton Robinson,LB,DET,1987,0.0,0,0
archive-18907,Shelton Robinson,LB,DET,1988,0.0,0,0
archive-18923,Tommy Robison,LB,GB,1987,0.0,0,0
archive-18923,Tommy Robison,LB,ATL,1989,0.0,0,0
archive-18940,David Rocker,DT,LAR,1991,0.0,0,0
archive-18940,David Rocker,DT,LAR,1992,0.0,0,0
archive-18940,David Rocker,DT,LAR,1993,1.0,0,0
archive-18940,David Rocker,DT,LAR,1994,0.5,0.0,0.0
archive-18941,Tracy Rocker,DT,WAS,1989,0.0,0,0
archive-18941,Tracy Rocker,DT,WAS,1990,3.0,0,0
archive-18942,Jim Rockford,DB,LAC,1985,0.0,0,0
archive-18943,Chris Rockins,FS,CLE,1984,0.0,0,0
archive-18943,Chris Rockins,DB,CLE,1985,0.5,0,0
archive-18943,Chris Rockins,DB,CLE,1986,0.0,0,0
archive-18943,Chris Rockins,DB,CLE,1987,0.0,0,0
archive-18953,Derrick Rodgers ,LB,MIA,1997,5.0,0.0,0.0
archive-18953,Derrick Rodgers ,LB,MIA,1998,3.0,0.0,0.0
archive-18961,Tyrone Rodgers ,DT,SEA,1992,0.0,0,0
archive-18961,Tyrone Rodgers ,DT,SEA,1993,1.0,0,0
archive-18961,Tyrone Rodgers ,DT,SEA,1994,0.0,0.0,0.0
archive-18967,Mike Rodriguez,LB,LV,1987,0.0,0,0
archive-18969,Bill Roe,LB,NO,1987,0.0,0,0
archive-18992,Don Rogers,FS,CLE,1984,0.0,0,0
archive-18992,Don Rogers,FS,CLE,1985,0.0,0,0
archive-18993,Doug Rogers,DE,ATL,1982,2.0,0,0
archive-18993,Doug Rogers,DE,ATL,1983,0.0,0,0
archive-18993,Doug Rogers,DE,NE,1983,0.5,0,0
archive-18993,Doug Rogers,DE,NE,1984,2.0,0,0
archive-18993,Doug Rogers,DE,SF,1986,0.0,0,0
archive-18996,Glenn Rogers,DB,TB,1991,0.0,0,0
archive-19004,Lamar Rogers,DE,CIN,1991,0.0,0,0
archive-19004,Lamar Rogers,DE,CIN,1992,4.0,0,0
archive-19007,Reggie Rogers,DE,DET,1987,0.0,0,0
archive-19007,Reggie Rogers,DE,DET,1988,1.0,0,0
archive-19007,Reggie Rogers,DE,BUF,1991,1.0,0,0
archive-19007,Reggie Rogers,DE,TB,1992,0.0,0,0
archive-19009,Sam Rogers,LB,BUF,1994,0.0,0.0,0.0
archive-19009,Sam Rogers,LB,BUF,1995,2.0,0.0,0.0
archive-19009,Sam Rogers,LB,BUF,1996,3.5,0.0,0.0
archive-19009,Sam Rogers,LB,BUF,1997,3.5,0.0,0.0
archive-19009,Sam Rogers,LB,BUF,1998,4.5,0.0,0.0
archive-19015,Tracy Rogers,LB,KC,1990,0.0,0,0
archive-19015,Tracy Rogers,LB,KC,1991,0.0,0,0
archive-19015,Tracy Rogers,LB,KC,1992,0.0,0,0
archive-19015,Tracy Rogers,LB,KC,1993,0.0,0,0
archive-19015,Tracy Rogers,LB,KC,1994,0.0,0.0,0.0
archive-19015,Tracy Rogers,LB,KC,1995,0.0,0.0,0.0
archive-19015,Tracy Rogers,LB,KC,1996,0.0,0.0,0.0
archive-19023,Jeff Rohrer,LB,DAL,1982,0.0,0,0
archive-19023,Jeff Rohrer,LB,DAL,1983,0.0,0,0
archive-19023,Jeff Rohrer,LB,DAL,1984,0.0,0,0
archive-19023,Jeff Rohrer,LB,DAL,1985,1.5,0,0
archive-19023,Jeff Rohrer,LB,DAL,1986,2.0,0,0
archive-19023,Jeff Rohrer,LB,DAL,1987,4.0,0,0
archive-19027,Benji Roland,DE,TB,1990,0.0,0,0
archive-19035,Samari Rolle,CB,TEN,1998,2.0,0.0,0.0
archive-19037,Henry Rolling,LB,TB,1988,1.0,0,0
archive-19037,Henry Rolling,LB,TB,1989,0.0,0,0
archive-19037,Henry Rolling,LB,LAC,1990,3.5,0,0
archive-19037,Henry Rolling,LB,LAC,1991,1.0,0,0
archive-19037,Henry Rolling,LB,LAC,1992,1.0,0,0
archive-19037,Henry Rolling,LB,LAR,1993,0.0,0,0
archive-19037,Henry Rolling,LB,LAR,1994,0.0,0.0,0.0
archive-19046,Bill Romanowski,LB,SF,1988,0.0,0,0
archive-19046,Bill Romanowski,LB,SF,1989,1.0,0,0
archive-19046,Bill Romanowski,LB,SF,1990,1.0,0,0
archive-19046,Bill Romanowski,LB,SF,1991,1.0,0,0
archive-19046,Bill Romanowski,LB,SF,1992,2.0,0,0
archive-19046,Bill Romanowski,LB,SF,1993,3.0,0,0
archive-19046,Bill Romanowski,LB,PHI,1994,2.5,0.0,2.0
archive-19046,Bill Romanowski,LB,PHI,1995,1.0,0.0,2.0
archive-19046,Bill Romanowski,LB,DEN,1996,3.0,0.0,3.0
archive-19046,Bill Romanowski,LB,NE,1996,0.0,0.0,0.0
archive-19046,Bill Romanowski,LB,DEN,1997,2.0,0.0,1.0
archive-19046,Bill Romanowski,LB,DEN,1998,8.5,0.0,3.0
archive-19053,Rich Romer,LB,CIN,1988,0.0,0,0
archive-19053,Rich Romer,LB,CIN,1989,0.0,0,0
archive-19056,Charles Romes,CB,BUF,1982,0.0,0,0
archive-19056,Charles Romes,CB,BUF,1983,0.0,0,0
archive-19056,Charles Romes,CB,BUF,1984,0.0,0,0
archive-19056,Charles Romes,CB,BUF,1985,0.0,0,0
archive-19056,Charles Romes,CB,BUF,1986,0.0,0,0
archive-19056,Charles Romes,DB,LAC,1987,0.0,0,0
archive-19056,Charles Romes,DB,SEA,1987,0.0,0,0
archive-19065,Mark Roopenian,NT,BUF,1982,0.0,0,0
archive-19065,Mark Roopenian,NT,BUF,1983,0.0,0,0
archive-19071,John Roper,LB,CHI,1989,4.5,0,0
archive-19071,John Roper,LB,CHI,1990,1.0,0,0
archive-19071,John Roper,LB,CHI,1991,8.0,0,0
archive-19071,John Roper,LB,CHI,1992,2.5,0,0
archive-19071,John Roper,LB,DAL,1993,2.0,0,0
archive-19071,John Roper,LB,PHI,1993,0.0,0,0
archive-19073,Durwood Roquemore,DB,KC,1982,0.0,0,0
archive-19073,Durwood Roquemore,S,KC,1983,0.0,0,0
archive-19073,Durwood Roquemore,FS,BUF,1987,0.0,0,0
archive-19085,Carlton Rose,LB,WAS,1987,1.0,0,0
archive-19086,Donovan Rose,DB,MIA,1986,0.0,0,0
archive-19086,Donovan Rose,DB,MIA,1987,0.0,0,0
archive-19091,Ken Rose,LB,NYJ,1987,1.5,0,0
archive-19091,Ken Rose,LB,NYJ,1988,5.0,0,0
archive-19091,Ken Rose,LB,NYJ,1989,0.0,0,0
archive-19091,Ken Rose,LB,CLE,1990,0.0,0,0
archive-19091,Ken Rose,LB,PHI,1990,0.0,0,0
archive-19091,Ken Rose,LB,PHI,1991,0.0,0,0
archive-19091,Ken Rose,LB,PHI,1992,0.0,0,0
archive-19091,Ken Rose,LB,PHI,1993,0.0,0,0
archive-19091,Ken Rose,LB,PHI,1994,0.0,0.0,0.0
archive-19105,Ted Rosnagle,DB,MIN,1985,0.0,0,0
archive-19105,Ted Rosnagle,DB,MIN,1987,0.0,0,0
archive-19107,Adrian Ross,LB,CIN,1998,0.0,0.0,1.0
archive-19121,Kevin Ross,CB,KC,1984,0.0,0,0
archive-19121,Kevin Ross,CB,KC,1985,0.0,0,0
archive-19121,Kevin Ross,DB,KC,1986,2.0,0,0
archive-19121,Kevin Ross,DB,KC,1987,1.0,0,0
archive-19121,Kevin Ross,CB,KC,1988,0.0,0,0
archive-19121,Kevin Ross,CB,KC,1989,0.0,0,0
archive-19121,Kevin Ross,CB,KC,1990,0.0,0,0
archive-19121,Kevin Ross,CB,KC,1991,0.0,0,0
archive-19121,Kevin Ross,CB,KC,1992,0.5,0,0
archive-19121,Kevin Ross,FS,KC,1993,0.5,0,0
archive-19121,Kevin Ross,FS,ATL,1994,1.0,0.0,3.0
archive-19121,Kevin Ross,S,ATL,1995,0.0,0.0,3.0
archive-19121,Kevin Ross,DB,LAC,1996,0.0,0.0,2.0
archive-19121,Kevin Ross,DB,KC,1997,0.0,0.0,0.0
archive-19127,Scott Ross,LB,NO,1991,0.0,0,0
archive-19128,Tim Ross,LB,DET,1987,1.0,0,0
archive-19132,Allen Rossum,DB,PHI,1998,1.0,0.0,0.0
archive-19139,Tim Rother,DT,LV,1989,0.0,0,0
archive-19139,Tim Rother,DT,LV,1990,0.0,0,0
archive-19141,Doug Rothschild,LB,CHI,1987,0.0,0,0
archive-19154,Wardell Rouse,LB,TB,1995,0.5,0.0,0.0
archive-19170,Joe Rowe,DB,LAR,1997,0.0,0.0,0.0
archive-19173,Eugene Rowell,DT,CHI,1987,0.0,0,0
archive-19181,Andre Royal,LB,CAR,1995,0.0,0.0,0.0
archive-19181,Andre Royal,LB,CAR,1996,0.0,0.0,0.0
archive-19181,Andre Royal,LB,KC,1996,0.0,0.0,0.0
archive-19181,Andre Royal,LB,CAR,1997,5.0,0.0,0.0
archive-19181,Andre Royal,LB,IND,1998,0.0,0.0,0.0
archive-19183,Ricky Royal,DB,ATL,1990,0.0,0,0
archive-19186,Orpheus Roye,DT,BUF,1996,0.0,0.0,0.0
archive-19186,Orpheus Roye,DT,NYJ,1996,0.0,0.0,0.0
archive-19186,Orpheus Roye,DT,PIT,1996,1.0,0.0,0.0
archive-19186,Orpheus Roye,DT,CIN,1997,0.0,0.0,0.0
archive-19186,Orpheus Roye,DT,NYJ,1997,0.0,0.0,0.0
archive-19186,Orpheus Roye,DT,PIT,1997,1.0,0.0,0.0
archive-19186,Orpheus Roye,DT,PIT,1998,3.5,0.0,0.0
archive-19209,Keith Rucker,DT,ARI,1992,2.0,0,0
archive-19209,Keith Rucker,DT,ARI,1993,0.0,0,0
archive-19209,Keith Rucker,DT,CIN,1994,2.0,0.0,0.0
archive-19209,Keith Rucker,DT,CIN,1995,2.0,0.0,0.0
archive-19209,Keith Rucker,DT,WAS,1997,0.0,0.0,0.0
archive-19213,Dwayne Rudd,LB,MIN,1997,5.0,0.0,0.0
archive-19213,Dwayne Rudd,LB,MIN,1998,2.0,0.0,0.0
archive-19218,Ben Rudolph ,DT,NYJ,1982,2.0,0,0
archive-19218,Ben Rudolph ,DT,NYJ,1983,2.0,0,0
archive-19218,Ben Rudolph ,DT,NYJ,1984,1.5,0,0
archive-19218,Ben Rudolph ,DT,NYJ,1985,0.0,0,0
archive-19218,Ben Rudolph ,DT,NYJ,1986,1.0,0,0
archive-19219,Coleman Rudolph ,DE,NYJ,1993,0.0,0,0
archive-19219,Coleman Rudolph ,DE,NYG,1994,0.0,0.0,0.0
archive-19219,Coleman Rudolph ,DE,NYG,1995,4.0,0.0,0.0
archive-19219,Coleman Rudolph ,DE,NYG,1996,1.0,0.0,0.0
archive-19224,Martin Rudolph ,DB,DEN,1987,0.0,0,0
archive-19232,Guy Ruff,LB,PIT,1982,0.0,0,0
archive-19258,Mike Rusinek,NT,CLE,1987,1.0,0,0
archive-19259,Reggie Rusk,DB,TB,1996,0.0,0.0,0.0
archive-19259,Reggie Rusk,CB,SEA,1997,0.0,0.0,0.0
archive-19259,Reggie Rusk,CB,TB,1997,0.0,0.0,0.0
archive-19261,Bernard Russ,LB,NE,1997,0.0,0.0,0.0
archive-19261,Bernard Russ,LB,NE,1998,0.0,0.0,0.0
archive-19264,Steve Russ,LB,DEN,1997,0.0,0.0,0.0
archive-19273,Damien Russell,DB,SF,1993,0.0,0,0
archive-19274,Darrell Russell,DT,LV,1997,3.5,0.0,0.0
archive-19274,Darrell Russell,DT,LV,1998,10.0,0.0,0.0
archive-19275,Darryl Russell,DB,DEN,1987,0.0,0,0
archive-19285,Matt Russell,LB,DET,1997,0.0,0.0,0.0
archive-19290,Twan Russell,LB,LAC,1997,0.0,0.0,0.0
archive-19290,Twan Russell,LB,WAS,1997,0.0,0.0,0.0
archive-19290,Twan Russell,LB,WAS,1998,0.0,0.0,0.0
archive-19294,Mike Ruth,NT,NE,1986,1.0,0,0
archive-19294,Mike Ruth,NT,NE,1987,0.0,0,0
archive-19299,Craig Rutledge,DB,LAR,1987,0.0,0,0
archive-19314,Jim Ryan,LB,DEN,1982,0.0,0,0
archive-19314,Jim Ryan,LB,DEN,1983,0.0,0,0
archive-19314,Jim Ryan,LB,DEN,1984,4.0,0,0
archive-19314,Jim Ryan,LB,DEN,1985,1.0,0,0
archive-19314,Jim Ryan,LB,DEN,1986,2.0,0,0
archive-19314,Jim Ryan,LB,DEN,1987,1.5,0,0
archive-19314,Jim Ryan,LB,DEN,1988,3.5,0,0
archive-19324,Tim Ryan,DE,CHI,1990,0.0,0,0
archive-19324,Tim Ryan,DE,CHI,1991,1.5,0,0
archive-19324,Tim Ryan,DE,CHI,1992,3.0,0,0
archive-19324,Tim Ryan,DE,CHI,1993,0.0,0,0
archive-19341,Brad Saar,LB,IND,1987,0.0,0,0
archive-19347,Dwayne Sabb,LB,NE,1992,1.0,0,0
archive-19347,Dwayne Sabb,LB,NE,1993,2.0,0,0
archive-19347,Dwayne Sabb,LB,NE,1994,3.5,0.0,2.0
archive-19347,Dwayne Sabb,LB,NE,1995,0.0,0.0,0.0
archive-19347,Dwayne Sabb,LB,BUF,1996,0.0,0.0,0.0
archive-19347,Dwayne Sabb,LB,NE,1996,0.5,0.0,1.0
archive-19350,Frank Sacco,LB,NE,1987,0.0,0,0
archive-19357,Rod Saddler,DT,ARI,1987,3.0,0,0
archive-19357,Rod Saddler,DT,ARI,1988,2.0,0,0
archive-19357,Rod Saddler,DT,ARI,1989,3.5,0,0
archive-19357,Rod Saddler,DT,ARI,1990,4.0,0,0
archive-19357,Rod Saddler,DT,ARI,1991,0.0,0,0
archive-19357,Rod Saddler,DT,CIN,1991,0.0,0,0
archive-19365,Pio Sagapolutele,DT,CLE,1991,1.5,0,0
archive-19365,Pio Sagapolutele,DT,CLE,1992,0.0,0,0
archive-19365,Pio Sagapolutele,DT,CLE,1993,0.0,0,0
archive-19365,Pio Sagapolutele,DT,CLE,1994,0.0,0.0,0.0
archive-19365,Pio Sagapolutele,DT,CLE,1995,0.5,0.0,0.0
archive-19365,Pio Sagapolutele,DT,BUF,1996,0.0,0.0,0.0
archive-19365,Pio Sagapolutele,DT,NE,1996,3.0,0.0,0.0
archive-19365,Pio Sagapolutele,DT,NO,1997,2.0,0.0,0.0
archive-19368,Tony Sagnella,DT,WAS,1987,1.0,0,0
archive-19374,Abdul Salaam ,DT,NYJ,1982,3.5,0,0
archive-19374,Abdul Salaam ,DT,NYJ,1983,0.0,0,0
archive-19380,Joe Salave'a,DT,TEN,1998,1.0,0.0,0.0
archive-19382,Dan Saleaumua,DT,DET,1987,2.0,0,0
archive-19382,Dan Saleaumua,DT,DET,1988,2.0,0,0
archive-19382,Dan Saleaumua,DT,KC,1989,2.0,0,0
archive-19382,Dan Saleaumua,DT,KC,1990,7.0,0,0
archive-19382,Dan Saleaumua,DT,KC,1991,1.5,0,0
archive-19382,Dan Saleaumua,DT,KC,1992,6.0,0,0
archive-19382,Dan Saleaumua,DT,KC,1993,3.5,0,0
archive-19382,Dan Saleaumua,DT,KC,1994,1.0,0.0,0.0
archive-19382,Dan Saleaumua,DT,KC,1995,7.0,0.0,1.0
archive-19382,Dan Saleaumua,DT,KC,1996,0.0,0.0,0.0
archive-19382,Dan Saleaumua,DT,NYJ,1997,0.0,0.0,0.0
archive-19382,Dan Saleaumua,DT,SEA,1997,3.5,0.0,0.0
archive-19382,Dan Saleaumua,DT,SEA,1998,0.0,0.0,0.0
archive-19383,Tarek Saleh,LB,CAR,1997,1.0,0.0,0.0
archive-19383,Tarek Saleh,LB,CAR,1998,0.0,0.0,0.0
archive-19389,Jerome Sally,NT,NYG,1982,1.0,0,0
archive-19389,Jerome Sally,NT,NYG,1983,4.5,0,0
archive-19389,Jerome Sally,NT,NYG,1984,2.0,0,0
archive-19389,Jerome Sally,NT,NYG,1985,7.5,0,0
archive-19389,Jerome Sally,NT,NYG,1986,3.5,0,0
archive-19389,Jerome Sally,NT,IND,1987,1.0,0,0
archive-19389,Jerome Sally,NT,KC,1988,0.0,0,0
archive-19390,Mike Salmon,DB,SF,1997,0.0,0.0,0.0
archive-19391,Brian Salonen,LB,DAL,1984,0.0,0,0
archive-19391,Brian Salonen,LB,DAL,1985,0.0,0,0
archive-19410,Michael Samson,DT,PHI,1996,0.0,0.0,0.0
archive-19426,Lupe Sanchez,DB,PIT,1986,0.0,0,0
archive-19426,Lupe Sanchez,DB,PIT,1987,0.0,0,0
archive-19426,Lupe Sanchez,DB,PIT,1988,0.0,0,0
archive-19435,Mark Sander,LB,MIA,1992,0.0,0,0
archive-19440,Brandon Sanders ,DB,NYG,1997,0.0,0.0,0.0
archive-19440,Brandon Sanders ,DB,SEA,1997,0.0,0.0,0.0
archive-19440,Brandon Sanders ,DB,NYG,1998,0.0,0.0,0.0
archive-19448,Deion Sanders ,DB,ATL,1989,0.0,0,0
archive-19448,Deion Sanders ,DB,ATL,1990,0.0,0,0
archive-19448,Deion Sanders ,DB,ATL,1991,1.0,0,0
archive-19448,Deion Sanders ,DB,ATL,1992,0.0,0,0
archive-19448,Deion Sanders ,DB,ATL,1993,0.0,0,0
archive-19448,Deion Sanders ,DB,SF,1994,0.0,0.0,8.0
archive-19448,Deion Sanders ,DB,DAL,1995,0.0,0.0,3.0
archive-19448,Deion Sanders ,DB,DAL,1996,0.0,0.0,3.0
archive-19448,Deion Sanders ,DB,DAL,1997,0.0,0.0,2.0
archive-19448,Deion Sanders ,DB,DAL,1998,0.0,0.0,5.0
archive-19453,Glenell Sanders ,LB,CHI,1990,0.0,0,0
archive-19453,Glenell Sanders ,LB,LAR,1991,0.0,0,0
archive-19453,Glenell Sanders ,LB,DEN,1994,0.0,0.0,0.0
archive-19453,Glenell Sanders ,LB,IND,1995,0.0,0.0,0.0
archive-19483,Lucius Sanford,LB,BUF,1982,0.0,0,0
archive-19483,Lucius Sanford,LB,BUF,1983,0.0,0,0
archive-19483,Lucius Sanford,LB,BUF,1984,0.0,0,0
archive-19483,Lucius Sanford,LB,BUF,1985,2.0,0,0
archive-19483,Lucius Sanford,LB,BUF,1986,1.0,0,0
archive-19483,Lucius Sanford,LB,CLE,1987,0.0,0,0
archive-19484,Rick Sanford,FS,NE,1982,0.0,0,0
archive-19484,Rick Sanford,FS,NE,1983,0.0,0,0
archive-19484,Rick Sanford,FS,NE,1984,0.0,0,0
archive-19484,Rick Sanford,DB,SEA,1985,0.0,0,0
archive-19506,Patrick Sapp,LB,LAC,1996,0.0,0.0,0.0
archive-19506,Patrick Sapp,LB,LAC,1997,0.0,0.0,0.0
archive-19506,Patrick Sapp,LB,ARI,1998,1.0,0.0,0.0
archive-19509,Warren Sapp,DT,TB,1995,3.0,0.0,1.0
archive-19509,Warren Sapp,DT,TB,1996,9.0,0.0,0.0
archive-19509,Warren Sapp,DT,TB,1997,13.5,0.0,0.0
archive-19509,Warren Sapp,DT,TB,1998,7.0,0.0,0.0
archive-19522,Don Sasa,DT,LAC,1995,0.0,0.0,0.0
archive-19522,Don Sasa,DT,LAC,1996,0.0,0.0,0.0
archive-19522,Don Sasa,DT,WAS,1997,0.0,0.0,0.0
archive-19522,Don Sasa,DT,CAR,1998,0.0,0.0,0.0
archive-19522,Don Sasa,DT,DET,1998,0.0,0.0,0.0
archive-19533,Craig Sauer,LB,ATL,1996,0.0,0.0,0.0
archive-19533,Craig Sauer,LB,ATL,1997,0.0,0.0,0.0
archive-19533,Craig Sauer,LB,ATL,1998,0.0,0.0,1.0
archive-19555,Sebastian Savage,DB,WAS,1994,0.0,0.0,0.0
archive-19555,Sebastian Savage,DB,WAS,1995,0.0,0.0,0.0
archive-19557,Tony Savage,NT,LAC,1990,0.0,0,0
archive-19557,Tony Savage,NT,CIN,1992,0.0,0,0
archive-19557,Tony Savage,NT,LAC,1992,0.0,0,0
archive-19563,Corey Sawyer,CB,CIN,1994,0.0,0.0,2.0
archive-19563,Corey Sawyer,CB,CIN,1995,2.0,0.0,2.0
archive-19563,Corey Sawyer,CB,CIN,1996,1.5,0.0,2.0
archive-19563,Corey Sawyer,DB,CIN,1997,0.0,0.0,4.0
archive-19563,Corey Sawyer,DB,NE,1997,0.0,0.0,0.0
archive-19563,Corey Sawyer,DB,CIN,1998,0.0,0.0,1.0
archive-19566,Jon Sawyer,DB,NE,1987,0.0,0,0
archive-19613,Duke Schamel,LB,MIA,1987,0.0,0,0
archive-19615,Scott Schankweiler,LB,BUF,1987,0.0,0,0
archive-19666,Terry Schmidt,CB,CHI,1982,0.0,0,0
archive-19666,Terry Schmidt,CB,CHI,1983,0.0,0,0
archive-19666,Terry Schmidt,DB,CHI,1984,0.0,0,0
archive-19669,George Schmitt,DB,ARI,1983,0.0,0,0
archive-19696,Bruce Scholtz,LB,SEA,1982,1.0,0,0
archive-19696,Bruce Scholtz,LB,SEA,1983,1.5,0,0
archive-19696,Bruce Scholtz,LB,SEA,1984,0.0,0,0
archive-19696,Bruce Scholtz,LB,SEA,1985,2.5,0,0
archive-19696,Bruce Scholtz,LB,SEA,1986,3.0,0,0
archive-19696,Bruce Scholtz,LB,SEA,1987,0.5,0,0
archive-19696,Bruce Scholtz,LB,SEA,1988,1.0,0,0
archive-19696,Bruce Scholtz,LB,NE,1989,0.0,0,0
archive-19710,Ken Schroy,S,NYJ,1982,0.0,0,0
archive-19710,Ken Schroy,S,NYJ,1983,2.0,0,0
archive-19710,Ken Schroy,S,NYJ,1984,0.0,0,0
archive-19720,Jeff Schuh,LB,CIN,1982,0.0,0,0
archive-19720,Jeff Schuh,LB,CIN,1983,0.0,0,0
archive-19720,Jeff Schuh,LB,CIN,1984,2.0,0,0
archive-19720,Jeff Schuh,LB,CIN,1985,4.0,0,0
archive-19720,Jeff Schuh,LB,GB,1986,0.0,0,0
archive-19720,Jeff Schuh,LB,MIN,1986,0.0,0,0
archive-19724,Lance Schulters,DB,SF,1998,0.0,0.0,0.0
archive-19733,Jody Schulz,LB,PHI,1983,0.0,0,0
archive-19733,Jody Schulz,LB,PHI,1984,1.5,0,0
archive-19733,Jody Schulz,LB,PHI,1986,0.0,0,0
archive-19733,Jody Schulz,LB,PHI,1987,0.0,0,0
archive-19738,Scott Schutt,LB,CIN,1987,1.0,0,0
archive-19742,Jim Schwantz,LB,CHI,1992,0.0,0,0
archive-19742,Jim Schwantz,LB,DAL,1994,0.0,0.0,0.0
archive-19742,Jim Schwantz,LB,DAL,1995,0.0,0.0,0.0
archive-19742,Jim Schwantz,LB,DAL,1996,0.0,0.0,0.0
archive-19742,Jim Schwantz,LB,SF,1997,0.0,0.0,0.0
archive-19742,Jim Schwantz,LB,CHI,1998,0.0,0.0,0.0
archive-19743,Bryan Schwartz,LB,JAX,1995,0.0,0.0,0.0
archive-19743,Bryan Schwartz,LB,JAX,1996,0.0,0.0,0.0
archive-19743,Bryan Schwartz,LB,JAX,1997,0.5,0.0,0.0
archive-19743,Bryan Schwartz,LB,MIA,1997,0.0,0.0,0.0
archive-19743,Bryan Schwartz,LB,NE,1997,0.0,0.0,0.0
archive-19743,Bryan Schwartz,LB,JAX,1998,0.0,0.0,0.0
archive-19760,John Sciarra,DB,PHI,1982,0.0,0,0
archive-19760,John Sciarra,DB,PHI,1983,0.0,0,0
archive-19769,Eric Scoggins,LB,SF,1982,0.0,0,0
archive-19782,Chad Scott,DB,CIN,1997,0.0,0.0,0.0
archive-19782,Chad Scott,CB,PIT,1997,0.0,0.0,3.0
archive-19783,Chris Scott,DE,IND,1984,0.0,0,0
archive-19783,Chris Scott,DE,IND,1985,5.0,0,0
archive-19783,Chris Scott,DE,IND,1987,0.0,0,0
archive-19787,Clarence Scott,FS,CLE,1982,0.0,0,0
archive-19787,Clarence Scott,S,CLE,1983,0.0,0,0
archive-19795,Ed Scott,DB,ARI,1987,0.0,0,0
archive-19812,Kevin Scott,CB,DET,1991,0.0,0,0
archive-19812,Kevin Scott,CB,DET,1992,0.0,0,0
archive-19812,Kevin Scott,CB,DET,1993,0.0,0,0
archive-19826,Randy Scott,LB,GB,1982,0.5,0,0
archive-19826,Randy Scott,LB,GB,1983,0.0,0,0
archive-19826,Randy Scott,LB,GB,1984,3.0,0,0
archive-19826,Randy Scott,LB,GB,1985,3.0,0,0
archive-19826,Randy Scott,LB,GB,1986,1.0,0,0
archive-19826,Randy Scott,LB,MIN,1987,0.0,0,0
archive-19829,Sean Scott,LB,DAL,1988,0.0,0,0
archive-19830,Stanley Scott,DE,MIA,1987,1.0,0,0
archive-19832,Todd Scott,CB,MIN,1991,0.0,0,0
archive-19832,Todd Scott,S,MIN,1992,1.0,0,0
archive-19832,Todd Scott,S,MIN,1993,0.0,0,0
archive-19832,Todd Scott,S,MIN,1994,0.0,0.0,0.0
archive-19832,Todd Scott,S,NYJ,1995,0.0,0.0,0.0
archive-19832,Todd Scott,S,TB,1995,0.0,0.0,0.0
archive-19832,Todd Scott,CB,TB,1996,0.0,0.0,0.0
archive-19832,Todd Scott,DB,KC,1997,0.0,0.0,0.0
archive-19837,Victor Scott,DB,DAL,1984,0.0,0,0
archive-19837,Victor Scott,CB,DAL,1985,0.0,0,0
archive-19837,Victor Scott,DB,DAL,1986,0.0,0,0
archive-19837,Victor Scott,DB,DAL,1987,0.0,0,0
archive-19837,Victor Scott,DB,DAL,1988,0.0,0,0
archive-19839,Walter Scott,DE,NE,1996,0.0,0.0,0.0
archive-19844,Colin Scotts,DT,ARI,1987,2.0,0,0
archive-19849,Tracy Scroggins,DE,DET,1992,7.5,0,0
archive-19849,Tracy Scroggins,DE,DET,1993,8.0,0,0
archive-19849,Tracy Scroggins,DE,DET,1994,3.0,0.0,0.0
archive-19849,Tracy Scroggins,DE,DET,1995,9.5,0.0,0.0
archive-19849,Tracy Scroggins,DE,DET,1996,2.0,0.0,0.0
archive-19849,Tracy Scroggins,DE,DET,1997,7.5,0.0,0.0
archive-19849,Tracy Scroggins,DE,DET,1998,6.5,0.0,0.0
archive-19856,Mike Scurlock,CB,LAR,1995,0.0,0.0,1.0
archive-19856,Mike Scurlock,DB,LAR,1996,0.0,0.0,0.0
archive-19856,Mike Scurlock,DB,WAS,1996,0.0,0.0,0.0
archive-19856,Mike Scurlock,DB,LAR,1997,0.0,0.0,0.0
archive-19856,Mike Scurlock,DB,LAR,1998,0.0,0.0,0.0
archive-19858,Todd Seabaugh,LB,PIT,1984,0.0,0,0
archive-19862,Randy Sealby,LB,NE,1987,0.0,0,0
archive-19863,Eugene Seale,LB,TEN,1987,1.0,0,0
archive-19863,Eugene Seale,LB,TEN,1988,1.0,0,0
archive-19863,Eugene Seale,LB,TEN,1989,0.0,0,0
archive-19863,Eugene Seale,LB,TEN,1990,0.0,0,0
archive-19863,Eugene Seale,LB,TEN,1991,0.0,0,0
archive-19863,Eugene Seale,LB,TEN,1992,0.0,0,0
archive-19864,Sam Seale,CB,LV,1986,0.0,0,0
archive-19864,Sam Seale,CB,LV,1987,0.0,0,0
archive-19864,Sam Seale,DB,LAC,1988,0.0,0,0
archive-19864,Sam Seale,DB,LAC,1989,0.0,0,0
archive-19864,Sam Seale,DB,LAC,1990,0.0,0,0
archive-19864,Sam Seale,DB,LAC,1991,0.0,0,0
archive-19864,Sam Seale,DB,LV,1992,0.0,0,0
archive-19864,Sam Seale,DB,LAR,1993,0.0,0,0
archive-19866,Leon Seals,DE,BUF,1987,3.5,0,0
archive-19866,Leon Seals,DE,BUF,1988,2.0,0,0
archive-19866,Leon Seals,DE,BUF,1989,4.0,0,0
archive-19866,Leon Seals,DE,BUF,1990,4.0,0,0
archive-19866,Leon Seals,DE,BUF,1991,1.0,0,0
archive-19866,Leon Seals,DE,PHI,1992,0.0,0,0
archive-19867,Ray Seals,DE,TB,1989,1.0,0,0
archive-19867,Ray Seals,DE,TB,1990,0.0,0,0
archive-19867,Ray Seals,DE,TB,1991,1.0,0,0
archive-19867,Ray Seals,DE,TB,1992,5.0,0,0
archive-19867,Ray Seals,DE,TB,1993,8.5,0,0
archive-19867,Ray Seals,DE,PIT,1994,7.0,0.0,0.0
archive-19867,Ray Seals,DE,PIT,1995,9.5,0.0,1.0
archive-19867,Ray Seals,DE,CAR,1997,1.0,0.0,0.0
archive-19874,Corey Sears,DE,LAR,1998,0.0,0.0,0.0
archive-19879,Junior Seau,LB,LAC,1990,1.0,0,0
archive-19879,Junior Seau,LB,LAC,1991,7.0,0,0
archive-19879,Junior Seau,LB,LAC,1992,4.5,0,0
archive-19879,Junior Seau,LB,LAC,1993,0.0,0,0
archive-19879,Junior Seau,LB,LAC,1994,6.5,0.0,0.0
archive-19879,Junior Seau,LB,LAC,1995,2.0,0.0,3.0
archive-19879,Junior Seau,LB,LAC,1996,7.0,0.0,2.0
archive-19879,Junior Seau,LB,LAC,1997,7.0,0.0,2.0
archive-19879,Junior Seau,LB,LAC,1998,3.5,0.0,0.0
archive-19900,Jason Sehorn,SAF,NYG,1994,0.0,0.0,0.0
archive-19900,Jason Sehorn,SAF,NYG,1995,0.0,0.0,0.0
archive-19900,Jason Sehorn,CB,NYG,1996,3.0,0.0,5.0
archive-19900,Jason Sehorn,CB,NYG,1997,1.5,0.0,7.0
archive-19900,Jason Sehorn,DB,SEA,1997,0.0,0.0,0.0
archive-19908,Dexter Seigler,CB,SEA,1996,0.0,0.0,0.0
archive-19908,Dexter Seigler,DB,NYJ,1997,0.0,0.0,0.0
archive-19908,Dexter Seigler,DB,SEA,1997,0.0,0.0,0.0
archive-19921,Lance Sellers,LB,CIN,1987,0.0,0,0
archive-19924,Dewey Selmon,LB,LAC,1982,0.0,0,0
archive-19925,Lee Roy Selmon,DE,TB,1982,5.0,0,0
archive-19925,Lee Roy Selmon,DE,TB,1983,11.0,0,0
archive-19925,Lee Roy Selmon,DE,TB,1984,8.0,0,0
archive-19932,Robin Sendlein,LB,MIN,1982,0.0,0,0
archive-19932,Robin Sendlein,LB,MIN,1983,0.0,0,0
archive-19932,Robin Sendlein,LB,MIN,1984,1.0,0,0
archive-19932,Robin Sendlein,LB,MIA,1985,0.0,0,0
archive-19954,Tawambi Settles,DB,JAX,1998,0.0,0.0,0.0
archive-19955,Tony Settles,LB,WAS,1987,0.0,0,0
archive-19978,Sam Shade,SAF,CIN,1995,0.0,0.0,0.0
archive-19978,Sam Shade,DB,CIN,1996,0.0,0.0,0.0
archive-19978,Sam Shade,S,CIN,1997,4.0,0.0,1.0
archive-19978,Sam Shade,DB,MIN,1997,0.0,0.0,0.0
archive-19978,Sam Shade,DB,NE,1997,0.0,0.0,0.0
archive-19978,Sam Shade,S,CIN,1998,1.0,0.0,3.0
archive-19979,Craig Shaffer,LB,ARI,1982,0.0,0,0
archive-19979,Craig Shaffer,LB,ARI,1983,0.0,0,0
archive-19979,Craig Shaffer,LB,ARI,1984,0.0,0,0
archive-19987,Simon Shanks,LB,ARI,1995,0.0,0.0,0.0
archive-19993,John Shannon,DT,CHI,1988,0.0,0,0
archive-19993,John Shannon,DT,CHI,1989,0.0,0,0
archive-19995,Randy Shannon,LB,DAL,1989,0.0,0,0
archive-19995,Randy Shannon,LB,DAL,1990,0.0,0,0
archive-20010,Darren Sharper,DB,GB,1997,0.0,0.0,2.0
archive-20010,Darren Sharper,FS,GB,1998,0.0,0.0,1.0
archive-20011,Jamie Sharper,LB,BAL,1997,3.0,0.0,1.0
archive-20011,Jamie Sharper,LB,BAL,1998,1.0,0.0,0.0
archive-20026,Eric Shaw,LB,CIN,1992,0.0,0,0
archive-20026,Eric Shaw,LB,CIN,1993,0.0,0,0
archive-20026,Eric Shaw,LB,CIN,1994,0.0,0.0,0.0
archive-20035,Pete Shaw,DB,NYG,1982,0.0,0,0
archive-20035,Pete Shaw,S,NYG,1983,1.0,0,0
archive-20035,Pete Shaw,DB,NYG,1984,0.0,0,0
archive-20036,Ricky Shaw,LB,NYG,1988,0.0,0,0
archive-20036,Ricky Shaw,LB,NYG,1989,0.0,0,0
archive-20036,Ricky Shaw,LB,PHI,1989,0.0,0,0
archive-20036,Ricky Shaw,LB,PHI,1990,0.0,0,0
archive-20040,Terrance Shaw,DB,LAC,1995,0.0,0.0,1.0
archive-20040,Terrance Shaw,DB,LAC,1996,0.0,0.0,3.0
archive-20040,Terrance Shaw,DB,LAC,1997,0.0,0.0,1.0
archive-20040,Terrance Shaw,DB,LAC,1998,0.0,0.0,2.0
archive-20060,Chris Sheffield,DB,PIT,1986,0.0,0,0
archive-20060,Chris Sheffield,DB,DET,1987,0.0,0,0
archive-20060,Chris Sheffield,DB,PIT,1987,0.0,0,0
archive-20061,Ron Shegog,DB,NE,1987,0.0,0,0
archive-20071,Donnie Shell,S,PIT,1982,1.0,0,0
archive-20071,Donnie Shell,S,PIT,1983,0.0,0,0
archive-20071,Donnie Shell,S,PIT,1984,0.0,0,0
archive-20071,Donnie Shell,S,PIT,1985,0.0,0,0
archive-20071,Donnie Shell,DB,PIT,1986,0.0,0,0
archive-20071,Donnie Shell,DB,PIT,1987,0.0,0,0
archive-20072,Todd Shell,LB,SF,1984,2.0,0,0
archive-20072,Todd Shell,LB,SF,1985,4.0,0,0
archive-20072,Todd Shell,LB,SF,1986,0.0,0,0
archive-20072,Todd Shell,LB,SF,1987,1.0,0,0
archive-20074,Elbert Shelley,DB,ATL,1987,0.0,0,0
archive-20074,Elbert Shelley,DB,ATL,1988,0.0,0,0
archive-20074,Elbert Shelley,DB,ATL,1989,0.0,0,0
archive-20074,Elbert Shelley,DB,ATL,1990,0.0,0,0
archive-20074,Elbert Shelley,DB,ATL,1991,2.0,0,0
archive-20074,Elbert Shelley,DB,ATL,1992,0.0,0,0
archive-20074,Elbert Shelley,DB,ATL,1993,0.0,0,0
archive-20074,Elbert Shelley,DB,ATL,1994,0.0,0.0,0.0
archive-20074,Elbert Shelley,CB,ATL,1995,0.0,0.0,0.0
archive-20074,Elbert Shelley,DB,ATL,1996,0.0,0.0,0.0
archive-20075,Jonathan Shelley,DB,SF,1987,0.0,0,0
archive-20076,Chris Shelling,CB,CIN,1995,0.0,0.0,0.0
archive-20076,Chris Shelling,DB,CIN,1996,0.0,0.0,0.0
archive-20076,Chris Shelling,DB,ATL,1997,0.0,0.0,0.0
archive-20077,Kendel Shello,DE,IND,1996,0.0,0.0,0.0
archive-20077,Kendel Shello,DE,IND,1997,1.0,0.0,0.0
archive-20077,Kendel Shello,DE,IND,1998,1.0,0.0,0.0
archive-20079,Anthony Shelton,DB,LAC,1990,0.0,0,0
archive-20079,Anthony Shelton,DB,LAC,1991,1.0,0,0
archive-20085,Richard Shelton,DB,DEN,1989,0.0,0,0
archive-20085,Richard Shelton,DB,PIT,1990,0.0,0,0
archive-20085,Richard Shelton,DB,PIT,1991,0.0,0,0
archive-20085,Richard Shelton,DB,PIT,1992,0.0,0,0
archive-20085,Richard Shelton,DB,PIT,1993,0.0,0,0
archive-20100,Ashley Sheppard,LB,MIN,1993,1.0,0,0
archive-20100,Ashley Sheppard,LB,MIN,1994,0.5,0.0,0.0
archive-20100,Ashley Sheppard,LB,JAX,1995,0.0,0.0,0.0
archive-20100,Ashley Sheppard,LB,LAR,1995,0.0,0.0,0.0
archive-20143,Jackie Shipp,LB,MIA,1984,0.0,0,0
archive-20143,Jackie Shipp,LB,MIA,1985,0.0,0,0
archive-20143,Jackie Shipp,LB,MIA,1986,1.0,0,0
archive-20143,Jackie Shipp,LB,MIA,1987,0.0,0,0
archive-20143,Jackie Shipp,LB,MIA,1988,0.0,0,0
archive-20143,Jackie Shipp,LB,LV,1989,0.0,0,0
archive-20156,Sanders Shiver,LB,IND,1982,0.0,0,0
archive-20156,Sanders Shiver,LB,IND,1983,1.0,0,0
archive-20156,Sanders Shiver,LB,MIA,1984,0.0,0,0
archive-20156,Sanders Shiver,LB,MIA,1985,1.0,0,0
archive-20183,Peter Shorts,DT,NE,1989,0.0,0,0
archive-20187,Pete Shufelt,LB,NYG,1994,0.0,0.0,0.0
archive-20189,Bret Shugarts,DE,PIT,1987,0.0,0,0
archive-20196,Steve Shull,LB,MIA,1982,0.0,0,0
archive-20199,Mark Shumate,NT,GB,1985,0.0,0,0
archive-20199,Mark Shumate,NT,NYJ,1985,0.0,0,0
archive-20214,Dainon Sidney,DB,TEN,1998,0.0,0.0,0.0
archive-20225,Jeff Siemon,LB,MIN,1982,0.0,0,0
archive-20243,Dan Sileo,DT,TB,1987,0.0,0,0
archive-20260,Tracy Simien,LB,KC,1991,2.0,0,0
archive-20260,Tracy Simien,LB,KC,1992,1.0,0,0
archive-20260,Tracy Simien,LB,KC,1993,0.0,0,0
archive-20260,Tracy Simien,LB,KC,1994,0.0,0.0,0.0
archive-20260,Tracy Simien,LB,KC,1995,1.0,0.0,0.0
archive-20260,Tracy Simien,LB,KC,1996,0.0,0.0,1.0
archive-20260,Tracy Simien,LB,KC,1997,0.0,0.0,0.0
archive-20264,Anthony Simmons ,LB,SEA,1998,0.0,0.0,1.0
archive-20266,Brian Simmons ,LB,CIN,1998,3.0,0.0,1.0
archive-20268,Clyde Simmons ,DE,PHI,1986,2.0,0,0
archive-20268,Clyde Simmons ,DE,PHI,1987,6.0,0,0
archive-20268,Clyde Simmons ,DE,PHI,1988,8.0,0,0
archive-20268,Clyde Simmons ,DE,PHI,1989,15.5,0,0
archive-20268,Clyde Simmons ,DE,PHI,1990,7.5,0,0
archive-20268,Clyde Simmons ,DE,PHI,1991,13.0,0,0
archive-20268,Clyde Simmons ,DE,PHI,1992,19.0,0,0
archive-20268,Clyde Simmons ,DE,PHI,1993,5.0,0,0
archive-20268,Clyde Simmons ,DE,ARI,1994,6.0,0.0,0.0
archive-20268,Clyde Simmons ,DE,ARI,1995,11.0,0.0,1.0
archive-20268,Clyde Simmons ,DE,JAX,1996,10.0,0.0,1.0
archive-20268,Clyde Simmons ,DE,MIA,1996,0.0,0.0,0.0
archive-20268,Clyde Simmons ,DE,NE,1996,0.0,0.0,0.0
archive-20268,Clyde Simmons ,DE,JAX,1997,9.5,0.0,0.0
archive-20268,Clyde Simmons ,DE,MIA,1997,0.0,0.0,0.0
archive-20268,Clyde Simmons ,DE,NE,1997,0.0,0.0,0.0
archive-20268,Clyde Simmons ,DE,CIN,1998,5.0,0.0,0.0
archive-20270,Dave Simmons ,LB,IND,1982,0.0,0,0
archive-20270,Dave Simmons ,LB,CHI,1983,0.0,0,0
archive-20274,Jason Simmons ,DB,PIT,1998,0.0,0.0,0.0
archive-20278,John Simmons ,DB,CIN,1982,0.0,0,0
archive-20278,John Simmons ,DB,CIN,1983,0.0,0,0
archive-20278,John Simmons ,DB,CIN,1984,0.0,0,0
archive-20278,John Simmons ,DB,CIN,1985,0.0,0,0
archive-20278,John Simmons ,DB,CIN,1986,1.0,0,0
archive-20278,John Simmons ,DB,GB,1986,0.0,0,0
archive-20278,John Simmons ,DB,IND,1987,0.0,0,0
archive-20281,King Simmons ,DB,LAC,1987,1.5,0,0
archive-20283,Marcello Simmons ,DB,CIN,1993,0.0,0,0
archive-20284,Michael Simmons ,DE,NO,1989,0.0,0,0
archive-20284,Michael Simmons ,DE,NO,1990,1.0,0,0
archive-20290,Tony Simmons ,DE,LAC,1985,0.0,0,0
archive-20290,Tony Simmons ,DE,LAC,1987,1.0,0,0
archive-20292,Victor Simmons ,LB,DAL,1987,0.0,0,0
archive-20293,Wayne Simmons ,LB,GB,1993,1.0,0,0
archive-20293,Wayne Simmons ,LB,GB,1994,0.0,0.0,0.0
archive-20293,Wayne Simmons ,LB,GB,1995,5.0,0.0,0.0
archive-20293,Wayne Simmons ,LB,GB,1996,3.5,0.0,1.0
archive-20293,Wayne Simmons ,LB,GB,1997,0.0,0.0,0.0
archive-20293,Wayne Simmons ,LB,KC,1997,3.5,0.0,0.0
archive-20293,Wayne Simmons ,LB,BUF,1998,0.5,0.0,0.0
archive-20293,Wayne Simmons ,LB,KC,1998,0.0,0.0,0.0
archive-20307,Ed Simonini,LB,NO,1982,0.0,0,0
archive-20315,Ron Simpkins,LB,CIN,1982,0.0,0,0
archive-20315,Ron Simpkins,LB,CIN,1983,0.0,0,0
archive-20315,Ron Simpkins,LB,CIN,1984,0.0,0,0
archive-20315,Ron Simpkins,LB,CIN,1985,3.5,0,0
archive-20315,Ron Simpkins,LB,CIN,1986,0.0,0,0
archive-20315,Ron Simpkins,LB,GB,1988,0.0,0,0
archive-20318,Bill Simpson,FS,BUF,1982,1.0,0,0
archive-20320,Carl Simpson,DT,CHI,1993,0.5,0,0
archive-20320,Carl Simpson,DT,CHI,1994,0.0,0.0,0.0
archive-20320,Carl Simpson,DT,CHI,1995,1.0,0.0,0.0
archive-20320,Carl Simpson,DT,CHI,1996,1.5,0.0,0.0
archive-20320,Carl Simpson,DT,CHI,1997,4.5,0.0,0.0
archive-20320,Carl Simpson,DT,ARI,1998,0.0,0.0,0.0
archive-20328,Keith Simpson,CB,SEA,1982,0.0,0,0
archive-20328,Keith Simpson,CB,SEA,1983,1.0,0,0
archive-20328,Keith Simpson,CB,SEA,1984,2.0,0,0
archive-20328,Keith Simpson,DB,SEA,1985,3.0,0,0
archive-20339,Darryl Sims,DE,PIT,1985,2.0,0,0
archive-20339,Darryl Sims,DE,PIT,1986,1.0,0,0
archive-20339,Darryl Sims,DE,CLE,1987,0.0,0,0
archive-20339,Darryl Sims,DE,CLE,1988,0.0,0,0
archive-20351,Ken Sims,DB,ARI,1987,0.0,0,0
archive-20352,Kenneth Sims,DE,NE,1982,3.0,0,0
archive-20352,Kenneth Sims,DE,NE,1983,0.0,0,0
archive-20352,Kenneth Sims,DE,NE,1984,3.5,0,0
archive-20352,Kenneth Sims,DE,NE,1985,5.5,0,0
archive-20352,Kenneth Sims,DE,NE,1986,0.5,0,0
archive-20352,Kenneth Sims,DE,NE,1987,1.5,0,0
archive-20352,Kenneth Sims,DE,NE,1988,0.0,0,0
archive-20352,Kenneth Sims,DE,NE,1989,3.0,0,0
archive-20360,Tom Sims,DT,KC,1991,0.0,0,0
archive-20360,Tom Sims,DT,KC,1992,3.0,0,0
archive-20360,Tom Sims,DT,IND,1993,1.0,0,0
archive-20360,Tom Sims,DT,IND,1994,0.0,0.0,0.0
archive-20361,Tommy Sims,DB,IND,1986,0.0,0,0
archive-20363,William Sims,LB,MIN,1994,0.0,0.0,0.0
archive-20367,Michael Sinclair,DE,SEA,1992,1.0,0,0
archive-20367,Michael Sinclair,DE,SEA,1993,8.0,0,0
archive-20367,Michael Sinclair,DE,SEA,1994,4.5,0.0,0.0
archive-20367,Michael Sinclair,DE,SEA,1995,5.5,0.0,0.0
archive-20367,Michael Sinclair,DE,SEA,1996,13.0,0.0,0.0
archive-20367,Michael Sinclair,DE,NYJ,1997,0.0,0.0,0.0
archive-20367,Michael Sinclair,DE,SEA,1997,12.0,0.0,0.0
archive-20367,Michael Sinclair,DE,SEA,1998,16.5,0.0,0.0
archive-20372,Mike Singletary ,LB,CHI,1982,1.0,0,0
archive-20372,Mike Singletary ,LB,CHI,1983,3.5,0,0
archive-20372,Mike Singletary ,LB,CHI,1984,3.5,0,0
archive-20372,Mike Singletary ,LB,CHI,1985,4.0,0,0
archive-20372,Mike Singletary ,LB,CHI,1986,2.0,0,0
archive-20372,Mike Singletary ,LB,CHI,1987,2.0,0,0
archive-20372,Mike Singletary ,LB,CHI,1988,1.0,0,0
archive-20372,Mike Singletary ,LB,CHI,1989,1.0,0,0
archive-20372,Mike Singletary ,LB,CHI,1990,1.0,0,0
archive-20372,Mike Singletary ,LB,CHI,1991,0.0,0,0
archive-20372,Mike Singletary ,LB,CHI,1992,1.0,0,0
archive-20374,Alshermond Singleton,LB,TB,1997,0.0,0.0,0.0
archive-20374,Alshermond Singleton,LB,TB,1998,0.0,0.0,0.0
archive-20376,Chris Singleton,LB,NE,1990,3.0,0,0
archive-20376,Chris Singleton,LB,NE,1991,1.0,0,0
archive-20376,Chris Singleton,LB,NE,1992,0.0,0,0
archive-20376,Chris Singleton,LB,MIA,1993,0.0,0,0
archive-20376,Chris Singleton,LB,NE,1993,0.0,0,0
archive-20376,Chris Singleton,LB,MIA,1994,2.0,0.0,0.0
archive-20376,Chris Singleton,LB,MIA,1995,1.0,0.0,1.0
archive-20376,Chris Singleton,LB,MIA,1996,0.0,0.0,0.0
archive-20388,Tony Siragusa,DT,IND,1990,1.0,0,0
archive-20388,Tony Siragusa,DT,IND,1991,2.0,0,0
archive-20388,Tony Siragusa,DT,IND,1992,3.0,0,0
archive-20388,Tony Siragusa,DT,IND,1993,1.5,0,0
archive-20388,Tony Siragusa,DT,IND,1994,5.0,0.0,0.0
archive-20388,Tony Siragusa,DT,IND,1995,2.0,0.0,0.0
archive-20388,Tony Siragusa,DT,BAL,1996,0.0,0.0,0.0
archive-20388,Tony Siragusa,DT,IND,1996,2.0,0.0,0.0
archive-20388,Tony Siragusa,DT,BAL,1997,0.0,0.0,0.0
archive-20388,Tony Siragusa,DT,BAL,1998,0.0,0.0,0.0
archive-20395,Brian Sisley,DE,NYG,1987,0.0,0,0
archive-20407,Daryle Skaugstad,NT,TEN,1982,3.0,0,0
archive-20407,Daryle Skaugstad,NT,GB,1983,0.0,0,0
archive-20407,Daryle Skaugstad,NT,SF,1983,0.0,0,0
archive-20429,Jim Skow,DE,CIN,1986,3.0,0,0
archive-20429,Jim Skow,DE,CIN,1987,4.5,0,0
archive-20429,Jim Skow,DE,CIN,1988,10.5,0,0
archive-20429,Jim Skow,DE,CIN,1989,4.5,0,0
archive-20429,Jim Skow,DE,TB,1990,2.0,0,0
archive-20429,Jim Skow,DE,SEA,1991,0.5,0,0
archive-20429,Jim Skow,DE,LAC,1992,0.0,0,0
archive-20429,Jim Skow,DE,LAR,1992,0.0,0,0
archive-20437,Chris Slade,LB,NE,1993,9.0,0,0
archive-20437,Chris Slade,LB,NE,1994,9.5,0.0,0.0
archive-20437,Chris Slade,LB,NE,1995,4.0,0.0,0.0
archive-20437,Chris Slade,LB,BUF,1996,0.0,0.0,0.0
archive-20437,Chris Slade,LB,NE,1996,9.0,0.0,1.0
archive-20437,Chris Slade,LB,NE,1997,10.5,0.0,2.0
archive-20437,Chris Slade,LB,NE,1998,4.0,0.0,0.0
archive-20445,Mike Slaton,DB,MIN,1987,0.0,0,0
archive-20455,Henry Slay,DT,PHI,1998,0.0,0.0,0.0
archive-20474,Stan Smagala,DB,DAL,1990,0.0,0,0
archive-20474,Stan Smagala,DB,DAL,1991,0.0,0,0
archive-20476,Donovan Small,DB,TEN,1987,0.0,0,0
archive-20478,Fred Small,LB,PIT,1985,0.0,0,0
archive-20480,Gerald Small,CB,MIA,1982,0.0,0,0
archive-20480,Gerald Small,CB,MIA,1983,0.0,0,0
archive-20480,Gerald Small,DB,ATL,1984,0.0,0,0
archive-20481,Jessie Small,LB,PHI,1989,0.0,0,0
archive-20481,Jessie Small,LB,PHI,1990,3.5,0,0
archive-20481,Jessie Small,LB,PHI,1991,0.0,0,0
archive-20481,Jessie Small,LB,ARI,1992,0.0,0,0
archive-20486,Fred Smalls,LB,PHI,1987,2.5,0,0
archive-20492,Eric Smedley,DB,BUF,1996,0.0,0.0,0.0
archive-20492,Eric Smedley,S,BUF,1997,0.0,0.0,0.0
archive-20492,Eric Smedley,DB,BUF,1998,2.0,0.0,0.0
archive-20493,Joel Smeenge,DE,NO,1990,0.0,0,0
archive-20493,Joel Smeenge,DE,NO,1991,0.0,0,0
archive-20493,Joel Smeenge,DE,NO,1992,0.5,0,0
archive-20493,Joel Smeenge,DE,NO,1993,1.0,0,0
archive-20493,Joel Smeenge,DE,NO,1994,0.0,0.0,0.0
archive-20493,Joel Smeenge,DE,JAX,1995,4.0,0.0,1.0
archive-20493,Joel Smeenge,DE,JAX,1996,5.0,0.0,0.0
archive-20493,Joel Smeenge,DE,MIA,1996,0.0,0.0,0.0
archive-20493,Joel Smeenge,DE,JAX,1997,7.5,0.0,0.0
archive-20493,Joel Smeenge,DE,MIA,1997,0.0,0.0,0.0
archive-20493,Joel Smeenge,DE,NE,1997,0.0,0.0,0.0
archive-20493,Joel Smeenge,DE,JAX,1998,8.5,0.0,0.0
archive-20497,Don Smerek,DT,DAL,1982,2.0,0,0
archive-20497,Don Smerek,DT,DAL,1983,6.0,0,0
archive-20497,Don Smerek,DT,DAL,1984,1.0,0,0
archive-20497,Don Smerek,DT,DAL,1985,2.0,0,0
archive-20497,Don Smerek,DT,DAL,1986,4.5,0,0
archive-20497,Don Smerek,DT,DAL,1987,0.0,0,0
archive-20498,Fred Smerlas,NT,BUF,1982,2.0,0,0
archive-20498,Fred Smerlas,NT,BUF,1983,6.0,0,0
archive-20498,Fred Smerlas,NT,BUF,1984,2.0,0,0
archive-20498,Fred Smerlas,NT,BUF,1985,0.5,0,0
archive-20498,Fred Smerlas,NT,BUF,1986,2.0,0,0
archive-20498,Fred Smerlas,NT,BUF,1987,1.0,0,0
archive-20498,Fred Smerlas,NT,BUF,1988,4.0,0,0
archive-20498,Fred Smerlas,NT,BUF,1989,1.0,0,0
archive-20498,Fred Smerlas,NT,SF,1990,0.0,0,0
archive-20498,Fred Smerlas,NT,NE,1991,0.0,0,0
archive-20498,Fred Smerlas,NT,NE,1992,0.0,0,0
archive-20503,Aaron Smith,LB,DEN,1984,0.0,0,0
archive-20506,Al Smith,LB,TEN,1987,0.0,0,0
archive-20506,Al Smith,LB,TEN,1988,0.0,0,0
archive-20506,Al Smith,LB,TEN,1989,0.0,0,0
archive-20506,Al Smith,LB,TEN,1990,1.0,0,0
archive-20506,Al Smith,LB,TEN,1991,1.0,0,0
archive-20506,Al Smith,LB,TEN,1992,1.0,0,0
archive-20506,Al Smith,LB,TEN,1993,0.0,0,0
archive-20506,Al Smith,LB,TEN,1994,2.5,0.0,0.0
archive-20506,Al Smith,LB,TEN,1995,0.0,0.0,0.0
archive-20506,Al Smith,LB,TEN,1996,0.0,0.0,0.0
archive-20517,Anthony Smith,DE,LV,1991,10.5,0,0
archive-20517,Anthony Smith,DE,LV,1992,13.0,0,0
archive-20517,Anthony Smith,DE,LV,1993,14.5,0,0
archive-20517,Anthony Smith,DE,LV,1994,6.0,0.0,0.0
archive-20517,Anthony Smith,DE,LV,1995,7.0,0.0,0.0
archive-20517,Anthony Smith,DE,ARI,1996,0.0,0.0,0.0
archive-20517,Anthony Smith,DE,LV,1996,2.0,0.0,0.0
archive-20517,Anthony Smith,DE,LV,1997,6.5,0.0,0.0
archive-20524,Artie Smith,DE,SF,1993,1.5,0,0
archive-20524,Artie Smith,DE,CIN,1994,0.0,0.0,0.0
archive-20524,Artie Smith,DE,SF,1994,0.0,0.0,0.0
archive-20524,Artie Smith,DE,CIN,1995,2.0,0.0,0.0
archive-20524,Artie Smith,DE,CIN,1996,1.0,0.0,0.0
archive-20524,Artie Smith,DE,LAC,1996,0.0,0.0,0.0
archive-20524,Artie Smith,DE,DAL,1998,0.0,0.0,0.0
archive-20528,Ben Smith,CB,PHI,1990,0.0,0,0
archive-20528,Ben Smith,CB,PHI,1991,0.0,0,0
archive-20528,Ben Smith,DB,PHI,1993,0.0,0,0
archive-20528,Ben Smith,CB,DEN,1994,0.0,0.0,1.0
archive-20528,Ben Smith,CB,ARI,1995,0.0,0.0,0.0
archive-20528,Ben Smith,DB,ARI,1996,1.0,0.0,0.0
archive-20532,Billy Ray Smith,LB,LAC,1983,3.0,0,0
archive-20532,Billy Ray Smith,LB,LAC,1984,3.0,0,0
archive-20532,Billy Ray Smith,LB,LAC,1985,2.0,0,0
archive-20532,Billy Ray Smith,LB,LAC,1986,11.0,0,0
archive-20532,Billy Ray Smith,LB,LAC,1987,3.0,0,0
archive-20532,Billy Ray Smith,LB,LAC,1988,1.0,0,0
archive-20532,Billy Ray Smith,LB,LAC,1989,2.5,0,0
archive-20532,Billy Ray Smith,LB,LAC,1990,1.0,0,0
archive-20532,Billy Ray Smith,LB,LAC,1991,0.0,0,0
archive-20540,Brad Smith,LB,CIN,1993,0.0,0,0
archive-20542,Brady Smith,DE,NO,1996,2.0,0.0,0.0
archive-20542,Brady Smith,DE,NO,1997,5.0,0.0,0.0
archive-20542,Brady Smith,DE,NO,1998,0.0,0.0,0.0
archive-20545,Brian Smith,LB,LAR,1989,2.0,0,0
archive-20545,Brian Smith,LB,LAR,1990,1.0,0,0
archive-20548,Bruce Smith,DE,BUF,1985,6.5,0,0
archive-20548,Bruce Smith,DE,BUF,1986,15.0,0,0
archive-20548,Bruce Smith,DE,BUF,1987,12.0,0,0
archive-20548,Bruce Smith,DE,BUF,1988,14.0,0,0
archive-20548,Bruce Smith,DE,BUF,1989,13.5,0,0
archive-20548,Bruce Smith,DE,BUF,1990,20.0,0,0
archive-20548,Bruce Smith,DE,BUF,1991,2.5,0,0
archive-20548,Bruce Smith,DE,BUF,1992,17.5,0,0
archive-20548,Bruce Smith,DE,BUF,1993,17.0,0,0
archive-20548,Bruce Smith,DE,BUF,1994,10.0,0.0,1.0
archive-20548,Bruce Smith,DE,BUF,1995,10.5,0.0,0.0
archive-20548,Bruce Smith,DE,BUF,1996,13.5,0.0,0.0
archive-20548,Bruce Smith,DE,BUF,1997,14.0,0.0,0.0
archive-20548,Bruce Smith,DE,BUF,1998,10.0,0.0,0.0
archive-20551,Byron Smith,DE,IND,1984,0.0,0,0
archive-20551,Byron Smith,DE,IND,1985,3.0,0,0
archive-20562,Chuck Smith,DE,ATL,1992,2.0,0,0
archive-20562,Chuck Smith,DE,ATL,1993,3.5,0,0
archive-20562,Chuck Smith,DE,ATL,1994,11.0,0.0,1.0
archive-20562,Chuck Smith,DE,ATL,1995,5.5,0.0,0.0
archive-20562,Chuck Smith,DE,ATL,1996,6.0,0.0,1.0
archive-20562,Chuck Smith,DE,ATL,1997,12.0,0.0,1.0
archive-20562,Chuck Smith,DE,ATL,1998,9.5,0.0,0.0
archive-20570,Dallis Smith,DB,SEA,1987,0.0,0,0
archive-20572,Darrin Smith,LB,DAL,1993,1.0,0,0
archive-20572,Darrin Smith,LB,DAL,1994,4.0,0.0,2.0
archive-20572,Darrin Smith,LB,DAL,1995,3.0,0.0,0.0
archive-20572,Darrin Smith,LB,DAL,1996,1.0,0.0,0.0
archive-20572,Darrin Smith,LB,PHI,1997,1.0,0.0,0.0
archive-20572,Darrin Smith,LB,SEA,1998,5.0,0.0,3.0
archive-20573,Daryl Smith,DB,CIN,1987,0.0,0,0
archive-20573,Daryl Smith,DB,CIN,1988,0.0,0,0
archive-20573,Daryl Smith,DB,MIN,1989,0.0,0,0
archive-20581,Dennis Smith,S,DEN,1982,2.0,0,0
archive-20581,Dennis Smith,S,DEN,1983,5.0,0,0
archive-20581,Dennis Smith,S,DEN,1984,1.0,0,0
archive-20581,Dennis Smith,S,DEN,1985,4.0,0,0
archive-20581,Dennis Smith,DB,DEN,1986,1.0,0,0
archive-20581,Dennis Smith,DB,DEN,1987,0.0,0,0
archive-20581,Dennis Smith,S,DEN,1988,1.0,0,0
archive-20581,Dennis Smith,S,DEN,1989,0.0,0,0
archive-20581,Dennis Smith,S,DEN,1990,0.0,0,0
archive-20581,Dennis Smith,S,DEN,1991,0.0,0,0
archive-20581,Dennis Smith,S,DEN,1992,0.0,0,0
archive-20581,Dennis Smith,S,DEN,1993,0.0,0,0
archive-20581,Dennis Smith,FS,DEN,1994,1.0,0.0,0.0
archive-20583,Derek Smith,LB,WAS,1997,2.0,0.0,0.0
archive-20583,Derek Smith,LB,WAS,1998,0.5,0.0,0.0
archive-20591,Don Smith,NT,ATL,1982,3.5,0,0
archive-20591,Don Smith,NT,ATL,1983,6.0,0,0
archive-20591,Don Smith,NT,ATL,1984,6.0,0,0
archive-20591,Don Smith,NT,BUF,1985,3.0,0,0
archive-20591,Don Smith,NT,BUF,1986,0.0,0,0
archive-20591,Don Smith,NT,NYJ,1987,0.0,0,0
archive-20593,Donald Smith,DB,DAL,1991,0.0,0,0
archive-20597,Doug Smith,NT,TEN,1985,2.0,0,0
archive-20597,Doug Smith,NT,TEN,1986,2.0,0,0
archive-20597,Doug Smith,NT,TEN,1987,3.5,0,0
archive-20597,Doug Smith,NT,TEN,1988,3.0,0,0
archive-20597,Doug Smith,NT,TEN,1989,1.0,0,0
archive-20597,Doug Smith,NT,TEN,1990,2.0,0,0
archive-20597,Doug Smith,NT,TEN,1991,0.5,0,0
archive-20597,Doug Smith,NT,TEN,1992,0.0,0,0
archive-20606,Elliot Smith,DB,LAC,1989,0.0,0,0
archive-20606,Elliot Smith,CB,DEN,1990,0.0,0,0
archive-20609,Eric Smith,DB,KC,1987,0.0,0,0
archive-20614,Fernando Smith,DE,MIN,1994,0.0,0.0,0.0
archive-20614,Fernando Smith,DE,MIN,1995,2.5,0.0,0.0
archive-20614,Fernando Smith,DE,MIN,1996,9.5,0.0,0.0
archive-20614,Fernando Smith,DE,MIN,1997,4.0,0.0,0.0
archive-20614,Fernando Smith,DE,JAX,1998,2.0,0.0,0.0
archive-20616,Frankie Smith,CB,MIA,1993,0.0,0,0
archive-20616,Frankie Smith,CB,MIA,1994,1.0,0.0,1.0
archive-20616,Frankie Smith,CB,MIA,1995,0.0,0.0,0.0
archive-20616,Frankie Smith,DB,NYJ,1996,0.0,0.0,0.0
archive-20616,Frankie Smith,CB,SF,1996,0.0,0.0,0.0
archive-20616,Frankie Smith,DB,SF,1997,0.0,0.0,0.0
archive-20616,Frankie Smith,DB,CHI,1998,0.0,0.0,0.0
archive-20626,Greg Smith,DE,MIN,1984,0.0,0,0
archive-20632,Herman Smith,DE,TB,1995,0.0,0.0,0.0
archive-20632,Herman Smith,DE,TB,1996,0.0,0.0,0.0
archive-20653,Jermaine Smith,DT,GB,1997,1.0,0.0,0.0
archive-20670,Johnny Ray Smith,CB,TB,1982,0.0,0,0
archive-20670,Johnny Ray Smith,S,TB,1983,0.0,0,0
archive-20670,Johnny Ray Smith,DB,LAC,1984,0.0,0,0
archive-20682,Kevin Smith,DB,PIT,1991,0.0,0,0
archive-20684,Kevin Smith,CB,DAL,1992,0.0,0,0
archive-20684,Kevin Smith,CB,DAL,1993,0.0,0,0
archive-20684,Kevin Smith,CB,DAL,1994,0.0,0.0,3.0
archive-20684,Kevin Smith,CB,DAL,1995,0.0,0.0,0.0
archive-20684,Kevin Smith,CB,DAL,1996,0.0,0.0,5.0
archive-20684,Kevin Smith,CB,DAL,1997,0.0,0.0,1.0
archive-20684,Kevin Smith,CB,DAL,1998,0.0,0.0,2.0
archive-20693,Larry Smith,LB,TEN,1987,0.0,0,0
archive-20700,Leonard Smith,DB,ARI,1983,0.0,0,0
archive-20700,Leonard Smith,S,ARI,1984,1.0,0,0
archive-20700,Leonard Smith,S,ARI,1985,3.0,0,0
archive-20700,Leonard Smith,DB,ARI,1986,5.0,0,0
archive-20700,Leonard Smith,DB,ARI,1987,2.0,0,0
archive-20700,Leonard Smith,DB,ARI,1988,0.0,0,0
archive-20700,Leonard Smith,S,BUF,1988,1.0,0,0
archive-20700,Leonard Smith,S,BUF,1989,0.0,0,0
archive-20700,Leonard Smith,S,BUF,1990,0.0,0,0
archive-20700,Leonard Smith,S,BUF,1991,3.5,0,0
archive-20702,Lucious Smith,DB,LAR,1982,0.0,0,0
archive-20702,Lucious Smith,CB,KC,1983,0.0,0,0
archive-20702,Lucious Smith,CB,BUF,1984,0.0,0,0
archive-20702,Lucious Smith,DB,LAC,1984,0.0,0,0
archive-20702,Lucious Smith,DB,LAC,1985,0.0,0,0
archive-20707,Mark Smith,DT,ARI,1997,6.0,0.0,0.0
archive-20707,Mark Smith,DT,DET,1997,0.0,0.0,0.0
archive-20707,Mark Smith,DT,ARI,1998,9.0,0.0,0.0
archive-20712,Matt Smith,LB,DEN,1987,0.0,0,0
archive-20718,Mike Smith,DB,MIA,1985,0.0,0,0
archive-20718,Mike Smith,DB,MIA,1986,1.0,0,0
archive-20718,Mike Smith,DB,MIA,1987,0.0,0,0
archive-20723,Neil Smith,DE,KC,1988,2.5,0,0
archive-20723,Neil Smith,DE,KC,1989,6.5,0,0
archive-20723,Neil Smith,DE,KC,1990,11.0,0,0
archive-20723,Neil Smith,DE,KC,1991,8.0,0,0
archive-20723,Neil Smith,DE,KC,1992,15.5,0,0
archive-20723,Neil Smith,DE,KC,1993,18.0,0,0
archive-20723,Neil Smith,DE,KC,1994,11.5,0.0,1.0
archive-20723,Neil Smith,DE,KC,1995,13.0,0.0,0.0
archive-20723,Neil Smith,DE,KC,1996,6.0,0.0,0.0
archive-20723,Neil Smith,DE,DEN,1997,11.5,0.0,0.0
archive-20723,Neil Smith,DE,DEN,1998,4.0,0.0,1.0
archive-20732,Otis Smith,CB,PHI,1991,0.0,0,0
archive-20732,Otis Smith,CB,PHI,1992,0.0,0,0
archive-20732,Otis Smith,CB,PHI,1993,0.0,0,0
archive-20732,Otis Smith,CB,PHI,1994,1.0,0.0,0.0
archive-20732,Otis Smith,CB,NYJ,1995,0.0,0.0,6.0
archive-20732,Otis Smith,CB,NE,1996,2.0,0.0,2.0
archive-20732,Otis Smith,CB,NYJ,1996,0.0,0.0,0.0
archive-20732,Otis Smith,CB,NYJ,1997,0.0,0.0,6.0
archive-20732,Otis Smith,DB,TB,1997,0.0,0.0,0.0
archive-20732,Otis Smith,CB,NYJ,1998,0.0,0.0,3.0
archive-20751,Ricky Smith,DB,NE,1982,0.0,0,0
archive-20751,Ricky Smith,DB,NE,1983,0.0,0,0
archive-20751,Ricky Smith,DB,NE,1984,0.0,0,0
archive-20751,Ricky Smith,DB,WAS,1984,0.0,0,0
archive-20751,Ricky Smith,DB,DET,1987,0.0,0,0
archive-20756,Robert Smith,DE,MIN,1985,0.0,0,0
archive-20758,Rod Smith,DB,NE,1992,0.0,0,0
archive-20758,Rod Smith,CB,NE,1993,0.0,0,0
archive-20758,Rod Smith,CB,NE,1994,0.5,0.0,2.0
archive-20758,Rod Smith,CB,CAR,1995,0.0,0.0,0.0
archive-20758,Rod Smith,DB,CAR,1996,1.0,0.0,0.0
archive-20758,Rod Smith,DB,KC,1996,0.0,0.0,0.0
archive-20758,Rod Smith,DB,CAR,1997,0.0,0.0,0.0
archive-20758,Rod Smith,DB,CAR,1998,0.0,0.0,1.0
archive-20758,Rod Smith,DB,GB,1998,0.0,0.0,1.0
archive-20772,Sean Smith,DE,CHI,1987,0.0,0,0
archive-20772,Sean Smith,DE,CHI,1988,2.0,0,0
archive-20772,Sean Smith,DE,DAL,1989,0.0,0,0
archive-20772,Sean Smith,DE,LAR,1989,0.0,0,0
archive-20772,Sean Smith,DE,TB,1989,1.0,0,0
archive-20773,Sean Smith,DE,NE,1990,1.5,0,0
archive-20773,Sean Smith,DE,NE,1991,0.0,0,0
archive-20779,Shevin Smith,DB,TB,1998,0.0,0.0,0.0
archive-20786,Struggy Smith,DB,ATL,1987,0.0,0,0
archive-20794,Thomas Smith,CB,BUF,1993,0.0,0,0
archive-20794,Thomas Smith,CB,BUF,1994,0.0,0.0,1.0
archive-20794,Thomas Smith,CB,BUF,1995,0.0,0.0,2.0
archive-20794,Thomas Smith,CB,BUF,1996,0.0,0.0,2.0
archive-20794,Thomas Smith,CB,BUF,1997,0.0,0.0,0.0
archive-20794,Thomas Smith,CB,BUF,1998,0.0,0.0,1.0
archive-20800,Torin Smith,DE,NYG,1987,0.0,0,0
archive-20802,Travian Smith,LB,LV,1998,0.0,0.0,0.0
archive-20811,Vinson Smith,LB,ATL,1988,0.0,0,0
archive-20811,Vinson Smith,LB,DAL,1990,0.0,0,0
archive-20811,Vinson Smith,LB,DAL,1991,0.0,0,0
archive-20811,Vinson Smith,LB,DAL,1992,1.0,0,0
archive-20811,Vinson Smith,LB,CHI,1993,0.0,0,0
archive-20811,Vinson Smith,LB,CHI,1994,1.0,0.0,0.0
archive-20811,Vinson Smith,LB,CHI,1995,4.0,0.0,0.0
archive-20811,Vinson Smith,LB,CHI,1996,1.0,0.0,0.0
archive-20811,Vinson Smith,LB,DAL,1997,1.0,0.0,0.0
archive-20811,Vinson Smith,LB,NO,1998,0.0,0.0,0.0
archive-20816,Wayne Smith,DB,ARI,1982,0.0,0,0
archive-20816,Wayne Smith,CB,DET,1982,1.0,0,0
archive-20816,Wayne Smith,CB,ARI,1983,0.0,0,0
archive-20816,Wayne Smith,CB,ARI,1984,0.0,0,0
archive-20816,Wayne Smith,CB,ARI,1985,0.0,0,0
archive-20816,Wayne Smith,DB,ARI,1986,0.0,0,0
archive-20816,Wayne Smith,DB,MIN,1987,0.0,0,0
archive-20850,Angelo Snipes,LB,LAC,1986,0.0,0,0
archive-20850,Angelo Snipes,LB,WAS,1986,2.0,0,0
archive-20850,Angelo Snipes,LB,KC,1987,1.0,0,0
archive-20850,Angelo Snipes,LB,LAC,1987,1.0,0,0
archive-20850,Angelo Snipes,LB,KC,1988,2.0,0,0
archive-20850,Angelo Snipes,LB,KC,1989,0.0,0,0
archive-20856,Percy Snow,LB,KC,1990,2.0,0,0
archive-20856,Percy Snow,LB,KC,1992,0.0,0,0
archive-20856,Percy Snow,LB,CHI,1993,0.0,0,0
archive-20867,Pat Snyder,LB,IND,1987,0.0,0,0
archive-20867,Pat Snyder,LB,IND,1991,0.0,0,0
archive-20876,Brian Sochia,NT,TEN,1983,2.5,0,0
archive-20876,Brian Sochia,NT,TEN,1984,3.5,0,0
archive-20876,Brian Sochia,NT,TEN,1985,2.0,0,0
archive-20876,Brian Sochia,NT,MIA,1986,1.0,0,0
archive-20876,Brian Sochia,NT,MIA,1987,3.5,0,0
archive-20876,Brian Sochia,NT,MIA,1988,4.5,0,0
archive-20876,Brian Sochia,NT,MIA,1989,5.0,0,0
archive-20876,Brian Sochia,NT,MIA,1990,1.0,0,0
archive-20876,Brian Sochia,NT,DEN,1991,1.0,0,0
archive-20876,Brian Sochia,NT,MIA,1991,0.0,0,0
archive-20876,Brian Sochia,NT,DEN,1992,1.5,0,0
archive-20891,Jesse Solomon,LB,MIN,1986,0.0,0,0
archive-20891,Jesse Solomon,LB,MIN,1987,2.0,0,0
archive-20891,Jesse Solomon,LB,MIN,1988,2.5,0,0
archive-20891,Jesse Solomon,LB,DAL,1989,0.0,0,0
archive-20891,Jesse Solomon,LB,MIN,1989,0.0,0,0
archive-20891,Jesse Solomon,LB,DAL,1990,1.0,0,0
archive-20891,Jesse Solomon,LB,TB,1991,0.0,0,0
archive-20891,Jesse Solomon,LB,ATL,1992,4.5,0,0
archive-20891,Jesse Solomon,LB,ATL,1993,0.0,0,0
archive-20891,Jesse Solomon,LB,MIA,1994,0.0,0.0,0.0
archive-20903,Treg Songy,DB,NYJ,1987,0.0,0,0
archive-20925,Robert Sowell,DB,MIA,1983,0.0,0,0
archive-20925,Robert Sowell,DB,MIA,1984,0.0,0,0
archive-20925,Robert Sowell,DB,MIA,1985,1.0,0,0
archive-20925,Robert Sowell,DB,MIA,1987,0.0,0,0
archive-20941,Gary Spann,LB,KC,1987,0.0,0,0
archive-20945,Phillippi Sparks,DB,NYG,1992,0.0,0,0
archive-20945,Phillippi Sparks,CB,NYG,1993,0.0,0,0
archive-20945,Phillippi Sparks,CB,NYG,1994,0.0,0.0,3.0
archive-20945,Phillippi Sparks,CB,NYG,1995,0.0,0.0,5.0
archive-20945,Phillippi Sparks,CB,NYG,1996,0.0,0.0,3.0
archive-20945,Phillippi Sparks,CB,NYG,1997,1.0,0.0,5.0
archive-20945,Phillippi Sparks,CB,NYG,1998,0.0,0.0,4.0
archive-20952,Ernest Spears,DB,NO,1990,0.0,0,0
archive-20956,Ron Spears,DE,NE,1982,0.0,0,0
archive-20956,Ron Spears,DE,GB,1983,0.5,0,0
archive-20956,Ron Spears,DE,NE,1983,0.0,0,0
archive-20963,Del Speer,DB,CLE,1993,0.0,0,0
archive-20963,Del Speer,DB,CLE,1994,0.0,0.0,0.0
archive-20963,Del Speer,DB,SEA,1994,0.0,0.0,0.0
archive-20967,Alonzo Spellman,DE,CHI,1992,4.0,0,0
archive-20967,Alonzo Spellman,DE,CHI,1993,2.5,0,0
archive-20967,Alonzo Spellman,DE,CHI,1994,8.0,0.0,1.0
archive-20967,Alonzo Spellman,DE,CHI,1995,8.5,0.0,0.0
archive-20967,Alonzo Spellman,DE,CHI,1996,8.0,0.0,0.0
archive-20967,Alonzo Spellman,DE,CHI,1997,2.0,0.0,0.0
archive-20979,Herb Spencer,LB,ATL,1987,0.0,0,0
archive-20981,Jimmy Spencer,DB,NO,1992,0.0,0,0
archive-20981,Jimmy Spencer,DB,NO,1993,0.0,0,0
archive-20981,Jimmy Spencer,CB,NO,1994,0.0,0.0,5.0
archive-20981,Jimmy Spencer,CB,NO,1995,0.0,0.0,4.0
archive-20981,Jimmy Spencer,CB,CIN,1996,0.0,0.0,5.0
archive-20981,Jimmy Spencer,DB,LAC,1996,0.0,0.0,0.0
archive-20981,Jimmy Spencer,CB,CIN,1997,0.0,0.0,1.0
archive-20981,Jimmy Spencer,DB,MIN,1997,0.0,0.0,0.0
archive-20981,Jimmy Spencer,DB,NE,1997,0.0,0.0,0.0
archive-20981,Jimmy Spencer,DB,LAC,1998,0.0,0.0,1.0
archive-20995,Chris Spielman,LB,DET,1988,0.0,0,0
archive-20995,Chris Spielman,LB,DET,1989,5.0,0,0
archive-20995,Chris Spielman,LB,DET,1990,2.0,0,0
archive-20995,Chris Spielman,LB,DET,1991,1.0,0,0
archive-20995,Chris Spielman,LB,DET,1992,1.0,0,0
archive-20995,Chris Spielman,LB,DET,1993,0.5,0,0
archive-20995,Chris Spielman,LB,DET,1994,0.0,0.0,0.0
archive-20995,Chris Spielman,LB,DET,1995,1.0,0.0,1.0
archive-20995,Chris Spielman,LB,BUF,1996,0.0,0.0,1.0
archive-20995,Chris Spielman,LB,BUF,1997,0.0,0.0,1.0
archive-21002,Takeo Spikes,LB,CIN,1998,2.0,0.0,0.0
archive-21008,Marc Spindler,DE,DET,1990,1.0,0,0
archive-21008,Marc Spindler,DE,DET,1991,3.5,0,0
archive-21008,Marc Spindler,DE,DET,1992,2.5,0,0
archive-21008,Marc Spindler,DE,DET,1993,2.0,0,0
archive-21008,Marc Spindler,DE,DET,1994,0.0,0.0,0.0
archive-21008,Marc Spindler,DE,NYJ,1995,0.0,0.0,0.0
archive-21008,Marc Spindler,DE,NYJ,1996,0.5,0.0,1.0
archive-21008,Marc Spindler,DE,DET,1997,0.0,0.0,0.0
archive-21008,Marc Spindler,DE,DET,1998,0.0,0.0,0.0
archive-21011,Greg Spires,DE,NE,1998,5.0,0.0,0.0
archive-21014,Bob Spitulski,LB,SEA,1992,0.0,0,0
archive-21014,Bob Spitulski,LB,SEA,1993,0.0,0,0
archive-21014,Bob Spitulski,LB,SEA,1994,3.0,0.0,1.0
archive-21017,Mike Spivey,CB,ATL,1982,0.0,0,0
archive-21021,Danny Spradlin,LB,DAL,1982,0.0,0,0
archive-21021,Danny Spradlin,LB,TB,1983,1.0,0,0
archive-21021,Danny Spradlin,LB,TB,1984,0.0,0,0
archive-21021,Danny Spradlin,LB,ARI,1985,0.0,0,0
archive-21027,Kirk Springs,DB,NYJ,1982,0.0,0,0
archive-21027,Kirk Springs,DB,NYJ,1983,0.0,0,0
archive-21027,Kirk Springs,S,NYJ,1984,0.0,0,0
archive-21027,Kirk Springs,S,NYJ,1985,0.5,0,0
archive-21029,Shawn Springs,CB,SEA,1997,0.0,0.0,1.0
archive-21029,Shawn Springs,CB,SEA,1998,0.0,0.0,7.0
archive-21035,Jimmy Sprotte,LB,CIN,1998,0.0,0.0,0.0
archive-21041,Jack Squirek,LB,LV,1982,0.0,0,0
archive-21041,Jack Squirek,LB,LV,1983,1.0,0,0
archive-21041,Jack Squirek,LB,LV,1984,2.0,0,0
archive-21041,Jack Squirek,LB,LV,1985,0.0,0,0
archive-21041,Jack Squirek,LB,MIA,1986,0.0,0,0
archive-21045,Mike St. Clair,DE,CIN,1982,0.0,0,0
archive-21051,Jeremy Staat,DE,PIT,1998,0.0,0.0,0.0
archive-21057,Rich Stachowski,NT,DEN,1983,0.0,0,0
archive-21079,Dennis Stallings,LB,BUF,1997,0.0,0.0,0.0
archive-21079,Dennis Stallings,LB,MIA,1997,0.0,0.0,0.0
archive-21079,Dennis Stallings,LB,TEN,1997,0.0,0.0,0.0
archive-21079,Dennis Stallings,LB,TEN,1998,0.0,0.0,0.0
archive-21082,Ramondo Stallings,DE,CIN,1994,0.0,0.0,0.0
archive-21082,Ramondo Stallings,DE,CIN,1995,1.0,0.0,0.0
archive-21082,Ramondo Stallings,DE,CIN,1996,2.0,0.0,0.0
archive-21082,Ramondo Stallings,DE,LAC,1996,0.0,0.0,0.0
archive-21082,Ramondo Stallings,DE,CIN,1997,0.0,0.0,0.0
archive-21082,Ramondo Stallings,DE,NE,1997,0.0,0.0,0.0
archive-21085,Dave Stalls,DE,TB,1982,6.5,0,0
archive-21085,Dave Stalls,DE,LV,1983,0.5,0,0
archive-21085,Dave Stalls,DE,TB,1983,0.5,0,0
archive-21085,Dave Stalls,DE,LV,1985,0.0,0,0
archive-21088,Ron Stallworth,DE,NYJ,1989,2.0,0,0
archive-21088,Ron Stallworth,DE,NYJ,1990,1.0,0,0
archive-21093,Frank Stams,LB,LAR,1989,0.0,0,0
archive-21093,Frank Stams,LB,LAR,1990,0.0,0,0
archive-21093,Frank Stams,LB,LAR,1991,0.0,0,0
archive-21093,Frank Stams,LB,CLE,1992,0.0,0,0
archive-21093,Frank Stams,LB,CLE,1993,0.0,0,0
archive-21093,Frank Stams,LB,CLE,1994,2.0,0.0,1.0
archive-21093,Frank Stams,LB,CLE,1995,0.0,0.0,0.0
archive-21093,Frank Stams,LB,KC,1995,0.0,0.0,0.0
archive-21094,Harry Stanback,DE,IND,1982,0.0,0,0
archive-21109,Israel Stanley ,DT,NO,1995,2.0,0.0,0.0
archive-21114,Sylvester Stanley ,NT,NE,1994,0.0,0.0,0.0
archive-21126,Tony Stargell,CB,NYJ,1990,0.0,0,0
archive-21126,Tony Stargell,CB,NYJ,1991,0.0,0,0
archive-21126,Tony Stargell,DB,IND,1992,0.0,0,0
archive-21126,Tony Stargell,DB,IND,1993,1.0,0,0
archive-21126,Tony Stargell,CB,TB,1994,0.0,0.0,1.0
archive-21126,Tony Stargell,DB,TB,1995,0.0,0.0,0.0
archive-21126,Tony Stargell,DB,KC,1996,0.0,0.0,1.0
archive-21126,Tony Stargell,DB,CHI,1997,0.0,0.0,0.0
archive-21132,Duane Starks,CB,BAL,1998,0.0,0.0,5.0
archive-21138,Timothy Starks,DB,MIN,1987,0.0,0,0
archive-21149,Ralph Staten,DB,BAL,1997,0.0,0.0,2.0
archive-21149,Ralph Staten,DB,BAL,1998,1.0,0.0,3.0
archive-21152,Larry Station,LB,PIT,1986,0.0,0,0
archive-21163,Troy Stedman,LB,KC,1988,0.0,0,0
archive-21164,Joel Steed,NT,PIT,1992,0.0,0,0
archive-21164,Joel Steed,NT,PIT,1993,1.5,0,0
archive-21164,Joel Steed,NT,PIT,1994,2.0,0.0,0.0
archive-21164,Joel Steed,NT,PIT,1995,1.5,0.0,0.0
archive-21164,Joel Steed,NT,BUF,1996,0.0,0.0,0.0
archive-21164,Joel Steed,NT,NYJ,1996,0.0,0.0,0.0
archive-21164,Joel Steed,NT,PIT,1996,0.0,0.0,0.0
archive-21164,Joel Steed,NT,CIN,1997,0.0,0.0,0.0
archive-21164,Joel Steed,NT,NYJ,1997,0.0,0.0,0.0
archive-21164,Joel Steed,NT,PIT,1997,1.0,0.0,0.0
archive-21164,Joel Steed,NT,PIT,1998,1.0,0.0,0.0
archive-21170,Glen Steele,DT,CIN,1998,0.0,0.0,0.0
archive-21202,Greg Stemrick ,DB,TEN,1982,0.0,0,0
archive-21202,Greg Stemrick ,DB,NO,1983,0.0,0,0
archive-21207,Mike Stensrud,NT,TEN,1982,1.5,0,0
archive-21207,Mike Stensrud,NT,TEN,1983,2.0,0,0
archive-21207,Mike Stensrud,NT,TEN,1984,4.5,0,0
archive-21207,Mike Stensrud,NT,TEN,1985,5.0,0,0
archive-21207,Mike Stensrud,NT,MIN,1986,1.0,0,0
archive-21207,Mike Stensrud,NT,TB,1987,0.0,0,0
archive-21207,Mike Stensrud,NT,KC,1988,2.5,0,0
archive-21207,Mike Stensrud,NT,WAS,1989,0.0,0,0
archive-21209,Joe Stepanek,DT,MIN,1987,0.0,0,0
archive-21211,Scott Stephen,LB,GB,1987,0.0,0,0
archive-21211,Scott Stephen,LB,GB,1988,1.0,0,0
archive-21211,Scott Stephen,LB,GB,1989,1.0,0,0
archive-21211,Scott Stephen,LB,GB,1990,1.0,0,0
archive-21211,Scott Stephen,LB,GB,1991,1.5,0,0
archive-21211,Scott Stephen,LB,LAR,1992,0.0,0,0
archive-21216,Darnell Stephens,LB,TB,1995,0.0,0.0,0.0
archive-21216,Darnell Stephens,LB,TB,1996,0.0,0.0,0.0
archive-21218,Hal Stephens,DE,DET,1985,0.0,0,0
archive-21218,Hal Stephens,DE,KC,1985,0.0,0,0
archive-21225,Mac Stephens,LB,NYJ,1990,0.0,0,0
archive-21225,Mac Stephens,LB,MIN,1991,0.0,0,0
archive-21232,Rod Stephens,LB,SEA,1989,0.0,0,0
archive-21232,Rod Stephens,LB,SEA,1990,0.0,0,0
archive-21232,Rod Stephens,LB,SEA,1991,0.0,0,0
archive-21232,Rod Stephens,LB,SEA,1992,0.0,0,0
archive-21232,Rod Stephens,LB,SEA,1993,2.5,0,0
archive-21232,Rod Stephens,LB,SEA,1994,2.5,0.0,0.0
archive-21232,Rod Stephens,LB,WAS,1995,0.0,0.0,0.0
archive-21232,Rod Stephens,LB,WAS,1996,1.0,0.0,1.0
archive-21233,Santo Stephens,LB,KC,1993,0.0,0,0
archive-21233,Santo Stephens,LB,CIN,1994,0.0,0.0,0.0
archive-21233,Santo Stephens,LB,JAX,1995,0.0,0.0,0.0
archive-21266,Matt Stevens,S,BUF,1996,0.0,0.0,2.0
archive-21266,Matt Stevens,DB,GB,1997,0.0,0.0,0.0
archive-21266,Matt Stevens,DB,PHI,1997,0.0,0.0,1.0
archive-21266,Matt Stevens,DB,PHI,1998,0.0,0.0,0.0
archive-21266,Matt Stevens,DB,WAS,1998,0.0,0.0,0.0
archive-21277,Andrew Stewart,DE,CLE,1989,3.0,0,0
archive-21293,Mark Stewart,LB,MIN,1984,0.0,0,0
archive-21295,Michael Stewart,DB,LAR,1987,0.0,0,0
archive-21295,Michael Stewart,S,LAR,1988,1.0,0,0
archive-21295,Michael Stewart,DB,LAR,1989,0.0,0,0
archive-21295,Michael Stewart,FS,LAR,1990,0.0,0,0
archive-21295,Michael Stewart,S,LAR,1991,1.0,0,0
archive-21295,Michael Stewart,S,LAR,1992,2.0,0,0
archive-21295,Michael Stewart,S,LAR,1993,1.0,0,0
archive-21295,Michael Stewart,S,MIA,1994,0.0,0.0,4.0
archive-21295,Michael Stewart,S,MIA,1995,0.0,0.0,1.0
archive-21295,Michael Stewart,DB,MIA,1996,0.0,0.0,0.0
archive-21298,Rayna Stewart,DB,DAL,1996,0.0,0.0,0.0
archive-21298,Rayna Stewart,SAF,TEN,1996,0.0,0.0,0.0
archive-21298,Rayna Stewart,DB,BUF,1997,0.0,0.0,0.0
archive-21298,Rayna Stewart,DB,MIA,1997,0.0,0.0,0.0
archive-21298,Rayna Stewart,S,TEN,1997,0.5,0.0,0.0
archive-21298,Rayna Stewart,DB,MIA,1998,0.0,0.0,0.0
archive-21299,Ryan Stewart,DB,DET,1996,0.0,0.0,1.0
archive-21299,Ryan Stewart,DB,DET,1997,0.0,0.0,0.0
archive-21299,Ryan Stewart,DB,DET,1998,0.0,0.0,0.0
archive-21313,Art Still,DE,KC,1982,4.0,0,0
archive-21313,Art Still,DE,KC,1983,4.0,0,0
archive-21313,Art Still,DE,KC,1984,14.5,0,0
archive-21313,Art Still,DE,KC,1985,4.0,0,0
archive-21313,Art Still,DE,KC,1986,10.5,0,0
archive-21313,Art Still,DE,KC,1987,5.5,0,0
archive-21313,Art Still,DE,BUF,1988,7.0,0,0
archive-21313,Art Still,DE,BUF,1989,0.0,0,0
archive-21318,Ken Stills,DB,GB,1985,0.0,0,0
archive-21318,Ken Stills,DB,GB,1986,0.0,0,0
archive-21318,Ken Stills,DB,GB,1987,0.0,0,0
archive-21318,Ken Stills,FS,GB,1988,1.0,0,0
archive-21318,Ken Stills,DB,GB,1989,0.0,0,0
archive-21318,Ken Stills,FS,MIN,1990,0.0,0,0
archive-21329,Lemuel Stinson ,DB,CHI,1988,0.0,0,0
archive-21329,Lemuel Stinson ,DB,CHI,1989,0.0,0,0
archive-21329,Lemuel Stinson ,DB,CHI,1990,0.0,0,0
archive-21329,Lemuel Stinson ,DB,CHI,1991,0.0,0,0
archive-21329,Lemuel Stinson ,DB,CHI,1992,0.0,0,0
archive-21354,Eric Stokes,DB,NYJ,1997,0.0,0.0,0.0
archive-21354,Eric Stokes,DB,SEA,1997,0.0,0.0,0.0
archive-21354,Eric Stokes,DB,SEA,1998,0.0,0.0,0.0
archive-21355,Fred Stokes,DE,LAR,1987,0.5,0,0
archive-21355,Fred Stokes,DE,LAR,1988,1.0,0,0
archive-21355,Fred Stokes,DE,WAS,1989,3.0,0,0
archive-21355,Fred Stokes,DE,WAS,1990,7.5,0,0
archive-21355,Fred Stokes,DE,WAS,1991,9.5,0,0
archive-21355,Fred Stokes,DE,WAS,1992,7.5,0,0
archive-21355,Fred Stokes,DE,LAR,1993,9.5,0,0
archive-21355,Fred Stokes,DE,LAR,1994,2.0,0.0,0.0
archive-21355,Fred Stokes,DE,LAR,1995,3.5,0.0,0.0
archive-21355,Fred Stokes,DE,NO,1996,1.0,0.0,0.0
archive-21376,Mike Stonebreaker,LB,CHI,1991,0.0,0,0
archive-21376,Mike Stonebreaker,LB,NO,1994,0.0,0.0,0.0
archive-21380,Mike Stoops,DB,CHI,1987,0.0,0,0
archive-21385,Greg Storr,LB,MIA,1987,0.0,0,0
archive-21387,Erik Storz,LB,JAX,1998,0.0,0.0,0.0
archive-21394,Omar Stoutmire,DB,DAL,1997,2.0,0.0,2.0
archive-21394,Omar Stoutmire,FS,DAL,1998,1.0,0.0,0.0
archive-21398,Jeff Stover,DE,SF,1982,2.0,0,0
archive-21398,Jeff Stover,DE,SF,1983,2.5,0,0
archive-21398,Jeff Stover,DE,SF,1984,3.0,0,0
archive-21398,Jeff Stover,DE,SF,1985,10.0,0,0
archive-21398,Jeff Stover,DE,SF,1986,11.0,0,0
archive-21398,Jeff Stover,DE,SF,1987,3.5,0,0
archive-21398,Jeff Stover,DE,SF,1988,0.0,0,0
archive-21402,Tyronne Stowe,LB,PIT,1987,0.0,0,0
archive-21402,Tyronne Stowe,LB,PIT,1988,0.0,0,0
archive-21402,Tyronne Stowe,LB,PIT,1989,0.0,0,0
archive-21402,Tyronne Stowe,LB,PIT,1990,0.0,0,0
archive-21402,Tyronne Stowe,LB,ARI,1991,0.0,0,0
archive-21402,Tyronne Stowe,LB,ARI,1992,0.0,0,0
archive-21402,Tyronne Stowe,LB,ARI,1993,1.5,0,0
archive-21402,Tyronne Stowe,LB,WAS,1994,0.0,0.0,1.0
archive-21402,Tyronne Stowe,LB,SEA,1995,0.0,0.0,0.0
archive-21413,Michael Strahan,DE,NYG,1993,1.0,0,0
archive-21413,Michael Strahan,DE,NYG,1994,4.5,0.0,0.0
archive-21413,Michael Strahan,DE,NYG,1995,7.5,0.0,2.0
archive-21413,Michael Strahan,DE,NYG,1996,5.0,0.0,0.0
archive-21413,Michael Strahan,DE,NYG,1997,15.0,0.0,0.0
archive-21413,Michael Strahan,DE,SEA,1997,0.0,0.0,0.0
archive-21413,Michael Strahan,DE,NYG,1998,15.0,0.0,1.0
archive-21424,Thomas Strauthers,DE,PHI,1983,0.0,0,0
archive-21424,Thomas Strauthers,DE,PHI,1984,2.0,0,0
archive-21424,Thomas Strauthers,DE,PHI,1985,5.5,0,0
archive-21424,Thomas Strauthers,DE,PHI,1986,0.0,0,0
archive-21424,Thomas Strauthers,DE,DET,1988,2.0,0,0
archive-21424,Thomas Strauthers,DE,MIN,1989,1.0,0,0
archive-21424,Thomas Strauthers,DE,MIN,1990,4.0,0,0
archive-21424,Thomas Strauthers,DE,MIN,1991,2.5,0,0
archive-21430,George Streeter,DB,CHI,1989,0.0,0,0
archive-21430,George Streeter,DB,IND,1990,0.0,0,0
archive-21440,Fred Strickland,LB,LAR,1988,6.0,0,0
archive-21440,Fred Strickland,LB,LAR,1989,2.0,0,0
archive-21440,Fred Strickland,LB,LAR,1990,0.0,0,0
archive-21440,Fred Strickland,LB,LAR,1991,1.0,0,0
archive-21440,Fred Strickland,LB,LAR,1992,0.0,0,0
archive-21440,Fred Strickland,LB,MIN,1993,0.0,0,0
archive-21440,Fred Strickland,LB,GB,1994,0.0,0.0,1.0
archive-21440,Fred Strickland,LB,GB,1995,1.0,0.0,0.0
archive-21440,Fred Strickland,LB,DAL,1996,1.0,0.0,1.0
archive-21440,Fred Strickland,LB,DAL,1997,0.5,0.0,0.0
archive-21440,Fred Strickland,LB,DAL,1998,0.0,0.0,0.0
archive-21465,William Strong,DB,NO,1996,0.0,0.0,0.0
archive-21484,Dana Stubblefield,DT,SF,1993,12.5,0,0
archive-21484,Dana Stubblefield,DT,SF,1994,9.5,0.0,0.0
archive-21484,Dana Stubblefield,DT,SF,1995,5.5,0.0,1.0
archive-21484,Dana Stubblefield,DT,NYJ,1996,0.0,0.0,0.0
archive-21484,Dana Stubblefield,DT,SF,1996,2.0,0.0,1.0
archive-21484,Dana Stubblefield,DT,SF,1997,15.0,0.0,0.0
archive-21484,Dana Stubblefield,DT,WAS,1998,1.5,0.0,0.0
archive-21485,Danny Stubbs,DE,SF,1988,8.0,0,0
archive-21485,Danny Stubbs,DE,SF,1989,7.5,0,0
archive-21485,Danny Stubbs,DE,DAL,1990,7.5,0,0
archive-21485,Danny Stubbs,DE,CIN,1991,3.0,0,0
archive-21485,Danny Stubbs,DE,DAL,1991,1.0,0,0
archive-21485,Danny Stubbs,DE,CIN,1992,9.0,0,0
archive-21485,Danny Stubbs,DE,CIN,1993,5.0,0,0
archive-21485,Danny Stubbs,DE,PHI,1995,6.5,0.0,0.0
archive-21485,Danny Stubbs,DE,MIA,1996,9.0,0.0,0.0
archive-21485,Danny Stubbs,DE,MIA,1997,1.0,0.0,0.0
archive-21485,Danny Stubbs,DE,MIA,1998,0.0,0.0,0.0
archive-21489,Jim Stuckey,DE,SF,1982,0.0,0,0
archive-21489,Jim Stuckey,DE,SF,1983,2.5,0,0
archive-21489,Jim Stuckey,DE,SF,1984,4.0,0,0
archive-21489,Jim Stuckey,DE,SF,1985,2.0,0,0
archive-21489,Jim Stuckey,DE,NYJ,1986,0.0,0,0
archive-21489,Jim Stuckey,DE,SF,1986,0.0,0,0
archive-21490,Shawn Stuckey,LB,NE,1998,0.0,0.0,0.0
archive-21491,Mark Studaway,DE,TEN,1984,0.0,0,0
archive-21491,Mark Studaway,DE,TB,1985,0.0,0,0
archive-21491,Mark Studaway,DE,ATL,1987,0.5,0,0
archive-21497,Darren Studstill,DB,DAL,1994,0.0,0.0,0.0
archive-21497,Darren Studstill,DB,JAX,1995,0.0,0.0,0.0
archive-21497,Darren Studstill,DB,JAX,1996,0.0,0.0,0.0
archive-21497,Darren Studstill,DB,MIA,1996,0.0,0.0,0.0
archive-21499,Scott Studwell,LB,MIN,1982,4.0,0,0
archive-21499,Scott Studwell,LB,MIN,1983,2.0,0,0
archive-21499,Scott Studwell,LB,MIN,1984,0.0,0,0
archive-21499,Scott Studwell,LB,MIN,1985,0.0,0,0
archive-21499,Scott Studwell,LB,MIN,1986,1.0,0,0
archive-21499,Scott Studwell,LB,MIN,1987,2.0,0,0
archive-21499,Scott Studwell,LB,MIN,1988,1.0,0,0
archive-21499,Scott Studwell,LB,MIN,1989,1.0,0,0
archive-21499,Scott Studwell,LB,MIN,1990,0.0,0,0
archive-21516,Lorenzo Styles,LB,ATL,1995,0.0,0.0,0.0
archive-21516,Lorenzo Styles,LB,ATL,1996,0.0,0.0,0.0
archive-21516,Lorenzo Styles,LB,LAR,1997,0.0,0.0,0.0
archive-21516,Lorenzo Styles,LB,LAR,1998,0.0,0.0,0.0
archive-21541,John Sullins,LB,DEN,1992,0.0,0,0
archive-21545,Carl Sullivan,DE,GB,1987,0.5,0,0
archive-21546,Chris Sullivan,DE,BUF,1996,0.0,0.0,0.0
archive-21546,Chris Sullivan,DE,NE,1996,0.0,0.0,0.0
archive-21546,Chris Sullivan,DE,NE,1997,0.0,0.0,0.0
archive-21546,Chris Sullivan,DE,NE,1998,2.0,0.0,0.0
archive-21567,Ivory Sully,DB,LAR,1982,0.0,0,0
archive-21567,Ivory Sully,DB,LAR,1983,1.0,0,0
archive-21567,Ivory Sully,DB,LAR,1984,0.0,0,0
archive-21567,Ivory Sully,FS,TB,1985,0.0,0,0
archive-21567,Ivory Sully,DB,TB,1986,0.0,0,0
archive-21567,Ivory Sully,DB,DET,1987,0.0,0,0
archive-21590,Patrick Surtain,DB,MIA,1998,0.0,0.0,2.0
archive-21608,Mickey Sutton,DB,LAR,1986,0.0,0,0
archive-21608,Mickey Sutton,DB,LAR,1987,0.0,0,0
archive-21608,Mickey Sutton,DB,LAR,1988,0.0,0,0
archive-21608,Mickey Sutton,DB,BUF,1989,0.0,0,0
archive-21608,Mickey Sutton,DB,GB,1989,0.0,0,0
archive-21608,Mickey Sutton,CB,LAR,1990,0.0,0,0
archive-21611,Reggie Sutton,DB,NO,1987,0.0,0,0
archive-21611,Reggie Sutton,CB,NO,1988,0.0,0,0
archive-21626,John Swain,CB,MIN,1982,0.0,0,0
archive-21626,John Swain,CB,MIN,1983,0.0,0,0
archive-21626,John Swain,CB,MIN,1984,0.0,0,0
archive-21626,John Swain,DB,MIA,1985,0.0,0,0
archive-21626,John Swain,DB,PIT,1985,0.0,0,0
archive-21626,John Swain,DB,PIT,1986,0.0,0,0
archive-21632,Eric Swann,DT,ARI,1991,4.0,0,0
archive-21632,Eric Swann,DT,ARI,1992,2.0,0,0
archive-21632,Eric Swann,DT,ARI,1993,3.5,0,0
archive-21632,Eric Swann,DT,ARI,1994,7.0,0.0,1.0
archive-21632,Eric Swann,DT,ARI,1995,8.5,0.0,0.0
archive-21632,Eric Swann,DT,ARI,1996,5.0,0.0,0.0
archive-21632,Eric Swann,DT,ARI,1997,7.5,0.0,0.0
archive-21632,Eric Swann,DT,DET,1997,0.0,0.0,0.0
archive-21632,Eric Swann,DT,ARI,1998,4.0,0.0,0.0
archive-21643,Shawn Swayda,DE,ATL,1998,0.0,0.0,0.0
archive-21663,Bob Swenson,LB,DEN,1982,0.0,0,0
archive-21663,Bob Swenson,LB,DEN,1983,0.0,0,0
archive-21671,Pat Swilling,LB,NO,1986,4.0,0,0
archive-21671,Pat Swilling,LB,NO,1987,11.5,0,0
archive-21671,Pat Swilling,LB,NO,1988,7.0,0,0
archive-21671,Pat Swilling,LB,NO,1989,16.5,0,0
archive-21671,Pat Swilling,LB,NO,1990,11.0,0,0
archive-21671,Pat Swilling,LB,NO,1991,17.0,0,0
archive-21671,Pat Swilling,LB,NO,1992,10.5,0,0
archive-21671,Pat Swilling,LB,DET,1993,6.5,0,0
archive-21671,Pat Swilling,LB,DET,1994,3.5,0.0,0.0
archive-21671,Pat Swilling,LB,LV,1995,13.0,0.0,0.0
archive-21671,Pat Swilling,LB,ARI,1996,0.0,0.0,0.0
archive-21671,Pat Swilling,LB,LV,1996,6.0,0.0,0.0
archive-21671,Pat Swilling,LB,LV,1998,2.0,0.0,0.0
archive-21674,Rashod Swinger,DT,ARI,1997,0.0,0.0,0.0
archive-21674,Rashod Swinger,DT,ARI,1998,0.0,0.0,0.0
archive-21683,Craig Swoope,DB,TB,1986,1.0,0,0
archive-21683,Craig Swoope,S,IND,1988,1.0,0,0
archive-21685,Pat Swoopes,NT,NO,1987,1.0,0,0
archive-21722,Phil Tabor,DE,NYG,1982,3.5,0,0
archive-21731,Joe Taibi,DE,NYG,1987,0.0,0,0
archive-21746,Ben Talley,LB,NYG,1995,0.0,0.0,0.0
archive-21746,Ben Talley,LB,ATL,1998,0.0,0.0,0.0
archive-21747,Darryl Talley,LB,BUF,1983,5.0,0,0
archive-21747,Darryl Talley,LB,BUF,1984,5.0,0,0
archive-21747,Darryl Talley,LB,BUF,1985,2.0,0,0
archive-21747,Darryl Talley,LB,BUF,1986,3.0,0,0
archive-21747,Darryl Talley,LB,BUF,1987,1.0,0,0
archive-21747,Darryl Talley,LB,BUF,1988,3.5,0,0
archive-21747,Darryl Talley,LB,BUF,1989,7.0,0,0
archive-21747,Darryl Talley,LB,BUF,1990,4.0,0,0
archive-21747,Darryl Talley,LB,BUF,1991,5.0,0,0
archive-21747,Darryl Talley,LB,BUF,1992,6.5,0,0
archive-21747,Darryl Talley,LB,BUF,1993,3.0,0,0
archive-21747,Darryl Talley,LB,BUF,1994,0.0,0.0,0.0
archive-21747,Darryl Talley,LB,ATL,1995,0.0,0.0,0.0
archive-21747,Darryl Talley,LB,MIN,1996,0.0,0.0,1.0
archive-21766,Barron Tanner,DT,MIA,1997,0.0,0.0,0.0
archive-21766,Barron Tanner,DT,MIA,1998,0.5,0.0,0.0
archive-21774,Maa Tanuvasa,DE,DEN,1995,0.0,0.0,0.0
archive-21774,Maa Tanuvasa,DE,DEN,1996,5.0,0.0,0.0
archive-21774,Maa Tanuvasa,DE,NE,1996,0.0,0.0,0.0
archive-21774,Maa Tanuvasa,DE,DEN,1997,9.5,0.0,0.0
archive-21774,Maa Tanuvasa,DE,DEN,1998,8.5,0.0,0.0
archive-21780,Richard Tardits,LB,NE,1990,0.0,0,0
archive-21780,Richard Tardits,LB,NE,1991,0.0,0,0
archive-21780,Richard Tardits,LB,NE,1992,0.0,0,0
archive-21797,David Tate,DB,CHI,1988,0.0,0,0
archive-21797,David Tate,DB,CHI,1989,0.0,0,0
archive-21797,David Tate,CB,CHI,1990,0.0,0,0
archive-21797,David Tate,DB,CHI,1991,0.0,0,0
archive-21797,David Tate,DB,CHI,1992,0.0,0,0
archive-21797,David Tate,DB,NYG,1993,0.0,0,0
archive-21797,David Tate,S,IND,1994,0.0,0.0,3.0
archive-21797,David Tate,S,IND,1995,0.0,0.0,0.0
archive-21797,David Tate,DB,BAL,1996,0.0,0.0,0.0
archive-21797,David Tate,S,IND,1996,1.0,0.0,0.0
archive-21797,David Tate,DB,IND,1997,0.0,0.0,0.0
archive-21808,Kinnon Tatum,LB,CAR,1997,0.0,0.0,0.0
archive-21808,Kinnon Tatum,LB,CAR,1998,0.0,0.0,0.0
archive-21817,Terry Tautolo,LB,DET,1982,0.0,0,0
archive-21817,Terry Tautolo,LB,MIA,1983,0.0,0,0
archive-21817,Terry Tautolo,LB,DET,1984,0.0,0,0
archive-21823,Alphonso Taylor,DT,DEN,1993,0.0,0,0
archive-21828,Bobby Taylor,CB,PHI,1995,0.0,0.0,2.0
archive-21828,Bobby Taylor,CB,PHI,1996,1.0,0.0,3.0
archive-21828,Bobby Taylor,CB,PHI,1997,2.0,0.0,0.0
archive-21828,Bobby Taylor,CB,PHI,1998,0.0,0.0,0.0
archive-21830,Brian Taylor,DB,CHI,1989,0.0,0,0
archive-21830,Brian Taylor,DB,BUF,1991,0.0,0,0
archive-21839,Cordell Taylor,CB,JAX,1998,0.0,0.0,0.0
archive-21845,Derrick Taylor,DB,NO,1987,0.5,0,0
archive-21853,Henry Taylor,DT,DET,1998,0.0,0.0,0.0
archive-21856,Hosea Taylor,DE,IND,1983,0.0,0,0
archive-21862,Jason Taylor,DE,MIA,1997,5.0,0.0,0.0
archive-21862,Jason Taylor,DE,MIA,1998,9.0,0.0,0.0
archive-21863,Jay Taylor,DB,ARI,1989,0.0,0,0
archive-21863,Jay Taylor,CB,ARI,1990,0.0,0,0
archive-21863,Jay Taylor,DB,ARI,1991,0.0,0,0
archive-21863,Jay Taylor,DB,KC,1993,0.0,0,0
archive-21863,Jay Taylor,DB,KC,1994,0.0,0.0,1.0
archive-21871,Johnny Taylor,LB,ATL,1984,0.0,0,0
archive-21871,Johnny Taylor,LB,ATL,1985,1.0,0,0
archive-21871,Johnny Taylor,LB,ATL,1986,0.0,0,0
archive-21871,Johnny Taylor,LB,MIA,1986,0.0,0,0
archive-21871,Johnny Taylor,LB,LAC,1987,0.0,0,0
archive-21873,Keith Taylor,DB,IND,1988,0.0,0,0
archive-21873,Keith Taylor,DB,IND,1989,0.0,0,0
archive-21873,Keith Taylor,S,IND,1990,0.0,0,0
archive-21873,Keith Taylor,FS,IND,1991,0.0,0,0
archive-21873,Keith Taylor,S,NO,1992,0.0,0,0
archive-21873,Keith Taylor,S,NO,1993,0.0,0,0
archive-21873,Keith Taylor,DB,WAS,1994,0.0,0.0,0.0
archive-21873,Keith Taylor,S,WAS,1995,1.0,0.0,0.0
archive-21873,Keith Taylor,DB,WAS,1996,0.0,0.0,0.0
archive-21874,Ken Taylor,DB,CHI,1985,0.0,0,0
archive-21874,Ken Taylor,DB,LAC,1986,0.0,0,0
archive-21878,Lawrence Taylor,LB,NYG,1982,7.5,0,0
archive-21878,Lawrence Taylor,LB,NYG,1983,9.0,0,0
archive-21878,Lawrence Taylor,LB,NYG,1984,14.5,0,0
archive-21878,Lawrence Taylor,LB,NYG,1985,14.0,0,0
archive-21878,Lawrence Taylor,LB,NYG,1986,20.5,0,0
archive-21878,Lawrence Taylor,LB,NYG,1987,12.0,0,0
archive-21878,Lawrence Taylor,LB,NYG,1988,15.5,0,0
archive-21878,Lawrence Taylor,LB,NYG,1989,17.0,0,0
archive-21878,Lawrence Taylor,LB,NYG,1990,11.0,0,0
archive-21878,Lawrence Taylor,LB,NYG,1991,7.0,0,0
archive-21878,Lawrence Taylor,LB,NYG,1992,5.0,0,0
archive-21878,Lawrence Taylor,LB,NYG,1993,6.0,0,0
archive-21879,Leland Taylor,DT,BAL,1997,0.0,0.0,0.0
archive-21882,Malcolm Taylor,DE,TEN,1982,0.0,0,0
archive-21882,Malcolm Taylor,DE,TEN,1983,4.5,0,0
archive-21882,Malcolm Taylor,DE,TEN,1986,1.0,0,0
archive-21882,Malcolm Taylor,DE,LV,1987,3.0,0,0
archive-21882,Malcolm Taylor,DE,LV,1988,1.0,0,0
archive-21882,Malcolm Taylor,DE,ATL,1989,1.0,0,0
archive-21901,Terry Taylor,DB,SEA,1984,0.0,0,0
archive-21901,Terry Taylor,CB,SEA,1985,0.0,0,0
archive-21901,Terry Taylor,DB,SEA,1986,0.0,0,0
archive-21901,Terry Taylor,DB,SEA,1987,0.0,0,0
archive-21901,Terry Taylor,CB,SEA,1988,0.0,0,0
archive-21901,Terry Taylor,DB,DET,1989,0.0,0,0
archive-21901,Terry Taylor,CB,DET,1990,0.0,0,0
archive-21901,Terry Taylor,DB,DET,1991,0.0,0,0
archive-21901,Terry Taylor,CB,CLE,1992,0.0,0,0
archive-21901,Terry Taylor,CB,CLE,1993,0.0,0,0
archive-21901,Terry Taylor,DB,SEA,1994,0.0,0.0,1.0
archive-21901,Terry Taylor,CB,ATL,1995,0.0,0.0,3.0
archive-21914,Guy Teafatiller,DT,CHI,1987,1.5,0,0
archive-21915,George Teague,FS,GB,1993,0.0,0,0
archive-21915,George Teague,FS,GB,1994,0.0,0.0,3.0
archive-21915,George Teague,FS,GB,1995,0.0,0.0,3.0
archive-21915,George Teague,FS,DAL,1996,0.0,0.0,5.0
archive-21915,George Teague,FS,MIA,1997,0.0,0.0,2.0
archive-21915,George Teague,FS,DAL,1998,2.0,0.0,0.0
archive-21917,Pat Teague,LB,TB,1987,0.0,0,0
archive-21922,Willie Teal,CB,MIN,1982,0.0,0,0
archive-21922,Willie Teal,CB,MIN,1983,0.0,0,0
archive-21922,Willie Teal,CB,MIN,1984,0.0,0,0
archive-21922,Willie Teal,CB,MIN,1985,0.0,0,0
archive-21922,Willie Teal,DB,MIN,1986,0.0,0,0
archive-21922,Willie Teal,DB,LV,1987,0.0,0,0
archive-21928,Mike Teeter,DE,MIN,1991,0.0,0,0
archive-21928,Mike Teeter,DE,TEN,1993,1.0,0,0
archive-21928,Mike Teeter,DE,TEN,1994,0.0,0.0,0.0
archive-21930,Lance Teichelman,DE,IND,1994,0.0,0.0,0.0
archive-21951,Pat Terrell,FS,LAR,1990,0.0,0,0
archive-21951,Pat Terrell,FS,LAR,1991,0.0,0,0
archive-21951,Pat Terrell,FS,LAR,1992,0.0,0,0
archive-21951,Pat Terrell,FS,LAR,1993,0.0,0,0
archive-21951,Pat Terrell,SAF,NYJ,1994,0.0,0.0,0.0
archive-21951,Pat Terrell,FS,CAR,1995,0.0,0.0,3.0
archive-21951,Pat Terrell,FS,CAR,1996,0.0,0.0,4.0
archive-21951,Pat Terrell,DB,KC,1996,0.0,0.0,0.0
archive-21951,Pat Terrell,FS,CAR,1997,0.0,0.0,0.0
archive-21951,Pat Terrell,DB,GB,1998,1.0,0.0,1.0
archive-21958,Doug Terry,DB,KC,1992,0.0,0,0
archive-21958,Doug Terry,S,KC,1993,1.0,0,0
archive-21958,Doug Terry,DB,KC,1994,0.0,0.0,0.0
archive-21958,Doug Terry,SAF,KC,1995,0.0,0.0,0.0
archive-21960,Joe Terry,LB,SEA,1987,0.0,0,0
archive-21962,Rick Terry,DT,NYJ,1997,2.0,0.0,0.0
archive-21962,Rick Terry,DT,CAR,1998,2.0,0.0,0.0
archive-21964,Tim Terry,LB,CIN,1997,0.0,0.0,0.0
archive-21977,Richard Tharpe,DE,BUF,1987,0.0,0,0
archive-21978,Galand Thaxton,LB,ATL,1989,0.0,0,0
archive-21978,Galand Thaxton,LB,LAC,1991,0.0,0,0
archive-21989,Keith Thibodeaux,DB,WAS,1997,0.0,0.0,0.0
archive-21994,John Thierry,DE,CHI,1994,0.0,0.0,0.0
archive-21994,John Thierry,DE,CHI,1995,4.0,0.0,0.0
archive-21994,John Thierry,DE,CHI,1996,2.0,0.0,0.0
archive-21994,John Thierry,DE,CHI,1997,3.0,0.0,0.0
archive-21994,John Thierry,DE,CHI,1998,3.5,0.0,1.0
archive-22002,Ben Thomas,DE,NE,1985,1.0,0,0
archive-22002,Ben Thomas,DE,GB,1986,1.0,0,0
archive-22002,Ben Thomas,DE,NE,1986,1.0,0,0
archive-22002,Ben Thomas,DE,PIT,1988,0.5,0,0
archive-22002,Ben Thomas,DE,ATL,1989,1.0,0,0
archive-22002,Ben Thomas,DE,LAR,1991,0.0,0,0
archive-22007,Broderick Thomas,LB,TB,1989,2.0,0,0
archive-22007,Broderick Thomas,LB,TB,1990,7.5,0,0
archive-22007,Broderick Thomas,LB,TB,1991,11.0,0,0
archive-22007,Broderick Thomas,LB,TB,1992,5.0,0,0
archive-22007,Broderick Thomas,LB,TB,1993,1.0,0,0
archive-22007,Broderick Thomas,LB,DET,1994,7.0,0.0,0.0
archive-22007,Broderick Thomas,LB,MIN,1995,6.0,0.0,0.0
archive-22007,Broderick Thomas,LB,DAL,1996,5.5,0.0,0.0
archive-22007,Broderick Thomas,LB,DAL,1997,3.5,0.0,0.0
archive-22013,Carlton Thomas,DB,KC,1987,0.0,0,0
archive-22025,Dave Thomas,CB,DAL,1993,0.0,0,0
archive-22025,Dave Thomas,CB,DAL,1994,0.0,0.0,0.0
archive-22025,Dave Thomas,CB,JAX,1995,0.0,0.0,0.0
archive-22025,Dave Thomas,CB,JAX,1996,0.0,0.0,2.0
archive-22025,Dave Thomas,CB,JAX,1997,0.0,0.0,2.0
archive-22025,Dave Thomas,DB,MIA,1997,0.0,0.0,0.0
archive-22025,Dave Thomas,DB,NE,1997,0.0,0.0,0.0
archive-22025,Dave Thomas,CB,JAX,1998,0.0,0.0,1.0
archive-22028,Dee Thomas,DB,TEN,1990,0.0,0,0
archive-22031,Derrick Thomas,LB,KC,1989,10.0,0,0
archive-22031,Derrick Thomas,LB,KC,1990,20.0,0,0
archive-22031,Derrick Thomas,LB,KC,1991,15.5,0,0
archive-22031,Derrick Thomas,LB,KC,1992,16.0,0,0
archive-22031,Derrick Thomas,LB,KC,1993,10.0,0,0
archive-22031,Derrick Thomas,LB,KC,1994,12.0,0.0,0.0
archive-22031,Derrick Thomas,LB,KC,1995,8.0,0.0,0.0
archive-22031,Derrick Thomas,LB,KC,1996,13.0,0.0,0.0
archive-22031,Derrick Thomas,LB,KC,1997,9.5,0.0,0.0
archive-22031,Derrick Thomas,LB,KC,1998,12.0,0.0,0.0
archive-22045,Eric Thomas,DB,CIN,1987,1.0,0,0
archive-22045,Eric Thomas,CB,CIN,1988,0.0,0,0
archive-22045,Eric Thomas,CB,CIN,1989,2.0,0,0
archive-22045,Eric Thomas,CB,CIN,1990,0.0,0,0
archive-22045,Eric Thomas,CB,CIN,1991,0.0,0,0
archive-22045,Eric Thomas,CB,CIN,1992,0.0,0,0
archive-22045,Eric Thomas,CB,NYJ,1993,0.0,0,0
archive-22045,Eric Thomas,DB,NYJ,1994,0.0,0.0,0.0
archive-22045,Eric Thomas,CB,DEN,1995,0.0,0.0,0.0
archive-22046,Fred Thomas,DB,SEA,1996,0.0,0.0,0.0
archive-22046,Fred Thomas,DB,NYJ,1997,0.0,0.0,0.0
archive-22046,Fred Thomas,DB,SEA,1997,0.0,0.0,0.0
archive-22046,Fred Thomas,DB,SEA,1998,0.0,0.0,0.0
archive-22052,Henry Thomas,DT,MIN,1987,3.5,0,0
archive-22052,Henry Thomas,DT,MIN,1988,7.0,0,0
archive-22052,Henry Thomas,DT,MIN,1989,9.0,0,0
archive-22052,Henry Thomas,DT,MIN,1990,8.5,0,0
archive-22052,Henry Thomas,DT,MIN,1991,8.0,0,0
archive-22052,Henry Thomas,DT,MIN,1992,6.0,0,0
archive-22052,Henry Thomas,DT,MIN,1993,9.0,0,0
archive-22052,Henry Thomas,DT,MIN,1994,7.0,0.0,0.0
archive-22052,Henry Thomas,DT,DET,1995,11.5,0.0,0.0
archive-22052,Henry Thomas,DT,DET,1996,6.0,0.0,0.0
archive-22052,Henry Thomas,DT,NE,1997,7.0,0.0,0.0
archive-22052,Henry Thomas,DT,NE,1998,6.5,0.0,1.0
archive-22053,Hollis Thomas,DT,PHI,1996,1.0,0.0,0.0
archive-22053,Hollis Thomas,DT,GB,1997,0.0,0.0,0.0
archive-22053,Hollis Thomas,DT,PHI,1997,2.5,0.0,0.0
archive-22053,Hollis Thomas,DT,PHI,1998,5.0,0.0,0.0
archive-22055,J.T. Thomas,S,DEN,1982,0.0,0,0
archive-22072,Johnny Thomas,DB,WAS,1988,0.0,0,0
archive-22072,Johnny Thomas,DB,LAC,1989,0.0,0,0
archive-22072,Johnny Thomas,DB,WAS,1990,0.0,0,0
archive-22072,Johnny Thomas,DB,WAS,1992,0.0,0,0
archive-22072,Johnny Thomas,DB,WAS,1993,0.0,0,0
archive-22072,Johnny Thomas,DB,WAS,1994,0.0,0.0,0.0
archive-22072,Johnny Thomas,CB,CLE,1995,0.0,0.0,0.0
archive-22072,Johnny Thomas,DB,PHI,1996,0.0,0.0,0.0
archive-22088,Lynn Thomas,CB,SF,1982,0.0,0,0
archive-22091,Mark Thomas,DE,SF,1993,0.5,0,0
archive-22091,Mark Thomas,DE,SF,1994,1.0,0.0,0.0
archive-22091,Mark Thomas,DE,CAR,1995,2.0,0.0,0.0
archive-22091,Mark Thomas,DE,CAR,1996,4.0,0.0,0.0
archive-22091,Mark Thomas,DE,KC,1996,0.0,0.0,0.0
archive-22091,Mark Thomas,DE,CHI,1997,4.5,0.0,0.0
archive-22091,Mark Thomas,DE,CHI,1998,4.5,0.0,0.0
archive-22091,Mark Thomas,DE,IND,1998,1.0,0.0,0.0
archive-22093,Marvin Thomas,DE,DET,1998,0.0,0.0,0.0
archive-22099,Norris Thomas,CB,TB,1982,0.0,0,0
archive-22099,Norris Thomas,DB,TB,1983,0.0,0,0
archive-22099,Norris Thomas,DB,TB,1984,0.0,0,0
archive-22100,Orlando Thomas,FS,MIN,1995,0.0,0.0,9.0
archive-22100,Orlando Thomas,FS,MIN,1996,0.0,0.0,6.0
archive-22100,Orlando Thomas,FS,MIN,1997,0.0,0.0,2.0
archive-22100,Orlando Thomas,FS,MIN,1998,0.5,0.0,2.0
archive-22101,Pat Thomas,CB,LAR,1982,0.0,0,0
archive-22107,Ratcliff Thomas,LB,IND,1998,0.0,0.0,0.0
archive-22109,Ricky Thomas,DB,SEA,1987,0.0,0,0
archive-22114,Rodell Thomas,LB,SEA,1982,0.0,0,0
archive-22114,Rodell Thomas,LB,MIA,1983,0.0,0,0
archive-22114,Rodell Thomas,LB,MIA,1984,1.0,0,0
archive-22115,Rodney Thomas,DB,MIA,1988,0.0,0,0
archive-22115,Rodney Thomas,CB,MIA,1989,1.0,0,0
archive-22115,Rodney Thomas,DB,MIA,1990,0.0,0,0
archive-22115,Rodney Thomas,DB,LAR,1991,0.0,0,0
archive-22119,Sean Thomas,DB,ATL,1985,0.0,0,0
archive-22119,Sean Thomas,DB,CIN,1985,0.0,0,0
archive-22134,William Thomas,LB,PHI,1991,2.0,0,0
archive-22134,William Thomas,LB,PHI,1992,1.5,0,0
archive-22134,William Thomas,LB,PHI,1993,6.5,0,0
archive-22134,William Thomas,LB,PHI,1994,6.0,0.0,1.0
archive-22134,William Thomas,LB,PHI,1995,2.0,0.0,8.0
archive-22134,William Thomas,LB,PHI,1996,6.5,0.0,3.0
archive-22134,William Thomas,LB,GB,1997,0.0,0.0,0.0
archive-22134,William Thomas,LB,PHI,1997,5.0,0.0,2.0
archive-22134,William Thomas,LB,PHI,1998,2.0,0.0,1.0
archive-22136,Zach Thomas,LB,MIA,1996,2.0,0.0,3.0
archive-22136,Zach Thomas,LB,MIA,1997,0.5,0.0,1.0
archive-22136,Zach Thomas,LB,MIA,1998,2.0,0.0,3.0
archive-22142,Leon Thomasson,DB,ATL,1987,0.0,0,0
archive-22150,Bennie Thompson,DB,NO,1989,0.0,0,0
archive-22150,Bennie Thompson,DB,NO,1990,0.0,0,0
archive-22150,Bennie Thompson,DB,NO,1991,0.0,0,0
archive-22150,Bennie Thompson,DB,KC,1992,1.5,0,0
archive-22150,Bennie Thompson,DB,KC,1993,2.5,0,0
archive-22150,Bennie Thompson,SAF,CLE,1994,1.0,0.0,0.0
archive-22150,Bennie Thompson,SAF,CLE,1995,0.0,0.0,0.0
archive-22150,Bennie Thompson,DB,BAL,1996,3.0,0.0,0.0
archive-22150,Bennie Thompson,DB,BAL,1997,0.0,0.0,0.0
archive-22150,Bennie Thompson,DB,BAL,1998,0.0,0.0,0.0
archive-22177,Donnell Thompson,DE,IND,1982,1.0,0,0
archive-22177,Donnell Thompson,DE,IND,1983,4.0,0,0
archive-22177,Donnell Thompson,DE,IND,1984,4.0,0,0
archive-22177,Donnell Thompson,DE,IND,1985,5.0,0,0
archive-22177,Donnell Thompson,DE,IND,1986,4.0,0,0
archive-22177,Donnell Thompson,DE,IND,1987,5.5,0,0
archive-22177,Donnell Thompson,DE,IND,1988,3.0,0,0
archive-22177,Donnell Thompson,DE,IND,1989,7.0,0,0
archive-22177,Donnell Thompson,DE,IND,1990,1.5,0,0
archive-22177,Donnell Thompson,DE,IND,1991,5.0,0,0
archive-22178,Emmuel Thompson,DB,TEN,1987,0.0,0,0
archive-22181,Gary Thompson,DB,BUF,1983,0.0,0,0
archive-22181,Gary Thompson,CB,BUF,1984,0.0,0,0
archive-22202,Mike Thompson,DT,JAX,1995,0.0,0.0,0.0
archive-22202,Mike Thompson,DT,CIN,1998,0.5,0.0,0.0
archive-22208,Reyna Thompson,CB,MIA,1986,0.0,0,0
archive-22208,Reyna Thompson,CB,MIA,1987,0.0,0,0
archive-22208,Reyna Thompson,DB,MIA,1988,0.0,0,0
archive-22208,Reyna Thompson,DB,NYG,1989,0.0,0,0
archive-22208,Reyna Thompson,CB,NYG,1990,1.0,0,0
archive-22208,Reyna Thompson,DB,NYG,1991,0.0,0,0
archive-22208,Reyna Thompson,DB,NYG,1992,0.0,0,0
archive-22208,Reyna Thompson,CB,NE,1993,1.0,0,0
archive-22210,Robert Thompson,LB,TB,1983,0.0,0,0
archive-22210,Robert Thompson,LB,TB,1984,0.0,0,0
archive-22210,Robert Thompson,LB,DET,1987,2.0,0,0
archive-22215,Steve Thompson,DT,WAS,1987,1.0,0,0
archive-22218,Ted Thompson,LB,TEN,1982,0.0,0,0
archive-22218,Ted Thompson,LB,TEN,1983,1.0,0,0
archive-22218,Ted Thompson,LB,TEN,1984,0.0,0,0
archive-22228,Warren Thompson,LB,NYG,1987,2.0,0,0
archive-22239,Bruce Thornton ,DE,ARI,1982,1.0,0,0
archive-22245,George Thornton ,DT,LAC,1991,0.0,0,0
archive-22245,George Thornton ,DT,LAC,1992,2.0,0,0
archive-22245,George Thornton ,DT,NYG,1993,0.0,0,0
archive-22249,John Thornton ,DT,CLE,1991,1.0,0,0
archive-22256,Don Thorp,NT,NO,1984,0.0,0,0
archive-22256,Don Thorp,NT,IND,1987,3.0,0,0
archive-22256,Don Thorp,NT,IND,1988,0.0,0,0
archive-22256,Don Thorp,NT,KC,1988,0.0,0,0
archive-22264,Jabbar Threats,DE,JAX,1997,0.0,0.0,0.0
archive-22264,Jabbar Threats,DE,JAX,1998,0.0,0.0,0.0
archive-22265,Cliff Thrift,LB,LAC,1982,0.0,0,0
archive-22265,Cliff Thrift,LB,LAC,1983,0.0,0,0
archive-22265,Cliff Thrift,LB,LAC,1984,0.0,0,0
archive-22265,Cliff Thrift,LB,CHI,1985,0.0,0,0
archive-22265,Cliff Thrift,LB,LAR,1986,0.0,0,0
archive-22275,Dennis Thurman,CB,DAL,1982,0.0,0,0
archive-22275,Dennis Thurman,CB,DAL,1983,1.0,0,0
archive-22275,Dennis Thurman,DB,DAL,1984,1.0,0,0
archive-22275,Dennis Thurman,DB,DAL,1985,1.0,0,0
archive-22275,Dennis Thurman,DB,ARI,1986,0.0,0,0
archive-22277,Junior Thurman,DB,NO,1987,0.0,0,0
archive-22293,Calvin Tiggle,LB,TB,1991,1.0,0,0
archive-22293,Calvin Tiggle,LB,TB,1992,0.0,0,0
archive-22298,Emmett Tilley,LB,MIA,1983,0.0,0,0
archive-22305,Pat Tillman ,DB,ARI,1998,1.0,0.0,0.0
archive-22310,Tony Tillmon,DB,LV,1987,0.0,0,0
archive-22315,Kirk Timmer,LB,DAL,1987,0.0,0,0
archive-22333,Andre Tippett,LB,NE,1982,0.0,0,0
archive-22333,Andre Tippett,LB,NE,1983,8.5,0,0
archive-22333,Andre Tippett,LB,NE,1984,18.5,0,0
archive-22333,Andre Tippett,LB,NE,1985,17.5,0,0
archive-22333,Andre Tippett,LB,NE,1986,9.5,0,0
archive-22333,Andre Tippett,LB,NE,1987,12.5,0,0
archive-22333,Andre Tippett,LB,NE,1988,7.0,0,0
archive-22333,Andre Tippett,LB,NE,1990,3.5,0,0
archive-22333,Andre Tippett,LB,NE,1991,8.5,0,0
archive-22333,Andre Tippett,LB,NE,1992,7.0,0,0
archive-22333,Andre Tippett,LB,NE,1993,8.5,0,0
archive-22334,Ken Tippins,LB,DAL,1989,0.0,0,0
archive-22334,Ken Tippins,LB,ATL,1990,0.0,0,0
archive-22334,Ken Tippins,LB,ATL,1991,1.0,0,0
archive-22334,Ken Tippins,LB,ATL,1992,3.0,0,0
archive-22334,Ken Tippins,LB,ATL,1993,0.0,0,0
archive-22334,Ken Tippins,LB,ATL,1994,0.0,0.0,0.0
archive-22334,Ken Tippins,LB,ATL,1995,0.0,0.0,1.0
archive-22338,Rico Tipton,LB,SEA,1987,0.0,0,0
archive-22366,Loren Toews,LB,PIT,1982,2.5,0,0
archive-22366,Loren Toews,LB,PIT,1983,0.0,0,0
archive-22375,Tony Tolbert,DE,DAL,1989,2.0,0,0
archive-22375,Tony Tolbert,DE,DAL,1990,6.0,0,0
archive-22375,Tony Tolbert,DE,DAL,1991,7.0,0,0
archive-22375,Tony Tolbert,DE,DAL,1992,10.5,0,0
archive-22375,Tony Tolbert,DE,DAL,1993,10.5,0,0
archive-22375,Tony Tolbert,DE,DAL,1994,5.5,0.0,1.0
archive-22375,Tony Tolbert,DE,DAL,1995,10.5,0.0,0.0
archive-22375,Tony Tolbert,DE,DAL,1996,12.0,0.0,0.0
archive-22375,Tony Tolbert,DE,DAL,1997,5.0,0.0,0.0
archive-22378,Alvin Toles,LB,NO,1985,0.0,0,0
archive-22378,Alvin Toles,LB,NO,1986,0.0,0,0
archive-22378,Alvin Toles,LB,NO,1987,0.0,0,0
archive-22378,Alvin Toles,LB,NO,1988,0.0,0,0
archive-22379,Stuart Tolle,NT,DET,1987,0.0,0,0
archive-22394,Jared Tomich,DE,NO,1997,1.0,0.0,0.0
archive-22394,Jared Tomich,DE,NO,1998,6.0,0.0,0.0
archive-22411,Marco Tongue,DB,IND,1983,0.0,0,0
archive-22411,Marco Tongue,DB,BUF,1984,0.0,0,0
archive-22412,Reggie Tongue,DB,KC,1996,0.0,0.0,0.0
archive-22412,Reggie Tongue,S,KC,1997,2.5,0.0,1.0
archive-22412,Reggie Tongue,S,KC,1998,2.0,0.0,0.0
archive-22423,Jeff Tootle,LB,NYG,1987,0.0,0,0
archive-22427,Stacey Toran,DB,LV,1984,0.0,0,0
archive-22427,Stacey Toran,S,LV,1985,1.0,0,0
archive-22427,Stacey Toran,DB,LV,1986,6.0,0,0
archive-22427,Stacey Toran,DB,LV,1987,0.0,0,0
archive-22427,Stacey Toran,S,LV,1988,2.0,0,0
archive-22446,Darrel Toussaint,DB,NO,1987,0.0,0,0
archive-22448,Steve Tovar,LB,CIN,1993,0.0,0,0
archive-22448,Steve Tovar,LB,CIN,1994,3.0,0.0,1.0
archive-22448,Steve Tovar,LB,CIN,1995,1.0,0.0,1.0
archive-22448,Steve Tovar,LB,CIN,1996,3.0,0.0,4.0
archive-22448,Steve Tovar,LB,LAC,1996,0.0,0.0,0.0
archive-22448,Steve Tovar,LB,CIN,1997,0.0,0.0,0.0
archive-22448,Steve Tovar,LB,MIN,1997,0.0,0.0,0.0
archive-22448,Steve Tovar,LB,NE,1997,0.0,0.0,0.0
archive-22448,Steve Tovar,LB,LAC,1998,1.0,0.0,0.0
archive-22458,Andre Townsend,DE,DEN,1984,5.0,0,0
archive-22458,Andre Townsend,DE,DEN,1985,5.0,0,0
archive-22458,Andre Townsend,DE,DEN,1986,2.5,0,0
archive-22458,Andre Townsend,DE,DEN,1987,1.0,0,0
archive-22458,Andre Townsend,DE,DEN,1988,5.5,0,0
archive-22458,Andre Townsend,DE,DEN,1989,3.0,0,0
archive-22458,Andre Townsend,DE,DEN,1990,1.0,0,0
archive-22459,Brian Townsend,LB,CIN,1992,0.0,0,0
archive-22461,Deshea Townsend,DB,PIT,1998,0.0,0.0,0.0
archive-22462,Greg Townsend,DE,LV,1983,15.0,0,0
archive-22462,Greg Townsend,DE,LV,1984,7.0,0,0
archive-22462,Greg Townsend,DE,LV,1985,10.0,0,0
archive-22462,Greg Townsend,DE,LV,1986,11.5,0,0
archive-22462,Greg Townsend,DE,LV,1987,8.5,0,0
archive-22462,Greg Townsend,DE,LV,1988,11.5,0,0
archive-22462,Greg Townsend,DE,LV,1989,10.5,0,0
archive-22462,Greg Townsend,DE,LV,1990,15.5,0,0
archive-22462,Greg Townsend,DE,LV,1991,13.0,0,0
archive-22462,Greg Townsend,DE,LV,1992,5.0,0,0
archive-22462,Greg Townsend,DE,LV,1993,7.5,0,0
archive-22462,Greg Townsend,DE,PHI,1994,2.0,0.0,0.0
archive-22462,Greg Townsend,DE,LV,1997,0.0,0.0,0.0
archive-22475,James Trapp,DB,LV,1993,0.0,0,0
archive-22475,James Trapp,DB,LV,1994,1.0,0.0,0.0
archive-22475,James Trapp,DB,LV,1995,0.0,0.0,0.0
archive-22475,James Trapp,DB,ARI,1996,0.0,0.0,0.0
archive-22475,James Trapp,DB,LV,1996,0.0,0.0,1.0
archive-22475,James Trapp,DB,LV,1997,0.0,0.0,2.0
archive-22475,James Trapp,DB,LV,1998,0.0,0.0,0.0
archive-22483,Mack Travis,NT,DET,1993,0.0,0,0
archive-22487,Keith Traylor,DT,DEN,1991,0.0,0,0
archive-22487,Keith Traylor,DT,DEN,1992,1.0,0,0
archive-22487,Keith Traylor,DT,GB,1993,0.0,0,0
archive-22487,Keith Traylor,DT,KC,1995,1.5,0.0,0.0
archive-22487,Keith Traylor,DT,KC,1996,1.0,0.0,0.0
archive-22487,Keith Traylor,DT,DEN,1997,3.0,0.0,1.0
archive-22487,Keith Traylor,DT,DEN,1998,2.0,0.0,0.0
archive-22500,Greg Tremble,SAF,DAL,1995,0.0,0.0,0.0
archive-22500,Greg Tremble,SAF,PHI,1995,0.0,0.0,0.0
archive-22508,Steve Trimble,FS,DEN,1982,0.0,0,0
archive-22508,Steve Trimble,S,DEN,1983,0.0,0,0
archive-22508,Steve Trimble,DB,CHI,1987,0.0,0,0
archive-22514,Paul Tripoli,DB,TB,1987,0.0,0,0
archive-22525,Jeremiah Trotter,LB,PHI,1998,0.0,0.0,0.0
archive-22554,Esera Tuaolo,NT,GB,1991,3.5,0,0
archive-22554,Esera Tuaolo,NT,GB,1992,1.0,0,0
archive-22554,Esera Tuaolo,NT,MIN,1992,0.0,0,0
archive-22554,Esera Tuaolo,NT,MIN,1993,0.0,0,0
archive-22554,Esera Tuaolo,NT,MIN,1994,0.0,0.0,0.0
archive-22554,Esera Tuaolo,NT,MIN,1995,3.0,0.0,0.0
archive-22554,Esera Tuaolo,NT,MIN,1996,2.5,0.0,0.0
archive-22554,Esera Tuaolo,NT,JAX,1997,1.0,0.0,0.0
archive-22554,Esera Tuaolo,NT,ATL,1998,1.0,0.0,0.0
archive-22555,Natu Tuatagaloa,DE,CIN,1989,2.5,0,0
archive-22555,Natu Tuatagaloa,DE,CIN,1990,4.5,0,0
archive-22555,Natu Tuatagaloa,DE,CIN,1991,2.0,0,0
archive-22555,Natu Tuatagaloa,DE,SEA,1992,3.0,0,0
archive-22555,Natu Tuatagaloa,DE,SEA,1993,3.5,0,0
archive-22555,Natu Tuatagaloa,DE,TEN,1995,0.0,0.0,0.0
archive-22558,Winfred Tubbs,LB,NO,1994,1.0,0.0,1.0
archive-22558,Winfred Tubbs,LB,NO,1995,1.0,0.0,1.0
archive-22558,Winfred Tubbs,LB,NO,1996,1.0,0.0,1.0
archive-22558,Winfred Tubbs,LB,NO,1997,2.5,0.0,2.0
archive-22558,Winfred Tubbs,LB,SF,1998,1.0,0.0,1.0
archive-22563,Erroll Tucker,DB,BUF,1988,0.0,0,0
archive-22563,Erroll Tucker,DB,BUF,1989,0.0,0,0
archive-22563,Erroll Tucker,DB,NE,1989,0.0,0,0
archive-22581,Anthony Tuggle,DB,PIT,1985,0.0,0,0
archive-22581,Anthony Tuggle,DB,PIT,1987,0.0,0,0
archive-22582,Jessie Tuggle,LB,ATL,1987,1.0,0,0
archive-22582,Jessie Tuggle,LB,ATL,1988,0.0,0,0
archive-22582,Jessie Tuggle,LB,ATL,1989,1.0,0,0
archive-22582,Jessie Tuggle,LB,ATL,1990,5.0,0,0
archive-22582,Jessie Tuggle,LB,ATL,1991,1.0,0,0
archive-22582,Jessie Tuggle,LB,ATL,1992,1.0,0,0
archive-22582,Jessie Tuggle,LB,ATL,1993,2.0,0,0
archive-22582,Jessie Tuggle,LB,ATL,1994,0.0,0.0,1.0
archive-22582,Jessie Tuggle,LB,ATL,1995,1.0,0.0,3.0
archive-22582,Jessie Tuggle,LB,ATL,1996,1.0,0.0,0.0
archive-22582,Jessie Tuggle,LB,ATL,1997,1.5,0.0,0.0
archive-22582,Jessie Tuggle,LB,ATL,1998,3.0,0.0,0.0
archive-22585,Manu Tuiasosopo,DT,SEA,1982,2.0,0,0
archive-22585,Manu Tuiasosopo,DT,SEA,1983,0.5,0,0
archive-22585,Manu Tuiasosopo,DT,SF,1984,5.0,0,0
archive-22585,Manu Tuiasosopo,DT,SF,1985,3.0,0,0
archive-22585,Manu Tuiasosopo,DT,SF,1986,0.0,0,0
archive-22591,Van Tuinei,DE,LAC,1997,0.0,0.0,0.0
archive-22591,Van Tuinei,DE,IND,1998,2.0,0.0,0.0
archive-22598,Willie Tullis,CB,TEN,1982,0.0,0,0
archive-22598,Willie Tullis,CB,TEN,1983,0.0,0,0
archive-22598,Willie Tullis,CB,TEN,1984,0.0,0,0
archive-22598,Willie Tullis,DB,NO,1985,0.0,0,0
archive-22598,Willie Tullis,DB,NO,1986,0.0,0,0
archive-22598,Willie Tullis,DB,IND,1987,0.0,0,0
archive-22598,Willie Tullis,CB,IND,1988,1.0,0,0
archive-22603,Tom Tumulty,LB,CIN,1996,0.0,0.0,0.0
archive-22603,Tom Tumulty,LB,LAC,1996,0.0,0.0,0.0
archive-22603,Tom Tumulty,LB,CIN,1997,1.0,0.0,0.0
archive-22603,Tom Tumulty,LB,NE,1997,0.0,0.0,0.0
archive-22603,Tom Tumulty,LB,CIN,1998,0.5,0.0,0.0
archive-22610,Jeff Tupper,DE,PHI,1986,0.0,0,0
archive-22610,Jeff Tupper,DE,DEN,1987,1.5,0,0
archive-22623,Renaldo Turnbull,DE,NO,1990,11.0,0,0
archive-22623,Renaldo Turnbull,DE,NO,1991,1.0,0,0
archive-22623,Renaldo Turnbull,DE,NO,1992,1.5,0,0
archive-22623,Renaldo Turnbull,DE,NO,1993,13.0,0,0
archive-22623,Renaldo Turnbull,DE,NO,1994,6.5,0.0,0.0
archive-22623,Renaldo Turnbull,DE,NO,1995,7.0,0.0,0.0
archive-22623,Renaldo Turnbull,DE,NO,1996,6.5,0.0,0.0
archive-22623,Renaldo Turnbull,DE,CAR,1997,1.0,0.0,0.0
archive-22630,Calvin Turner,DE,TB,1987,3.5,0,0
archive-22637,Eric Turner,FS,CLE,1991,0.0,0,0
archive-22637,Eric Turner,S,CLE,1992,1.0,0,0
archive-22637,Eric Turner,FS,CLE,1993,0.0,0,0
archive-22637,Eric Turner,FS,CLE,1994,1.0,0.0,10.0
archive-22637,Eric Turner,FS,CLE,1995,0.0,0.0,0.0
archive-22637,Eric Turner,FS,BAL,1996,0.0,0.0,5.0
archive-22637,Eric Turner,FS,LV,1997,0.0,0.0,2.0
archive-22637,Eric Turner,FS,LV,1998,1.0,0.0,3.0
archive-22646,Jimmie Turner,LB,DAL,1984,0.0,0,0
archive-22647,Jimmy Turner,DB,CIN,1983,0.0,0,0
archive-22647,Jimmy Turner,S,CIN,1984,0.0,0,0
archive-22647,Jimmy Turner,DB,CIN,1985,0.0,0,0
archive-22647,Jimmy Turner,DB,ATL,1986,0.0,0,0
archive-22647,Jimmy Turner,DB,CIN,1986,0.0,0,0
archive-22647,Jimmy Turner,DB,ATL,1987,0.0,0,0
archive-22648,John Turner,S,MIN,1982,0.0,0,0
archive-22648,John Turner,FS,MIN,1983,1.0,0,0
archive-22648,John Turner,DB,LAC,1984,0.0,0,0
archive-22648,John Turner,FS,MIN,1985,0.0,0,0
archive-22648,John Turner,DB,MIN,1987,0.0,0,0
archive-22649,Keena Turner,LB,SF,1982,1.0,0,0
archive-22649,Keena Turner,LB,SF,1983,3.5,0,0
archive-22649,Keena Turner,LB,SF,1984,2.0,0,0
archive-22649,Keena Turner,LB,SF,1985,6.0,0,0
archive-22649,Keena Turner,LB,SF,1986,3.0,0,0
archive-22649,Keena Turner,LB,SF,1987,3.0,0,0
archive-22649,Keena Turner,LB,SF,1988,0.0,0,0
archive-22649,Keena Turner,LB,SF,1989,0.0,0,0
archive-22649,Keena Turner,LB,SF,1990,1.0,0,0
archive-22650,Kevin Turner,LB,CLE,1982,0.0,0,0
archive-22654,Marcus Turner,DB,ARI,1989,0.0,0,0
archive-22654,Marcus Turner,DB,ARI,1990,0.0,0,0
archive-22654,Marcus Turner,DB,ARI,1991,0.0,0,0
archive-22654,Marcus Turner,DB,NYJ,1992,0.0,0,0
archive-22654,Marcus Turner,DB,NYJ,1993,1.0,0,0
archive-22654,Marcus Turner,DB,NYJ,1994,0.0,0.0,5.0
archive-22654,Marcus Turner,CB,NYJ,1995,0.0,0.0,0.0
archive-22663,Richard Turner,NT,GB,1982,0.0,0,0
archive-22663,Richard Turner,NT,GB,1983,1.0,0,0
archive-22669,Scott Turner,DB,WAS,1995,1.0,0.0,1.0
archive-22669,Scott Turner,DB,WAS,1996,0.0,0.0,2.0
archive-22669,Scott Turner,DB,LAC,1997,0.0,0.0,0.0
archive-22669,Scott Turner,DB,WAS,1997,0.0,0.0,0.0
archive-22669,Scott Turner,DB,LAC,1998,1.0,0.0,1.0
archive-22670,T.J. Turner,DE,MIA,1986,2.0,0,0
archive-22670,T.J. Turner,DE,MIA,1987,4.0,0,0
archive-22670,T.J. Turner,DE,MIA,1988,5.0,0,0
archive-22670,T.J. Turner,DE,MIA,1989,0.0,0,0
archive-22670,T.J. Turner,DE,MIA,1990,1.0,0,0
archive-22670,T.J. Turner,DE,MIA,1991,4.0,0,0
archive-22670,T.J. Turner,DE,MIA,1992,0.0,0,0
archive-22678,Miles Turpin,LB,GB,1986,0.0,0,0
archive-22678,Miles Turpin,LB,TB,1987,2.0,0,0
archive-22684,Tom Tutson,DB,ATL,1983,0.0,0,0
archive-22727,Mike Ulmer,DB,PHI,1987,0.0,0,0
archive-22731,Mike Ulufale,DT,DAL,1996,0.0,0.0,0.0
archive-22752,Terry Unrein,NT,LAC,1986,0.5,0,0
archive-22752,Terry Unrein,NT,LAC,1987,2.5,0,0
archive-22754,Eric Unverzagt,LB,SEA,1996,0.0,0.0,0.0
archive-22754,Eric Unverzagt,LB,SEA,1997,0.0,0.0,0.0
archive-22760,Regan Upshaw,DE,TB,1996,4.0,0.0,0.0
archive-22760,Regan Upshaw,DE,TB,1997,7.5,0.0,0.0
archive-22760,Regan Upshaw,DE,TB,1998,7.0,0.0,1.0
archive-22794,Zack Valentine,LB,PHI,1982,0.0,0,0
archive-22825,Brad Van Pelt,LB,NYG,1982,2.0,0,0
archive-22825,Brad Van Pelt,LB,NYG,1983,3.0,0,0
archive-22825,Brad Van Pelt,LB,LV,1984,0.0,0,0
archive-22825,Brad Van Pelt,LB,LV,1985,5.0,0,0
archive-22825,Brad Van Pelt,LB,CLE,1986,0.0,0,0
archive-22834,Eric Vance,DB,TB,1998,0.0,0.0,0.0
archive-22840,Matt Vanderbeek,LB,IND,1990,0.0,0,0
archive-22840,Matt Vanderbeek,LB,IND,1991,0.0,0,0
archive-22840,Matt Vanderbeek,LB,IND,1992,0.0,0,0
archive-22840,Matt Vanderbeek,LB,DAL,1993,0.0,0,0
archive-22840,Matt Vanderbeek,LB,DAL,1994,0.0,0.0,0.0
archive-22840,Matt Vanderbeek,LB,WAS,1995,0.0,0.0,0.0
archive-22840,Matt Vanderbeek,LB,WAS,1996,0.0,0.0,0.0
archive-22848,Sean Vanhorse,DB,LAC,1992,0.0,0,0
archive-22848,Sean Vanhorse,DB,LAC,1993,0.0,0,0
archive-22848,Sean Vanhorse,DB,LAC,1994,0.0,0.0,2.0
archive-22848,Sean Vanhorse,CB,DET,1995,0.0,0.0,1.0
archive-22848,Sean Vanhorse,DB,MIN,1996,0.0,0.0,0.0
archive-22849,Norwood Vann,LB,LAR,1984,0.0,0,0
archive-22849,Norwood Vann,LB,LAR,1985,0.0,0,0
archive-22849,Norwood Vann,LB,LAR,1986,0.0,0,0
archive-22849,Norwood Vann,LB,LAR,1987,0.0,0,0
archive-22849,Norwood Vann,LB,LV,1988,0.0,0,0
archive-22872,Ruben Vaughan,DT,LV,1982,5.0,0,0
archive-22872,Ruben Vaughan,DT,MIN,1984,0.0,0,0
archive-22877,Clarence Vaughn,DB,WAS,1987,1.0,0,0
archive-22877,Clarence Vaughn,DB,WAS,1988,1.0,0,0
archive-22877,Clarence Vaughn,DB,WAS,1989,0.0,0,0
archive-22877,Clarence Vaughn,DB,WAS,1990,0.0,0,0
archive-22877,Clarence Vaughn,DB,WAS,1991,0.0,0,0
archive-22886,Craig Veasey,DT,PIT,1990,0.0,0,0
archive-22886,Craig Veasey,DT,PIT,1991,2.0,0,0
archive-22886,Craig Veasey,DT,TEN,1992,0.0,0,0
archive-22886,Craig Veasey,DT,MIA,1993,2.0,0,0
archive-22886,Craig Veasey,DT,TEN,1993,0.0,0,0
archive-22886,Craig Veasey,DT,MIA,1994,2.5,0.0,1.0
archive-22886,Craig Veasey,DT,TEN,1995,0.0,0.0,0.0
archive-22891,Tony Veland,DB,DEN,1997,0.0,0.0,0.0
archive-22891,Tony Veland,FS,CAR,1998,0.0,0.0,1.0
archive-22913,Garin Veris,DE,NE,1985,14.0,0,0
archive-22913,Garin Veris,DE,NE,1986,11.0,0,0
archive-22913,Garin Veris,DE,NE,1987,7.0,0,0
archive-22913,Garin Veris,DE,NE,1988,2.0,0,0
archive-22913,Garin Veris,DE,NE,1990,2.0,0,0
archive-22913,Garin Veris,DE,NE,1991,4.0,0,0
archive-22913,Garin Veris,DE,SF,1992,0.0,0,0
archive-22944,Vince Villanucci,NT,GB,1987,0.0,0,0
archive-22947,Phil Villapiano,LB,BUF,1982,0.0,0,0
archive-22947,Phil Villapiano,LB,BUF,1983,0.0,0,0
archive-22954,Shawn Vincent,DB,PIT,1991,0.0,0,0
archive-22956,Troy Vincent,CB,MIA,1992,0.0,0,0
archive-22956,Troy Vincent,CB,MIA,1993,0.0,0,0
archive-22956,Troy Vincent,CB,MIA,1994,0.0,0.0,5.0
archive-22956,Troy Vincent,CB,MIA,1995,0.0,0.0,6.0
archive-22956,Troy Vincent,CB,PHI,1996,0.0,0.0,3.0
archive-22956,Troy Vincent,CB,PHI,1997,0.0,0.0,3.0
archive-22956,Troy Vincent,CB,PHI,1998,1.0,0.0,2.0
archive-22960,Fernandus Vinson,DB,CIN,1991,0.0,0,0
archive-22960,Fernandus Vinson,FS,CIN,1992,1.0,0,0
archive-22960,Fernandus Vinson,S,CIN,1993,0.0,0,0
archive-22960,Fernandus Vinson,S,CIN,1994,0.0,0.0,0.0
archive-22965,Scott Virkus,DE,BUF,1983,0.0,0,0
archive-22965,Scott Virkus,DE,BUF,1984,0.0,0,0
archive-22965,Scott Virkus,DE,IND,1984,0.0,0,0
archive-22965,Scott Virkus,DE,NE,1984,0.0,0,0
archive-22965,Scott Virkus,DE,IND,1985,4.0,0,0
archive-22977,Paul Vogel,LB,TEN,1987,0.0,0,0
archive-22994,Scott Von der Ahe,LB,IND,1997,0.0,0.0,0.0
archive-22995,Kimo von Oelhoffen,DE,CIN,1994,0.0,0.0,0.0
archive-22995,Kimo von Oelhoffen,DE,CIN,1995,0.0,0.0,0.0
archive-22995,Kimo von Oelhoffen,DE,CIN,1996,1.0,0.0,0.0
archive-22995,Kimo von Oelhoffen,DE,LAC,1996,0.0,0.0,0.0
archive-22995,Kimo von Oelhoffen,DE,CIN,1997,0.0,0.0,0.0
archive-22995,Kimo von Oelhoffen,DE,MIN,1997,0.0,0.0,0.0
archive-22995,Kimo von Oelhoffen,DE,NE,1997,0.0,0.0,0.0
archive-22995,Kimo von Oelhoffen,DE,CIN,1998,0.0,0.0,0.0
archive-23003,Mike Vrabel,LB,PIT,1997,2.5,0.0,0.0
archive-23003,Mike Vrabel,LB,PIT,1998,2.5,0.0,0.0
archive-23011,Jude Waddy,LB,GB,1998,1.0,0.0,0.0
archive-23023,Andre Wadsworth,DE,ARI,1998,7.0,0.0,0.0
archive-23024,Henry Waechter,DE,CHI,1982,0.0,0,0
archive-23024,Henry Waechter,DE,IND,1983,1.5,0,0
archive-23024,Henry Waechter,DE,CHI,1984,3.0,0,0
archive-23024,Henry Waechter,DE,IND,1984,0.0,0,0
archive-23024,Henry Waechter,DE,CHI,1985,3.5,0,0
archive-23024,Henry Waechter,DE,CHI,1986,0.0,0,0
archive-23024,Henry Waechter,DE,WAS,1987,1.0,0,0
archive-23041,Danny Wagoner,DB,ATL,1985,0.0,0,0
archive-23044,Jim Wahler,NT,ARI,1989,1.0,0,0
archive-23044,Jim Wahler,NT,ARI,1990,2.5,0,0
archive-23044,Jim Wahler,NT,ARI,1991,1.0,0,0
archive-23044,Jim Wahler,NT,ARI,1992,0.0,0,0
archive-23044,Jim Wahler,NT,WAS,1992,0.0,0,0
archive-23044,Jim Wahler,NT,WAS,1993,0.0,0,0
archive-23050,Van Waiters,LB,CLE,1988,0.0,0,0
archive-23050,Van Waiters,LB,CLE,1989,0.0,0,0
archive-23050,Van Waiters,LB,CLE,1990,0.5,0,0
archive-23050,Van Waiters,LB,CLE,1991,1.5,0,0
archive-23050,Van Waiters,LB,MIN,1992,0.0,0,0
archive-23061,Rob Waldrop,DT,KC,1994,0.0,0.0,0.0
archive-23062,Kerwin Waldroup,DE,DET,1996,2.5,0.0,0.0
archive-23062,Kerwin Waldroup,DE,DET,1997,1.0,0.0,0.0
archive-23062,Kerwin Waldroup,DE,DET,1998,1.5,0.0,0.0
archive-23064,Mark Walen,DT,DAL,1987,1.0,0,0
archive-23064,Mark Walen,DT,DAL,1988,4.0,0,0
archive-23073,Bracy Walker,SAF,CIN,1994,0.0,0.0,0.0
archive-23073,Bracy Walker,SAF,KC,1994,0.0,0.0,0.0
archive-23073,Bracy Walker,S,CIN,1995,0.0,0.0,4.0
archive-23073,Bracy Walker,S,CIN,1996,0.0,0.0,2.0
archive-23073,Bracy Walker,DB,LAC,1996,0.0,0.0,0.0
archive-23073,Bracy Walker,DB,MIA,1997,0.0,0.0,0.0
archive-23073,Bracy Walker,DB,KC,1998,0.0,0.0,0.0
archive-23074,Brian Walker,S,WAS,1996,1.0,0.0,0.0
archive-23074,Brian Walker,DB,WAS,1997,0.0,0.0,0.0
archive-23074,Brian Walker,DB,MIA,1998,0.0,0.0,4.0
archive-23075,Bruce Walker,NT,NE,1995,0.0,0.0,0.0
archive-23083,Darnell Walker,CB,ATL,1993,0.0,0,0
archive-23083,Darnell Walker,CB,ATL,1994,1.0,0.0,3.0
archive-23083,Darnell Walker,CB,ATL,1995,0.0,0.0,0.0
archive-23083,Darnell Walker,CB,ATL,1996,0.0,0.0,1.0
archive-23083,Darnell Walker,CB,SF,1997,1.0,0.0,3.0
archive-23083,Darnell Walker,CB,SF,1998,0.0,0.0,5.0
archive-23087,Denard Walker,DB,BUF,1997,0.0,0.0,0.0
archive-23087,Denard Walker,DB,MIA,1997,0.0,0.0,0.0
archive-23087,Denard Walker,CB,TEN,1997,0.0,0.0,2.0
archive-23087,Denard Walker,CB,TEN,1998,0.0,0.0,2.0
archive-23094,Fulton Walker ,DB,MIA,1982,0.0,0,0
archive-23094,Fulton Walker ,DB,MIA,1983,0.0,0,0
archive-23094,Fulton Walker ,DB,MIA,1984,0.0,0,0
archive-23094,Fulton Walker ,DB,LV,1985,0.0,0,0
archive-23094,Fulton Walker ,DB,MIA,1985,0.0,0,0
archive-23094,Fulton Walker ,DB,LV,1986,0.0,0,0
archive-23096,Gary Walker,DT,TEN,1995,2.5,0.0,0.0
archive-23096,Gary Walker,DT,CIN,1996,0.0,0.0,0.0
archive-23096,Gary Walker,DT,DAL,1996,0.0,0.0,0.0
archive-23096,Gary Walker,DT,TEN,1996,5.5,0.0,0.0
archive-23096,Gary Walker,DT,BUF,1997,0.0,0.0,0.0
archive-23096,Gary Walker,DT,MIA,1997,0.0,0.0,0.0
archive-23096,Gary Walker,DT,TEN,1997,7.0,0.0,0.0
archive-23096,Gary Walker,DT,TEN,1998,1.0,0.0,0.0
archive-23100,Jackie Walker,LB,TB,1986,0.0,0,0
archive-23100,Jackie Walker,LB,TB,1987,0.0,0,0
archive-23100,Jackie Walker,LB,TB,1988,0.0,0,0
archive-23100,Jackie Walker,LB,TB,1989,0.0,0,0
archive-23101,James Walker,LB,KC,1983,0.0,0,0
archive-23105,Jimmy Walker,DT,MIN,1987,1.0,0,0
archive-23108,John Walker,NT,KC,1987,0.0,0,0
archive-23110,Kenny Walker,DE,DEN,1991,3.0,0,0
archive-23110,Kenny Walker,DE,DEN,1992,1.5,0,0
archive-23112,Kevin Walker,DB,TB,1986,0.0,0,0
archive-23112,Kevin Walker,DB,TB,1987,0.0,0,0
archive-23113,Kevin Walker,LB,CIN,1988,0.0,0,0
archive-23113,Kevin Walker,LB,CIN,1989,0.0,0,0
archive-23113,Kevin Walker,LB,CIN,1990,1.0,0,0
archive-23113,Kevin Walker,LB,CIN,1991,1.0,0,0
archive-23113,Kevin Walker,LB,CIN,1992,0.0,0,0
archive-23117,Marquis Walker,CB,LAR,1996,0.0,0.0,1.0
archive-23117,Marquis Walker,CB,WAS,1996,0.0,0.0,0.0
archive-23117,Marquis Walker,CB,LAR,1997,0.0,0.0,0.0
archive-23117,Marquis Walker,CB,LV,1998,0.0,0.0,2.0
archive-23129,Sammy Walker,CB,PIT,1991,0.0,0,0
archive-23129,Sammy Walker,DB,PIT,1992,0.0,0,0
archive-23129,Sammy Walker,CB,GB,1993,0.0,0,0
archive-23131,Tony Walker,LB,IND,1990,0.0,0,0
archive-23131,Tony Walker,LB,IND,1991,0.0,0,0
archive-23131,Tony Walker,LB,IND,1992,1.0,0,0
archive-23143,Aaron Wallace,LB,LV,1990,9.0,0,0
archive-23143,Aaron Wallace,LB,LV,1991,2.0,0,0
archive-23143,Aaron Wallace,LB,LV,1992,4.0,0,0
archive-23143,Aaron Wallace,LB,LV,1993,2.0,0,0
archive-23143,Aaron Wallace,LB,LV,1994,2.0,0.0,0.0
archive-23143,Aaron Wallace,LB,LV,1995,2.0,0.0,0.0
archive-23143,Aaron Wallace,LB,LV,1997,0.0,0.0,0.0
archive-23143,Aaron Wallace,LB,LV,1998,0.0,0.0,0.0
archive-23145,Al Wallace,DE,PHI,1997,0.0,0.0,0.0
archive-23145,Al Wallace,DE,PHI,1998,6.0,0.0,0.0
archive-23149,Cal Wallace,DE,GB,1987,0.0,0,0
archive-23171,Brett Wallerstedt,LB,ARI,1993,0.0,0,0
archive-23171,Brett Wallerstedt,LB,CIN,1994,0.0,0.0,0.0
archive-23171,Brett Wallerstedt,LB,CIN,1995,0.0,0.0,0.0
archive-23171,Brett Wallerstedt,LB,LAR,1997,0.0,0.0,0.0
archive-23173,Craig Walls,LB,BUF,1987,0.0,0,0
archive-23175,Everson Walls,CB,DAL,1982,0.0,0,0
archive-23175,Everson Walls,CB,DAL,1983,0.0,0,0
archive-23175,Everson Walls,CB,DAL,1984,0.0,0,0
archive-23175,Everson Walls,CB,DAL,1985,0.0,0,0
archive-23175,Everson Walls,DB,DAL,1986,0.0,0,0
archive-23175,Everson Walls,DB,DAL,1987,0.0,0,0
archive-23175,Everson Walls,CB,DAL,1988,1.0,0,0
archive-23175,Everson Walls,DB,DAL,1989,0.0,0,0
archive-23175,Everson Walls,CB,NYG,1990,0.0,0,0
archive-23175,Everson Walls,CB,NYG,1991,0.5,0,0
archive-23175,Everson Walls,CB,CLE,1992,0.5,0,0
archive-23175,Everson Walls,DB,NYG,1992,0.0,0,0
archive-23175,Everson Walls,CB,CLE,1993,1.0,0,0
archive-23176,Henry Walls,LB,NYJ,1987,0.0,0,0
archive-23197,Mike Walter,LB,SF,1984,1.0,0,0
archive-23197,Mike Walter,LB,SF,1985,3.0,0,0
archive-23197,Mike Walter,LB,SF,1986,1.0,0,0
archive-23197,Mike Walter,LB,SF,1987,1.0,0,0
archive-23197,Mike Walter,LB,SF,1988,1.0,0,0
archive-23197,Mike Walter,LB,SF,1989,1.0,0,0
archive-23197,Mike Walter,LB,SF,1992,1.0,0,0
archive-23202,Danny Walters,DB,LAC,1983,0.0,0,0
archive-23202,Danny Walters,DB,LAC,1984,0.0,0,0
archive-23202,Danny Walters,DB,LAC,1985,0.0,0,0
archive-23202,Danny Walters,DB,LAC,1986,0.0,0,0
archive-23202,Danny Walters,DB,LAC,1987,0.0,0,0
archive-23212,Len Walterscheid,FS,CHI,1982,0.0,0,0
archive-23212,Len Walterscheid,DB,BUF,1983,0.0,0,0
archive-23212,Len Walterscheid,DB,BUF,1984,0.0,0,0
archive-23213,Alvin Walton,DB,WAS,1986,1.0,0,0
archive-23213,Alvin Walton,DB,WAS,1987,6.0,0,0
archive-23213,Alvin Walton,S,WAS,1988,1.0,0,0
archive-23213,Alvin Walton,DB,WAS,1989,0.0,0,0
archive-23213,Alvin Walton,S,WAS,1990,0.0,0,0
archive-23213,Alvin Walton,DB,WAS,1991,0.0,0,0
archive-23227,Zack Walz,LB,ARI,1998,0.0,0.0,0.0
archive-23240,Chris Ward,DE,BAL,1997,0.0,0.0,0.0
archive-23242,David Ward,LB,CIN,1987,1.0,0,0
archive-23242,David Ward,LB,NE,1989,0.0,0,0
archive-23254,Phillip Ward,LB,LAR,1998,0.0,0.0,0.0
archive-23255,Ronnie Ward,LB,MIA,1997,0.0,0.0,0.0
archive-23269,Eric Warfield,DB,KC,1998,0.0,0.0,0.0
archive-23280,Ron Warner,DE,NO,1998,0.0,0.0,0.0
archive-23287,Frank Warren,DE,NO,1982,1.0,0,0
archive-23287,Frank Warren,DE,NO,1983,2.0,0,0
archive-23287,Frank Warren,DE,NO,1984,4.0,0,0
archive-23287,Frank Warren,DE,NO,1985,5.5,0,0
archive-23287,Frank Warren,DE,NO,1986,7.5,0,0
archive-23287,Frank Warren,DE,NO,1987,7.0,0,0
archive-23287,Frank Warren,DE,NO,1988,1.0,0,0
archive-23287,Frank Warren,DE,NO,1989,9.5,0,0
archive-23287,Frank Warren,DE,NO,1991,9.0,0,0
archive-23287,Frank Warren,DE,NO,1992,4.0,0,0
archive-23287,Frank Warren,DE,NO,1993,1.0,0,0
archive-23287,Frank Warren,DE,NO,1994,4.0,0.0,0.0
archive-23301,Xavier Warren,DE,PIT,1987,1.0,0,0
archive-23309,Anthony Washington,DB,PIT,1982,0.0,0,0
archive-23309,Anthony Washington,CB,WAS,1983,0.0,0,0
archive-23309,Anthony Washington,DB,WAS,1984,0.0,0,0
archive-23311,Brian Washington,S,CLE,1988,0.5,0,0
archive-23311,Brian Washington,S,NYJ,1990,1.0,0,0
archive-23311,Brian Washington,S,NYJ,1991,2.0,0,0
archive-23311,Brian Washington,S,NYJ,1992,1.0,0,0
archive-23311,Brian Washington,S,NYJ,1993,0.0,0,0
archive-23311,Brian Washington,S,NYJ,1994,0.0,0.0,2.0
archive-23311,Brian Washington,S,KC,1995,0.0,0.0,3.0
archive-23311,Brian Washington,S,KC,1996,0.5,0.0,3.0
archive-23312,Charles Washington,DB,IND,1989,0.0,0,0
archive-23312,Charles Washington,DB,KC,1990,0.0,0,0
archive-23312,Charles Washington,DB,KC,1991,0.0,0,0
archive-23312,Charles Washington,DB,ATL,1992,0.0,0,0
archive-23312,Charles Washington,DB,ATL,1993,0.0,0,0
archive-23312,Charles Washington,LB,ATL,1994,0.0,0.0,0.0
archive-23315,Chris Washington,LB,TB,1984,5.0,0,0
archive-23315,Chris Washington,LB,TB,1985,2.0,0,0
archive-23315,Chris Washington,LB,TB,1986,4.0,0,0
archive-23315,Chris Washington,LB,TB,1987,6.5,0,0
archive-23315,Chris Washington,LB,TB,1988,0.0,0,0
archive-23315,Chris Washington,LB,ARI,1990,0.0,0,0
archive-23316,Chuck Washington,DB,GB,1987,0.0,0,0
archive-23326,Dewayne Washington,CB,MIN,1994,0.0,0.0,3.0
archive-23326,Dewayne Washington,CB,MIN,1995,0.0,0.0,1.0
archive-23326,Dewayne Washington,CB,MIN,1996,0.0,0.0,2.0
archive-23326,Dewayne Washington,CB,MIN,1997,0.0,0.0,4.0
archive-23326,Dewayne Washington,CB,PIT,1998,0.0,0.0,5.0
archive-23333,Fred Washington,DT,CHI,1990,0.0,0,0
archive-23338,James Washington,DB,LAR,1988,0.0,0,0
archive-23338,James Washington,DB,LAR,1989,0.0,0,0
archive-23338,James Washington,S,DAL,1990,0.0,0,0
archive-23338,James Washington,S,DAL,1991,0.0,0,0
archive-23338,James Washington,FS,DAL,1992,0.0,0,0
archive-23338,James Washington,FS,DAL,1993,0.0,0,0
archive-23338,James Washington,FS,DAL,1994,0.0,0.0,5.0
archive-23338,James Washington,S,WAS,1995,0.0,0.0,2.0
archive-23341,John Washington,DE,NYG,1986,0.0,0,0
archive-23341,John Washington,DE,NYG,1987,1.0,0,0
archive-23341,John Washington,DE,NYG,1988,0.0,0,0
archive-23341,John Washington,DE,NYG,1989,0.0,0,0
archive-23341,John Washington,DE,NYG,1990,0.0,0,0
archive-23341,John Washington,DE,NYG,1991,0.0,0,0
archive-23341,John Washington,DE,ATL,1992,0.0,0,0
archive-23341,John Washington,DE,NYG,1992,0.0,0,0
archive-23341,John Washington,DE,NE,1993,0.0,0,0
archive-23342,Keith Washington,DE,DET,1996,0.0,0.0,0.0
archive-23342,Keith Washington,DE,BAL,1997,2.0,0.0,0.0
archive-23342,Keith Washington,DE,BAL,1998,1.0,0.0,0.0
archive-23346,Lionel Washington,CB,ARI,1983,0.0,0,0
archive-23346,Lionel Washington,CB,ARI,1984,0.0,0,0
archive-23346,Lionel Washington,DB,ARI,1985,0.0,0,0
archive-23346,Lionel Washington,DB,ARI,1986,0.0,0,0
archive-23346,Lionel Washington,DB,LV,1987,0.0,0,0
archive-23346,Lionel Washington,DB,LV,1988,0.0,0,0
archive-23346,Lionel Washington,CB,LV,1989,0.0,0,0
archive-23346,Lionel Washington,CB,LV,1990,0.0,0,0
archive-23346,Lionel Washington,CB,LV,1991,0.0,0,0
archive-23346,Lionel Washington,CB,LV,1992,0.0,0,0
archive-23346,Lionel Washington,CB,LV,1993,1.0,0,0
archive-23346,Lionel Washington,CB,LV,1994,0.0,0.0,3.0
archive-23346,Lionel Washington,CB,DEN,1995,0.0,0.0,0.0
archive-23346,Lionel Washington,CB,DEN,1996,0.0,0.0,2.0
archive-23346,Lionel Washington,DB,NE,1996,0.0,0.0,0.0
archive-23346,Lionel Washington,DB,LV,1997,0.0,0.0,2.0
archive-23350,Marvin Washington,DE,NYJ,1989,1.5,0,0
archive-23350,Marvin Washington,DE,NYJ,1990,4.5,0,0
archive-23350,Marvin Washington,DE,NYJ,1991,6.0,0,0
archive-23350,Marvin Washington,DE,NYJ,1992,8.5,0,0
archive-23350,Marvin Washington,DE,NYJ,1993,5.5,0,0
archive-23350,Marvin Washington,DE,NYJ,1994,3.0,0.0,1.0
archive-23350,Marvin Washington,DE,NYJ,1995,6.0,0.0,0.0
archive-23350,Marvin Washington,DE,NYJ,1996,2.5,0.0,0.0
archive-23350,Marvin Washington,DE,SF,1997,1.0,0.0,0.0
archive-23350,Marvin Washington,DE,DEN,1998,3.0,0.0,0.0
archive-23351,Mickey Washington,DB,NE,1990,0.0,0,0
archive-23351,Mickey Washington,CB,NE,1991,0.0,0,0
archive-23351,Mickey Washington,DB,WAS,1992,0.0,0,0
archive-23351,Mickey Washington,CB,BUF,1993,0.5,0,0
archive-23351,Mickey Washington,CB,BUF,1994,0.5,0.0,3.0
archive-23351,Mickey Washington,CB,JAX,1995,0.0,0.0,1.0
archive-23351,Mickey Washington,CB,JAX,1996,0.0,0.0,1.0
archive-23351,Mickey Washington,DB,MIA,1996,0.0,0.0,0.0
archive-23351,Mickey Washington,DB,NE,1996,0.0,0.0,0.0
archive-23351,Mickey Washington,DB,NO,1997,0.0,0.0,2.0
archive-23352,Mike Washington,CB,TB,1982,0.0,0,0
archive-23352,Mike Washington,CB,TB,1983,0.0,0,0
archive-23352,Mike Washington,DB,TB,1984,0.0,0,0
archive-23357,Ronnie Washington,LB,ATL,1985,0.5,0,0
archive-23357,Ronnie Washington,LB,LV,1987,1.0,0,0
archive-23357,Ronnie Washington,LB,IND,1989,0.0,0,0
archive-23359,Sam Washington,DB,PIT,1982,0.0,0,0
archive-23359,Sam Washington,DB,PIT,1983,0.0,0,0
archive-23359,Sam Washington,CB,PIT,1984,0.0,0,0
archive-23359,Sam Washington,DB,CIN,1985,0.0,0,0
archive-23359,Sam Washington,DB,PIT,1985,0.0,0,0
archive-23361,Ted Washington,LB,TEN,1982,0.0,0,0
archive-23362,Ted Washington,NT,SF,1991,0.0,0,0
archive-23362,Ted Washington,NT,SF,1992,0.0,0,0
archive-23362,Ted Washington,NT,SF,1993,0.5,0,0
archive-23362,Ted Washington,NT,DEN,1994,0.0,0.0,1.0
archive-23362,Ted Washington,NT,BUF,1995,0.0,0.0,0.0
archive-23362,Ted Washington,NT,BUF,1996,0.0,0.0,0.0
archive-23362,Ted Washington,NT,BUF,1997,0.0,0.0,0.0
archive-23362,Ted Washington,NT,BUF,1998,0.0,0.0,1.0
archive-23364,Tim Washington,CB,KC,1982,0.0,0,0
archive-23364,Tim Washington,CB,SF,1982,0.0,0,0
archive-23371,Andre Waters,DB,PHI,1984,0.0,0,0
archive-23371,Andre Waters,DB,PHI,1985,0.0,0,0
archive-23371,Andre Waters,DB,PHI,1986,2.0,0,0
archive-23371,Andre Waters,DB,PHI,1987,0.0,0,0
archive-23371,Andre Waters,S,PHI,1988,0.5,0,0
archive-23371,Andre Waters,S,PHI,1989,1.0,0,0
archive-23371,Andre Waters,S,PHI,1990,0.0,0,0
archive-23371,Andre Waters,S,PHI,1991,0.0,0,0
archive-23371,Andre Waters,S,PHI,1992,0.0,0,0
archive-23371,Andre Waters,S,PHI,1993,0.0,0,0
archive-23371,Andre Waters,S,ARI,1994,0.0,0.0,0.0
archive-23371,Andre Waters,DB,ARI,1995,0.0,0.0,0.0
archive-23383,Bobby Watkins,CB,DET,1982,0.0,0,0
archive-23383,Bobby Watkins,CB,DET,1983,0.0,0,0
archive-23383,Bobby Watkins,CB,DET,1984,0.0,0,0
archive-23383,Bobby Watkins,CB,DET,1985,0.0,0,0
archive-23383,Bobby Watkins,DB,DET,1986,0.0,0,0
archive-23383,Bobby Watkins,DB,DET,1987,0.0,0,0
archive-23383,Bobby Watkins,DB,DET,1988,0.0,0,0
archive-23420,Tim Watson,DB,KC,1993,0.0,0,0
archive-23420,Tim Watson,DB,KC,1994,0.0,0.0,0.0
archive-23420,Tim Watson,SAF,KC,1995,0.0,0.0,0.0
archive-23420,Tim Watson,DB,NYG,1995,0.0,0.0,0.0
archive-23420,Tim Watson,DB,PHI,1997,0.0,0.0,0.0
archive-23427,Frank Wattelet,FS,NO,1982,0.0,0,0
archive-23427,Frank Wattelet,FS,NO,1983,0.0,0,0
archive-23427,Frank Wattelet,FS,NO,1984,0.0,0,0
archive-23427,Frank Wattelet,FS,NO,1985,1.0,0,0
archive-23427,Frank Wattelet,DB,NO,1986,0.0,0,0
archive-23427,Frank Wattelet,DB,LAR,1987,0.0,0,0
archive-23427,Frank Wattelet,DB,NO,1987,0.0,0,0
archive-23427,Frank Wattelet,DB,LAR,1988,0.0,0,0
archive-23430,Orlando Watters,CB,SEA,1994,0.0,0.0,3.0
archive-23432,Scott Watters,LB,BUF,1987,0.0,0,0
archive-23435,Damon Watts,CB,IND,1994,0.0,0.0,1.0
archive-23435,Damon Watts,DB,IND,1995,0.0,0.0,1.0
archive-23435,Damon Watts,DB,BAL,1996,0.0,0.0,0.0
archive-23435,Damon Watts,DB,IND,1996,0.0,0.0,1.0
archive-23435,Damon Watts,CB,IND,1997,0.0,0.0,0.0
archive-23437,Elbert Watts,DB,GB,1986,1.0,0,0
archive-23439,Randy Watts,DE,DAL,1987,3.0,0,0
archive-23442,Ted Watts,CB,LV,1982,1.0,0,0
archive-23442,Ted Watts,CB,LV,1983,0.0,0,0
archive-23442,Ted Watts,DB,LV,1984,0.0,0,0
archive-23442,Ted Watts,S,NYG,1985,0.0,0,0
archive-23442,Ted Watts,DB,LAC,1987,0.0,0,0
archive-23447,Dave Waymer,CB,NO,1982,0.0,0,0
archive-23447,Dave Waymer,CB,NO,1983,0.0,0,0
archive-23447,Dave Waymer,CB,NO,1984,0.0,0,0
archive-23447,Dave Waymer,CB,NO,1985,0.0,0,0
archive-23447,Dave Waymer,DB,NO,1986,0.0,0,0
archive-23447,Dave Waymer,DB,NO,1987,0.0,0,0
archive-23447,Dave Waymer,CB,NO,1988,0.0,0,0
archive-23447,Dave Waymer,DB,NO,1989,0.0,0,0
archive-23447,Dave Waymer,S,SF,1990,0.0,0,0
archive-23447,Dave Waymer,S,SF,1991,1.0,0,0
archive-23447,Dave Waymer,DB,LV,1992,0.0,0,0
archive-23448,Nate Wayne,LB,DEN,1998,0.0,0.0,0.0
archive-23453,Fred Weary,DB,NO,1998,0.0,0.0,2.0
archive-23466,Curtis Weathers,LB,CLE,1982,1.0,0,0
archive-23466,Curtis Weathers,LB,CLE,1983,0.0,0,0
archive-23466,Curtis Weathers,LB,CLE,1984,0.0,0,0
archive-23466,Curtis Weathers,LB,CLE,1985,3.0,0,0
archive-23476,Emanuel Weaver,NT,CIN,1982,0.0,0,0
archive-23476,Emanuel Weaver,NT,ATL,1987,0.0,0,0
archive-23510,Elnardo Webster,LB,PIT,1992,0.0,0,0
archive-23515,Larry Webster,DT,MIA,1992,1.5,0,0
archive-23515,Larry Webster,DT,MIA,1993,0.0,0,0
archive-23515,Larry Webster,DT,MIA,1994,0.0,0.0,0.0
archive-23515,Larry Webster,DT,CLE,1995,0.0,0.0,0.0
archive-23515,Larry Webster,DT,BAL,1997,0.0,0.0,0.0
archive-23515,Larry Webster,DT,BAL,1998,0.0,0.0,0.0
archive-23521,Mike Weddington,LB,GB,1986,0.0,0,0
archive-23521,Mike Weddington,LB,GB,1987,0.0,0,0
archive-23521,Mike Weddington,LB,GB,1988,0.0,0,0
archive-23521,Mike Weddington,LB,GB,1989,1.0,0,0
archive-23521,Mike Weddington,LB,GB,1990,0.0,0,0
archive-23540,Roger Wehrli,CB,ARI,1982,0.0,0,0
archive-23560,Clayton Weishuhn,LB,NE,1982,2.0,0,0
archive-23560,Clayton Weishuhn,LB,NE,1983,2.0,0,0
archive-23560,Clayton Weishuhn,LB,NE,1984,0.0,0,0
archive-23560,Clayton Weishuhn,LB,NE,1986,0.0,0,0
archive-23560,Clayton Weishuhn,LB,GB,1987,0.0,0,0
archive-23563,Ron Weissenhofer,LB,NO,1987,0.0,0,0
archive-23564,Tripp Welborne,DB,MIN,1992,0.0,0,0
archive-23568,Herb Welch,DB,NYG,1985,0.0,0,0
archive-23568,Herb Welch,DB,NYG,1986,0.0,0,0
archive-23568,Herb Welch,DB,NYG,1987,0.0,0,0
archive-23568,Herb Welch,DB,WAS,1989,0.0,0,0
archive-23568,Herb Welch,FS,DET,1990,0.0,0,0
archive-23568,Herb Welch,DB,DET,1991,0.0,0,0
archive-23585,Dana Wells,NT,CIN,1989,0.0,0,0
archive-23586,Dean Wells,LB,SEA,1993,0.0,0,0
archive-23586,Dean Wells,LB,SEA,1994,0.0,0.0,0.0
archive-23586,Dean Wells,LB,SEA,1995,0.0,0.0,0.0
archive-23586,Dean Wells,LB,SEA,1996,1.0,0.0,0.0
archive-23586,Dean Wells,LB,NYJ,1997,0.0,0.0,0.0
archive-23586,Dean Wells,LB,SEA,1997,1.0,0.0,0.0
archive-23586,Dean Wells,LB,SEA,1998,0.0,0.0,1.0
archive-23592,Kent Wells,DT,NYG,1990,0.0,0,0
archive-23595,Mike Wells,DT,DET,1994,0.0,0.0,0.0
archive-23595,Mike Wells,DT,DET,1995,0.5,0.0,0.0
archive-23595,Mike Wells,DT,DET,1996,0.0,0.0,0.0
archive-23595,Mike Wells,DT,DET,1997,1.0,0.0,0.0
archive-23595,Mike Wells,DT,CHI,1998,3.0,0.0,0.0
archive-23617,Al Wenglikowski,LB,BUF,1984,0.0,0,0
archive-23617,Al Wenglikowski,LB,BUF,1987,0.0,0,0
archive-23659,Troy West ,DB,PHI,1987,1.0,0,0
archive-23663,Bryant Westbrook ,DB,DET,1997,0.0,0.0,2.0
archive-23663,Bryant Westbrook ,DB,DET,1998,0.0,0.0,3.0
archive-23678,Rhondy Weston ,DE,TB,1989,2.0,0,0
archive-23704,Kenny Wheaton,DB,DAL,1997,0.0,0.0,0.0
archive-23704,Kenny Wheaton,DB,DAL,1998,0.0,0.0,1.0
archive-23711,Leonard Wheeler,DB,CIN,1992,0.0,0,0
archive-23711,Leonard Wheeler,DB,CIN,1993,0.0,0,0
archive-23711,Leonard Wheeler,SAF,CIN,1995,0.0,0.0,0.0
archive-23711,Leonard Wheeler,DB,CIN,1996,0.0,0.0,0.0
archive-23711,Leonard Wheeler,DB,LAC,1996,0.0,0.0,0.0
archive-23711,Leonard Wheeler,DB,MIN,1997,2.0,0.0,0.0
archive-23711,Leonard Wheeler,DB,CAR,1998,0.0,0.0,0.0
archive-23714,Mark Wheeler,DT,TB,1992,5.0,0,0
archive-23714,Mark Wheeler,DT,TB,1993,2.0,0,0
archive-23714,Mark Wheeler,DT,TB,1994,3.0,0.0,0.0
archive-23714,Mark Wheeler,DT,TB,1995,1.0,0.0,0.0
archive-23714,Mark Wheeler,DT,BUF,1996,0.0,0.0,0.0
archive-23714,Mark Wheeler,DT,NE,1996,1.0,0.0,0.0
archive-23714,Mark Wheeler,DT,NE,1997,4.0,0.0,0.0
archive-23714,Mark Wheeler,DT,NE,1998,0.0,0.0,0.0
archive-23724,Larry Whigham,DB,NE,1994,0.0,0.0,1.0
archive-23724,Larry Whigham,SAF,NE,1995,0.0,0.0,0.0
archive-23724,Larry Whigham,DB,BUF,1996,0.0,0.0,0.0
archive-23724,Larry Whigham,SAF,NE,1996,0.0,0.0,0.0
archive-23724,Larry Whigham,DB,NE,1997,2.0,0.0,2.0
archive-23724,Larry Whigham,DB,NE,1998,0.0,0.0,1.0
archive-23729,Bill Whitaker,DB,GB,1982,0.0,0,0
archive-23729,Bill Whitaker,DB,ARI,1983,0.0,0,0
archive-23729,Bill Whitaker,DB,ARI,1984,0.0,0,0
archive-23734,Adrian White,DB,NYG,1987,0.0,0,0
archive-23734,Adrian White,DB,NYG,1988,0.0,0,0
archive-23734,Adrian White,DB,NYG,1989,0.0,0,0
archive-23734,Adrian White,DB,NYG,1991,0.0,0,0
archive-23734,Adrian White,DB,GB,1992,0.0,0,0
archive-23734,Adrian White,S,NE,1993,0.0,0,0
archive-23735,Alberto White,DE,LV,1994,2.0,0.0,0.0
archive-23735,Alberto White,DE,LAR,1995,1.0,0.0,0.0
archive-23735,Alberto White,DE,LAR,1996,0.0,0.0,0.0
archive-23735,Alberto White,DE,WAS,1996,0.0,0.0,0.0
archive-23742,Brad White,NT,TB,1982,0.0,0,0
archive-23742,Brad White,NT,TB,1983,0.0,0,0
archive-23742,Brad White,NT,IND,1984,2.0,0,0
archive-23742,Brad White,NT,IND,1985,1.0,0,0
archive-23742,Brad White,NT,MIN,1987,0.0,0,0
archive-23744,Bucky White,DB,TEN,1987,0.0,0,0
archive-23747,Chris White,DB,SEA,1987,0.0,0,0
archive-23758,David White,LB,NE,1993,0.0,0,0
archive-23758,David White,LB,BUF,1995,1.0,0.0,1.0
archive-23758,David White,LB,BUF,1996,1.5,0.0,0.0
archive-23773,James White,DT,MIN,1982,4.5,0,0
archive-23773,James White,DT,MIN,1983,1.0,0,0
archive-23777,Jeris White,CB,WAS,1982,0.0,0,0
archive-23783,Jose White,DT,JAX,1997,0.0,0.0,0.0
archive-23783,Jose White,DT,NE,1997,0.0,0.0,0.0
archive-23783,Jose White,DT,JAX,1998,3.0,0.0,0.0
archive-23788,Leon White,LB,CIN,1986,0.0,0,0
archive-23788,Leon White,LB,CIN,1987,0.0,0,0
archive-23788,Leon White,LB,CIN,1988,3.0,0,0
archive-23788,Leon White,LB,CIN,1989,2.0,0,0
archive-23788,Leon White,LB,CIN,1990,1.0,0,0
archive-23788,Leon White,LB,CIN,1991,0.0,0,0
archive-23788,Leon White,LB,LAR,1992,0.0,0,0
archive-23788,Leon White,LB,LAR,1993,0.0,0,0
archive-23790,Lyman White,LB,ATL,1982,0.0,0,0
archive-23796,Mike White,DT,SEA,1982,0.0,0,0
archive-23803,Randy White,DT,DAL,1982,4.5,0,0
archive-23803,Randy White,DT,DAL,1983,12.5,0,0
archive-23803,Randy White,DT,DAL,1984,12.5,0,0
archive-23803,Randy White,DT,DAL,1985,10.5,0,0
archive-23803,Randy White,DT,DAL,1986,6.5,0,0
archive-23803,Randy White,DT,DAL,1987,6.0,0,0
archive-23803,Randy White,DT,DAL,1988,1.5,0,0
archive-23805,Reggie White,DE,PHI,1985,13.0,0,0
archive-23805,Reggie White,DE,PHI,1986,18.0,0,0
archive-23805,Reggie White,DE,PHI,1987,21.0,0,0
archive-23805,Reggie White,DE,PHI,1988,19.0,0,0
archive-23805,Reggie White,DE,PHI,1989,12.0,0,0
archive-23805,Reggie White,DE,PHI,1990,14.0,0,0
archive-23805,Reggie White,DE,PHI,1991,15.0,0,0
archive-23805,Reggie White,DE,PHI,1992,16.0,0,0
archive-23805,Reggie White,DE,GB,1993,15.0,0,0
archive-23805,Reggie White,DE,GB,1994,9.0,0.0,0.0
archive-23805,Reggie White,DE,GB,1995,13.0,0.0,0.0
archive-23805,Reggie White,DE,GB,1996,11.5,0.0,1.0
archive-23805,Reggie White,DE,GB,1997,12.0,0.0,0.0
archive-23805,Reggie White,DE,GB,1998,16.0,0.0,0.0
archive-23806,Reggie White,NT,LAC,1992,1.0,0,0
archive-23806,Reggie White,NT,LAC,1993,0.0,0,0
archive-23806,Reggie White,NT,LAC,1994,2.0,0.0,0.0
archive-23806,Reggie White,NT,NE,1995,1.5,0.0,0.0
archive-23808,Robb White,DE,NYG,1988,0.0,0,0
archive-23808,Robb White,DE,NYG,1989,0.0,0,0
archive-23808,Robb White,DE,TB,1990,2.5,0,0
archive-23813,Sheldon White,CB,NYG,1988,0.0,0,0
archive-23813,Sheldon White,DB,NYG,1989,0.0,0,0
archive-23813,Sheldon White,DB,DET,1990,0.0,0,0
archive-23813,Sheldon White,DB,DET,1991,0.0,0,0
archive-23813,Sheldon White,DB,DET,1992,0.0,0,0
archive-23813,Sheldon White,DB,CIN,1993,0.0,0,0
archive-23814,Sherman White,DE,BUF,1982,4.0,0,0
archive-23814,Sherman White,DE,BUF,1983,3.0,0,0
archive-23815,Stan White,LB,DET,1982,0.0,0,0
archive-23816,Steve White,DE,TB,1996,0.0,0.0,0.0
archive-23816,Steve White,DE,TB,1997,0.0,0.0,0.0
archive-23816,Steve White,DE,TB,1998,2.0,0.0,0.0
archive-23825,William White,DB,DET,1988,0.0,0,0
archive-23825,William White,DB,DET,1989,1.0,0,0
archive-23825,William White,S,DET,1990,0.0,0,0
archive-23825,William White,S,DET,1991,0.0,0,0
archive-23825,William White,S,DET,1992,0.0,0,0
archive-23825,William White,S,DET,1993,1.5,0,0
archive-23825,William White,FS,KC,1994,0.0,0.0,2.0
archive-23825,William White,FS,KC,1995,1.0,0.0,2.0
archive-23825,William White,DB,KC,1996,0.0,0.0,0.0
archive-23825,William White,S,ATL,1997,0.0,0.0,1.0
archive-23825,William White,S,ATL,1998,0.0,0.0,4.0
archive-23841,Brandon Whiting,DE,PHI,1998,1.5,0.0,0.0
archive-23849,Wilson Whitley,DT,CIN,1982,1.0,0,0
archive-23856,Dave Whitmore,DB,NYG,1990,0.0,0,0
archive-23856,Dave Whitmore,DB,SF,1991,1.0,0,0
archive-23856,Dave Whitmore,DB,SF,1992,0.0,0,0
archive-23866,Cary Whittingham,LB,LAR,1987,0.0,0,0
archive-23868,Kyle Whittingham,LB,LAR,1987,0.0,0,0
archive-23870,Bernard Whittington,DE,IND,1994,0.0,0.0,0.0
archive-23870,Bernard Whittington,DE,IND,1995,2.0,0.0,0.0
archive-23870,Bernard Whittington,DE,BAL,1996,0.0,0.0,0.0
archive-23870,Bernard Whittington,DE,IND,1996,3.0,0.0,0.0
archive-23870,Bernard Whittington,DE,IND,1997,0.0,0.0,0.0
archive-23870,Bernard Whittington,DE,IND,1998,4.0,0.0,0.0
archive-23872,Mike Whittington,LB,NYG,1982,0.0,0,0
archive-23872,Mike Whittington,LB,NYG,1983,0.0,0,0
archive-23875,Mike Whitwell,DB,CLE,1982,0.0,0,0
archive-23875,Mike Whitwell,DB,CLE,1983,1.0,0,0
archive-23879,Murray Wichard,NT,NE,1987,1.0,0,0
archive-23890,Corey Widmer,LB,NYG,1992,0.0,0,0
archive-23890,Corey Widmer,LB,NYG,1993,0.0,0,0
archive-23890,Corey Widmer,LB,NYG,1994,1.0,0.0,0.0
archive-23890,Corey Widmer,LB,NYG,1995,0.0,0.0,0.0
archive-23890,Corey Widmer,LB,NYG,1996,2.0,0.0,2.0
archive-23890,Corey Widmer,LB,NYG,1997,1.5,0.0,2.0
archive-23890,Corey Widmer,LB,SEA,1997,0.0,0.0,0.0
archive-23890,Corey Widmer,LB,NYG,1998,0.0,0.0,0.0
archive-23908,Barry Wilburn,DB,WAS,1985,0.0,0,0
archive-23908,Barry Wilburn,DB,WAS,1986,0.0,0,0
archive-23908,Barry Wilburn,DB,WAS,1987,0.0,0,0
archive-23908,Barry Wilburn,CB,WAS,1988,0.0,0,0
archive-23908,Barry Wilburn,DB,WAS,1989,0.0,0,0
archive-23908,Barry Wilburn,DB,CLE,1992,0.0,0,0
archive-23908,Barry Wilburn,FS,PHI,1995,0.0,0.0,2.0
archive-23908,Barry Wilburn,DB,PHI,1996,0.0,0.0,0.0
archive-23910,Steve Wilburn,DE,NE,1987,1.0,0,0
archive-23911,Mike Wilcher,LB,LAR,1983,0.0,0,0
archive-23911,Mike Wilcher,LB,LAR,1984,3.0,0,0
archive-23911,Mike Wilcher,LB,LAR,1985,13.5,0,0
archive-23911,Mike Wilcher,LB,LAR,1986,5.5,0,0
archive-23911,Mike Wilcher,LB,LAR,1987,5.0,0,0
archive-23911,Mike Wilcher,LB,LAR,1988,7.5,0,0
archive-23911,Mike Wilcher,LB,LAR,1989,5.0,0,0
archive-23911,Mike Wilcher,LB,LAR,1990,1.0,0,0
archive-23911,Mike Wilcher,LB,LAC,1991,0.0,0,0
archive-23912,Solomon Wilcots,DB,CIN,1987,0.0,0,0
archive-23912,Solomon Wilcots,FS,CIN,1988,0.0,0,0
archive-23912,Solomon Wilcots,DB,CIN,1989,1.0,0,0
archive-23912,Solomon Wilcots,FS,CIN,1990,0.0,0,0
archive-23912,Solomon Wilcots,DB,MIN,1991,0.0,0,0
archive-23912,Solomon Wilcots,DB,PIT,1992,0.0,0,0
archive-23928,Charles Wiley,NT,SEA,1987,1.0,0,0
archive-23931,Marcellus Wiley,DE,BUF,1997,0.0,0.0,0.0
archive-23931,Marcellus Wiley,DE,BUF,1998,4.5,0.0,0.0
archive-23948,Reggie Wilkes,LB,PHI,1982,1.0,0,0
archive-23948,Reggie Wilkes,LB,PHI,1983,0.0,0,0
archive-23948,Reggie Wilkes,LB,PHI,1984,2.0,0,0
archive-23948,Reggie Wilkes,LB,PHI,1985,2.0,0,0
archive-23948,Reggie Wilkes,LB,ATL,1986,0.0,0,0
archive-23948,Reggie Wilkes,LB,ATL,1987,0.0,0,0
archive-23950,David Wilkins ,DE,SF,1992,1.5,0,0
archive-23952,Gabe Wilkins ,DE,GB,1994,1.0,0.0,0.0
archive-23952,Gabe Wilkins ,DE,GB,1995,3.0,0.0,0.0
archive-23952,Gabe Wilkins ,DE,GB,1996,3.0,0.0,0.0
archive-23952,Gabe Wilkins ,DE,GB,1997,5.5,0.0,1.0
archive-23952,Gabe Wilkins ,DE,SF,1998,0.0,0.0,0.0
archive-23959,Dan Wilkinson ,DT,CIN,1994,5.5,0.0,0.0
archive-23959,Dan Wilkinson ,DT,CIN,1995,8.0,0.0,0.0
archive-23959,Dan Wilkinson ,DT,CIN,1996,6.5,0.0,1.0
archive-23959,Dan Wilkinson ,DT,LAC,1996,0.0,0.0,0.0
archive-23959,Dan Wilkinson ,DT,CIN,1997,5.0,0.0,0.0
archive-23959,Dan Wilkinson ,DT,MIN,1997,0.0,0.0,0.0
archive-23959,Dan Wilkinson ,DT,NE,1997,0.0,0.0,0.0
archive-23959,Dan Wilkinson ,DT,WAS,1998,7.5,0.0,1.0
archive-23963,Jim Wilks,DE,NO,1982,2.0,0,0
archive-23963,Jim Wilks,DE,NO,1983,8.0,0,0
archive-23963,Jim Wilks,DE,NO,1984,7.5,0,0
archive-23963,Jim Wilks,DE,NO,1985,2.5,0,0
archive-23963,Jim Wilks,DE,NO,1986,1.0,0,0
archive-23963,Jim Wilks,DE,NO,1987,6.0,0,0
archive-23963,Jim Wilks,DE,NO,1988,3.5,0,0
archive-23963,Jim Wilks,DE,NO,1989,4.0,0,0
archive-23963,Jim Wilks,DE,NO,1990,5.5,0,0
archive-23963,Jim Wilks,DE,NO,1991,2.0,0,0
archive-23963,Jim Wilks,DE,NO,1992,4.0,0,0
archive-23963,Jim Wilks,DE,NO,1993,0.0,0,0
archive-23965,Jerrott Willard,LB,KC,1998,0.0,0.0,0.0
archive-23975,Aeneas Williams,CB,ARI,1991,0.0,0,0
archive-23975,Aeneas Williams,CB,ARI,1992,0.0,0,0
archive-23975,Aeneas Williams,CB,ARI,1993,0.0,0,0
archive-23975,Aeneas Williams,CB,ARI,1994,0.0,0.0,9.0
archive-23975,Aeneas Williams,CB,ARI,1995,0.0,0.0,6.0
archive-23975,Aeneas Williams,CB,ARI,1996,1.0,0.0,6.0
archive-23975,Aeneas Williams,CB,ARI,1997,0.0,0.0,6.0
archive-23975,Aeneas Williams,DB,DET,1997,0.0,0.0,0.0
archive-23975,Aeneas Williams,CB,ARI,1998,1.0,0.0,4.0
archive-23977,Alfred Williams,DE,CIN,1991,3.0,0,0
archive-23977,Alfred Williams,DE,CIN,1992,10.0,0,0
archive-23977,Alfred Williams,DE,CIN,1993,4.0,0,0
archive-23977,Alfred Williams,DE,CIN,1994,9.5,0.0,0.0
archive-23977,Alfred Williams,DE,SF,1995,4.5,0.0,0.0
archive-23977,Alfred Williams,DE,DEN,1996,14.0,0.0,0.0
archive-23977,Alfred Williams,DE,NE,1996,0.0,0.0,0.0
archive-23977,Alfred Williams,DE,DEN,1997,10.5,0.0,0.0
archive-23977,Alfred Williams,DE,DEN,1998,3.0,0.0,0.0
archive-23983,Armon Williams,DB,MIA,1997,0.0,0.0,0.0
archive-23983,Armon Williams,DB,TEN,1997,0.0,0.0,0.0
archive-23984,Ben Williams,DE,BUF,1982,4.0,0,0
archive-23984,Ben Williams,DE,BUF,1983,10.0,0,0
archive-23984,Ben Williams,DE,BUF,1984,2.0,0,0
archive-23984,Ben Williams,DE,BUF,1985,1.5,0,0
archive-23985,Ben Williams,DT,MIN,1998,0.0,0.0,0.0
archive-23999,Brent Williams,DE,NE,1986,7.0,0,0
archive-23999,Brent Williams,DE,NE,1987,5.0,0,0
archive-23999,Brent Williams,DE,NE,1988,8.0,0,0
archive-23999,Brent Williams,DE,NE,1989,8.0,0,0
archive-23999,Brent Williams,DE,NE,1990,6.0,0,0
archive-23999,Brent Williams,DE,NE,1991,3.5,0,0
archive-23999,Brent Williams,DE,NE,1992,4.0,0,0
archive-23999,Brent Williams,DE,NE,1993,2.0,0,0
archive-23999,Brent Williams,DE,SEA,1994,1.0,0.0,0.0
archive-23999,Brent Williams,DE,SEA,1995,1.0,0.0,0.0
archive-23999,Brent Williams,DE,NYJ,1996,0.0,0.0,0.0
archive-24003,Brian Williams,LB,GB,1995,0.0,0.0,0.0
archive-24003,Brian Williams,LB,GB,1996,0.5,0.0,1.0
archive-24003,Brian Williams,LB,GB,1997,1.0,0.0,2.0
archive-24003,Brian Williams,LB,GB,1998,2.0,0.0,0.0
archive-24014,Charlie Williams,SAF,DAL,1995,0.0,0.0,0.0
archive-24014,Charlie Williams,DB,DAL,1996,0.0,0.0,0.0
archive-24014,Charlie Williams,DB,DAL,1997,2.0,0.0,0.0
archive-24014,Charlie Williams,DB,DAL,1998,0.0,0.0,0.0
archive-24016,Chris Williams,DB,BUF,1982,0.0,0,0
archive-24016,Chris Williams,FS,BUF,1983,0.0,0,0
archive-24017,Chris Williams,NT,ARI,1991,0.0,0,0
archive-24032,Dan Williams,DE,DEN,1993,1.0,0,0
archive-24032,Dan Williams,DE,DEN,1994,0.0,0.0,1.0
archive-24032,Dan Williams,DE,DEN,1995,2.0,0.0,0.0
archive-24032,Dan Williams,DE,DEN,1996,2.0,0.0,0.0
archive-24032,Dan Williams,DE,NE,1996,0.0,0.0,0.0
archive-24032,Dan Williams,DE,KC,1997,10.5,0.0,0.0
archive-24036,Darryl Williams,FS,CIN,1992,2.0,0,0
archive-24036,Darryl Williams,FS,CIN,1993,2.0,0,0
archive-24036,Darryl Williams,FS,CIN,1994,1.0,0.0,2.0
archive-24036,Darryl Williams,FS,CIN,1995,1.0,0.0,1.0
archive-24036,Darryl Williams,FS,SEA,1996,0.0,0.0,5.0
archive-24036,Darryl Williams,DB,NYJ,1997,0.0,0.0,0.0
archive-24036,Darryl Williams,FS,SEA,1997,0.0,0.0,8.0
archive-24036,Darryl Williams,FS,SEA,1998,0.0,0.0,3.0
archive-24047,Demise Williams,DB,LV,1987,0.0,0,0
archive-24061,Ed Williams,LB,NE,1984,0.0,0,0
archive-24061,Ed Williams,LB,NE,1985,0.0,0,0
archive-24061,Ed Williams,LB,NE,1986,0.0,0,0
archive-24061,Ed Williams,LB,NE,1987,0.0,0,0
archive-24061,Ed Williams,LB,NE,1990,2.0,0,0
archive-24066,Eric Williams,LB,LAR,1982,0.0,0,0
archive-24066,Eric Williams,LB,LAR,1983,0.0,0,0
archive-24066,Eric Williams,LB,LAC,1984,0.0,0,0
archive-24067,Eric Williams,FS,PIT,1984,2.0,0,0
archive-24067,Eric Williams,FS,PIT,1985,0.0,0,0
archive-24067,Eric Williams,DB,PIT,1986,0.0,0,0
archive-24068,Eric Williams,DE,DET,1984,0.0,0,0
archive-24068,Eric Williams,DE,DET,1985,6.0,0,0
archive-24068,Eric Williams,DE,DET,1986,4.0,0,0
archive-24068,Eric Williams,DE,DET,1987,2.0,0,0
archive-24068,Eric Williams,DE,DET,1988,6.5,0,0
archive-24068,Eric Williams,DE,DET,1989,5.5,0,0
archive-24068,Eric Williams,DE,WAS,1990,3.0,0,0
archive-24068,Eric Williams,DE,WAS,1991,3.0,0,0
archive-24068,Eric Williams,DE,WAS,1992,0.0,0,0
archive-24068,Eric Williams,DE,WAS,1993,0.0,0,0
archive-24071,Eugene Williams,LB,SEA,1982,0.0,0,0
archive-24071,Eugene Williams,LB,SEA,1983,0.0,0,0
archive-24076,Gardner Williams,DB,DET,1984,0.0,0,0
archive-24080,George Williams,DT,NYG,1998,0.0,0.0,0.0
archive-24081,Gerald Williams,NT,PIT,1986,3.5,0,0
archive-24081,Gerald Williams,NT,PIT,1987,1.0,0,0
archive-24081,Gerald Williams,NT,PIT,1988,3.5,0,0
archive-24081,Gerald Williams,NT,PIT,1989,3.0,0,0
archive-24081,Gerald Williams,NT,PIT,1990,6.0,0,0
archive-24081,Gerald Williams,NT,PIT,1991,2.0,0,0
archive-24081,Gerald Williams,NT,PIT,1992,3.0,0,0
archive-24081,Gerald Williams,NT,PIT,1993,4.0,0,0
archive-24081,Gerald Williams,NT,PIT,1994,1.5,0.0,0.0
archive-24081,Gerald Williams,NT,CAR,1995,0.0,0.0,0.0
archive-24081,Gerald Williams,NT,CAR,1996,1.0,0.0,0.0
archive-24081,Gerald Williams,NT,KC,1996,0.0,0.0,0.0
archive-24081,Gerald Williams,NT,CAR,1997,0.0,0.0,0.0
archive-24081,Gerald Williams,NT,GB,1997,0.0,0.0,0.0
archive-24083,Gerome Williams,DB,LAC,1997,0.0,0.0,0.0
archive-24083,Gerome Williams,DB,LAC,1998,0.0,0.0,0.0
archive-24085,Greg Williams,DB,WAS,1982,0.0,0,0
archive-24085,Greg Williams,FS,WAS,1983,0.0,0,0
archive-24085,Greg Williams,DB,WAS,1984,0.0,0,0
archive-24085,Greg Williams,DB,WAS,1985,0.0,0,0
archive-24088,Henry Williams,DB,LAC,1983,0.0,0,0
archive-24088,Henry Williams,DB,LAR,1983,0.0,0,0
archive-24090,Herb Williams,S,ARI,1982,0.0,0,0
archive-24101,Jamal Williams,DT,LAC,1998,0.0,0.0,1.0
archive-24103,Jamel Williams,DB,LAC,1997,0.0,0.0,0.0
archive-24103,Jamel Williams,DB,WAS,1997,0.0,0.0,0.0
archive-24103,Jamel Williams,DB,WAS,1998,0.0,0.0,0.0
archive-24104,James Williams,CB,BUF,1990,0.0,0,0
archive-24104,James Williams,CB,BUF,1991,0.0,0,0
archive-24104,James Williams,CB,BUF,1992,0.0,0,0
archive-24104,James Williams,CB,BUF,1993,0.0,0,0
archive-24104,James Williams,CB,ARI,1994,0.0,0.0,4.0
archive-24105,James Williams,LB,NO,1991,1.0,0,0
archive-24105,James Williams,LB,NO,1993,2.0,0,0
archive-24105,James Williams,LB,NO,1994,0.0,0.0,2.0
archive-24105,James Williams,LB,JAX,1995,0.0,0.0,2.0
archive-24109,Jarvis Williams,FS,MIA,1988,0.0,0,0
archive-24109,Jarvis Williams,S,MIA,1989,1.0,0,0
archive-24109,Jarvis Williams,S,MIA,1990,2.0,0,0
archive-24109,Jarvis Williams,S,MIA,1991,0.0,0,0
archive-24109,Jarvis Williams,S,MIA,1992,0.0,0,0
archive-24109,Jarvis Williams,S,MIA,1993,0.0,0,0
archive-24109,Jarvis Williams,S,NYG,1994,0.0,0.0,2.0
archive-24112,Jay Williams,DE,LAR,1995,0.0,0.0,0.0
archive-24112,Jay Williams,DE,LAR,1996,0.0,0.0,0.0
archive-24112,Jay Williams,DE,LAR,1997,1.0,0.0,0.0
archive-24112,Jay Williams,DE,LAR,1998,1.0,0.0,0.0
archive-24116,Jerrol Williams,LB,PIT,1989,3.0,0,0
archive-24116,Jerrol Williams,LB,PIT,1990,1.0,0,0
archive-24116,Jerrol Williams,LB,PIT,1991,9.0,0,0
archive-24116,Jerrol Williams,LB,PIT,1992,4.5,0,0
archive-24116,Jerrol Williams,LB,LAC,1993,0.0,0,0
archive-24116,Jerrol Williams,LB,KC,1994,0.5,0.0,0.0
archive-24116,Jerrol Williams,LB,BAL,1996,3.0,0.0,0.0
archive-24119,Jimmy Williams,LB,DET,1982,0.0,0,0
archive-24119,Jimmy Williams,LB,DET,1983,1.0,0,0
archive-24119,Jimmy Williams,LB,DET,1984,2.0,0,0
archive-24119,Jimmy Williams,LB,DET,1985,7.5,0,0
archive-24119,Jimmy Williams,LB,DET,1986,2.0,0,0
archive-24119,Jimmy Williams,LB,DET,1987,4.0,0,0
archive-24119,Jimmy Williams,LB,DET,1988,2.0,0,0
archive-24119,Jimmy Williams,LB,DET,1989,4.0,0,0
archive-24119,Jimmy Williams,LB,DET,1990,3.0,0,0
archive-24119,Jimmy Williams,LB,MIN,1990,0.0,0,0
archive-24119,Jimmy Williams,LB,MIN,1991,0.0,0,0
archive-24119,Jimmy Williams,LB,TB,1992,2.0,0,0
archive-24119,Jimmy Williams,LB,TB,1993,0.0,0,0
archive-24125,Joe Williams,LB,PIT,1987,1.0,0,0
archive-24127,Joel Williams,LB,ATL,1982,3.0,0,0
archive-24127,Joel Williams,LB,PHI,1983,2.5,0,0
archive-24127,Joel Williams,LB,PHI,1984,1.5,0,0
archive-24127,Joel Williams,LB,PHI,1985,0.0,0,0
archive-24127,Joel Williams,LB,ATL,1986,0.0,0,0
archive-24127,Joel Williams,LB,ATL,1987,0.0,0,0
archive-24127,Joel Williams,LB,ATL,1988,0.0,0,0
archive-24127,Joel Williams,LB,ATL,1989,0.0,0,0
archive-24132,John Williams,DB,BAL,1997,0.0,0.0,0.0
archive-24132,John Williams,DB,BAL,1998,0.0,0.0,0.0
archive-24147,Kendall Williams,CB,IND,1983,1.0,0,0
archive-24150,Kevin Williams,DB,WAS,1985,0.0,0,0
archive-24150,Kevin Williams,DB,BUF,1986,0.0,0,0
archive-24150,Kevin Williams,DB,WAS,1988,0.0,0,0
archive-24153,Kevin Williams,FS,NYJ,1998,0.0,0.0,1.0
archive-24158,Lamanzer Williams,DE,JAX,1998,0.0,0.0,0.0
archive-24162,Lee Williams,DE,LAC,1984,1.0,0,0
archive-24162,Lee Williams,DE,LAC,1985,9.0,0,0
archive-24162,Lee Williams,DE,LAC,1986,15.0,0,0
archive-24162,Lee Williams,DE,LAC,1987,8.0,0,0
archive-24162,Lee Williams,DE,LAC,1988,11.0,0,0
archive-24162,Lee Williams,DE,LAC,1989,14.0,0,0
archive-24162,Lee Williams,DE,LAC,1990,7.5,0,0
archive-24162,Lee Williams,DE,TEN,1991,4.0,0,0
archive-24162,Lee Williams,DE,TEN,1992,11.0,0,0
archive-24162,Lee Williams,DE,TEN,1993,3.0,0,0
archive-24166,Lester Williams,NT,NE,1982,2.0,0,0
archive-24166,Lester Williams,NT,NE,1983,1.0,0,0
archive-24166,Lester Williams,NT,NE,1984,1.5,0,0
archive-24166,Lester Williams,NT,NE,1985,1.0,0,0
archive-24166,Lester Williams,NT,LAC,1986,0.0,0,0
archive-24166,Lester Williams,NT,SEA,1987,1.0,0,0
archive-24174,Mark Williams,LB,GB,1994,0.0,0.0,0.0
archive-24174,Mark Williams,LB,JAX,1995,0.0,0.0,0.0
archive-24174,Mark Williams,LB,LAR,1996,0.0,0.0,0.0
archive-24183,Mike Williams,DB,LAC,1982,0.0,0,0
archive-24183,Mike Williams,DB,LAR,1983,0.0,0,0
archive-24198,Pat Williams,DT,BUF,1997,0.0,0.0,0.0
archive-24198,Pat Williams,DT,BUF,1998,3.5,0.0,0.0
archive-24202,Perry Williams,CB,NYG,1984,0.0,0,0
archive-24202,Perry Williams,CB,NYG,1985,2.0,0,0
archive-24202,Perry Williams,DB,NYG,1986,1.0,0,0
archive-24202,Perry Williams,DB,NYG,1987,0.0,0,0
archive-24202,Perry Williams,CB,NYG,1988,2.0,0,0
archive-24202,Perry Williams,CB,NYG,1989,0.0,0,0
archive-24202,Perry Williams,DB,NYG,1990,0.0,0,0
archive-24202,Perry Williams,CB,NYG,1991,0.0,0,0
archive-24202,Perry Williams,CB,NYG,1992,0.0,0,0
archive-24202,Perry Williams,CB,NYG,1993,0.0,0,0
archive-24203,Perry Williams,DB,NE,1987,0.0,0,0
archive-24211,Ray Williams,DB,PIT,1987,0.0,0,0
archive-24212,Reggie Williams,LB,CIN,1982,4.5,0,0
archive-24212,Reggie Williams,LB,CIN,1983,7.5,0,0
archive-24212,Reggie Williams,LB,CIN,1984,9.0,0,0
archive-24212,Reggie Williams,LB,CIN,1985,3.5,0,0
archive-24212,Reggie Williams,LB,CIN,1986,4.5,0,0
archive-24212,Reggie Williams,LB,CIN,1987,6.0,0,0
archive-24212,Reggie Williams,LB,CIN,1988,5.5,0,0
archive-24212,Reggie Williams,LB,CIN,1989,3.5,0,0
archive-24221,Robert Williams,DB,PIT,1984,0.0,0,0
archive-24222,Robert Williams,DB,DAL,1987,0.0,0,0
archive-24222,Robert Williams,DB,DAL,1988,0.0,0,0
archive-24222,Robert Williams,DB,DAL,1989,0.0,0,0
archive-24222,Robert Williams,CB,DAL,1990,0.0,0,0
archive-24222,Robert Williams,DB,DAL,1991,1.0,0,0
archive-24222,Robert Williams,DB,DAL,1992,0.0,0,0
archive-24222,Robert Williams,DB,DAL,1993,0.0,0,0
archive-24222,Robert Williams,DB,KC,1993,0.0,0,0
archive-24223,Robert Williams,DB,KC,1998,0.5,0.0,0.0
archive-24242,Shaun Williams,DB,NYG,1998,0.0,0.0,2.0
archive-24258,Terry Williams,DB,NYJ,1988,0.0,0,0
archive-24258,Terry Williams,DB,NYJ,1989,0.0,0,0
archive-24262,Toby Williams,NT,NE,1983,2.0,0,0
archive-24262,Toby Williams,NT,NE,1984,6.0,0,0
archive-24262,Toby Williams,NT,NE,1985,2.0,0,0
archive-24262,Toby Williams,NT,NE,1986,0.5,0,0
archive-24262,Toby Williams,NT,NE,1987,4.5,0,0
archive-24262,Toby Williams,NT,NE,1988,0.0,0,0
archive-24265,Tony Williams,DT,MIN,1997,0.0,0.0,0.0
archive-24265,Tony Williams,DT,MIN,1998,2.0,0.0,0.0
archive-24278,Tyrone Williams,DB,GB,1996,0.0,0.0,1.0
archive-24278,Tyrone Williams,CB,GB,1997,0.0,0.0,2.0
archive-24278,Tyrone Williams,CB,GB,1998,0.0,0.0,5.0
archive-24281,Vaughn Williams,S,IND,1984,0.0,0,0
archive-24286,Walt Williams,DB,CHI,1982,0.0,0,0
archive-24286,Walt Williams,DB,MIN,1982,0.0,0,0
archive-24286,Walt Williams,DB,CHI,1983,0.0,0,0
archive-24293,Willie Williams,CB,PIT,1993,0.0,0,0
archive-24293,Willie Williams,CB,PIT,1994,0.0,0.0,0.0
archive-24293,Willie Williams,CB,PIT,1995,0.0,0.0,7.0
archive-24293,Willie Williams,DB,BUF,1996,0.0,0.0,0.0
archive-24293,Willie Williams,DB,NYJ,1996,0.0,0.0,0.0
archive-24293,Willie Williams,CB,PIT,1996,1.0,0.0,2.0
archive-24293,Willie Williams,DB,NYJ,1997,0.0,0.0,0.0
archive-24293,Willie Williams,CB,SEA,1997,0.0,0.0,1.0
archive-24293,Willie Williams,CB,SEA,1998,0.0,0.0,2.0
archive-24298,Carlton Williamson,S,SF,1982,0.0,0,0
archive-24298,Carlton Williamson,S,SF,1983,0.0,0,0
archive-24298,Carlton Williamson,S,SF,1984,1.5,0,0
archive-24298,Carlton Williamson,S,SF,1985,0.0,0,0
archive-24298,Carlton Williamson,DB,SF,1986,0.0,0,0
archive-24298,Carlton Williamson,DB,SF,1987,0.0,0,0
archive-24301,Greg Williamson,DB,LAR,1987,0.0,0,0
archive-24312,James Willis,LB,GB,1993,0.0,0,0
archive-24312,James Willis,LB,GB,1994,0.0,0.0,2.0
archive-24312,James Willis,LB,PHI,1995,0.0,0.0,0.0
archive-24312,James Willis,LB,PHI,1996,0.0,0.0,1.0
archive-24312,James Willis,LB,GB,1997,0.0,0.0,0.0
archive-24312,James Willis,LB,PHI,1997,2.0,0.0,1.0
archive-24312,James Willis,LB,PHI,1998,0.0,0.0,0.0
archive-24315,Keith Willis,DE,PIT,1982,1.0,0,0
archive-24315,Keith Willis,DE,PIT,1983,14.0,0,0
archive-24315,Keith Willis,DE,PIT,1984,5.0,0,0
archive-24315,Keith Willis,DE,PIT,1985,5.5,0,0
archive-24315,Keith Willis,DE,PIT,1986,12.0,0,0
archive-24315,Keith Willis,DE,PIT,1987,3.0,0,0
archive-24315,Keith Willis,DE,PIT,1989,6.5,0,0
archive-24315,Keith Willis,DE,PIT,1990,5.0,0,0
archive-24315,Keith Willis,DE,PIT,1991,7.0,0,0
archive-24315,Keith Willis,DE,BUF,1992,2.0,0,0
archive-24315,Keith Willis,DE,WAS,1993,0.0,0,0
archive-24320,Mitch Willis,NT,LV,1985,2.0,0,0
archive-24320,Mitch Willis,NT,LV,1986,0.0,0,0
archive-24320,Mitch Willis,NT,LV,1987,0.0,0,0
archive-24320,Mitch Willis,NT,ATL,1988,0.0,0,0
archive-24320,Mitch Willis,NT,LV,1988,0.0,0,0
archive-24320,Mitch Willis,NT,DAL,1990,0.0,0,0
archive-24324,Ladell Wills,LB,NYJ,1987,0.0,0,0
archive-24328,Ray Wilmer,DB,SEA,1984,0.0,0,0
archive-24329,Trevor Wilmot,LB,IND,1995,0.0,0.0,0.0
archive-24339,Bernard Wilson,DT,TB,1993,0.0,0,0
archive-24339,Bernard Wilson,DT,ARI,1994,1.0,0.0,0.0
archive-24339,Bernard Wilson,DT,TB,1994,0.0,0.0,0.0
archive-24339,Bernard Wilson,DT,ARI,1995,1.0,0.0,0.0
archive-24339,Bernard Wilson,DT,ARI,1996,1.0,0.0,0.0
archive-24339,Bernard Wilson,DT,ARI,1997,0.0,0.0,1.0
archive-24339,Bernard Wilson,DT,DET,1997,0.0,0.0,0.0
archive-24339,Bernard Wilson,DT,ARI,1998,1.0,0.0,0.0
archive-24343,Bobby Wilson,DT,WAS,1991,4.5,0,0
archive-24343,Bobby Wilson,DT,WAS,1992,2.0,0,0
archive-24343,Bobby Wilson,DT,WAS,1993,2.0,0,0
archive-24343,Bobby Wilson,DT,WAS,1994,2.5,0.0,0.0
archive-24345,Brenard Wilson,FS,PHI,1982,0.0,0,0
archive-24345,Brenard Wilson,FS,PHI,1983,0.0,0,0
archive-24345,Brenard Wilson,CB,PHI,1984,0.0,0,0
archive-24345,Brenard Wilson,DB,PHI,1985,0.0,0,0
archive-24345,Brenard Wilson,DB,PHI,1986,0.0,0,0
archive-24345,Brenard Wilson,DB,ATL,1987,0.0,0,0
archive-24345,Brenard Wilson,DB,PHI,1987,0.0,0,0
archive-24359,David Wilson,DB,MIN,1992,0.0,0,0
archive-24359,David Wilson,DB,NE,1992,0.0,0,0
archive-24361,Don Wilson,FS,BUF,1984,0.0,0,0
archive-24361,Don Wilson,FS,BUF,1985,0.0,0,0
archive-24364,Earl Wilson,DE,LAC,1985,3.0,0,0
archive-24364,Earl Wilson,DE,LAC,1986,5.5,0,0
archive-24364,Earl Wilson,DE,LAC,1987,0.0,0,0
archive-24366,Eric Wilson,LB,BUF,1985,0.0,0,0
archive-24366,Eric Wilson,LB,WAS,1987,0.0,0,0
archive-24379,J.C. Wilson,CB,TEN,1982,0.0,0,0
archive-24379,J.C. Wilson,DB,TEN,1983,0.0,0,0
archive-24384,Jerry Wilson,DB,MIA,1996,0.0,0.0,0.0
archive-24384,Jerry Wilson,DB,MIA,1997,2.0,0.0,0.0
archive-24384,Jerry Wilson,DB,MIA,1998,1.0,0.0,1.0
archive-24391,Karl Wilson,DE,LAC,1987,1.0,0,0
archive-24391,Karl Wilson,DE,LAC,1988,0.5,0,0
archive-24391,Karl Wilson,DE,ARI,1989,1.0,0,0
archive-24391,Karl Wilson,DE,MIA,1990,4.0,0,0
archive-24391,Karl Wilson,DE,LAR,1991,2.0,0,0
archive-24391,Karl Wilson,DE,NYJ,1992,0.0,0,0
archive-24391,Karl Wilson,DE,MIA,1993,0.0,0,0
archive-24391,Karl Wilson,DE,NYJ,1993,0.0,0,0
archive-24391,Karl Wilson,DE,SF,1993,3.0,0,0
archive-24391,Karl Wilson,DE,TB,1994,2.5,0.0,0.0
archive-24391,Karl Wilson,DE,BUF,1995,1.0,0.0,0.0
archive-24411,Otis Wilson,LB,CHI,1982,2.5,0,0
archive-24411,Otis Wilson,LB,CHI,1983,2.0,0,0
archive-24411,Otis Wilson,LB,CHI,1984,7.5,0,0
archive-24411,Otis Wilson,LB,CHI,1985,13.0,0,0
archive-24411,Otis Wilson,LB,CHI,1986,8.0,0,0
archive-24411,Otis Wilson,LB,CHI,1987,6.5,0,0
archive-24411,Otis Wilson,LB,LV,1989,0.0,0,0
archive-24416,Ray Wilson,DB,GB,1994,0.0,0.0,0.0
archive-24416,Ray Wilson,DB,NO,1994,0.0,0.0,0.0
archive-24417,Reinard Wilson,LB,CIN,1997,3.0,0.0,0.0
archive-24417,Reinard Wilson,LB,MIN,1997,0.0,0.0,0.0
archive-24417,Reinard Wilson,LB,NE,1997,0.0,0.0,0.0
archive-24417,Reinard Wilson,LB,CIN,1998,6.0,0.0,0.0
archive-24426,Steve Wilson,DB,DEN,1982,0.0,0,0
archive-24426,Steve Wilson,DB,DEN,1983,0.0,0,0
archive-24426,Steve Wilson,DB,DEN,1984,0.5,0,0
archive-24426,Steve Wilson,DB,DEN,1985,0.0,0,0
archive-24426,Steve Wilson,DB,DEN,1986,0.0,0,0
archive-24426,Steve Wilson,DB,DEN,1987,1.0,0,0
archive-24426,Steve Wilson,DB,DEN,1988,2.0,0,0
archive-24434,Troy Wilson,DB,CLE,1987,0.0,0,0
archive-24435,Troy Wilson,DE,SF,1993,6.5,0,0
archive-24435,Troy Wilson,DE,SF,1994,2.0,0.0,0.0
archive-24435,Troy Wilson,DE,DEN,1995,0.5,0.0,0.0
archive-24435,Troy Wilson,DE,NO,1998,1.0,0.0,0.0
archive-24443,Derek Wimberly,DE,MIA,1987,0.5,0,0
archive-24444,Marcus Wimberly,DB,ATL,1997,0.0,0.0,0.0
archive-24447,Gary Wimmer,LB,SEA,1983,0.0,0,0
archive-24467,Chris Wing,LB,NYJ,1997,0.0,0.0,0.0
archive-24467,Chris Wing,LB,TB,1997,0.0,0.0,0.0
archive-24470,Leonard Wingate,DT,ATL,1987,0.0,0,0
archive-24472,Rich Wingo,LB,GB,1982,1.0,0,0
archive-24472,Rich Wingo,LB,GB,1983,0.0,0,0
archive-24472,Rich Wingo,LB,GB,1984,0.0,0,0
archive-24483,Bryant Winn,LB,DEN,1987,0.0,0,0
archive-24493,DeMond Winston,LB,NO,1990,0.0,0,0
archive-24493,DeMond Winston,LB,NO,1992,0.0,0,0
archive-24493,DeMond Winston,LB,NO,1993,0.0,0,0
archive-24493,DeMond Winston,LB,NO,1994,0.0,0.0,0.0
archive-24494,Dirt Winston,LB,NO,1982,0.5,0,0
archive-24494,Dirt Winston,LB,NO,1983,1.0,0,0
archive-24494,Dirt Winston,LB,NO,1984,0.5,0,0
archive-24494,Dirt Winston,LB,NO,1985,0.0,0,0
archive-24494,Dirt Winston,LB,PIT,1985,0.0,0,0
archive-24494,Dirt Winston,LB,PIT,1986,0.0,0,0
archive-24502,Blaise Winter,DE,IND,1984,2.0,0,0
archive-24502,Blaise Winter,DE,LAC,1986,0.0,0,0
archive-24502,Blaise Winter,DE,LAC,1987,4.0,0,0
archive-24502,Blaise Winter,DE,GB,1988,5.0,0,0
archive-24502,Blaise Winter,DE,GB,1989,2.0,0,0
archive-24502,Blaise Winter,DE,GB,1990,0.0,0,0
archive-24502,Blaise Winter,DE,LAC,1992,6.5,0,0
archive-24502,Blaise Winter,DE,LAC,1993,2.0,0,0
archive-24502,Blaise Winter,DE,LAC,1994,0.0,0.0,0.0
archive-24513,Mike Wise,DE,LV,1986,0.0,0,0
archive-24513,Mike Wise,DE,LV,1988,5.0,0,0
archive-24513,Mike Wise,DE,LV,1989,3.5,0,0
archive-24513,Mike Wise,DE,LV,1990,1.0,0,0
archive-24513,Mike Wise,DE,CLE,1991,0.0,0,0
archive-24521,Leo Wisniewski,NT,IND,1982,2.5,0,0
archive-24521,Leo Wisniewski,NT,IND,1983,5.0,0,0
archive-24521,Leo Wisniewski,NT,IND,1984,7.0,0,0
archive-24526,Grant Wistrom,DE,LAR,1998,3.0,0.0,0.0
archive-24539,Billy Witt,DE,BUF,1987,0.0,0,0
archive-24543,Mike Witteck,LB,NYJ,1987,0.0,0,0
archive-24552,Scott Woerner,DB,NO,1987,0.0,0,0
archive-24583,Kailee Wong,LB,MIN,1998,1.5,0.0,0.0
archive-24599,Richard Wood,LB,TB,1982,0.0,0,0
archive-24599,Richard Wood,LB,TB,1983,0.0,0,0
archive-24599,Richard Wood,LB,TB,1984,0.0,0,0
archive-24603,Lee Woodall,LB,SF,1994,1.0,0.0,0.0
archive-24603,Lee Woodall,LB,SF,1995,3.0,0.0,2.0
archive-24603,Lee Woodall,LB,NYJ,1996,0.0,0.0,0.0
archive-24603,Lee Woodall,LB,SF,1996,3.5,0.0,0.0
archive-24603,Lee Woodall,LB,SF,1997,0.0,0.0,2.0
archive-24603,Lee Woodall,LB,SF,1998,0.0,0.0,2.0
archive-24606,Ken Woodard,LB,DEN,1982,0.0,0,0
archive-24606,Ken Woodard,LB,DEN,1983,3.0,0,0
archive-24606,Ken Woodard,LB,DEN,1984,3.0,0,0
archive-24606,Ken Woodard,LB,DEN,1985,3.0,0,0
archive-24606,Ken Woodard,LB,DEN,1986,3.5,0,0
archive-24606,Ken Woodard,LB,PIT,1987,0.0,0,0
archive-24606,Ken Woodard,LB,LAC,1988,0.0,0,0
archive-24606,Ken Woodard,LB,LAC,1989,0.0,0,0
archive-24607,Marc Woodard,LB,PHI,1994,0.0,0.0,0.0
archive-24607,Marc Woodard,LB,PHI,1995,1.5,0.0,0.0
archive-24607,Marc Woodard,LB,PHI,1996,0.0,0.0,0.0
archive-24608,Ray Woodard,DE,DEN,1987,0.5,0,0
archive-24608,Ray Woodard,DE,KC,1987,0.0,0,0
archive-24609,Dennis Woodberry ,DB,ATL,1986,0.0,0,0
archive-24609,Dennis Woodberry ,DB,WAS,1987,0.0,0,0
archive-24609,Dennis Woodberry ,DB,WAS,1988,0.0,0,0
archive-24611,John Woodcock,DT,LAC,1982,0.0,0,0
archive-24612,Shawn Wooden,FS,MIA,1996,0.0,0.0,2.0
archive-24612,Shawn Wooden,S,MIA,1997,0.0,0.0,2.0
archive-24612,Shawn Wooden,DB,MIA,1998,0.0,0.0,0.0
archive-24613,Terry Wooden,LB,SEA,1990,0.0,0,0
archive-24613,Terry Wooden,LB,SEA,1991,2.0,0,0
archive-24613,Terry Wooden,LB,SEA,1992,0.0,0,0
archive-24613,Terry Wooden,LB,SEA,1993,2.5,0,0
archive-24613,Terry Wooden,LB,SEA,1994,1.5,0.0,3.0
archive-24613,Terry Wooden,LB,SEA,1995,0.0,0.0,1.0
archive-24613,Terry Wooden,LB,SEA,1996,0.0,0.0,1.0
archive-24613,Terry Wooden,LB,KC,1997,2.0,0.0,0.0
archive-24613,Terry Wooden,LB,LV,1998,2.0,0.0,1.0
archive-24620,Richard Woodley,CB,DET,1996,0.0,0.0,0.0
archive-24622,John Woodring,LB,NYJ,1982,0.0,0,0
archive-24622,John Woodring,LB,NYJ,1983,1.0,0,0
archive-24622,John Woodring,LB,NYJ,1984,0.0,0,0
archive-24622,John Woodring,LB,NYJ,1985,0.0,0,0
archive-24623,Dwayne Woodruff,CB,PIT,1982,1.0,0,0
archive-24623,Dwayne Woodruff,CB,PIT,1983,1.0,0,0
archive-24623,Dwayne Woodruff,CB,PIT,1984,0.0,0,0
archive-24623,Dwayne Woodruff,CB,PIT,1985,0.0,0,0
archive-24623,Dwayne Woodruff,DB,PIT,1987,0.0,0,0
archive-24623,Dwayne Woodruff,CB,PIT,1988,0.0,0,0
archive-24623,Dwayne Woodruff,CB,PIT,1989,0.0,0,0
archive-24623,Dwayne Woodruff,DB,PIT,1990,0.0,0,0
archive-24637,Jerome Woods,DB,KC,1996,0.0,0.0,0.0
archive-24637,Jerome Woods,FS,KC,1997,2.0,0.0,4.0
archive-24637,Jerome Woods,FS,KC,1998,0.0,0.0,2.0
archive-24638,Jerry Woods,DB,DET,1989,0.0,0,0
archive-24638,Jerry Woods,DB,GB,1990,0.0,0,0
archive-24645,Rick Woods,DB,PIT,1982,0.0,0,0
archive-24645,Rick Woods,FS,PIT,1983,0.0,0,0
archive-24645,Rick Woods,FS,PIT,1984,0.0,0,0
archive-24645,Rick Woods,CB,PIT,1985,1.0,0,0
archive-24645,Rick Woods,DB,PIT,1986,0.0,0,0
archive-24645,Rick Woods,DB,TB,1987,0.0,0,0
archive-24650,Tony Woods,DE,SEA,1987,0.0,0,0
archive-24650,Tony Woods,DE,SEA,1988,5.0,0,0
archive-24650,Tony Woods,DE,SEA,1989,3.0,0,0
archive-24650,Tony Woods,DE,SEA,1990,3.0,0,0
archive-24650,Tony Woods,DE,SEA,1991,2.0,0,0
archive-24650,Tony Woods,DE,SEA,1992,3.0,0,0
archive-24650,Tony Woods,DE,LAR,1993,1.0,0,0
archive-24650,Tony Woods,DE,WAS,1994,4.5,0.0,0.0
archive-24650,Tony Woods,DE,WAS,1995,2.0,0.0,0.0
archive-24650,Tony Woods,DE,WAS,1996,1.0,0.0,0.0
archive-24651,Tony Woods,DT,CHI,1989,1.0,0,0
archive-24655,Charles Woodson ,DB,LV,1998,0.0,0.0,5.0
archive-24656,Darren Woodson,DB,DAL,1992,1.0,0,0
archive-24656,Darren Woodson,S,DAL,1993,0.0,0,0
archive-24656,Darren Woodson,S,DAL,1994,0.0,0.0,5.0
archive-24656,Darren Woodson,S,DAL,1995,0.0,0.0,2.0
archive-24656,Darren Woodson,S,DAL,1996,3.0,0.0,6.0
archive-24656,Darren Woodson,S,DAL,1997,2.0,0.0,1.0
archive-24656,Darren Woodson,S,DAL,1998,3.0,0.0,2.0
archive-24659,Rod Woodson,CB,PIT,1987,0.0,0,0
archive-24659,Rod Woodson,CB,PIT,1988,0.5,0,0
archive-24659,Rod Woodson,CB,PIT,1989,0.0,0,0
archive-24659,Rod Woodson,CB,PIT,1990,0.0,0,0
archive-24659,Rod Woodson,CB,PIT,1991,1.0,0,0
archive-24659,Rod Woodson,CB,PIT,1992,6.0,0,0
archive-24659,Rod Woodson,CB,PIT,1993,2.0,0,0
archive-24659,Rod Woodson,CB,PIT,1994,3.0,0.0,5.0
archive-24659,Rod Woodson,CB,PIT,1995,0.0,0.0,0.0
archive-24659,Rod Woodson,DB,BUF,1996,0.0,0.0,0.0
archive-24659,Rod Woodson,DB,NYJ,1996,0.0,0.0,0.0
archive-24659,Rod Woodson,CB,PIT,1996,1.0,0.0,6.0
archive-24659,Rod Woodson,CB,SF,1997,0.0,0.0,3.0
archive-24659,Rod Woodson,CB,BAL,1998,0.0,0.0,6.0
archive-24666,Donnell Woolford ,DB,CHI,1989,0.0,0,0
archive-24666,Donnell Woolford ,DB,CHI,1990,2.0,0,0
archive-24666,Donnell Woolford ,DB,CHI,1991,1.0,0,0
archive-24666,Donnell Woolford ,DB,CHI,1992,0.0,0,0
archive-24666,Donnell Woolford ,DB,CHI,1993,0.0,0,0
archive-24666,Donnell Woolford ,DB,CHI,1994,0.0,0.0,5.0
archive-24666,Donnell Woolford ,DB,CHI,1995,0.0,0.0,4.0
archive-24666,Donnell Woolford ,DB,CHI,1996,0.0,0.0,6.0
archive-24666,Donnell Woolford ,DB,CIN,1997,0.0,0.0,0.0
archive-24666,Donnell Woolford ,DB,NYJ,1997,0.0,0.0,0.0
archive-24666,Donnell Woolford ,DB,PIT,1997,0.0,0.0,4.0
archive-24673,Tito Wooten,DB,NYG,1994,0.0,0.0,0.0
archive-24673,Tito Wooten,SAF,NYG,1995,0.0,0.0,1.0
archive-24673,Tito Wooten,FS,NYG,1996,0.0,0.0,1.0
archive-24673,Tito Wooten,FS,NYG,1997,0.0,0.0,5.0
archive-24673,Tito Wooten,DB,SEA,1997,0.0,0.0,0.0
archive-24673,Tito Wooten,FS,NYG,1998,3.0,0.0,0.0
archive-24693,Barron Wortham,LB,TEN,1994,0.0,0.0,0.0
archive-24693,Barron Wortham,LB,TEN,1995,1.0,0.0,0.0
archive-24693,Barron Wortham,LB,CIN,1996,0.0,0.0,0.0
archive-24693,Barron Wortham,LB,DAL,1996,0.0,0.0,0.0
archive-24693,Barron Wortham,LB,TEN,1996,2.0,0.0,0.0
archive-24693,Barron Wortham,LB,BUF,1997,0.0,0.0,0.0
archive-24693,Barron Wortham,LB,MIA,1997,0.0,0.0,0.0
archive-24693,Barron Wortham,LB,TEN,1997,0.0,0.0,0.0
archive-24693,Barron Wortham,LB,TEN,1998,0.0,0.0,0.0
archive-24708,Darryl Wren,CB,NE,1993,0.0,0,0
archive-24708,Darryl Wren,DB,NE,1994,0.0,0.0,0.0
archive-24714,Alvin Wright,NT,LAR,1986,0.0,0,0
archive-24714,Alvin Wright,NT,LAR,1987,2.0,0,0
archive-24714,Alvin Wright,NT,LAR,1988,2.0,0,0
archive-24714,Alvin Wright,NT,LAR,1989,3.0,0,0
archive-24714,Alvin Wright,NT,LAR,1990,1.0,0,0
archive-24714,Alvin Wright,NT,LAR,1991,0.0,0,0
archive-24714,Alvin Wright,NT,CLE,1992,0.0,0,0
archive-24714,Alvin Wright,NT,LAR,1992,0.0,0,0
archive-24716,Charles Wright,DB,ARI,1987,0.0,0,0
archive-24716,Charles Wright,DB,DAL,1988,0.0,0,0
archive-24716,Charles Wright,DB,TB,1988,0.0,0,0
archive-24720,Eric Wright,CB,SF,1982,0.0,0,0
archive-24720,Eric Wright,CB,SF,1983,0.0,0,0
archive-24720,Eric Wright,CB,SF,1984,0.0,0,0
archive-24720,Eric Wright,CB,SF,1985,0.0,0,0
archive-24720,Eric Wright,DB,SF,1986,0.0,0,0
archive-24720,Eric Wright,DB,SF,1987,0.0,0,0
archive-24720,Eric Wright,CB,SF,1988,0.0,0,0
archive-24720,Eric Wright,DB,SF,1989,0.0,0,0
archive-24720,Eric Wright,DB,SF,1990,0.0,0,0
archive-24725,Felix Wright,DB,CLE,1985,0.0,0,0
archive-24725,Felix Wright,DB,CLE,1986,0.0,0,0
archive-24725,Felix Wright,DB,CLE,1987,0.0,0,0
archive-24725,Felix Wright,FS,CLE,1988,0.0,0,0
archive-24725,Felix Wright,S,CLE,1989,0.0,0,0
archive-24725,Felix Wright,S,CLE,1990,0.0,0,0
archive-24725,Felix Wright,FS,MIN,1991,0.0,0,0
archive-24725,Felix Wright,FS,MIN,1992,0.0,0,0
archive-24734,Jeff Wright,NT,BUF,1988,5.0,0,0
archive-24734,Jeff Wright,NT,BUF,1989,3.0,0,0
archive-24734,Jeff Wright,NT,BUF,1990,6.0,0,0
archive-24734,Jeff Wright,NT,BUF,1991,7.0,0,0
archive-24734,Jeff Wright,NT,BUF,1992,10.0,0,0
archive-24734,Jeff Wright,NT,BUF,1993,7.5,0,0
archive-24734,Jeff Wright,NT,BUF,1994,2.0,0.0,0.0
archive-24745,Lawrence Wright,DB,CIN,1997,0.0,0.0,0.0
archive-24745,Lawrence Wright,DB,MIN,1997,0.0,0.0,0.0
archive-24747,Louis Wright,CB,DEN,1982,1.0,0,0
archive-24747,Louis Wright,CB,DEN,1983,1.0,0,0
archive-24747,Louis Wright,CB,DEN,1984,0.0,0,0
archive-24747,Louis Wright,CB,DEN,1985,0.0,0,0
archive-24747,Louis Wright,DB,DEN,1986,0.0,0,0
archive-24760,Sylvester Wright,DE,PHI,1995,0.0,0.0,0.0
archive-24760,Sylvester Wright,DE,PHI,1996,0.0,0.0,0.0
archive-24762,Terry Wright,DB,IND,1987,1.0,0,0
archive-24762,Terry Wright,DB,IND,1988,0.5,0,0
archive-24764,Toby Wright,SAF,LAR,1994,0.0,0.0,0.0
archive-24764,Toby Wright,S,LAR,1995,1.0,0.0,6.0
archive-24764,Toby Wright,S,LAR,1996,0.0,0.0,1.0
archive-24764,Toby Wright,S,LAR,1997,0.0,0.0,0.0
archive-24764,Toby Wright,DB,LAR,1998,1.0,0.0,0.0
archive-24780,Kevin Wyatt,DB,LAC,1986,0.0,0,0
archive-24780,Kevin Wyatt,DB,KC,1987,0.0,0,0
archive-24781,Willie Wyatt,NT,TB,1990,0.0,0,0
archive-24793,David Wyman,LB,SEA,1987,0.0,0,0
archive-24793,David Wyman,LB,SEA,1988,2.5,0,0
archive-24793,David Wyman,LB,SEA,1989,0.0,0,0
archive-24793,David Wyman,LB,SEA,1990,1.0,0,0
archive-24793,David Wyman,LB,SEA,1991,0.0,0,0
archive-24793,David Wyman,LB,SEA,1992,0.0,0,0
archive-24793,David Wyman,LB,DEN,1993,2.0,0,0
archive-24793,David Wyman,LB,DEN,1994,0.0,0.0,0.0
archive-24793,David Wyman,LB,DEN,1995,0.0,0.0,0.0
archive-24794,Devin Wyman,DT,BUF,1996,0.0,0.0,0.0
archive-24794,Devin Wyman,DT,NE,1996,1.0,0.0,0.0
archive-24794,Devin Wyman,DT,NE,1997,0.0,0.0,0.0
archive-24802,Renaldo Wynn,DE,JAX,1997,2.5,0.0,0.0
archive-24802,Renaldo Wynn,DE,MIA,1997,0.0,0.0,0.0
archive-24802,Renaldo Wynn,DE,NE,1997,0.0,0.0,0.0
archive-24802,Renaldo Wynn,DE,JAX,1998,1.0,0.0,0.0
archive-24816,Ray Yakavonis,NT,MIN,1982,0.0,0,0
archive-24816,Ray Yakavonis,NT,KC,1983,0.0,0,0
archive-24816,Ray Yakavonis,NT,MIN,1983,0.0,0,0
archive-24819,Carlos Yancy,DB,NE,1995,0.0,0.0,0.0
archive-24827,Jim Yarbrough,DB,NYG,1987,0.0,0,0
archive-24840,Jeff Yeates,DE,ATL,1982,1.0,0,0
archive-24840,Jeff Yeates,DE,ATL,1983,4.0,0,0
archive-24840,Jeff Yeates,DE,ATL,1984,2.0,0,0
archive-24843,Phil Yeboah-Kodie,LB,IND,1996,0.0,0.0,0.0
archive-24867,Andre Young,DB,LAC,1982,0.0,0,0
archive-24867,Andre Young,DB,LAC,1983,1.0,0,0
archive-24867,Andre Young,DB,LAC,1984,1.0,0,0
archive-24868,Anthony Young,FS,IND,1985,0.0,0,0
archive-24874,Bryant Young,DT,SF,1994,7.0,0.0,0.0
archive-24874,Bryant Young,DT,SF,1995,6.0,0.0,0.0
archive-24874,Bryant Young,DT,NYJ,1996,0.0,0.0,0.0
archive-24874,Bryant Young,DT,SF,1996,13.5,0.0,0.0
archive-24874,Bryant Young,DT,SF,1997,4.0,0.0,0.0
archive-24874,Bryant Young,DT,SF,1998,9.5,0.0,0.0
archive-24885,Floyd Young,CB,TB,1997,0.0,0.0,0.0
archive-24885,Floyd Young,DB,TB,1998,0.0,0.0,0.0
archive-24886,Fredd Young,LB,SEA,1984,1.0,0,0
archive-24886,Fredd Young,LB,SEA,1985,3.0,0,0
archive-24886,Fredd Young,LB,SEA,1986,6.0,0,0
archive-24886,Fredd Young,LB,SEA,1987,9.0,0,0
archive-24886,Fredd Young,LB,IND,1988,0.0,0,0
archive-24886,Fredd Young,LB,IND,1989,2.0,0,0
archive-24886,Fredd Young,LB,IND,1990,0.0,0,0
archive-24889,Glen Young,LB,LAC,1995,1.0,0.0,0.0
archive-24889,Glen Young,LB,LAC,1996,0.0,0.0,1.0
archive-24895,Kevin Young,DE,NO,1987,0.0,0,0
archive-24897,Lonnie Young,FS,ARI,1985,0.0,0,0
archive-24897,Lonnie Young,DB,ARI,1986,1.5,0,0
archive-24897,Lonnie Young,DB,ARI,1987,0.0,0,0
archive-24897,Lonnie Young,FS,ARI,1988,0.0,0,0
archive-24897,Lonnie Young,DB,ARI,1989,0.0,0,0
archive-24897,Lonnie Young,FS,ARI,1990,0.0,0,0
archive-24897,Lonnie Young,FS,NYJ,1991,1.0,0,0
archive-24897,Lonnie Young,FS,NYJ,1992,0.0,0,0
archive-24897,Lonnie Young,DB,NYJ,1993,1.0,0,0
archive-24897,Lonnie Young,DB,LAC,1994,1.0,0.0,0.0
archive-24897,Lonnie Young,DB,NYJ,1995,0.0,0.0,0.0
archive-24897,Lonnie Young,DB,NYJ,1996,0.0,0.0,1.0
archive-24901,Mitchell Young,DE,ATL,1987,0.0,0,0
archive-24905,Renard Young,DB,SEA,1987,0.0,0,0
archive-24907,Robert Young,DE,LAR,1991,1.0,0,0
archive-24907,Robert Young,DE,LAR,1992,2.0,0,0
archive-24907,Robert Young,DE,LAR,1993,7.0,0,0
archive-24907,Robert Young,DE,LAR,1994,6.5,0.0,0.0
archive-24907,Robert Young,DE,LAR,1995,0.0,0.0,0.0
archive-24907,Robert Young,DE,CIN,1996,0.0,0.0,0.0
archive-24907,Robert Young,DE,DAL,1996,0.0,0.0,0.0
archive-24907,Robert Young,DE,TEN,1996,4.0,0.0,0.0
archive-24908,Rodney Young,SAF,NYG,1995,0.0,0.0,0.0
archive-24908,Rodney Young,DB,NYG,1996,0.0,0.0,0.0
archive-24908,Rodney Young,DB,NYG,1997,0.0,0.0,0.0
archive-24908,Rodney Young,DB,NYG,1998,0.0,0.0,0.0
archive-24910,Roynell Young,CB,PHI,1982,0.0,0,0
archive-24910,Roynell Young,CB,PHI,1983,0.0,0,0
archive-24910,Roynell Young,DB,PHI,1984,0.0,0,0
archive-24910,Roynell Young,CB,PHI,1985,0.0,0,0
archive-24910,Roynell Young,DB,PHI,1986,0.0,0,0
archive-24910,Roynell Young,DB,PHI,1987,0.0,0,0
archive-24910,Roynell Young,CB,PHI,1988,0.0,0,0
archive-24927,Wilbur Young,DE,LAC,1982,1.0,0,0
archive-24932,Jack Youngblood,DE,LAR,1982,4.0,0,0
archive-24932,Jack Youngblood,DE,LAR,1983,10.5,0,0
archive-24932,Jack Youngblood,DE,LAR,1984,9.5,0,0
archive-24933,Jim Youngblood,LB,LAR,1982,0.0,0,0
archive-24933,Jim Youngblood,LB,LAR,1983,0.0,0,0
archive-24933,Jim Youngblood,LB,LAR,1984,0.0,0,0
archive-24933,Jim Youngblood,LB,WAS,1984,0.0,0,0
archive-24948,Tony Zackery,DB,ATL,1989,0.0,0,0
archive-24948,Tony Zackery,DB,NE,1990,0.0,0,0
archive-24948,Tony Zackery,DB,NE,1991,0.0,0,0
archive-24954,John Zamberlin,LB,NE,1982,1.0,0,0
archive-24954,John Zamberlin,LB,KC,1983,0.0,0,0
archive-24954,John Zamberlin,LB,KC,1984,0.0,0,0
archive-24955,Carl Zander,LB,CIN,1985,2.0,0,0
archive-24955,Carl Zander,LB,CIN,1986,3.5,0,0
archive-24955,Carl Zander,LB,CIN,1987,1.0,0,0
archive-24955,Carl Zander,LB,CIN,1988,0.0,0,0
archive-24955,Carl Zander,LB,CIN,1989,1.5,0,0
archive-24955,Carl Zander,LB,CIN,1990,1.0,0,0
archive-24955,Carl Zander,LB,CIN,1991,0.0,0,0
archive-24976,Mike Zele,NT,ATL,1982,1.0,0,0
archive-24976,Mike Zele,NT,ATL,1983,1.0,0,0
archive-24985,Ed Zeman,DB,LAR,1987,0.0,0,0
archive-24998,Jeff Zgonina,DT,PIT,1993,0.0,0,0
archive-24998,Jeff Zgonina,DT,PIT,1994,0.0,0.0,0.0
archive-24998,Jeff Zgonina,DT,CAR,1995,0.0,0.0,0.0
archive-24998,Jeff Zgonina,DT,ATL,1996,1.0,0.0,0.0
archive-24998,Jeff Zgonina,DT,LAR,1997,2.0,0.0,0.0
archive-24998,Jeff Zgonina,DT,IND,1998,0.0,0.0,0.0
archive-25023,Eric Zomalt,DB,PHI,1994,0.0,0.0,0.0
archive-25023,Eric Zomalt,S,PHI,1995,0.0,0.0,0.0
archive-25023,Eric Zomalt,DB,NYJ,1996,0.0,0.0,0.0
archive-25023,Eric Zomalt,DB,PHI,1996,0.0,0.0,0.0
archive-25029,Mike Zordich,DB,NYJ,1987,1.0,0,0
archive-25029,Mike Zordich,DB,NYJ,1988,0.0,0,0
archive-25029,Mike Zordich,DB,ARI,1989,1.0,0,0
archive-25029,Mike Zordich,DB,ARI,1990,0.0,0,0
archive-25029,Mike Zordich,FS,ARI,1991,0.0,0,0
archive-25029,Mike Zordich,FS,ARI,1992,0.0,0,0
archive-25029,Mike Zordich,FS,ARI,1993,0.0,0,0
archive-25029,Mike Zordich,S,PHI,1994,1.0,0.0,4.0
archive-25029,Mike Zordich,S,PHI,1995,1.0,0.0,2.0
archive-25029,Mike Zordich,S,PHI,1996,0.0,0.0,4.0
archive-25029,Mike Zordich,DB,GB,1997,0.0,0.0,0.0
archive-25029,Mike Zordich,S,PHI,1997,2.0,0.0,1.0
archive-25029,Mike Zordich,S,PHI,1998,0.0,0.0,2.0
archive-25030,Chris Zorich,DT,CHI,1991,0.0,0,0
archive-25030,Chris Zorich,DT,CHI,1992,2.0,0,0
archive-25030,Chris Zorich,DT,CHI,1993,7.0,0,0
archive-25030,Chris Zorich,DT,CHI,1994,5.5,0.0,0.0
archive-25030,Chris Zorich,DT,CHI,1995,1.0,0.0,0.0
archive-25030,Chris Zorich,DT,CHI,1997,0.0,0.0,0.0
archive-25030,Chris Zorich,DT,WAS,1997,1.0,0.0,0.0
